ISO-10303-21;
HEADER;
FILE_DESCRIPTION(('FreeCAD Model'),'2;1');
FILE_NAME('Open CASCADE Shape Model','2025-12-09T17:50:25',(''),(''),
  'Open CASCADE STEP processor 7.8','FreeCAD','Unknown');
FILE_SCHEMA(('AUTOMOTIVE_DESIGN { 1 0 10303 214 1 1 1 1 }'));
ENDSEC;
DATA;
#1 = APPLICATION_PROTOCOL_DEFINITION('international standard',
  'automotive_design',2000,#2);
#2 = APPLICATION_CONTEXT(
  'core data for automotive mechanical design processes');
#3 = SHAPE_DEFINITION_REPRESENTATION(#4,#10);
#4 = PRODUCT_DEFINITION_SHAPE('','',#5);
#5 = PRODUCT_DEFINITION('design','',#6,#9);
#6 = PRODUCT_DEFINITION_FORMATION('','',#7);
#7 = PRODUCT('Xaxis mouting right','Xaxis mouting right','',(#8));
#8 = PRODUCT_CONTEXT('',#2,'mechanical');
#9 = PRODUCT_DEFINITION_CONTEXT('part definition',#2,'design');
#10 = ADVANCED_BREP_SHAPE_REPRESENTATION('',(#11,#15),#2828);
#11 = AXIS2_PLACEMENT_3D('',#12,#13,#14);
#12 = CARTESIAN_POINT('',(0.,0.,0.));
#13 = DIRECTION('',(0.,0.,1.));
#14 = DIRECTION('',(1.,0.,-0.));
#15 = MANIFOLD_SOLID_BREP('',#16);
#16 = CLOSED_SHELL('',(#17,#57,#316,#340,#364,#464,#481,#498,#515,#540,
    #557,#590,#607,#631,#694,#735,#759,#783,#807,#848,#872,#896,#920,
    #969,#993,#1017,#1041,#1065,#1089,#1106,#1130,#1154,#1171,#1196,
    #1252,#1540,#1557,#1574,#1593,#1647,#1664,#1683,#1702,#1748,#1760,
    #1790,#1814,#1826,#1843,#1855,#1875,#1895,#1912,#2019,#2088,#2100,
    #2149,#2173,#2198,#2222,#2257,#2281,#2306,#2323,#2341,#2359,#2376,
    #2393,#2424,#2448,#2472,#2496,#2520,#2544,#2569,#2593,#2610,#2635,
    #2697,#2714,#2731,#2748,#2766,#2791,#2816));
#17 = ADVANCED_FACE('',(#18),#52,.F.);
#18 = FACE_BOUND('',#19,.F.);
#19 = EDGE_LOOP('',(#20,#30,#38,#46));
#20 = ORIENTED_EDGE('',*,*,#21,.T.);
#21 = EDGE_CURVE('',#22,#24,#26,.T.);
#22 = VERTEX_POINT('',#23);
#23 = CARTESIAN_POINT('',(33.5,-27.5,0.));
#24 = VERTEX_POINT('',#25);
#25 = CARTESIAN_POINT('',(33.5,-27.51,0.));
#26 = LINE('',#27,#28);
#27 = CARTESIAN_POINT('',(33.5,-27.5,0.));
#28 = VECTOR('',#29,1.);
#29 = DIRECTION('',(0.,-1.,0.));
#30 = ORIENTED_EDGE('',*,*,#31,.T.);
#31 = EDGE_CURVE('',#24,#32,#34,.T.);
#32 = VERTEX_POINT('',#33);
#33 = CARTESIAN_POINT('',(33.5,-27.51,7.5));
#34 = LINE('',#35,#36);
#35 = CARTESIAN_POINT('',(33.5,-27.51,0.));
#36 = VECTOR('',#37,1.);
#37 = DIRECTION('',(0.,0.,1.));
#38 = ORIENTED_EDGE('',*,*,#39,.F.);
#39 = EDGE_CURVE('',#40,#32,#42,.T.);
#40 = VERTEX_POINT('',#41);
#41 = CARTESIAN_POINT('',(33.5,-27.5,7.5));
#42 = LINE('',#43,#44);
#43 = CARTESIAN_POINT('',(33.5,-27.5,7.5));
#44 = VECTOR('',#45,1.);
#45 = DIRECTION('',(0.,-1.,0.));
#46 = ORIENTED_EDGE('',*,*,#47,.F.);
#47 = EDGE_CURVE('',#22,#40,#48,.T.);
#48 = LINE('',#49,#50);
#49 = CARTESIAN_POINT('',(33.5,-27.5,0.));
#50 = VECTOR('',#51,1.);
#51 = DIRECTION('',(0.,0.,1.));
#52 = PLANE('',#53);
#53 = AXIS2_PLACEMENT_3D('',#54,#55,#56);
#54 = CARTESIAN_POINT('',(33.5,-27.5,0.));
#55 = DIRECTION('',(-1.,0.,0.));
#56 = DIRECTION('',(0.,0.,1.));
#57 = ADVANCED_FACE('',(#58,#267,#278,#289,#300),#311,.T.);
#58 = FACE_BOUND('',#59,.T.);
#59 = EDGE_LOOP('',(#60,#61,#69,#77,#85,#93,#101,#109,#117,#125,#133,
    #141,#149,#157,#165,#173,#181,#189,#197,#205,#213,#221,#229,#237,
    #245,#253,#261));
#60 = ORIENTED_EDGE('',*,*,#21,.T.);
#61 = ORIENTED_EDGE('',*,*,#62,.T.);
#62 = EDGE_CURVE('',#24,#63,#65,.T.);
#63 = VERTEX_POINT('',#64);
#64 = CARTESIAN_POINT('',(31.26,-29.75,0.));
#65 = LINE('',#66,#67);
#66 = CARTESIAN_POINT('',(36.514809303244,-24.49519069675,
    3.344082700478E-17));
#67 = VECTOR('',#68,1.);
#68 = DIRECTION('',(-0.707106781187,-0.707106781187,0.));
#69 = ORIENTED_EDGE('',*,*,#70,.F.);
#70 = EDGE_CURVE('',#71,#63,#73,.T.);
#71 = VERTEX_POINT('',#72);
#72 = CARTESIAN_POINT('',(14.24,-29.75,0.));
#73 = LINE('',#74,#75);
#74 = CARTESIAN_POINT('',(0.,-29.75,0.));
#75 = VECTOR('',#76,1.);
#76 = DIRECTION('',(1.,0.,0.));
#77 = ORIENTED_EDGE('',*,*,#78,.F.);
#78 = EDGE_CURVE('',#79,#71,#81,.T.);
#79 = VERTEX_POINT('',#80);
#80 = CARTESIAN_POINT('',(12.,-27.51,0.));
#81 = LINE('',#82,#83);
#82 = CARTESIAN_POINT('',(8.2502775525,-23.7602775525,3.344082700478E-17
    ));
#83 = VECTOR('',#84,1.);
#84 = DIRECTION('',(0.707106781187,-0.707106781187,0.));
#85 = ORIENTED_EDGE('',*,*,#86,.F.);
#86 = EDGE_CURVE('',#87,#79,#89,.T.);
#87 = VERTEX_POINT('',#88);
#88 = CARTESIAN_POINT('',(12.,-27.5,0.));
#89 = LINE('',#90,#91);
#90 = CARTESIAN_POINT('',(12.,-27.5,0.));
#91 = VECTOR('',#92,1.);
#92 = DIRECTION('',(0.,-1.,0.));
#93 = ORIENTED_EDGE('',*,*,#94,.F.);
#94 = EDGE_CURVE('',#95,#87,#97,.T.);
#95 = VERTEX_POINT('',#96);
#96 = CARTESIAN_POINT('',(9.,-24.5,0.));
#97 = LINE('',#98,#99);
#98 = CARTESIAN_POINT('',(7.028532608696,-22.52853260869,
    -6.152173913043E-17));
#99 = VECTOR('',#100,1.);
#100 = DIRECTION('',(0.707106781187,-0.707106781187,0.));
#101 = ORIENTED_EDGE('',*,*,#102,.F.);
#102 = EDGE_CURVE('',#103,#95,#105,.T.);
#103 = VERTEX_POINT('',#104);
#104 = CARTESIAN_POINT('',(9.,17.5,0.));
#105 = LINE('',#106,#107);
#106 = CARTESIAN_POINT('',(9.,37.5,0.));
#107 = VECTOR('',#108,1.);
#108 = DIRECTION('',(0.,-1.,0.));
#109 = ORIENTED_EDGE('',*,*,#110,.T.);
#110 = EDGE_CURVE('',#103,#111,#113,.T.);
#111 = VERTEX_POINT('',#112);
#112 = CARTESIAN_POINT('',(8.5,17.5,0.));
#113 = LINE('',#114,#115);
#114 = CARTESIAN_POINT('',(9.,17.5,0.));
#115 = VECTOR('',#116,1.);
#116 = DIRECTION('',(-1.,0.,0.));
#117 = ORIENTED_EDGE('',*,*,#118,.F.);
#118 = EDGE_CURVE('',#119,#111,#121,.T.);
#119 = VERTEX_POINT('',#120);
#120 = CARTESIAN_POINT('',(5.5,20.5,0.));
#121 = LINE('',#122,#123);
#122 = CARTESIAN_POINT('',(15.653532608696,10.346467391304,
    -6.152173913043E-17));
#123 = VECTOR('',#124,1.);
#124 = DIRECTION('',(0.707106781187,-0.707106781187,0.));
#125 = ORIENTED_EDGE('',*,*,#126,.F.);
#126 = EDGE_CURVE('',#127,#119,#129,.T.);
#127 = VERTEX_POINT('',#128);
#128 = CARTESIAN_POINT('',(5.5,24.5,0.));
#129 = LINE('',#130,#131);
#130 = CARTESIAN_POINT('',(5.5,27.5,0.));
#131 = VECTOR('',#132,1.);
#132 = DIRECTION('',(0.,-1.,0.));
#133 = ORIENTED_EDGE('',*,*,#134,.F.);
#134 = EDGE_CURVE('',#135,#127,#137,.T.);
#135 = VERTEX_POINT('',#136);
#136 = CARTESIAN_POINT('',(8.5,27.5,0.));
#137 = LINE('',#138,#139);
#138 = CARTESIAN_POINT('',(4.125,23.125,8.574175501349E-16));
#139 = VECTOR('',#140,1.);
#140 = DIRECTION('',(-0.707106781187,-0.707106781187,0.));
#141 = ORIENTED_EDGE('',*,*,#142,.T.);
#142 = EDGE_CURVE('',#135,#143,#145,.T.);
#143 = VERTEX_POINT('',#144);
#144 = CARTESIAN_POINT('',(8.5,27.51,0.));
#145 = LINE('',#146,#147);
#146 = CARTESIAN_POINT('',(8.5,27.5,0.));
#147 = VECTOR('',#148,1.);
#148 = DIRECTION('',(0.,1.,0.));
#149 = ORIENTED_EDGE('',*,*,#150,.T.);
#150 = EDGE_CURVE('',#143,#151,#153,.T.);
#151 = VERTEX_POINT('',#152);
#152 = CARTESIAN_POINT('',(10.49,29.5,0.));
#153 = LINE('',#154,#155);
#154 = CARTESIAN_POINT('',(5.410228498699,24.420228498699,
    1.652222874124E-17));
#155 = VECTOR('',#156,1.);
#156 = DIRECTION('',(0.707106781187,0.707106781187,0.));
#157 = ORIENTED_EDGE('',*,*,#158,.F.);
#158 = EDGE_CURVE('',#159,#151,#161,.T.);
#159 = VERTEX_POINT('',#160);
#160 = CARTESIAN_POINT('',(26.01,29.5,0.));
#161 = LINE('',#162,#163);
#162 = CARTESIAN_POINT('',(9.,29.5,0.));
#163 = VECTOR('',#164,1.);
#164 = DIRECTION('',(-1.,0.,0.));
#165 = ORIENTED_EDGE('',*,*,#166,.F.);
#166 = EDGE_CURVE('',#167,#159,#169,.T.);
#167 = VERTEX_POINT('',#168);
#168 = CARTESIAN_POINT('',(28.,27.51,0.));
#169 = LINE('',#170,#171);
#170 = CARTESIAN_POINT('',(32.564382058717,22.945617941283,
    3.304445748248E-17));
#171 = VECTOR('',#172,1.);
#172 = DIRECTION('',(-0.707106781187,0.707106781187,0.));
#173 = ORIENTED_EDGE('',*,*,#174,.F.);
#174 = EDGE_CURVE('',#175,#167,#177,.T.);
#175 = VERTEX_POINT('',#176);
#176 = CARTESIAN_POINT('',(28.,27.5,0.));
#177 = LINE('',#178,#179);
#178 = CARTESIAN_POINT('',(28.,27.5,0.));
#179 = VECTOR('',#180,1.);
#180 = DIRECTION('',(0.,1.,0.));
#181 = ORIENTED_EDGE('',*,*,#182,.F.);
#182 = EDGE_CURVE('',#183,#175,#185,.T.);
#183 = VERTEX_POINT('',#184);
#184 = CARTESIAN_POINT('',(31.,24.5,0.));
#185 = LINE('',#186,#187);
#186 = CARTESIAN_POINT('',(34.278532608696,21.221467391304,
    -6.152173913043E-17));
#187 = VECTOR('',#188,1.);
#188 = DIRECTION('',(-0.707106781187,0.707106781187,0.));
#189 = ORIENTED_EDGE('',*,*,#190,.F.);
#190 = EDGE_CURVE('',#191,#183,#193,.T.);
#191 = VERTEX_POINT('',#192);
#192 = CARTESIAN_POINT('',(31.,8.5,2.E-15));
#193 = LINE('',#194,#195);
#194 = CARTESIAN_POINT('',(31.,12.5,0.));
#195 = VECTOR('',#196,1.);
#196 = DIRECTION('',(0.,1.,0.));
#197 = ORIENTED_EDGE('',*,*,#198,.F.);
#198 = EDGE_CURVE('',#199,#191,#201,.T.);
#199 = VERTEX_POINT('',#200);
#200 = CARTESIAN_POINT('',(31.01,8.5,1.7763568394E-15));
#201 = LINE('',#202,#203);
#202 = CARTESIAN_POINT('',(36.,8.5,1.89E-15));
#203 = VECTOR('',#204,1.);
#204 = DIRECTION('',(-1.,-1.1E-16,1.1E-16));
#205 = ORIENTED_EDGE('',*,*,#206,.T.);
#206 = EDGE_CURVE('',#199,#207,#209,.T.);
#207 = VERTEX_POINT('',#208);
#208 = CARTESIAN_POINT('',(36.,3.51,0.));
#209 = LINE('',#210,#211);
#210 = CARTESIAN_POINT('',(32.283532608696,7.226467391304,
    -3.076086956522E-17));
#211 = VECTOR('',#212,1.);
#212 = DIRECTION('',(0.707106781187,-0.707106781187,0.));
#213 = ORIENTED_EDGE('',*,*,#214,.F.);
#214 = EDGE_CURVE('',#215,#207,#217,.T.);
#215 = VERTEX_POINT('',#216);
#216 = CARTESIAN_POINT('',(36.,-3.51,-1.534230148121E-30));
#217 = LINE('',#218,#219);
#218 = CARTESIAN_POINT('',(36.,12.5,0.));
#219 = VECTOR('',#220,1.);
#220 = DIRECTION('',(0.,1.,0.));
#221 = ORIENTED_EDGE('',*,*,#222,.T.);
#222 = EDGE_CURVE('',#215,#223,#225,.T.);
#223 = VERTEX_POINT('',#224);
#224 = CARTESIAN_POINT('',(31.01,-8.5,-1.3411E-15));
#225 = LINE('',#226,#227);
#226 = CARTESIAN_POINT('',(32.005,-7.505,-6.152173913043E-17));
#227 = VECTOR('',#228,1.);
#228 = DIRECTION('',(-0.707106781187,-0.707106781187,0.));
#229 = ORIENTED_EDGE('',*,*,#230,.T.);
#230 = EDGE_CURVE('',#223,#231,#233,.T.);
#231 = VERTEX_POINT('',#232);
#232 = CARTESIAN_POINT('',(31.,-8.5,-1.E-15));
#233 = LINE('',#234,#235);
#234 = CARTESIAN_POINT('',(36.,-8.5,-1.89E-15));
#235 = VECTOR('',#236,1.);
#236 = DIRECTION('',(-1.,-1.1E-16,1.1E-16));
#237 = ORIENTED_EDGE('',*,*,#238,.F.);
#238 = EDGE_CURVE('',#239,#231,#241,.T.);
#239 = VERTEX_POINT('',#240);
#240 = CARTESIAN_POINT('',(31.,-12.5,1.7763568394E-15));
#241 = LINE('',#242,#243);
#242 = CARTESIAN_POINT('',(31.,-12.5,1.E-15));
#243 = VECTOR('',#244,1.);
#244 = DIRECTION('',(0.,1.,0.));
#245 = ORIENTED_EDGE('',*,*,#246,.T.);
#246 = EDGE_CURVE('',#239,#247,#249,.T.);
#247 = VERTEX_POINT('',#248);
#248 = CARTESIAN_POINT('',(37.5,-19.,0.));
#249 = LINE('',#250,#251);
#250 = CARTESIAN_POINT('',(27.403532608696,-8.903532608696,
    -3.076086956522E-17));
#251 = VECTOR('',#252,1.);
#252 = DIRECTION('',(0.707106781187,-0.707106781187,0.));
#253 = ORIENTED_EDGE('',*,*,#254,.F.);
#254 = EDGE_CURVE('',#255,#247,#257,.T.);
#255 = VERTEX_POINT('',#256);
#256 = CARTESIAN_POINT('',(37.5,-23.5,0.));
#257 = LINE('',#258,#259);
#258 = CARTESIAN_POINT('',(37.5,12.5,0.));
#259 = VECTOR('',#260,1.);
#260 = DIRECTION('',(0.,1.,0.));
#261 = ORIENTED_EDGE('',*,*,#262,.F.);
#262 = EDGE_CURVE('',#22,#255,#263,.T.);
#263 = LINE('',#264,#265);
#264 = CARTESIAN_POINT('',(38.375,-22.625,-6.152173913043E-17));
#265 = VECTOR('',#266,1.);
#266 = DIRECTION('',(0.707106781187,0.707106781187,0.));
#267 = FACE_BOUND('',#268,.T.);
#268 = EDGE_LOOP('',(#269));
#269 = ORIENTED_EDGE('',*,*,#270,.F.);
#270 = EDGE_CURVE('',#271,#271,#273,.T.);
#271 = VERTEX_POINT('',#272);
#272 = CARTESIAN_POINT('',(34.5,0.,1.E-15));
#273 = CIRCLE('',#274,4.5);
#274 = AXIS2_PLACEMENT_3D('',#275,#276,#277);
#275 = CARTESIAN_POINT('',(30.,0.,1.E-15));
#276 = DIRECTION('',(0.,0.,-1.));
#277 = DIRECTION('',(1.,0.,0.));
#278 = FACE_BOUND('',#279,.T.);
#279 = EDGE_LOOP('',(#280));
#280 = ORIENTED_EDGE('',*,*,#281,.F.);
#281 = EDGE_CURVE('',#282,#282,#284,.T.);
#282 = VERTEX_POINT('',#283);
#283 = CARTESIAN_POINT('',(23.5,0.,1.E-15));
#284 = CIRCLE('',#285,4.5);
#285 = AXIS2_PLACEMENT_3D('',#286,#287,#288);
#286 = CARTESIAN_POINT('',(19.,0.,1.E-15));
#287 = DIRECTION('',(0.,0.,-1.));
#288 = DIRECTION('',(1.,0.,0.));
#289 = FACE_BOUND('',#290,.T.);
#290 = EDGE_LOOP('',(#291));
#291 = ORIENTED_EDGE('',*,*,#292,.T.);
#292 = EDGE_CURVE('',#293,#293,#295,.T.);
#293 = VERTEX_POINT('',#294);
#294 = CARTESIAN_POINT('',(32.85,-24.1,0.));
#295 = CIRCLE('',#296,2.65);
#296 = AXIS2_PLACEMENT_3D('',#297,#298,#299);
#297 = CARTESIAN_POINT('',(30.2,-24.1,0.));
#298 = DIRECTION('',(0.,0.,1.));
#299 = DIRECTION('',(1.,0.,0.));
#300 = FACE_BOUND('',#301,.T.);
#301 = EDGE_LOOP('',(#302));
#302 = ORIENTED_EDGE('',*,*,#303,.T.);
#303 = EDGE_CURVE('',#304,#304,#306,.T.);
#304 = VERTEX_POINT('',#305);
#305 = CARTESIAN_POINT('',(17.15,24.1,0.));
#306 = CIRCLE('',#307,2.65);
#307 = AXIS2_PLACEMENT_3D('',#308,#309,#310);
#308 = CARTESIAN_POINT('',(14.5,24.1,0.));
#309 = DIRECTION('',(0.,0.,1.));
#310 = DIRECTION('',(1.,0.,0.));
#311 = PLANE('',#312);
#312 = AXIS2_PLACEMENT_3D('',#313,#314,#315);
#313 = CARTESIAN_POINT('',(21.280173711486,-0.990936498512,
    3.344082700478E-17));
#314 = DIRECTION('',(-0.,-0.,-1.));
#315 = DIRECTION('',(-1.,0.,0.));
#316 = ADVANCED_FACE('',(#317),#335,.F.);
#317 = FACE_BOUND('',#318,.T.);
#318 = EDGE_LOOP('',(#319,#320,#321,#329));
#319 = ORIENTED_EDGE('',*,*,#62,.F.);
#320 = ORIENTED_EDGE('',*,*,#31,.T.);
#321 = ORIENTED_EDGE('',*,*,#322,.T.);
#322 = EDGE_CURVE('',#32,#323,#325,.T.);
#323 = VERTEX_POINT('',#324);
#324 = CARTESIAN_POINT('',(31.26,-29.75,7.5));
#325 = LINE('',#326,#327);
#326 = CARTESIAN_POINT('',(31.765660242128,-29.24433975787,7.5));
#327 = VECTOR('',#328,1.);
#328 = DIRECTION('',(-0.707106781187,-0.707106781187,0.));
#329 = ORIENTED_EDGE('',*,*,#330,.F.);
#330 = EDGE_CURVE('',#63,#323,#331,.T.);
#331 = LINE('',#332,#333);
#332 = CARTESIAN_POINT('',(31.26,-29.75,0.));
#333 = VECTOR('',#334,1.);
#334 = DIRECTION('',(0.,0.,1.));
#335 = PLANE('',#336);
#336 = AXIS2_PLACEMENT_3D('',#337,#338,#339);
#337 = CARTESIAN_POINT('',(32.38,-28.63,0.));
#338 = DIRECTION('',(-0.707106781187,0.707106781187,0.));
#339 = DIRECTION('',(-0.,-0.,-1.));
#340 = ADVANCED_FACE('',(#341),#359,.T.);
#341 = FACE_BOUND('',#342,.F.);
#342 = EDGE_LOOP('',(#343,#344,#345,#353));
#343 = ORIENTED_EDGE('',*,*,#262,.F.);
#344 = ORIENTED_EDGE('',*,*,#47,.T.);
#345 = ORIENTED_EDGE('',*,*,#346,.T.);
#346 = EDGE_CURVE('',#40,#347,#349,.T.);
#347 = VERTEX_POINT('',#348);
#348 = CARTESIAN_POINT('',(37.5,-23.5,7.5));
#349 = LINE('',#350,#351);
#350 = CARTESIAN_POINT('',(33.8125,-27.1875,7.5));
#351 = VECTOR('',#352,1.);
#352 = DIRECTION('',(0.707106781187,0.707106781187,0.));
#353 = ORIENTED_EDGE('',*,*,#354,.F.);
#354 = EDGE_CURVE('',#255,#347,#355,.T.);
#355 = LINE('',#356,#357);
#356 = CARTESIAN_POINT('',(37.5,-23.5,0.));
#357 = VECTOR('',#358,1.);
#358 = DIRECTION('',(0.,0.,1.));
#359 = PLANE('',#360);
#360 = AXIS2_PLACEMENT_3D('',#361,#362,#363);
#361 = CARTESIAN_POINT('',(35.5,-25.5,0.));
#362 = DIRECTION('',(0.707106781187,-0.707106781187,0.));
#363 = DIRECTION('',(-0.,-0.,-1.));
#364 = ADVANCED_FACE('',(#365,#448),#459,.T.);
#365 = FACE_BOUND('',#366,.T.);
#366 = EDGE_LOOP('',(#367,#377,#385,#391,#392,#393,#394,#402,#410,#418,
    #426,#434,#442));
#367 = ORIENTED_EDGE('',*,*,#368,.T.);
#368 = EDGE_CURVE('',#369,#371,#373,.T.);
#369 = VERTEX_POINT('',#370);
#370 = CARTESIAN_POINT('',(12.,-27.5,7.5));
#371 = VERTEX_POINT('',#372);
#372 = CARTESIAN_POINT('',(12.,-27.51,7.5));
#373 = LINE('',#374,#375);
#374 = CARTESIAN_POINT('',(12.,-27.5,7.5));
#375 = VECTOR('',#376,1.);
#376 = DIRECTION('',(0.,-1.,0.));
#377 = ORIENTED_EDGE('',*,*,#378,.T.);
#378 = EDGE_CURVE('',#371,#379,#381,.T.);
#379 = VERTEX_POINT('',#380);
#380 = CARTESIAN_POINT('',(14.24,-29.75,7.5));
#381 = LINE('',#382,#383);
#382 = CARTESIAN_POINT('',(13.655025879189,-29.16502587918,7.5));
#383 = VECTOR('',#384,1.);
#384 = DIRECTION('',(0.707106781187,-0.707106781187,0.));
#385 = ORIENTED_EDGE('',*,*,#386,.T.);
#386 = EDGE_CURVE('',#379,#323,#387,.T.);
#387 = LINE('',#388,#389);
#388 = CARTESIAN_POINT('',(36.,-29.75,7.5));
#389 = VECTOR('',#390,1.);
#390 = DIRECTION('',(1.,0.,0.));
#391 = ORIENTED_EDGE('',*,*,#322,.F.);
#392 = ORIENTED_EDGE('',*,*,#39,.F.);
#393 = ORIENTED_EDGE('',*,*,#346,.T.);
#394 = ORIENTED_EDGE('',*,*,#395,.T.);
#395 = EDGE_CURVE('',#347,#396,#398,.T.);
#396 = VERTEX_POINT('',#397);
#397 = CARTESIAN_POINT('',(37.5,-19.,7.5));
#398 = LINE('',#399,#400);
#399 = CARTESIAN_POINT('',(37.5,-17.5,7.5));
#400 = VECTOR('',#401,1.);
#401 = DIRECTION('',(0.,1.,0.));
#402 = ORIENTED_EDGE('',*,*,#403,.F.);
#403 = EDGE_CURVE('',#404,#396,#406,.T.);
#404 = VERTEX_POINT('',#405);
#405 = CARTESIAN_POINT('',(31.,-12.5,7.5));
#406 = LINE('',#407,#408);
#407 = CARTESIAN_POINT('',(32.677442528736,-14.17744252873,7.5));
#408 = VECTOR('',#409,1.);
#409 = DIRECTION('',(0.707106781187,-0.707106781187,0.));
#410 = ORIENTED_EDGE('',*,*,#411,.T.);
#411 = EDGE_CURVE('',#404,#412,#414,.T.);
#412 = VERTEX_POINT('',#413);
#413 = CARTESIAN_POINT('',(13.,-12.5,7.5));
#414 = LINE('',#415,#416);
#415 = CARTESIAN_POINT('',(36.,-12.5,7.5));
#416 = VECTOR('',#417,1.);
#417 = DIRECTION('',(-1.,-0.,-0.));
#418 = ORIENTED_EDGE('',*,*,#419,.F.);
#419 = EDGE_CURVE('',#420,#412,#422,.T.);
#420 = VERTEX_POINT('',#421);
#421 = CARTESIAN_POINT('',(13.,-17.5,7.5));
#422 = LINE('',#423,#424);
#423 = CARTESIAN_POINT('',(13.,-17.5,7.5));
#424 = VECTOR('',#425,1.);
#425 = DIRECTION('',(0.,1.,0.));
#426 = ORIENTED_EDGE('',*,*,#427,.F.);
#427 = EDGE_CURVE('',#428,#420,#430,.T.);
#428 = VERTEX_POINT('',#429);
#429 = CARTESIAN_POINT('',(9.,-17.5,7.5));
#430 = LINE('',#431,#432);
#431 = CARTESIAN_POINT('',(6.,-17.5,7.5));
#432 = VECTOR('',#433,1.);
#433 = DIRECTION('',(1.,0.,0.));
#434 = ORIENTED_EDGE('',*,*,#435,.T.);
#435 = EDGE_CURVE('',#428,#436,#438,.T.);
#436 = VERTEX_POINT('',#437);
#437 = CARTESIAN_POINT('',(9.,-24.5,7.5));
#438 = LINE('',#439,#440);
#439 = CARTESIAN_POINT('',(9.,0.,7.5));
#440 = VECTOR('',#441,1.);
#441 = DIRECTION('',(0.,-1.,2.2E-16));
#442 = ORIENTED_EDGE('',*,*,#443,.T.);
#443 = EDGE_CURVE('',#436,#369,#444,.T.);
#444 = LINE('',#445,#446);
#445 = CARTESIAN_POINT('',(12.302442528736,-27.80244252873,7.5));
#446 = VECTOR('',#447,1.);
#447 = DIRECTION('',(0.707106781187,-0.707106781187,0.));
#448 = FACE_BOUND('',#449,.T.);
#449 = EDGE_LOOP('',(#450));
#450 = ORIENTED_EDGE('',*,*,#451,.F.);
#451 = EDGE_CURVE('',#452,#452,#454,.T.);
#452 = VERTEX_POINT('',#453);
#453 = CARTESIAN_POINT('',(32.85,-24.1,7.5));
#454 = CIRCLE('',#455,2.65);
#455 = AXIS2_PLACEMENT_3D('',#456,#457,#458);
#456 = CARTESIAN_POINT('',(30.2,-24.1,7.5));
#457 = DIRECTION('',(0.,0.,1.));
#458 = DIRECTION('',(1.,0.,0.));
#459 = PLANE('',#460);
#460 = AXIS2_PLACEMENT_3D('',#461,#462,#463);
#461 = CARTESIAN_POINT('',(22.591372242635,-21.29873127412,7.5));
#462 = DIRECTION('',(0.,0.,1.));
#463 = DIRECTION('',(1.,0.,0.));
#464 = ADVANCED_FACE('',(#465),#476,.T.);
#465 = FACE_BOUND('',#466,.T.);
#466 = EDGE_LOOP('',(#467,#468,#469,#470));
#467 = ORIENTED_EDGE('',*,*,#70,.T.);
#468 = ORIENTED_EDGE('',*,*,#330,.T.);
#469 = ORIENTED_EDGE('',*,*,#386,.F.);
#470 = ORIENTED_EDGE('',*,*,#471,.F.);
#471 = EDGE_CURVE('',#71,#379,#472,.T.);
#472 = LINE('',#473,#474);
#473 = CARTESIAN_POINT('',(14.24,-29.75,0.));
#474 = VECTOR('',#475,1.);
#475 = DIRECTION('',(0.,0.,1.));
#476 = PLANE('',#477);
#477 = AXIS2_PLACEMENT_3D('',#478,#479,#480);
#478 = CARTESIAN_POINT('',(23.25,-29.75,3.75));
#479 = DIRECTION('',(-0.,-1.,-0.));
#480 = DIRECTION('',(0.,0.,-1.));
#481 = ADVANCED_FACE('',(#482),#493,.T.);
#482 = FACE_BOUND('',#483,.T.);
#483 = EDGE_LOOP('',(#484,#485,#486,#487));
#484 = ORIENTED_EDGE('',*,*,#395,.F.);
#485 = ORIENTED_EDGE('',*,*,#354,.F.);
#486 = ORIENTED_EDGE('',*,*,#254,.T.);
#487 = ORIENTED_EDGE('',*,*,#488,.F.);
#488 = EDGE_CURVE('',#396,#247,#489,.T.);
#489 = LINE('',#490,#491);
#490 = CARTESIAN_POINT('',(37.5,-19.,7.5));
#491 = VECTOR('',#492,1.);
#492 = DIRECTION('',(-2.2E-16,2.2E-16,-1.));
#493 = PLANE('',#494);
#494 = AXIS2_PLACEMENT_3D('',#495,#496,#497);
#495 = CARTESIAN_POINT('',(37.5,-2.407142855704,22.360137353525));
#496 = DIRECTION('',(1.,0.,0.));
#497 = DIRECTION('',(0.,0.,1.));
#498 = ADVANCED_FACE('',(#499),#510,.T.);
#499 = FACE_BOUND('',#500,.F.);
#500 = EDGE_LOOP('',(#501,#502,#508,#509));
#501 = ORIENTED_EDGE('',*,*,#78,.F.);
#502 = ORIENTED_EDGE('',*,*,#503,.T.);
#503 = EDGE_CURVE('',#79,#371,#504,.T.);
#504 = LINE('',#505,#506);
#505 = CARTESIAN_POINT('',(12.,-27.51,0.));
#506 = VECTOR('',#507,1.);
#507 = DIRECTION('',(0.,0.,1.));
#508 = ORIENTED_EDGE('',*,*,#378,.T.);
#509 = ORIENTED_EDGE('',*,*,#471,.F.);
#510 = PLANE('',#511);
#511 = AXIS2_PLACEMENT_3D('',#512,#513,#514);
#512 = CARTESIAN_POINT('',(13.12,-28.63,0.));
#513 = DIRECTION('',(-0.707106781187,-0.707106781187,0.));
#514 = DIRECTION('',(-0.,-0.,-1.));
#515 = ADVANCED_FACE('',(#516),#535,.T.);
#516 = FACE_BOUND('',#517,.F.);
#517 = EDGE_LOOP('',(#518,#526,#527,#528,#529));
#518 = ORIENTED_EDGE('',*,*,#519,.T.);
#519 = EDGE_CURVE('',#520,#239,#522,.T.);
#520 = VERTEX_POINT('',#521);
#521 = CARTESIAN_POINT('',(31.,-12.5,5.));
#522 = LINE('',#523,#524);
#523 = CARTESIAN_POINT('',(31.,-12.5,5.5));
#524 = VECTOR('',#525,1.);
#525 = DIRECTION('',(-2.5E-16,-4.96434075583E-16,-1.));
#526 = ORIENTED_EDGE('',*,*,#246,.T.);
#527 = ORIENTED_EDGE('',*,*,#488,.F.);
#528 = ORIENTED_EDGE('',*,*,#403,.F.);
#529 = ORIENTED_EDGE('',*,*,#530,.T.);
#530 = EDGE_CURVE('',#404,#520,#531,.T.);
#531 = LINE('',#532,#533);
#532 = CARTESIAN_POINT('',(31.,-12.5,7.5));
#533 = VECTOR('',#534,1.);
#534 = DIRECTION('',(-2.2E-16,2.2E-16,-1.));
#535 = PLANE('',#536);
#536 = AXIS2_PLACEMENT_3D('',#537,#538,#539);
#537 = CARTESIAN_POINT('',(34.25,-15.75,7.5));
#538 = DIRECTION('',(0.707106781187,0.707106781187,-5.278085965535E-16)
  );
#539 = DIRECTION('',(5.932170377915E-16,1.532170377915E-16,1.));
#540 = ADVANCED_FACE('',(#541),#552,.T.);
#541 = FACE_BOUND('',#542,.T.);
#542 = EDGE_LOOP('',(#543,#544,#545,#546));
#543 = ORIENTED_EDGE('',*,*,#86,.T.);
#544 = ORIENTED_EDGE('',*,*,#503,.T.);
#545 = ORIENTED_EDGE('',*,*,#368,.F.);
#546 = ORIENTED_EDGE('',*,*,#547,.F.);
#547 = EDGE_CURVE('',#87,#369,#548,.T.);
#548 = LINE('',#549,#550);
#549 = CARTESIAN_POINT('',(12.,-27.5,0.));
#550 = VECTOR('',#551,1.);
#551 = DIRECTION('',(0.,0.,1.));
#552 = PLANE('',#553);
#553 = AXIS2_PLACEMENT_3D('',#554,#555,#556);
#554 = CARTESIAN_POINT('',(12.,-27.5,0.));
#555 = DIRECTION('',(-1.,0.,0.));
#556 = DIRECTION('',(0.,0.,1.));
#557 = ADVANCED_FACE('',(#558),#585,.T.);
#558 = FACE_BOUND('',#559,.T.);
#559 = EDGE_LOOP('',(#560,#561,#569,#578,#584));
#560 = ORIENTED_EDGE('',*,*,#238,.T.);
#561 = ORIENTED_EDGE('',*,*,#562,.T.);
#562 = EDGE_CURVE('',#231,#563,#565,.T.);
#563 = VERTEX_POINT('',#564);
#564 = CARTESIAN_POINT('',(31.,-8.5,6.429285785729));
#565 = LINE('',#566,#567);
#566 = CARTESIAN_POINT('',(31.,-8.5,1.E-15));
#567 = VECTOR('',#568,1.);
#568 = DIRECTION('',(0.,0.,1.));
#569 = ORIENTED_EDGE('',*,*,#570,.T.);
#570 = EDGE_CURVE('',#563,#571,#573,.T.);
#571 = VERTEX_POINT('',#572);
#572 = CARTESIAN_POINT('',(31.,-12.,5.));
#573 = CIRCLE('',#574,5.);
#574 = AXIS2_PLACEMENT_3D('',#575,#576,#577);
#575 = CARTESIAN_POINT('',(31.,-12.,10.));
#576 = DIRECTION('',(-1.,0.,0.));
#577 = DIRECTION('',(0.,1.,0.));
#578 = ORIENTED_EDGE('',*,*,#579,.T.);
#579 = EDGE_CURVE('',#571,#520,#580,.T.);
#580 = LINE('',#581,#582);
#581 = CARTESIAN_POINT('',(31.,-6.,5.));
#582 = VECTOR('',#583,1.);
#583 = DIRECTION('',(5.9E-16,-1.,0.));
#584 = ORIENTED_EDGE('',*,*,#519,.T.);
#585 = PLANE('',#586);
#586 = AXIS2_PLACEMENT_3D('',#587,#588,#589);
#587 = CARTESIAN_POINT('',(31.,-2.78E-15,3.5));
#588 = DIRECTION('',(1.,5.9E-16,-2.5E-16));
#589 = DIRECTION('',(-5.9E-16,1.,0.));
#590 = ADVANCED_FACE('',(#591),#602,.F.);
#591 = FACE_BOUND('',#592,.F.);
#592 = EDGE_LOOP('',(#593,#594,#600,#601));
#593 = ORIENTED_EDGE('',*,*,#94,.F.);
#594 = ORIENTED_EDGE('',*,*,#595,.T.);
#595 = EDGE_CURVE('',#95,#436,#596,.T.);
#596 = LINE('',#597,#598);
#597 = CARTESIAN_POINT('',(9.,-24.5,0.));
#598 = VECTOR('',#599,1.);
#599 = DIRECTION('',(0.,0.,1.));
#600 = ORIENTED_EDGE('',*,*,#443,.T.);
#601 = ORIENTED_EDGE('',*,*,#547,.F.);
#602 = PLANE('',#603);
#603 = AXIS2_PLACEMENT_3D('',#604,#605,#606);
#604 = CARTESIAN_POINT('',(10.5,-26.,0.));
#605 = DIRECTION('',(0.707106781187,0.707106781187,0.));
#606 = DIRECTION('',(0.,0.,1.));
#607 = ADVANCED_FACE('',(#608),#626,.F.);
#608 = FACE_BOUND('',#609,.F.);
#609 = EDGE_LOOP('',(#610,#618,#624,#625));
#610 = ORIENTED_EDGE('',*,*,#611,.F.);
#611 = EDGE_CURVE('',#612,#563,#614,.T.);
#612 = VERTEX_POINT('',#613);
#613 = CARTESIAN_POINT('',(31.01,-8.5,6.429285785729));
#614 = LINE('',#615,#616);
#615 = CARTESIAN_POINT('',(13.,-8.5,6.429285785729));
#616 = VECTOR('',#617,1.);
#617 = DIRECTION('',(-1.,-0.,-0.));
#618 = ORIENTED_EDGE('',*,*,#619,.F.);
#619 = EDGE_CURVE('',#223,#612,#620,.T.);
#620 = LINE('',#621,#622);
#621 = CARTESIAN_POINT('',(31.01,-8.5,0.));
#622 = VECTOR('',#623,1.);
#623 = DIRECTION('',(0.,0.,1.));
#624 = ORIENTED_EDGE('',*,*,#230,.T.);
#625 = ORIENTED_EDGE('',*,*,#562,.T.);
#626 = PLANE('',#627);
#627 = AXIS2_PLACEMENT_3D('',#628,#629,#630);
#628 = CARTESIAN_POINT('',(36.,-8.5,-1.89E-15));
#629 = DIRECTION('',(-1.1E-16,1.,2.2E-16));
#630 = DIRECTION('',(2.2E-16,-2.2E-16,1.));
#631 = ADVANCED_FACE('',(#632,#667,#678),#689,.F.);
#632 = FACE_BOUND('',#633,.F.);
#633 = EDGE_LOOP('',(#634,#635,#643,#651,#659,#665,#666));
#634 = ORIENTED_EDGE('',*,*,#102,.F.);
#635 = ORIENTED_EDGE('',*,*,#636,.T.);
#636 = EDGE_CURVE('',#103,#637,#639,.T.);
#637 = VERTEX_POINT('',#638);
#638 = CARTESIAN_POINT('',(9.,17.5,6.5));
#639 = LINE('',#640,#641);
#640 = CARTESIAN_POINT('',(9.,17.5,0.));
#641 = VECTOR('',#642,1.);
#642 = DIRECTION('',(0.,0.,1.));
#643 = ORIENTED_EDGE('',*,*,#644,.T.);
#644 = EDGE_CURVE('',#637,#645,#647,.T.);
#645 = VERTEX_POINT('',#646);
#646 = CARTESIAN_POINT('',(9.,17.5,15.5));
#647 = LINE('',#648,#649);
#648 = CARTESIAN_POINT('',(9.,17.5,12.375));
#649 = VECTOR('',#650,1.);
#650 = DIRECTION('',(0.,0.,1.));
#651 = ORIENTED_EDGE('',*,*,#652,.T.);
#652 = EDGE_CURVE('',#645,#653,#655,.T.);
#653 = VERTEX_POINT('',#654);
#654 = CARTESIAN_POINT('',(9.,-17.5,15.5));
#655 = LINE('',#656,#657);
#656 = CARTESIAN_POINT('',(9.,38.,15.5));
#657 = VECTOR('',#658,1.);
#658 = DIRECTION('',(-9.E-17,-1.,2.2E-16));
#659 = ORIENTED_EDGE('',*,*,#660,.T.);
#660 = EDGE_CURVE('',#653,#428,#661,.T.);
#661 = LINE('',#662,#663);
#662 = CARTESIAN_POINT('',(9.,-17.5,12.375));
#663 = VECTOR('',#664,1.);
#664 = DIRECTION('',(0.,0.,-1.));
#665 = ORIENTED_EDGE('',*,*,#435,.T.);
#666 = ORIENTED_EDGE('',*,*,#595,.F.);
#667 = FACE_BOUND('',#668,.F.);
#668 = EDGE_LOOP('',(#669));
#669 = ORIENTED_EDGE('',*,*,#670,.F.);
#670 = EDGE_CURVE('',#671,#671,#673,.T.);
#671 = VERTEX_POINT('',#672);
#672 = CARTESIAN_POINT('',(9.,14.65,10.));
#673 = CIRCLE('',#674,2.15);
#674 = AXIS2_PLACEMENT_3D('',#675,#676,#677);
#675 = CARTESIAN_POINT('',(9.,12.5,10.));
#676 = DIRECTION('',(1.,0.,0.));
#677 = DIRECTION('',(0.,1.,0.));
#678 = FACE_BOUND('',#679,.F.);
#679 = EDGE_LOOP('',(#680));
#680 = ORIENTED_EDGE('',*,*,#681,.F.);
#681 = EDGE_CURVE('',#682,#682,#684,.T.);
#682 = VERTEX_POINT('',#683);
#683 = CARTESIAN_POINT('',(9.,-10.35,10.));
#684 = CIRCLE('',#685,2.15);
#685 = AXIS2_PLACEMENT_3D('',#686,#687,#688);
#686 = CARTESIAN_POINT('',(9.,-12.5,10.));
#687 = DIRECTION('',(1.,0.,0.));
#688 = DIRECTION('',(0.,1.,0.));
#689 = PLANE('',#690);
#690 = AXIS2_PLACEMENT_3D('',#691,#692,#693);
#691 = CARTESIAN_POINT('',(9.,37.5,0.));
#692 = DIRECTION('',(1.,0.,0.));
#693 = DIRECTION('',(0.,-1.,0.));
#694 = ADVANCED_FACE('',(#695),#730,.F.);
#695 = FACE_BOUND('',#696,.T.);
#696 = EDGE_LOOP('',(#697,#707,#715,#722,#723,#724));
#697 = ORIENTED_EDGE('',*,*,#698,.T.);
#698 = EDGE_CURVE('',#699,#701,#703,.T.);
#699 = VERTEX_POINT('',#700);
#700 = CARTESIAN_POINT('',(36.,-3.51,13.));
#701 = VERTEX_POINT('',#702);
#702 = CARTESIAN_POINT('',(32.51,-7.,13.));
#703 = LINE('',#704,#705);
#704 = CARTESIAN_POINT('',(31.63,-7.88,13.));
#705 = VECTOR('',#706,1.);
#706 = DIRECTION('',(-0.707106781187,-0.707106781187,-0.));
#707 = ORIENTED_EDGE('',*,*,#708,.T.);
#708 = EDGE_CURVE('',#701,#709,#711,.T.);
#709 = VERTEX_POINT('',#710);
#710 = CARTESIAN_POINT('',(32.51,-7.,10.));
#711 = LINE('',#712,#713);
#712 = CARTESIAN_POINT('',(32.51,-7.,6.5));
#713 = VECTOR('',#714,1.);
#714 = DIRECTION('',(-5.882522349719E-16,-3.E-16,-1.));
#715 = ORIENTED_EDGE('',*,*,#716,.T.);
#716 = EDGE_CURVE('',#709,#612,#717,.T.);
#717 = ELLIPSE('',#718,7.071067811865,5.);
#718 = AXIS2_PLACEMENT_3D('',#719,#720,#721);
#719 = CARTESIAN_POINT('',(27.51,-12.,10.));
#720 = DIRECTION('',(-0.707106781187,0.707106781187,2.038251100408E-16)
  );
#721 = DIRECTION('',(-0.707106781187,-0.707106781187,-2.038251100408E-16
    ));
#722 = ORIENTED_EDGE('',*,*,#619,.F.);
#723 = ORIENTED_EDGE('',*,*,#222,.F.);
#724 = ORIENTED_EDGE('',*,*,#725,.T.);
#725 = EDGE_CURVE('',#215,#699,#726,.T.);
#726 = LINE('',#727,#728);
#727 = CARTESIAN_POINT('',(36.,-3.51,0.));
#728 = VECTOR('',#729,1.);
#729 = DIRECTION('',(0.,0.,1.));
#730 = PLANE('',#731);
#731 = AXIS2_PLACEMENT_3D('',#732,#733,#734);
#732 = CARTESIAN_POINT('',(33.505,-6.005,0.));
#733 = DIRECTION('',(-0.707106781187,0.707106781187,2.038251100408E-16)
  );
#734 = DIRECTION('',(-1.44126117486E-16,1.44126117486E-16,-1.));
#735 = ADVANCED_FACE('',(#736),#754,.F.);
#736 = FACE_BOUND('',#737,.F.);
#737 = EDGE_LOOP('',(#738,#746,#747,#748));
#738 = ORIENTED_EDGE('',*,*,#739,.F.);
#739 = EDGE_CURVE('',#637,#740,#742,.T.);
#740 = VERTEX_POINT('',#741);
#741 = CARTESIAN_POINT('',(8.5,17.5,6.5));
#742 = LINE('',#743,#744);
#743 = CARTESIAN_POINT('',(36.,17.5,6.5));
#744 = VECTOR('',#745,1.);
#745 = DIRECTION('',(-1.,0.,0.));
#746 = ORIENTED_EDGE('',*,*,#636,.F.);
#747 = ORIENTED_EDGE('',*,*,#110,.T.);
#748 = ORIENTED_EDGE('',*,*,#749,.T.);
#749 = EDGE_CURVE('',#111,#740,#750,.T.);
#750 = LINE('',#751,#752);
#751 = CARTESIAN_POINT('',(8.5,17.5,0.));
#752 = VECTOR('',#753,1.);
#753 = DIRECTION('',(0.,0.,1.));
#754 = PLANE('',#755);
#755 = AXIS2_PLACEMENT_3D('',#756,#757,#758);
#756 = CARTESIAN_POINT('',(9.,17.5,0.));
#757 = DIRECTION('',(0.,1.,0.));
#758 = DIRECTION('',(0.,0.,1.));
#759 = ADVANCED_FACE('',(#760),#778,.T.);
#760 = FACE_BOUND('',#761,.T.);
#761 = EDGE_LOOP('',(#762,#770,#771,#772));
#762 = ORIENTED_EDGE('',*,*,#763,.T.);
#763 = EDGE_CURVE('',#764,#699,#766,.T.);
#764 = VERTEX_POINT('',#765);
#765 = CARTESIAN_POINT('',(36.,3.51,13.));
#766 = LINE('',#767,#768);
#767 = CARTESIAN_POINT('',(36.,7.,13.));
#768 = VECTOR('',#769,1.);
#769 = DIRECTION('',(0.,-1.,0.));
#770 = ORIENTED_EDGE('',*,*,#725,.F.);
#771 = ORIENTED_EDGE('',*,*,#214,.T.);
#772 = ORIENTED_EDGE('',*,*,#773,.F.);
#773 = EDGE_CURVE('',#764,#207,#774,.T.);
#774 = LINE('',#775,#776);
#775 = CARTESIAN_POINT('',(36.,3.51,6.429285785729));
#776 = VECTOR('',#777,1.);
#777 = DIRECTION('',(0.,0.,-1.));
#778 = PLANE('',#779);
#779 = AXIS2_PLACEMENT_3D('',#780,#781,#782);
#780 = CARTESIAN_POINT('',(36.,-2.407142855704,22.360137353525));
#781 = DIRECTION('',(1.,0.,0.));
#782 = DIRECTION('',(0.,0.,1.));
#783 = ADVANCED_FACE('',(#784),#802,.T.);
#784 = FACE_BOUND('',#785,.F.);
#785 = EDGE_LOOP('',(#786,#787,#795,#801));
#786 = ORIENTED_EDGE('',*,*,#118,.F.);
#787 = ORIENTED_EDGE('',*,*,#788,.T.);
#788 = EDGE_CURVE('',#119,#789,#791,.T.);
#789 = VERTEX_POINT('',#790);
#790 = CARTESIAN_POINT('',(5.5,20.5,6.5));
#791 = LINE('',#792,#793);
#792 = CARTESIAN_POINT('',(5.5,20.5,0.));
#793 = VECTOR('',#794,1.);
#794 = DIRECTION('',(0.,0.,1.));
#795 = ORIENTED_EDGE('',*,*,#796,.T.);
#796 = EDGE_CURVE('',#789,#740,#797,.T.);
#797 = LINE('',#798,#799);
#798 = CARTESIAN_POINT('',(9.5625,16.4375,6.5));
#799 = VECTOR('',#800,1.);
#800 = DIRECTION('',(0.707106781187,-0.707106781187,0.));
#801 = ORIENTED_EDGE('',*,*,#749,.F.);
#802 = PLANE('',#803);
#803 = AXIS2_PLACEMENT_3D('',#804,#805,#806);
#804 = CARTESIAN_POINT('',(7.,19.,0.));
#805 = DIRECTION('',(-0.707106781187,-0.707106781187,0.));
#806 = DIRECTION('',(-0.,-0.,-1.));
#807 = ADVANCED_FACE('',(#808),#843,.F.);
#808 = FACE_BOUND('',#809,.F.);
#809 = EDGE_LOOP('',(#810,#821,#827,#828,#829,#837));
#810 = ORIENTED_EDGE('',*,*,#811,.F.);
#811 = EDGE_CURVE('',#812,#814,#816,.T.);
#812 = VERTEX_POINT('',#813);
#813 = CARTESIAN_POINT('',(31.01,8.5,6.429285785729));
#814 = VERTEX_POINT('',#815);
#815 = CARTESIAN_POINT('',(32.51,7.,10.));
#816 = ELLIPSE('',#817,7.071067811865,5.);
#817 = AXIS2_PLACEMENT_3D('',#818,#819,#820);
#818 = CARTESIAN_POINT('',(27.51,12.,10.));
#819 = DIRECTION('',(-0.707106781187,-0.707106781187,-2.038251100408E-16
    ));
#820 = DIRECTION('',(-0.707106781187,0.707106781187,2.038251100408E-16)
  );
#821 = ORIENTED_EDGE('',*,*,#822,.T.);
#822 = EDGE_CURVE('',#812,#199,#823,.T.);
#823 = LINE('',#824,#825);
#824 = CARTESIAN_POINT('',(31.01,8.5,6.429285785729));
#825 = VECTOR('',#826,1.);
#826 = DIRECTION('',(0.,0.,-1.));
#827 = ORIENTED_EDGE('',*,*,#206,.T.);
#828 = ORIENTED_EDGE('',*,*,#773,.F.);
#829 = ORIENTED_EDGE('',*,*,#830,.F.);
#830 = EDGE_CURVE('',#831,#764,#833,.T.);
#831 = VERTEX_POINT('',#832);
#832 = CARTESIAN_POINT('',(32.51,7.,13.));
#833 = LINE('',#834,#835);
#834 = CARTESIAN_POINT('',(28.13,11.38,13.));
#835 = VECTOR('',#836,1.);
#836 = DIRECTION('',(0.707106781187,-0.707106781187,0.));
#837 = ORIENTED_EDGE('',*,*,#838,.F.);
#838 = EDGE_CURVE('',#814,#831,#839,.T.);
#839 = LINE('',#840,#841);
#840 = CARTESIAN_POINT('',(32.51,7.,8.214642892864));
#841 = VECTOR('',#842,1.);
#842 = DIRECTION('',(-8.782522349719E-16,5.9E-16,1.));
#843 = PLANE('',#844);
#844 = AXIS2_PLACEMENT_3D('',#845,#846,#847);
#845 = CARTESIAN_POINT('',(33.505,6.005,6.429285785729));
#846 = DIRECTION('',(-0.707106781187,-0.707106781187,-2.038251100408E-16
    ));
#847 = DIRECTION('',(1.44126117486E-16,1.44126117486E-16,-1.));
#848 = ADVANCED_FACE('',(#849),#867,.F.);
#849 = FACE_BOUND('',#850,.F.);
#850 = EDGE_LOOP('',(#851,#852,#860,#866));
#851 = ORIENTED_EDGE('',*,*,#126,.F.);
#852 = ORIENTED_EDGE('',*,*,#853,.F.);
#853 = EDGE_CURVE('',#854,#127,#856,.T.);
#854 = VERTEX_POINT('',#855);
#855 = CARTESIAN_POINT('',(5.5,24.5,6.5));
#856 = LINE('',#857,#858);
#857 = CARTESIAN_POINT('',(5.5,24.5,6.5));
#858 = VECTOR('',#859,1.);
#859 = DIRECTION('',(0.,0.,-1.));
#860 = ORIENTED_EDGE('',*,*,#861,.F.);
#861 = EDGE_CURVE('',#789,#854,#862,.T.);
#862 = LINE('',#863,#864);
#863 = CARTESIAN_POINT('',(5.5,17.5,6.5));
#864 = VECTOR('',#865,1.);
#865 = DIRECTION('',(0.,1.,0.));
#866 = ORIENTED_EDGE('',*,*,#788,.F.);
#867 = PLANE('',#868);
#868 = AXIS2_PLACEMENT_3D('',#869,#870,#871);
#869 = CARTESIAN_POINT('',(5.5,22.5,3.75));
#870 = DIRECTION('',(1.,0.,0.));
#871 = DIRECTION('',(0.,0.,1.));
#872 = ADVANCED_FACE('',(#873),#891,.F.);
#873 = FACE_BOUND('',#874,.F.);
#874 = EDGE_LOOP('',(#875,#876,#877,#885));
#875 = ORIENTED_EDGE('',*,*,#198,.F.);
#876 = ORIENTED_EDGE('',*,*,#822,.F.);
#877 = ORIENTED_EDGE('',*,*,#878,.T.);
#878 = EDGE_CURVE('',#812,#879,#881,.T.);
#879 = VERTEX_POINT('',#880);
#880 = CARTESIAN_POINT('',(31.,8.5,6.429285785729));
#881 = LINE('',#882,#883);
#882 = CARTESIAN_POINT('',(13.,8.5,6.429285785729));
#883 = VECTOR('',#884,1.);
#884 = DIRECTION('',(-1.,-0.,-0.));
#885 = ORIENTED_EDGE('',*,*,#886,.T.);
#886 = EDGE_CURVE('',#879,#191,#887,.T.);
#887 = LINE('',#888,#889);
#888 = CARTESIAN_POINT('',(31.,8.5,7.));
#889 = VECTOR('',#890,1.);
#890 = DIRECTION('',(0.,0.,-1.));
#891 = PLANE('',#892);
#892 = AXIS2_PLACEMENT_3D('',#893,#894,#895);
#893 = CARTESIAN_POINT('',(36.,8.5,7.));
#894 = DIRECTION('',(1.1E-16,-1.,-2.2E-16));
#895 = DIRECTION('',(-2.2E-16,2.2E-16,-1.));
#896 = ADVANCED_FACE('',(#897),#915,.F.);
#897 = FACE_BOUND('',#898,.T.);
#898 = EDGE_LOOP('',(#899,#907,#913,#914));
#899 = ORIENTED_EDGE('',*,*,#900,.F.);
#900 = EDGE_CURVE('',#901,#854,#903,.T.);
#901 = VERTEX_POINT('',#902);
#902 = CARTESIAN_POINT('',(8.5,27.5,6.5));
#903 = LINE('',#904,#905);
#904 = CARTESIAN_POINT('',(8.543981481481,27.543981481481,6.5));
#905 = VECTOR('',#906,1.);
#906 = DIRECTION('',(-0.707106781187,-0.707106781187,0.));
#907 = ORIENTED_EDGE('',*,*,#908,.T.);
#908 = EDGE_CURVE('',#901,#135,#909,.T.);
#909 = LINE('',#910,#911);
#910 = CARTESIAN_POINT('',(8.5,27.5,6.5));
#911 = VECTOR('',#912,1.);
#912 = DIRECTION('',(0.,0.,-1.));
#913 = ORIENTED_EDGE('',*,*,#134,.T.);
#914 = ORIENTED_EDGE('',*,*,#853,.F.);
#915 = PLANE('',#916);
#916 = AXIS2_PLACEMENT_3D('',#917,#918,#919);
#917 = CARTESIAN_POINT('',(7.,26.,6.5));
#918 = DIRECTION('',(0.707106781187,-0.707106781187,0.));
#919 = DIRECTION('',(0.,0.,1.));
#920 = ADVANCED_FACE('',(#921),#964,.T.);
#921 = FACE_BOUND('',#922,.T.);
#922 = EDGE_LOOP('',(#923,#933,#941,#949,#956,#957,#958));
#923 = ORIENTED_EDGE('',*,*,#924,.T.);
#924 = EDGE_CURVE('',#925,#927,#929,.T.);
#925 = VERTEX_POINT('',#926);
#926 = CARTESIAN_POINT('',(31.,24.5,6.5));
#927 = VERTEX_POINT('',#928);
#928 = CARTESIAN_POINT('',(31.,12.5,6.5));
#929 = LINE('',#930,#931);
#930 = CARTESIAN_POINT('',(31.,37.5,6.5));
#931 = VECTOR('',#932,1.);
#932 = DIRECTION('',(-9.E-17,-1.,2.2E-16));
#933 = ORIENTED_EDGE('',*,*,#934,.F.);
#934 = EDGE_CURVE('',#935,#927,#937,.T.);
#935 = VERTEX_POINT('',#936);
#936 = CARTESIAN_POINT('',(31.,12.5,5.));
#937 = LINE('',#938,#939);
#938 = CARTESIAN_POINT('',(31.,12.5,0.));
#939 = VECTOR('',#940,1.);
#940 = DIRECTION('',(0.,0.,1.));
#941 = ORIENTED_EDGE('',*,*,#942,.T.);
#942 = EDGE_CURVE('',#935,#943,#945,.T.);
#943 = VERTEX_POINT('',#944);
#944 = CARTESIAN_POINT('',(31.,12.,5.));
#945 = LINE('',#946,#947);
#946 = CARTESIAN_POINT('',(31.,10.,5.));
#947 = VECTOR('',#948,1.);
#948 = DIRECTION('',(5.9E-16,-1.,0.));
#949 = ORIENTED_EDGE('',*,*,#950,.T.);
#950 = EDGE_CURVE('',#943,#879,#951,.T.);
#951 = CIRCLE('',#952,5.);
#952 = AXIS2_PLACEMENT_3D('',#953,#954,#955);
#953 = CARTESIAN_POINT('',(31.,12.,10.));
#954 = DIRECTION('',(-1.,0.,0.));
#955 = DIRECTION('',(0.,1.,0.));
#956 = ORIENTED_EDGE('',*,*,#886,.T.);
#957 = ORIENTED_EDGE('',*,*,#190,.T.);
#958 = ORIENTED_EDGE('',*,*,#959,.T.);
#959 = EDGE_CURVE('',#183,#925,#960,.T.);
#960 = LINE('',#961,#962);
#961 = CARTESIAN_POINT('',(31.,24.5,0.));
#962 = VECTOR('',#963,1.);
#963 = DIRECTION('',(0.,0.,1.));
#964 = PLANE('',#965);
#965 = AXIS2_PLACEMENT_3D('',#966,#967,#968);
#966 = CARTESIAN_POINT('',(31.,17.425908211819,23.636310535107));
#967 = DIRECTION('',(1.,-2.4E-16,0.));
#968 = DIRECTION('',(2.4E-16,1.,0.));
#969 = ADVANCED_FACE('',(#970),#988,.T.);
#970 = FACE_BOUND('',#971,.T.);
#971 = EDGE_LOOP('',(#972,#980,#986,#987));
#972 = ORIENTED_EDGE('',*,*,#973,.T.);
#973 = EDGE_CURVE('',#901,#974,#976,.T.);
#974 = VERTEX_POINT('',#975);
#975 = CARTESIAN_POINT('',(8.5,27.51,6.5));
#976 = LINE('',#977,#978);
#977 = CARTESIAN_POINT('',(8.5,27.5,6.5));
#978 = VECTOR('',#979,1.);
#979 = DIRECTION('',(0.,1.,0.));
#980 = ORIENTED_EDGE('',*,*,#981,.T.);
#981 = EDGE_CURVE('',#974,#143,#982,.T.);
#982 = LINE('',#983,#984);
#983 = CARTESIAN_POINT('',(8.5,27.51,6.5));
#984 = VECTOR('',#985,1.);
#985 = DIRECTION('',(0.,0.,-1.));
#986 = ORIENTED_EDGE('',*,*,#142,.F.);
#987 = ORIENTED_EDGE('',*,*,#908,.F.);
#988 = PLANE('',#989);
#989 = AXIS2_PLACEMENT_3D('',#990,#991,#992);
#990 = CARTESIAN_POINT('',(8.5,27.5,6.5));
#991 = DIRECTION('',(-1.,0.,0.));
#992 = DIRECTION('',(0.,0.,-1.));
#993 = ADVANCED_FACE('',(#994),#1012,.T.);
#994 = FACE_BOUND('',#995,.F.);
#995 = EDGE_LOOP('',(#996,#997,#998,#1006));
#996 = ORIENTED_EDGE('',*,*,#182,.F.);
#997 = ORIENTED_EDGE('',*,*,#959,.T.);
#998 = ORIENTED_EDGE('',*,*,#999,.T.);
#999 = EDGE_CURVE('',#925,#1000,#1002,.T.);
#1000 = VERTEX_POINT('',#1001);
#1001 = CARTESIAN_POINT('',(28.,27.5,6.5));
#1002 = LINE('',#1003,#1004);
#1003 = CARTESIAN_POINT('',(28.1875,27.3125,6.5));
#1004 = VECTOR('',#1005,1.);
#1005 = DIRECTION('',(-0.707106781187,0.707106781187,0.));
#1006 = ORIENTED_EDGE('',*,*,#1007,.F.);
#1007 = EDGE_CURVE('',#175,#1000,#1008,.T.);
#1008 = LINE('',#1009,#1010);
#1009 = CARTESIAN_POINT('',(28.,27.5,0.));
#1010 = VECTOR('',#1011,1.);
#1011 = DIRECTION('',(0.,0.,1.));
#1012 = PLANE('',#1013);
#1013 = AXIS2_PLACEMENT_3D('',#1014,#1015,#1016);
#1014 = CARTESIAN_POINT('',(29.5,26.,0.));
#1015 = DIRECTION('',(0.707106781187,0.707106781187,0.));
#1016 = DIRECTION('',(-0.,-0.,-1.));
#1017 = ADVANCED_FACE('',(#1018),#1036,.T.);
#1018 = FACE_BOUND('',#1019,.F.);
#1019 = EDGE_LOOP('',(#1020,#1028,#1029,#1030));
#1020 = ORIENTED_EDGE('',*,*,#1021,.F.);
#1021 = EDGE_CURVE('',#974,#1022,#1024,.T.);
#1022 = VERTEX_POINT('',#1023);
#1023 = CARTESIAN_POINT('',(10.49,29.5,6.5));
#1024 = LINE('',#1025,#1026);
#1025 = CARTESIAN_POINT('',(10.022955940624,29.032955940624,6.5));
#1026 = VECTOR('',#1027,1.);
#1027 = DIRECTION('',(0.707106781187,0.707106781187,0.));
#1028 = ORIENTED_EDGE('',*,*,#981,.T.);
#1029 = ORIENTED_EDGE('',*,*,#150,.T.);
#1030 = ORIENTED_EDGE('',*,*,#1031,.F.);
#1031 = EDGE_CURVE('',#1022,#151,#1032,.T.);
#1032 = LINE('',#1033,#1034);
#1033 = CARTESIAN_POINT('',(10.49,29.5,6.5));
#1034 = VECTOR('',#1035,1.);
#1035 = DIRECTION('',(0.,0.,-1.));
#1036 = PLANE('',#1037);
#1037 = AXIS2_PLACEMENT_3D('',#1038,#1039,#1040);
#1038 = CARTESIAN_POINT('',(9.495,28.505,6.5));
#1039 = DIRECTION('',(-0.707106781187,0.707106781187,2.883378190833E-17)
  );
#1040 = DIRECTION('',(2.038856271463E-17,-2.038856271463E-17,1.));
#1041 = ADVANCED_FACE('',(#1042),#1060,.T.);
#1042 = FACE_BOUND('',#1043,.T.);
#1043 = EDGE_LOOP('',(#1044,#1045,#1053,#1059));
#1044 = ORIENTED_EDGE('',*,*,#174,.T.);
#1045 = ORIENTED_EDGE('',*,*,#1046,.T.);
#1046 = EDGE_CURVE('',#167,#1047,#1049,.T.);
#1047 = VERTEX_POINT('',#1048);
#1048 = CARTESIAN_POINT('',(28.,27.51,6.5));
#1049 = LINE('',#1050,#1051);
#1050 = CARTESIAN_POINT('',(28.,27.51,0.));
#1051 = VECTOR('',#1052,1.);
#1052 = DIRECTION('',(0.,0.,1.));
#1053 = ORIENTED_EDGE('',*,*,#1054,.F.);
#1054 = EDGE_CURVE('',#1000,#1047,#1055,.T.);
#1055 = LINE('',#1056,#1057);
#1056 = CARTESIAN_POINT('',(28.,27.5,6.5));
#1057 = VECTOR('',#1058,1.);
#1058 = DIRECTION('',(0.,1.,0.));
#1059 = ORIENTED_EDGE('',*,*,#1007,.F.);
#1060 = PLANE('',#1061);
#1061 = AXIS2_PLACEMENT_3D('',#1062,#1063,#1064);
#1062 = CARTESIAN_POINT('',(28.,27.5,0.));
#1063 = DIRECTION('',(1.,0.,0.));
#1064 = DIRECTION('',(0.,0.,1.));
#1065 = ADVANCED_FACE('',(#1066),#1084,.T.);
#1066 = FACE_BOUND('',#1067,.T.);
#1067 = EDGE_LOOP('',(#1068,#1076,#1082,#1083));
#1068 = ORIENTED_EDGE('',*,*,#1069,.F.);
#1069 = EDGE_CURVE('',#1070,#1022,#1072,.T.);
#1070 = VERTEX_POINT('',#1071);
#1071 = CARTESIAN_POINT('',(26.01,29.5,6.5));
#1072 = LINE('',#1073,#1074);
#1073 = CARTESIAN_POINT('',(36.,29.5,6.5));
#1074 = VECTOR('',#1075,1.);
#1075 = DIRECTION('',(-1.,0.,0.));
#1076 = ORIENTED_EDGE('',*,*,#1077,.F.);
#1077 = EDGE_CURVE('',#159,#1070,#1078,.T.);
#1078 = LINE('',#1079,#1080);
#1079 = CARTESIAN_POINT('',(26.01,29.5,0.));
#1080 = VECTOR('',#1081,1.);
#1081 = DIRECTION('',(0.,0.,1.));
#1082 = ORIENTED_EDGE('',*,*,#158,.T.);
#1083 = ORIENTED_EDGE('',*,*,#1031,.F.);
#1084 = PLANE('',#1085);
#1085 = AXIS2_PLACEMENT_3D('',#1086,#1087,#1088);
#1086 = CARTESIAN_POINT('',(18.25,29.5,3.75));
#1087 = DIRECTION('',(0.,1.,0.));
#1088 = DIRECTION('',(0.,0.,1.));
#1089 = ADVANCED_FACE('',(#1090),#1101,.T.);
#1090 = FACE_BOUND('',#1091,.F.);
#1091 = EDGE_LOOP('',(#1092,#1093,#1094,#1100));
#1092 = ORIENTED_EDGE('',*,*,#166,.F.);
#1093 = ORIENTED_EDGE('',*,*,#1046,.T.);
#1094 = ORIENTED_EDGE('',*,*,#1095,.T.);
#1095 = EDGE_CURVE('',#1047,#1070,#1096,.T.);
#1096 = LINE('',#1097,#1098);
#1097 = CARTESIAN_POINT('',(26.864425861591,28.645574138409,6.5));
#1098 = VECTOR('',#1099,1.);
#1099 = DIRECTION('',(-0.707106781187,0.707106781187,0.));
#1100 = ORIENTED_EDGE('',*,*,#1077,.F.);
#1101 = PLANE('',#1102);
#1102 = AXIS2_PLACEMENT_3D('',#1103,#1104,#1105);
#1103 = CARTESIAN_POINT('',(27.005,28.505,0.));
#1104 = DIRECTION('',(0.707106781187,0.707106781187,0.));
#1105 = DIRECTION('',(-0.,-0.,-1.));
#1106 = ADVANCED_FACE('',(#1107),#1125,.F.);
#1107 = FACE_BOUND('',#1108,.F.);
#1108 = EDGE_LOOP('',(#1109,#1110,#1117,#1124));
#1109 = ORIENTED_EDGE('',*,*,#270,.F.);
#1110 = ORIENTED_EDGE('',*,*,#1111,.F.);
#1111 = EDGE_CURVE('',#1112,#271,#1114,.T.);
#1112 = VERTEX_POINT('',#1113);
#1113 = CARTESIAN_POINT('',(34.5,1.E-15,7.));
#1114 = B_SPLINE_CURVE_WITH_KNOTS('',1,(#1115,#1116),.UNSPECIFIED.,.F.,
  .F.,(2,2),(-7.,-8.881784197001E-16),.PIECEWISE_BEZIER_KNOTS.);
#1115 = CARTESIAN_POINT('',(34.5,1.942182119233E-15,7.));
#1116 = CARTESIAN_POINT('',(34.5,1.102182119233E-15,1.3881784197E-15));
#1117 = ORIENTED_EDGE('',*,*,#1118,.T.);
#1118 = EDGE_CURVE('',#1112,#1112,#1119,.T.);
#1119 = CIRCLE('',#1120,4.5);
#1120 = AXIS2_PLACEMENT_3D('',#1121,#1122,#1123);
#1121 = CARTESIAN_POINT('',(30.,1.E-15,7.));
#1122 = DIRECTION('',(0.,0.,-1.));
#1123 = DIRECTION('',(1.,0.,0.));
#1124 = ORIENTED_EDGE('',*,*,#1111,.T.);
#1125 = CYLINDRICAL_SURFACE('',#1126,4.5);
#1126 = AXIS2_PLACEMENT_3D('',#1127,#1128,#1129);
#1127 = CARTESIAN_POINT('',(30.,0.,5.E-16));
#1128 = DIRECTION('',(0.,-1.2E-16,-1.));
#1129 = DIRECTION('',(1.,0.,0.));
#1130 = ADVANCED_FACE('',(#1131),#1149,.F.);
#1131 = FACE_BOUND('',#1132,.F.);
#1132 = EDGE_LOOP('',(#1133,#1134,#1141,#1148));
#1133 = ORIENTED_EDGE('',*,*,#281,.F.);
#1134 = ORIENTED_EDGE('',*,*,#1135,.F.);
#1135 = EDGE_CURVE('',#1136,#282,#1138,.T.);
#1136 = VERTEX_POINT('',#1137);
#1137 = CARTESIAN_POINT('',(23.5,1.E-15,7.));
#1138 = B_SPLINE_CURVE_WITH_KNOTS('',1,(#1139,#1140),.UNSPECIFIED.,.F.,
  .F.,(2,2),(-7.,-8.881784197001E-16),.PIECEWISE_BEZIER_KNOTS.);
#1139 = CARTESIAN_POINT('',(23.5,1.942182119233E-15,7.));
#1140 = CARTESIAN_POINT('',(23.5,1.102182119233E-15,1.3881784197E-15));
#1141 = ORIENTED_EDGE('',*,*,#1142,.T.);
#1142 = EDGE_CURVE('',#1136,#1136,#1143,.T.);
#1143 = CIRCLE('',#1144,4.5);
#1144 = AXIS2_PLACEMENT_3D('',#1145,#1146,#1147);
#1145 = CARTESIAN_POINT('',(19.,1.E-15,7.));
#1146 = DIRECTION('',(0.,0.,-1.));
#1147 = DIRECTION('',(1.,0.,0.));
#1148 = ORIENTED_EDGE('',*,*,#1135,.T.);
#1149 = CYLINDRICAL_SURFACE('',#1150,4.5);
#1150 = AXIS2_PLACEMENT_3D('',#1151,#1152,#1153);
#1151 = CARTESIAN_POINT('',(19.,0.,5.E-16));
#1152 = DIRECTION('',(0.,-1.2E-16,-1.));
#1153 = DIRECTION('',(1.,0.,0.));
#1154 = ADVANCED_FACE('',(#1155),#1166,.F.);
#1155 = FACE_BOUND('',#1156,.F.);
#1156 = EDGE_LOOP('',(#1157,#1158,#1164,#1165));
#1157 = ORIENTED_EDGE('',*,*,#451,.F.);
#1158 = ORIENTED_EDGE('',*,*,#1159,.T.);
#1159 = EDGE_CURVE('',#452,#293,#1160,.T.);
#1160 = LINE('',#1161,#1162);
#1161 = CARTESIAN_POINT('',(32.85,-24.1,50.));
#1162 = VECTOR('',#1163,1.);
#1163 = DIRECTION('',(-0.,-0.,-1.));
#1164 = ORIENTED_EDGE('',*,*,#292,.T.);
#1165 = ORIENTED_EDGE('',*,*,#1159,.F.);
#1166 = CYLINDRICAL_SURFACE('',#1167,2.65);
#1167 = AXIS2_PLACEMENT_3D('',#1168,#1169,#1170);
#1168 = CARTESIAN_POINT('',(30.2,-24.1,50.));
#1169 = DIRECTION('',(0.,0.,1.));
#1170 = DIRECTION('',(1.,0.,0.));
#1171 = ADVANCED_FACE('',(#1172),#1191,.F.);
#1172 = FACE_BOUND('',#1173,.F.);
#1173 = EDGE_LOOP('',(#1174,#1183,#1189,#1190));
#1174 = ORIENTED_EDGE('',*,*,#1175,.F.);
#1175 = EDGE_CURVE('',#1176,#1176,#1178,.T.);
#1176 = VERTEX_POINT('',#1177);
#1177 = CARTESIAN_POINT('',(17.15,24.1,6.5));
#1178 = CIRCLE('',#1179,2.65);
#1179 = AXIS2_PLACEMENT_3D('',#1180,#1181,#1182);
#1180 = CARTESIAN_POINT('',(14.5,24.1,6.5));
#1181 = DIRECTION('',(0.,0.,1.));
#1182 = DIRECTION('',(1.,0.,0.));
#1183 = ORIENTED_EDGE('',*,*,#1184,.T.);
#1184 = EDGE_CURVE('',#1176,#304,#1185,.T.);
#1185 = LINE('',#1186,#1187);
#1186 = CARTESIAN_POINT('',(17.15,24.1,7.5));
#1187 = VECTOR('',#1188,1.);
#1188 = DIRECTION('',(-0.,-0.,-1.));
#1189 = ORIENTED_EDGE('',*,*,#303,.T.);
#1190 = ORIENTED_EDGE('',*,*,#1184,.F.);
#1191 = CYLINDRICAL_SURFACE('',#1192,2.65);
#1192 = AXIS2_PLACEMENT_3D('',#1193,#1194,#1195);
#1193 = CARTESIAN_POINT('',(14.5,24.1,7.5));
#1194 = DIRECTION('',(0.,0.,1.));
#1195 = DIRECTION('',(1.,0.,0.));
#1196 = ADVANCED_FACE('',(#1197),#1247,.T.);
#1197 = FACE_BOUND('',#1198,.T.);
#1198 = EDGE_LOOP('',(#1199,#1209,#1215,#1216,#1217,#1225,#1233,#1241));
#1199 = ORIENTED_EDGE('',*,*,#1200,.T.);
#1200 = EDGE_CURVE('',#1201,#1203,#1205,.T.);
#1201 = VERTEX_POINT('',#1202);
#1202 = CARTESIAN_POINT('',(12.,-17.5,29.5));
#1203 = VERTEX_POINT('',#1204);
#1204 = CARTESIAN_POINT('',(12.,-17.5,15.5));
#1205 = LINE('',#1206,#1207);
#1206 = CARTESIAN_POINT('',(12.,-17.5,27.125));
#1207 = VECTOR('',#1208,1.);
#1208 = DIRECTION('',(9.E-17,0.,-1.));
#1209 = ORIENTED_EDGE('',*,*,#1210,.T.);
#1210 = EDGE_CURVE('',#1203,#653,#1211,.T.);
#1211 = LINE('',#1212,#1213);
#1212 = CARTESIAN_POINT('',(13.,-17.5,15.5));
#1213 = VECTOR('',#1214,1.);
#1214 = DIRECTION('',(-1.,0.,-9.E-17));
#1215 = ORIENTED_EDGE('',*,*,#660,.T.);
#1216 = ORIENTED_EDGE('',*,*,#427,.T.);
#1217 = ORIENTED_EDGE('',*,*,#1218,.F.);
#1218 = EDGE_CURVE('',#1219,#420,#1221,.T.);
#1219 = VERTEX_POINT('',#1220);
#1220 = CARTESIAN_POINT('',(13.,-17.5,42.));
#1221 = LINE('',#1222,#1223);
#1222 = CARTESIAN_POINT('',(13.,-17.5,42.));
#1223 = VECTOR('',#1224,1.);
#1224 = DIRECTION('',(0.,0.,-1.));
#1225 = ORIENTED_EDGE('',*,*,#1226,.T.);
#1226 = EDGE_CURVE('',#1219,#1227,#1229,.T.);
#1227 = VERTEX_POINT('',#1228);
#1228 = CARTESIAN_POINT('',(9.,-17.5,42.));
#1229 = LINE('',#1230,#1231);
#1230 = CARTESIAN_POINT('',(36.,-17.5,42.));
#1231 = VECTOR('',#1232,1.);
#1232 = DIRECTION('',(-1.,0.,0.));
#1233 = ORIENTED_EDGE('',*,*,#1234,.T.);
#1234 = EDGE_CURVE('',#1227,#1235,#1237,.T.);
#1235 = VERTEX_POINT('',#1236);
#1236 = CARTESIAN_POINT('',(9.,-17.5,29.5));
#1237 = LINE('',#1238,#1239);
#1238 = CARTESIAN_POINT('',(9.,-17.5,12.375));
#1239 = VECTOR('',#1240,1.);
#1240 = DIRECTION('',(0.,0.,-1.));
#1241 = ORIENTED_EDGE('',*,*,#1242,.F.);
#1242 = EDGE_CURVE('',#1201,#1235,#1243,.T.);
#1243 = LINE('',#1244,#1245);
#1244 = CARTESIAN_POINT('',(10.,-17.5,29.5));
#1245 = VECTOR('',#1246,1.);
#1246 = DIRECTION('',(-1.,-0.,-0.));
#1247 = PLANE('',#1248);
#1248 = AXIS2_PLACEMENT_3D('',#1249,#1250,#1251);
#1249 = CARTESIAN_POINT('',(11.469879518072,-17.5,24.58734939759));
#1250 = DIRECTION('',(-0.,-1.,-0.));
#1251 = DIRECTION('',(0.,0.,-1.));
#1252 = ADVANCED_FACE('',(#1253,#1419,#1448,#1477,#1506),#1535,.T.);
#1253 = FACE_BOUND('',#1254,.T.);
#1254 = EDGE_LOOP('',(#1255,#1265,#1273,#1281,#1289,#1297,#1305,#1314,
    #1322,#1330,#1338,#1347,#1355,#1361,#1362,#1363,#1371,#1379,#1388,
    #1396,#1404,#1412));
#1255 = ORIENTED_EDGE('',*,*,#1256,.F.);
#1256 = EDGE_CURVE('',#1257,#1259,#1261,.T.);
#1257 = VERTEX_POINT('',#1258);
#1258 = CARTESIAN_POINT('',(13.,12.5,5.));
#1259 = VERTEX_POINT('',#1260);
#1260 = CARTESIAN_POINT('',(13.,12.,5.));
#1261 = LINE('',#1262,#1263);
#1262 = CARTESIAN_POINT('',(13.,20.,5.));
#1263 = VECTOR('',#1264,1.);
#1264 = DIRECTION('',(0.,-1.,0.));
#1265 = ORIENTED_EDGE('',*,*,#1266,.T.);
#1266 = EDGE_CURVE('',#1257,#1267,#1269,.T.);
#1267 = VERTEX_POINT('',#1268);
#1268 = CARTESIAN_POINT('',(13.,12.5,6.5));
#1269 = LINE('',#1270,#1271);
#1270 = CARTESIAN_POINT('',(13.,12.5,0.));
#1271 = VECTOR('',#1272,1.);
#1272 = DIRECTION('',(0.,0.,1.));
#1273 = ORIENTED_EDGE('',*,*,#1274,.T.);
#1274 = EDGE_CURVE('',#1267,#1275,#1277,.T.);
#1275 = VERTEX_POINT('',#1276);
#1276 = CARTESIAN_POINT('',(13.,17.5,6.5));
#1277 = LINE('',#1278,#1279);
#1278 = CARTESIAN_POINT('',(13.,12.5,6.5));
#1279 = VECTOR('',#1280,1.);
#1280 = DIRECTION('',(0.,1.,0.));
#1281 = ORIENTED_EDGE('',*,*,#1282,.T.);
#1282 = EDGE_CURVE('',#1275,#1283,#1285,.T.);
#1283 = VERTEX_POINT('',#1284);
#1284 = CARTESIAN_POINT('',(13.,17.5,42.));
#1285 = LINE('',#1286,#1287);
#1286 = CARTESIAN_POINT('',(13.,17.5,7.5));
#1287 = VECTOR('',#1288,1.);
#1288 = DIRECTION('',(0.,0.,1.));
#1289 = ORIENTED_EDGE('',*,*,#1290,.T.);
#1290 = EDGE_CURVE('',#1283,#1291,#1293,.T.);
#1291 = VERTEX_POINT('',#1292);
#1292 = CARTESIAN_POINT('',(13.,12.5,42.));
#1293 = LINE('',#1294,#1295);
#1294 = CARTESIAN_POINT('',(13.,17.5,42.));
#1295 = VECTOR('',#1296,1.);
#1296 = DIRECTION('',(0.,-1.,0.));
#1297 = ORIENTED_EDGE('',*,*,#1298,.T.);
#1298 = EDGE_CURVE('',#1291,#1299,#1301,.T.);
#1299 = VERTEX_POINT('',#1300);
#1300 = CARTESIAN_POINT('',(13.,12.5,42.721401337245));
#1301 = LINE('',#1302,#1303);
#1302 = CARTESIAN_POINT('',(13.,12.5,0.));
#1303 = VECTOR('',#1304,1.);
#1304 = DIRECTION('',(0.,0.,1.));
#1305 = ORIENTED_EDGE('',*,*,#1306,.T.);
#1306 = EDGE_CURVE('',#1299,#1307,#1309,.T.);
#1307 = VERTEX_POINT('',#1308);
#1308 = CARTESIAN_POINT('',(13.,9.323120181417,38.));
#1309 = CIRCLE('',#1310,5.690279667418);
#1310 = AXIS2_PLACEMENT_3D('',#1311,#1312,#1313);
#1311 = CARTESIAN_POINT('',(13.,15.,37.609720332582));
#1312 = DIRECTION('',(1.,0.,0.));
#1313 = DIRECTION('',(0.,1.,0.));
#1314 = ORIENTED_EDGE('',*,*,#1315,.F.);
#1315 = EDGE_CURVE('',#1316,#1307,#1318,.T.);
#1316 = VERTEX_POINT('',#1317);
#1317 = CARTESIAN_POINT('',(13.,9.,33.3));
#1318 = LINE('',#1319,#1320);
#1319 = CARTESIAN_POINT('',(13.,9.,33.3));
#1320 = VECTOR('',#1321,1.);
#1321 = DIRECTION('',(0.,6.858708011361E-02,0.997645133523));
#1322 = ORIENTED_EDGE('',*,*,#1323,.F.);
#1323 = EDGE_CURVE('',#1324,#1316,#1326,.T.);
#1324 = VERTEX_POINT('',#1325);
#1325 = CARTESIAN_POINT('',(13.,-9.,33.3));
#1326 = LINE('',#1327,#1328);
#1327 = CARTESIAN_POINT('',(13.,-9.,33.3));
#1328 = VECTOR('',#1329,1.);
#1329 = DIRECTION('',(0.,1.,0.));
#1330 = ORIENTED_EDGE('',*,*,#1331,.F.);
#1331 = EDGE_CURVE('',#1332,#1324,#1334,.T.);
#1332 = VERTEX_POINT('',#1333);
#1333 = CARTESIAN_POINT('',(13.,-9.323120181417,38.));
#1334 = LINE('',#1335,#1336);
#1335 = CARTESIAN_POINT('',(13.,-9.323120181417,38.));
#1336 = VECTOR('',#1337,1.);
#1337 = DIRECTION('',(0.,6.858708011361E-02,-0.997645133523));
#1338 = ORIENTED_EDGE('',*,*,#1339,.T.);
#1339 = EDGE_CURVE('',#1332,#1340,#1342,.T.);
#1340 = VERTEX_POINT('',#1341);
#1341 = CARTESIAN_POINT('',(13.,-12.5,42.721401337245));
#1342 = CIRCLE('',#1343,5.690279667418);
#1343 = AXIS2_PLACEMENT_3D('',#1344,#1345,#1346);
#1344 = CARTESIAN_POINT('',(13.,-15.,37.609720332582));
#1345 = DIRECTION('',(1.,0.,0.));
#1346 = DIRECTION('',(0.,1.,0.));
#1347 = ORIENTED_EDGE('',*,*,#1348,.F.);
#1348 = EDGE_CURVE('',#1349,#1340,#1351,.T.);
#1349 = VERTEX_POINT('',#1350);
#1350 = CARTESIAN_POINT('',(13.,-12.5,42.));
#1351 = LINE('',#1352,#1353);
#1352 = CARTESIAN_POINT('',(13.,-12.5,0.));
#1353 = VECTOR('',#1354,1.);
#1354 = DIRECTION('',(0.,0.,1.));
#1355 = ORIENTED_EDGE('',*,*,#1356,.T.);
#1356 = EDGE_CURVE('',#1349,#1219,#1357,.T.);
#1357 = LINE('',#1358,#1359);
#1358 = CARTESIAN_POINT('',(13.,-12.5,42.));
#1359 = VECTOR('',#1360,1.);
#1360 = DIRECTION('',(0.,-1.,0.));
#1361 = ORIENTED_EDGE('',*,*,#1218,.T.);
#1362 = ORIENTED_EDGE('',*,*,#419,.T.);
#1363 = ORIENTED_EDGE('',*,*,#1364,.F.);
#1364 = EDGE_CURVE('',#1365,#412,#1367,.T.);
#1365 = VERTEX_POINT('',#1366);
#1366 = CARTESIAN_POINT('',(13.,-12.5,5.));
#1367 = LINE('',#1368,#1369);
#1368 = CARTESIAN_POINT('',(13.,-12.5,0.));
#1369 = VECTOR('',#1370,1.);
#1370 = DIRECTION('',(0.,0.,1.));
#1371 = ORIENTED_EDGE('',*,*,#1372,.F.);
#1372 = EDGE_CURVE('',#1373,#1365,#1375,.T.);
#1373 = VERTEX_POINT('',#1374);
#1374 = CARTESIAN_POINT('',(13.,-12.,5.));
#1375 = LINE('',#1376,#1377);
#1376 = CARTESIAN_POINT('',(13.,-12.,5.));
#1377 = VECTOR('',#1378,1.);
#1378 = DIRECTION('',(0.,-1.,0.));
#1379 = ORIENTED_EDGE('',*,*,#1380,.T.);
#1380 = EDGE_CURVE('',#1373,#1381,#1383,.T.);
#1381 = VERTEX_POINT('',#1382);
#1382 = CARTESIAN_POINT('',(13.,-7.,10.));
#1383 = CIRCLE('',#1384,5.);
#1384 = AXIS2_PLACEMENT_3D('',#1385,#1386,#1387);
#1385 = CARTESIAN_POINT('',(13.,-12.,10.));
#1386 = DIRECTION('',(1.,0.,0.));
#1387 = DIRECTION('',(0.,1.,0.));
#1388 = ORIENTED_EDGE('',*,*,#1389,.F.);
#1389 = EDGE_CURVE('',#1390,#1381,#1392,.T.);
#1390 = VERTEX_POINT('',#1391);
#1391 = CARTESIAN_POINT('',(13.,-7.,13.));
#1392 = LINE('',#1393,#1394);
#1393 = CARTESIAN_POINT('',(13.,-7.,13.));
#1394 = VECTOR('',#1395,1.);
#1395 = DIRECTION('',(0.,-3.E-16,-1.));
#1396 = ORIENTED_EDGE('',*,*,#1397,.F.);
#1397 = EDGE_CURVE('',#1398,#1390,#1400,.T.);
#1398 = VERTEX_POINT('',#1399);
#1399 = CARTESIAN_POINT('',(13.,7.,13.));
#1400 = LINE('',#1401,#1402);
#1401 = CARTESIAN_POINT('',(13.,7.,13.));
#1402 = VECTOR('',#1403,1.);
#1403 = DIRECTION('',(0.,-1.,0.));
#1404 = ORIENTED_EDGE('',*,*,#1405,.F.);
#1405 = EDGE_CURVE('',#1406,#1398,#1408,.T.);
#1406 = VERTEX_POINT('',#1407);
#1407 = CARTESIAN_POINT('',(13.,7.,10.));
#1408 = LINE('',#1409,#1410);
#1409 = CARTESIAN_POINT('',(13.,7.,10.));
#1410 = VECTOR('',#1411,1.);
#1411 = DIRECTION('',(0.,5.9E-16,1.));
#1412 = ORIENTED_EDGE('',*,*,#1413,.T.);
#1413 = EDGE_CURVE('',#1406,#1259,#1414,.T.);
#1414 = CIRCLE('',#1415,5.);
#1415 = AXIS2_PLACEMENT_3D('',#1416,#1417,#1418);
#1416 = CARTESIAN_POINT('',(13.,12.,10.));
#1417 = DIRECTION('',(1.,0.,0.));
#1418 = DIRECTION('',(0.,1.,0.));
#1419 = FACE_BOUND('',#1420,.T.);
#1420 = EDGE_LOOP('',(#1421,#1432,#1441));
#1421 = ORIENTED_EDGE('',*,*,#1422,.F.);
#1422 = EDGE_CURVE('',#1423,#1425,#1427,.T.);
#1423 = VERTEX_POINT('',#1424);
#1424 = CARTESIAN_POINT('',(13.,-12.5,7.85));
#1425 = VERTEX_POINT('',#1426);
#1426 = CARTESIAN_POINT('',(13.,-10.35,10.));
#1427 = CIRCLE('',#1428,2.15);
#1428 = AXIS2_PLACEMENT_3D('',#1429,#1430,#1431);
#1429 = CARTESIAN_POINT('',(13.,-12.5,10.));
#1430 = DIRECTION('',(1.,0.,0.));
#1431 = DIRECTION('',(0.,1.,0.));
#1432 = ORIENTED_EDGE('',*,*,#1433,.F.);
#1433 = EDGE_CURVE('',#1434,#1423,#1436,.T.);
#1434 = VERTEX_POINT('',#1435);
#1435 = CARTESIAN_POINT('',(13.,-12.5,12.15));
#1436 = CIRCLE('',#1437,2.15);
#1437 = AXIS2_PLACEMENT_3D('',#1438,#1439,#1440);
#1438 = CARTESIAN_POINT('',(13.,-12.5,10.));
#1439 = DIRECTION('',(1.,0.,0.));
#1440 = DIRECTION('',(0.,1.,0.));
#1441 = ORIENTED_EDGE('',*,*,#1442,.F.);
#1442 = EDGE_CURVE('',#1425,#1434,#1443,.T.);
#1443 = CIRCLE('',#1444,2.15);
#1444 = AXIS2_PLACEMENT_3D('',#1445,#1446,#1447);
#1445 = CARTESIAN_POINT('',(13.,-12.5,10.));
#1446 = DIRECTION('',(1.,0.,0.));
#1447 = DIRECTION('',(0.,1.,0.));
#1448 = FACE_BOUND('',#1449,.T.);
#1449 = EDGE_LOOP('',(#1450,#1461,#1470));
#1450 = ORIENTED_EDGE('',*,*,#1451,.F.);
#1451 = EDGE_CURVE('',#1452,#1454,#1456,.T.);
#1452 = VERTEX_POINT('',#1453);
#1453 = CARTESIAN_POINT('',(13.,-12.5,32.85));
#1454 = VERTEX_POINT('',#1455);
#1455 = CARTESIAN_POINT('',(13.,-10.35,35.));
#1456 = CIRCLE('',#1457,2.15);
#1457 = AXIS2_PLACEMENT_3D('',#1458,#1459,#1460);
#1458 = CARTESIAN_POINT('',(13.,-12.5,35.));
#1459 = DIRECTION('',(1.,0.,0.));
#1460 = DIRECTION('',(0.,1.,0.));
#1461 = ORIENTED_EDGE('',*,*,#1462,.F.);
#1462 = EDGE_CURVE('',#1463,#1452,#1465,.T.);
#1463 = VERTEX_POINT('',#1464);
#1464 = CARTESIAN_POINT('',(13.,-12.5,37.15));
#1465 = CIRCLE('',#1466,2.15);
#1466 = AXIS2_PLACEMENT_3D('',#1467,#1468,#1469);
#1467 = CARTESIAN_POINT('',(13.,-12.5,35.));
#1468 = DIRECTION('',(1.,0.,0.));
#1469 = DIRECTION('',(0.,1.,0.));
#1470 = ORIENTED_EDGE('',*,*,#1471,.F.);
#1471 = EDGE_CURVE('',#1454,#1463,#1472,.T.);
#1472 = CIRCLE('',#1473,2.15);
#1473 = AXIS2_PLACEMENT_3D('',#1474,#1475,#1476);
#1474 = CARTESIAN_POINT('',(13.,-12.5,35.));
#1475 = DIRECTION('',(1.,0.,0.));
#1476 = DIRECTION('',(0.,1.,0.));
#1477 = FACE_BOUND('',#1478,.T.);
#1478 = EDGE_LOOP('',(#1479,#1490,#1499));
#1479 = ORIENTED_EDGE('',*,*,#1480,.F.);
#1480 = EDGE_CURVE('',#1481,#1483,#1485,.T.);
#1481 = VERTEX_POINT('',#1482);
#1482 = CARTESIAN_POINT('',(13.,12.5,12.15));
#1483 = VERTEX_POINT('',#1484);
#1484 = CARTESIAN_POINT('',(13.,12.5,7.85));
#1485 = CIRCLE('',#1486,2.15);
#1486 = AXIS2_PLACEMENT_3D('',#1487,#1488,#1489);
#1487 = CARTESIAN_POINT('',(13.,12.5,10.));
#1488 = DIRECTION('',(1.,0.,0.));
#1489 = DIRECTION('',(0.,1.,0.));
#1490 = ORIENTED_EDGE('',*,*,#1491,.F.);
#1491 = EDGE_CURVE('',#1492,#1481,#1494,.T.);
#1492 = VERTEX_POINT('',#1493);
#1493 = CARTESIAN_POINT('',(13.,14.65,10.));
#1494 = CIRCLE('',#1495,2.15);
#1495 = AXIS2_PLACEMENT_3D('',#1496,#1497,#1498);
#1496 = CARTESIAN_POINT('',(13.,12.5,10.));
#1497 = DIRECTION('',(1.,0.,0.));
#1498 = DIRECTION('',(0.,1.,0.));
#1499 = ORIENTED_EDGE('',*,*,#1500,.F.);
#1500 = EDGE_CURVE('',#1483,#1492,#1501,.T.);
#1501 = CIRCLE('',#1502,2.15);
#1502 = AXIS2_PLACEMENT_3D('',#1503,#1504,#1505);
#1503 = CARTESIAN_POINT('',(13.,12.5,10.));
#1504 = DIRECTION('',(1.,0.,0.));
#1505 = DIRECTION('',(0.,1.,0.));
#1506 = FACE_BOUND('',#1507,.T.);
#1507 = EDGE_LOOP('',(#1508,#1519,#1528));
#1508 = ORIENTED_EDGE('',*,*,#1509,.F.);
#1509 = EDGE_CURVE('',#1510,#1512,#1514,.T.);
#1510 = VERTEX_POINT('',#1511);
#1511 = CARTESIAN_POINT('',(13.,12.5,37.15));
#1512 = VERTEX_POINT('',#1513);
#1513 = CARTESIAN_POINT('',(13.,12.5,32.85));
#1514 = CIRCLE('',#1515,2.15);
#1515 = AXIS2_PLACEMENT_3D('',#1516,#1517,#1518);
#1516 = CARTESIAN_POINT('',(13.,12.5,35.));
#1517 = DIRECTION('',(1.,0.,0.));
#1518 = DIRECTION('',(0.,1.,0.));
#1519 = ORIENTED_EDGE('',*,*,#1520,.F.);
#1520 = EDGE_CURVE('',#1521,#1510,#1523,.T.);
#1521 = VERTEX_POINT('',#1522);
#1522 = CARTESIAN_POINT('',(13.,14.65,35.));
#1523 = CIRCLE('',#1524,2.15);
#1524 = AXIS2_PLACEMENT_3D('',#1525,#1526,#1527);
#1525 = CARTESIAN_POINT('',(13.,12.5,35.));
#1526 = DIRECTION('',(1.,0.,0.));
#1527 = DIRECTION('',(0.,1.,0.));
#1528 = ORIENTED_EDGE('',*,*,#1529,.F.);
#1529 = EDGE_CURVE('',#1512,#1521,#1530,.T.);
#1530 = CIRCLE('',#1531,2.15);
#1531 = AXIS2_PLACEMENT_3D('',#1532,#1533,#1534);
#1532 = CARTESIAN_POINT('',(13.,12.5,35.));
#1533 = DIRECTION('',(1.,0.,0.));
#1534 = DIRECTION('',(0.,1.,0.));
#1535 = PLANE('',#1536);
#1536 = AXIS2_PLACEMENT_3D('',#1537,#1538,#1539);
#1537 = CARTESIAN_POINT('',(13.,2.919667186847E-02,23.766123026016));
#1538 = DIRECTION('',(1.,0.,0.));
#1539 = DIRECTION('',(0.,0.,1.));
#1540 = ADVANCED_FACE('',(#1541),#1552,.T.);
#1541 = FACE_BOUND('',#1542,.T.);
#1542 = EDGE_LOOP('',(#1543,#1544,#1545,#1551));
#1543 = ORIENTED_EDGE('',*,*,#411,.F.);
#1544 = ORIENTED_EDGE('',*,*,#530,.T.);
#1545 = ORIENTED_EDGE('',*,*,#1546,.T.);
#1546 = EDGE_CURVE('',#520,#1365,#1547,.T.);
#1547 = LINE('',#1548,#1549);
#1548 = CARTESIAN_POINT('',(13.,-12.5,5.));
#1549 = VECTOR('',#1550,1.);
#1550 = DIRECTION('',(-1.,0.,0.));
#1551 = ORIENTED_EDGE('',*,*,#1364,.T.);
#1552 = PLANE('',#1553);
#1553 = AXIS2_PLACEMENT_3D('',#1554,#1555,#1556);
#1554 = CARTESIAN_POINT('',(26.65625,-12.5,5.15625));
#1555 = DIRECTION('',(0.,1.,-3.1E-16));
#1556 = DIRECTION('',(0.,3.1E-16,1.));
#1557 = ADVANCED_FACE('',(#1558),#1569,.F.);
#1558 = FACE_BOUND('',#1559,.F.);
#1559 = EDGE_LOOP('',(#1560,#1561,#1567,#1568));
#1560 = ORIENTED_EDGE('',*,*,#1372,.F.);
#1561 = ORIENTED_EDGE('',*,*,#1562,.T.);
#1562 = EDGE_CURVE('',#1373,#571,#1563,.T.);
#1563 = LINE('',#1564,#1565);
#1564 = CARTESIAN_POINT('',(13.,-12.,5.));
#1565 = VECTOR('',#1566,1.);
#1566 = DIRECTION('',(1.,0.,0.));
#1567 = ORIENTED_EDGE('',*,*,#579,.T.);
#1568 = ORIENTED_EDGE('',*,*,#1546,.T.);
#1569 = PLANE('',#1570);
#1570 = AXIS2_PLACEMENT_3D('',#1571,#1572,#1573);
#1571 = CARTESIAN_POINT('',(13.,-12.,5.));
#1572 = DIRECTION('',(0.,0.,-1.));
#1573 = DIRECTION('',(0.,-1.,0.));
#1574 = ADVANCED_FACE('',(#1575),#1588,.F.);
#1575 = FACE_BOUND('',#1576,.T.);
#1576 = EDGE_LOOP('',(#1577,#1583,#1584,#1585,#1586,#1587));
#1577 = ORIENTED_EDGE('',*,*,#1578,.F.);
#1578 = EDGE_CURVE('',#1381,#709,#1579,.T.);
#1579 = LINE('',#1580,#1581);
#1580 = CARTESIAN_POINT('',(13.,-7.,10.));
#1581 = VECTOR('',#1582,1.);
#1582 = DIRECTION('',(1.,0.,0.));
#1583 = ORIENTED_EDGE('',*,*,#1380,.F.);
#1584 = ORIENTED_EDGE('',*,*,#1562,.T.);
#1585 = ORIENTED_EDGE('',*,*,#570,.F.);
#1586 = ORIENTED_EDGE('',*,*,#611,.F.);
#1587 = ORIENTED_EDGE('',*,*,#716,.F.);
#1588 = CYLINDRICAL_SURFACE('',#1589,5.);
#1589 = AXIS2_PLACEMENT_3D('',#1590,#1591,#1592);
#1590 = CARTESIAN_POINT('',(13.,-12.,10.));
#1591 = DIRECTION('',(-1.,-0.,-0.));
#1592 = DIRECTION('',(0.,1.,0.));
#1593 = ADVANCED_FACE('',(#1594),#1642,.T.);
#1594 = FACE_BOUND('',#1595,.T.);
#1595 = EDGE_LOOP('',(#1596,#1597,#1603,#1604,#1612,#1620,#1628,#1636));
#1596 = ORIENTED_EDGE('',*,*,#1282,.F.);
#1597 = ORIENTED_EDGE('',*,*,#1598,.T.);
#1598 = EDGE_CURVE('',#1275,#637,#1599,.T.);
#1599 = LINE('',#1600,#1601);
#1600 = CARTESIAN_POINT('',(36.,17.5,6.5));
#1601 = VECTOR('',#1602,1.);
#1602 = DIRECTION('',(-1.,0.,0.));
#1603 = ORIENTED_EDGE('',*,*,#644,.T.);
#1604 = ORIENTED_EDGE('',*,*,#1605,.T.);
#1605 = EDGE_CURVE('',#645,#1606,#1608,.T.);
#1606 = VERTEX_POINT('',#1607);
#1607 = CARTESIAN_POINT('',(12.,17.5,15.5));
#1608 = LINE('',#1609,#1610);
#1609 = CARTESIAN_POINT('',(13.,17.5,15.5));
#1610 = VECTOR('',#1611,1.);
#1611 = DIRECTION('',(1.,0.,9.E-17));
#1612 = ORIENTED_EDGE('',*,*,#1613,.T.);
#1613 = EDGE_CURVE('',#1606,#1614,#1616,.T.);
#1614 = VERTEX_POINT('',#1615);
#1615 = CARTESIAN_POINT('',(12.,17.5,29.5));
#1616 = LINE('',#1617,#1618);
#1617 = CARTESIAN_POINT('',(12.,17.5,27.125));
#1618 = VECTOR('',#1619,1.);
#1619 = DIRECTION('',(-9.E-17,0.,1.));
#1620 = ORIENTED_EDGE('',*,*,#1621,.F.);
#1621 = EDGE_CURVE('',#1622,#1614,#1624,.T.);
#1622 = VERTEX_POINT('',#1623);
#1623 = CARTESIAN_POINT('',(9.,17.5,29.5));
#1624 = LINE('',#1625,#1626);
#1625 = CARTESIAN_POINT('',(13.305194805195,17.5,29.5));
#1626 = VECTOR('',#1627,1.);
#1627 = DIRECTION('',(1.,0.,0.));
#1628 = ORIENTED_EDGE('',*,*,#1629,.F.);
#1629 = EDGE_CURVE('',#1630,#1622,#1632,.T.);
#1630 = VERTEX_POINT('',#1631);
#1631 = CARTESIAN_POINT('',(9.,17.5,42.));
#1632 = LINE('',#1633,#1634);
#1633 = CARTESIAN_POINT('',(9.,17.5,12.375));
#1634 = VECTOR('',#1635,1.);
#1635 = DIRECTION('',(0.,0.,-1.));
#1636 = ORIENTED_EDGE('',*,*,#1637,.F.);
#1637 = EDGE_CURVE('',#1283,#1630,#1638,.T.);
#1638 = LINE('',#1639,#1640);
#1639 = CARTESIAN_POINT('',(10.,17.5,42.));
#1640 = VECTOR('',#1641,1.);
#1641 = DIRECTION('',(-1.,-0.,-0.));
#1642 = PLANE('',#1643);
#1643 = AXIS2_PLACEMENT_3D('',#1644,#1645,#1646);
#1644 = CARTESIAN_POINT('',(11.458823529412,17.5,24.126470588235));
#1645 = DIRECTION('',(1.536303673829E-15,1.,0.));
#1646 = DIRECTION('',(1.,-1.536303673829E-15,0.));
#1647 = ADVANCED_FACE('',(#1648),#1659,.F.);
#1648 = FACE_BOUND('',#1649,.F.);
#1649 = EDGE_LOOP('',(#1650,#1651,#1652,#1658));
#1650 = ORIENTED_EDGE('',*,*,#652,.F.);
#1651 = ORIENTED_EDGE('',*,*,#1605,.T.);
#1652 = ORIENTED_EDGE('',*,*,#1653,.T.);
#1653 = EDGE_CURVE('',#1606,#1203,#1654,.T.);
#1654 = LINE('',#1655,#1656);
#1655 = CARTESIAN_POINT('',(12.,38.,15.5));
#1656 = VECTOR('',#1657,1.);
#1657 = DIRECTION('',(-9.E-17,-1.,2.2E-16));
#1658 = ORIENTED_EDGE('',*,*,#1210,.T.);
#1659 = PLANE('',#1660);
#1660 = AXIS2_PLACEMENT_3D('',#1661,#1662,#1663);
#1661 = CARTESIAN_POINT('',(5.,37.5,15.5));
#1662 = DIRECTION('',(9.E-17,-2.2E-16,-1.));
#1663 = DIRECTION('',(-9.E-17,-1.,2.2E-16));
#1664 = ADVANCED_FACE('',(#1665),#1678,.F.);
#1665 = FACE_BOUND('',#1666,.F.);
#1666 = EDGE_LOOP('',(#1667,#1668,#1674,#1675,#1676,#1677));
#1667 = ORIENTED_EDGE('',*,*,#1491,.F.);
#1668 = ORIENTED_EDGE('',*,*,#1669,.T.);
#1669 = EDGE_CURVE('',#1492,#671,#1670,.T.);
#1670 = LINE('',#1671,#1672);
#1671 = CARTESIAN_POINT('',(13.,14.65,10.));
#1672 = VECTOR('',#1673,1.);
#1673 = DIRECTION('',(-1.,-0.,-0.));
#1674 = ORIENTED_EDGE('',*,*,#670,.T.);
#1675 = ORIENTED_EDGE('',*,*,#1669,.F.);
#1676 = ORIENTED_EDGE('',*,*,#1500,.F.);
#1677 = ORIENTED_EDGE('',*,*,#1480,.F.);
#1678 = CYLINDRICAL_SURFACE('',#1679,2.15);
#1679 = AXIS2_PLACEMENT_3D('',#1680,#1681,#1682);
#1680 = CARTESIAN_POINT('',(13.,12.5,10.));
#1681 = DIRECTION('',(1.,0.,0.));
#1682 = DIRECTION('',(0.,1.,0.));
#1683 = ADVANCED_FACE('',(#1684),#1697,.F.);
#1684 = FACE_BOUND('',#1685,.F.);
#1685 = EDGE_LOOP('',(#1686,#1687,#1693,#1694,#1695,#1696));
#1686 = ORIENTED_EDGE('',*,*,#1442,.F.);
#1687 = ORIENTED_EDGE('',*,*,#1688,.T.);
#1688 = EDGE_CURVE('',#1425,#682,#1689,.T.);
#1689 = LINE('',#1690,#1691);
#1690 = CARTESIAN_POINT('',(13.,-10.35,10.));
#1691 = VECTOR('',#1692,1.);
#1692 = DIRECTION('',(-1.,-0.,-0.));
#1693 = ORIENTED_EDGE('',*,*,#681,.T.);
#1694 = ORIENTED_EDGE('',*,*,#1688,.F.);
#1695 = ORIENTED_EDGE('',*,*,#1422,.F.);
#1696 = ORIENTED_EDGE('',*,*,#1433,.F.);
#1697 = CYLINDRICAL_SURFACE('',#1698,2.15);
#1698 = AXIS2_PLACEMENT_3D('',#1699,#1700,#1701);
#1699 = CARTESIAN_POINT('',(13.,-12.5,10.));
#1700 = DIRECTION('',(1.,0.,0.));
#1701 = DIRECTION('',(0.,1.,0.));
#1702 = ADVANCED_FACE('',(#1703,#1721,#1732),#1743,.F.);
#1703 = FACE_BOUND('',#1704,.F.);
#1704 = EDGE_LOOP('',(#1705,#1711,#1712,#1713,#1714,#1720));
#1705 = ORIENTED_EDGE('',*,*,#1706,.T.);
#1706 = EDGE_CURVE('',#1398,#831,#1707,.T.);
#1707 = LINE('',#1708,#1709);
#1708 = CARTESIAN_POINT('',(13.,7.,13.));
#1709 = VECTOR('',#1710,1.);
#1710 = DIRECTION('',(1.,0.,0.));
#1711 = ORIENTED_EDGE('',*,*,#830,.T.);
#1712 = ORIENTED_EDGE('',*,*,#763,.T.);
#1713 = ORIENTED_EDGE('',*,*,#698,.T.);
#1714 = ORIENTED_EDGE('',*,*,#1715,.F.);
#1715 = EDGE_CURVE('',#1390,#701,#1716,.T.);
#1716 = LINE('',#1717,#1718);
#1717 = CARTESIAN_POINT('',(13.,-7.,13.));
#1718 = VECTOR('',#1719,1.);
#1719 = DIRECTION('',(1.,0.,0.));
#1720 = ORIENTED_EDGE('',*,*,#1397,.F.);
#1721 = FACE_BOUND('',#1722,.F.);
#1722 = EDGE_LOOP('',(#1723));
#1723 = ORIENTED_EDGE('',*,*,#1724,.F.);
#1724 = EDGE_CURVE('',#1725,#1725,#1727,.T.);
#1725 = VERTEX_POINT('',#1726);
#1726 = CARTESIAN_POINT('',(32.65,0.,13.));
#1727 = CIRCLE('',#1728,2.65);
#1728 = AXIS2_PLACEMENT_3D('',#1729,#1730,#1731);
#1729 = CARTESIAN_POINT('',(30.,0.,13.));
#1730 = DIRECTION('',(0.,0.,-1.));
#1731 = DIRECTION('',(1.,0.,0.));
#1732 = FACE_BOUND('',#1733,.F.);
#1733 = EDGE_LOOP('',(#1734));
#1734 = ORIENTED_EDGE('',*,*,#1735,.F.);
#1735 = EDGE_CURVE('',#1736,#1736,#1738,.T.);
#1736 = VERTEX_POINT('',#1737);
#1737 = CARTESIAN_POINT('',(21.65,0.,13.));
#1738 = CIRCLE('',#1739,2.65);
#1739 = AXIS2_PLACEMENT_3D('',#1740,#1741,#1742);
#1740 = CARTESIAN_POINT('',(19.,0.,13.));
#1741 = DIRECTION('',(0.,0.,-1.));
#1742 = DIRECTION('',(1.,0.,0.));
#1743 = PLANE('',#1744);
#1744 = AXIS2_PLACEMENT_3D('',#1745,#1746,#1747);
#1745 = CARTESIAN_POINT('',(13.,7.,13.));
#1746 = DIRECTION('',(0.,0.,-1.));
#1747 = DIRECTION('',(0.,-1.,0.));
#1748 = ADVANCED_FACE('',(#1749),#1755,.F.);
#1749 = FACE_BOUND('',#1750,.F.);
#1750 = EDGE_LOOP('',(#1751,#1752,#1753,#1754));
#1751 = ORIENTED_EDGE('',*,*,#1715,.T.);
#1752 = ORIENTED_EDGE('',*,*,#708,.T.);
#1753 = ORIENTED_EDGE('',*,*,#1578,.F.);
#1754 = ORIENTED_EDGE('',*,*,#1389,.F.);
#1755 = PLANE('',#1756);
#1756 = AXIS2_PLACEMENT_3D('',#1757,#1758,#1759);
#1757 = CARTESIAN_POINT('',(13.,-7.,13.));
#1758 = DIRECTION('',(0.,1.,-3.E-16));
#1759 = DIRECTION('',(0.,-3.E-16,-1.));
#1760 = ADVANCED_FACE('',(#1761,#1782),#1785,.T.);
#1761 = FACE_BOUND('',#1762,.T.);
#1762 = EDGE_LOOP('',(#1763,#1764,#1765,#1766,#1767,#1768,#1769,#1770,
    #1771,#1772,#1773,#1774,#1780,#1781));
#1763 = ORIENTED_EDGE('',*,*,#1054,.T.);
#1764 = ORIENTED_EDGE('',*,*,#1095,.T.);
#1765 = ORIENTED_EDGE('',*,*,#1069,.T.);
#1766 = ORIENTED_EDGE('',*,*,#1021,.F.);
#1767 = ORIENTED_EDGE('',*,*,#973,.F.);
#1768 = ORIENTED_EDGE('',*,*,#900,.T.);
#1769 = ORIENTED_EDGE('',*,*,#861,.F.);
#1770 = ORIENTED_EDGE('',*,*,#796,.T.);
#1771 = ORIENTED_EDGE('',*,*,#739,.F.);
#1772 = ORIENTED_EDGE('',*,*,#1598,.F.);
#1773 = ORIENTED_EDGE('',*,*,#1274,.F.);
#1774 = ORIENTED_EDGE('',*,*,#1775,.F.);
#1775 = EDGE_CURVE('',#927,#1267,#1776,.T.);
#1776 = LINE('',#1777,#1778);
#1777 = CARTESIAN_POINT('',(31.,12.5,6.5));
#1778 = VECTOR('',#1779,1.);
#1779 = DIRECTION('',(-1.,-0.,-0.));
#1780 = ORIENTED_EDGE('',*,*,#924,.F.);
#1781 = ORIENTED_EDGE('',*,*,#999,.T.);
#1782 = FACE_BOUND('',#1783,.T.);
#1783 = EDGE_LOOP('',(#1784));
#1784 = ORIENTED_EDGE('',*,*,#1175,.F.);
#1785 = PLANE('',#1786);
#1786 = AXIS2_PLACEMENT_3D('',#1787,#1788,#1789);
#1787 = CARTESIAN_POINT('',(19.024763604429,21.087060158066,6.5));
#1788 = DIRECTION('',(0.,0.,1.));
#1789 = DIRECTION('',(1.,0.,0.));
#1790 = ADVANCED_FACE('',(#1791),#1809,.F.);
#1791 = FACE_BOUND('',#1792,.T.);
#1792 = EDGE_LOOP('',(#1793,#1794,#1795,#1801,#1802,#1808));
#1793 = ORIENTED_EDGE('',*,*,#878,.T.);
#1794 = ORIENTED_EDGE('',*,*,#950,.F.);
#1795 = ORIENTED_EDGE('',*,*,#1796,.F.);
#1796 = EDGE_CURVE('',#1259,#943,#1797,.T.);
#1797 = LINE('',#1798,#1799);
#1798 = CARTESIAN_POINT('',(13.,12.,5.));
#1799 = VECTOR('',#1800,1.);
#1800 = DIRECTION('',(1.,0.,0.));
#1801 = ORIENTED_EDGE('',*,*,#1413,.F.);
#1802 = ORIENTED_EDGE('',*,*,#1803,.T.);
#1803 = EDGE_CURVE('',#1406,#814,#1804,.T.);
#1804 = LINE('',#1805,#1806);
#1805 = CARTESIAN_POINT('',(13.,7.,10.));
#1806 = VECTOR('',#1807,1.);
#1807 = DIRECTION('',(1.,0.,0.));
#1808 = ORIENTED_EDGE('',*,*,#811,.F.);
#1809 = CYLINDRICAL_SURFACE('',#1810,5.);
#1810 = AXIS2_PLACEMENT_3D('',#1811,#1812,#1813);
#1811 = CARTESIAN_POINT('',(13.,12.,10.));
#1812 = DIRECTION('',(-1.,-0.,-0.));
#1813 = DIRECTION('',(0.,1.,0.));
#1814 = ADVANCED_FACE('',(#1815),#1821,.F.);
#1815 = FACE_BOUND('',#1816,.F.);
#1816 = EDGE_LOOP('',(#1817,#1818,#1819,#1820));
#1817 = ORIENTED_EDGE('',*,*,#1803,.T.);
#1818 = ORIENTED_EDGE('',*,*,#838,.T.);
#1819 = ORIENTED_EDGE('',*,*,#1706,.F.);
#1820 = ORIENTED_EDGE('',*,*,#1405,.F.);
#1821 = PLANE('',#1822);
#1822 = AXIS2_PLACEMENT_3D('',#1823,#1824,#1825);
#1823 = CARTESIAN_POINT('',(13.,7.,10.));
#1824 = DIRECTION('',(0.,-1.,5.9E-16));
#1825 = DIRECTION('',(0.,5.9E-16,1.));
#1826 = ADVANCED_FACE('',(#1827),#1838,.T.);
#1827 = FACE_BOUND('',#1828,.T.);
#1828 = EDGE_LOOP('',(#1829,#1835,#1836,#1837));
#1829 = ORIENTED_EDGE('',*,*,#1830,.F.);
#1830 = EDGE_CURVE('',#935,#1257,#1831,.T.);
#1831 = LINE('',#1832,#1833);
#1832 = CARTESIAN_POINT('',(13.,12.5,5.));
#1833 = VECTOR('',#1834,1.);
#1834 = DIRECTION('',(-1.,0.,0.));
#1835 = ORIENTED_EDGE('',*,*,#934,.T.);
#1836 = ORIENTED_EDGE('',*,*,#1775,.T.);
#1837 = ORIENTED_EDGE('',*,*,#1266,.F.);
#1838 = PLANE('',#1839);
#1839 = AXIS2_PLACEMENT_3D('',#1840,#1841,#1842);
#1840 = CARTESIAN_POINT('',(25.614972511148,12.5,25.117904201181));
#1841 = DIRECTION('',(-0.,-1.,-0.));
#1842 = DIRECTION('',(0.,0.,-1.));
#1843 = ADVANCED_FACE('',(#1844),#1850,.F.);
#1844 = FACE_BOUND('',#1845,.F.);
#1845 = EDGE_LOOP('',(#1846,#1847,#1848,#1849));
#1846 = ORIENTED_EDGE('',*,*,#1256,.F.);
#1847 = ORIENTED_EDGE('',*,*,#1830,.F.);
#1848 = ORIENTED_EDGE('',*,*,#942,.T.);
#1849 = ORIENTED_EDGE('',*,*,#1796,.F.);
#1850 = PLANE('',#1851);
#1851 = AXIS2_PLACEMENT_3D('',#1852,#1853,#1854);
#1852 = CARTESIAN_POINT('',(13.,20.,5.));
#1853 = DIRECTION('',(0.,0.,-1.));
#1854 = DIRECTION('',(0.,-1.,0.));
#1855 = ADVANCED_FACE('',(#1856,#1859),#1870,.F.);
#1856 = FACE_BOUND('',#1857,.F.);
#1857 = EDGE_LOOP('',(#1858));
#1858 = ORIENTED_EDGE('',*,*,#1118,.F.);
#1859 = FACE_BOUND('',#1860,.F.);
#1860 = EDGE_LOOP('',(#1861));
#1861 = ORIENTED_EDGE('',*,*,#1862,.T.);
#1862 = EDGE_CURVE('',#1863,#1863,#1865,.T.);
#1863 = VERTEX_POINT('',#1864);
#1864 = CARTESIAN_POINT('',(32.65,0.,7.));
#1865 = CIRCLE('',#1866,2.65);
#1866 = AXIS2_PLACEMENT_3D('',#1867,#1868,#1869);
#1867 = CARTESIAN_POINT('',(30.,0.,7.));
#1868 = DIRECTION('',(0.,0.,-1.));
#1869 = DIRECTION('',(1.,0.,0.));
#1870 = PLANE('',#1871);
#1871 = AXIS2_PLACEMENT_3D('',#1872,#1873,#1874);
#1872 = CARTESIAN_POINT('',(24.5,8.6E-16,7.));
#1873 = DIRECTION('',(0.,0.,1.));
#1874 = DIRECTION('',(1.,0.,0.));
#1875 = ADVANCED_FACE('',(#1876,#1879),#1890,.F.);
#1876 = FACE_BOUND('',#1877,.F.);
#1877 = EDGE_LOOP('',(#1878));
#1878 = ORIENTED_EDGE('',*,*,#1142,.F.);
#1879 = FACE_BOUND('',#1880,.F.);
#1880 = EDGE_LOOP('',(#1881));
#1881 = ORIENTED_EDGE('',*,*,#1882,.T.);
#1882 = EDGE_CURVE('',#1883,#1883,#1885,.T.);
#1883 = VERTEX_POINT('',#1884);
#1884 = CARTESIAN_POINT('',(21.65,0.,7.));
#1885 = CIRCLE('',#1886,2.65);
#1886 = AXIS2_PLACEMENT_3D('',#1887,#1888,#1889);
#1887 = CARTESIAN_POINT('',(19.,0.,7.));
#1888 = DIRECTION('',(0.,0.,-1.));
#1889 = DIRECTION('',(1.,0.,0.));
#1890 = PLANE('',#1891);
#1891 = AXIS2_PLACEMENT_3D('',#1892,#1893,#1894);
#1892 = CARTESIAN_POINT('',(24.5,8.6E-16,7.));
#1893 = DIRECTION('',(0.,0.,1.));
#1894 = DIRECTION('',(1.,0.,0.));
#1895 = ADVANCED_FACE('',(#1896),#1907,.F.);
#1896 = FACE_BOUND('',#1897,.F.);
#1897 = EDGE_LOOP('',(#1898,#1899,#1900,#1906));
#1898 = ORIENTED_EDGE('',*,*,#1653,.F.);
#1899 = ORIENTED_EDGE('',*,*,#1613,.T.);
#1900 = ORIENTED_EDGE('',*,*,#1901,.T.);
#1901 = EDGE_CURVE('',#1614,#1201,#1902,.T.);
#1902 = LINE('',#1903,#1904);
#1903 = CARTESIAN_POINT('',(12.,38.,29.5));
#1904 = VECTOR('',#1905,1.);
#1905 = DIRECTION('',(-9.E-17,-1.,2.2E-16));
#1906 = ORIENTED_EDGE('',*,*,#1200,.T.);
#1907 = PLANE('',#1908);
#1908 = AXIS2_PLACEMENT_3D('',#1909,#1910,#1911);
#1909 = CARTESIAN_POINT('',(12.,38.,29.5));
#1910 = DIRECTION('',(1.,-9.E-17,9.E-17));
#1911 = DIRECTION('',(9.E-17,-2.2E-16,-1.));
#1912 = ADVANCED_FACE('',(#1913,#2003),#2014,.T.);
#1913 = FACE_BOUND('',#1914,.T.);
#1914 = EDGE_LOOP('',(#1915,#1925,#1933,#1941,#1949,#1957,#1965,#1971,
    #1972,#1973,#1981,#1989,#1997));
#1915 = ORIENTED_EDGE('',*,*,#1916,.T.);
#1916 = EDGE_CURVE('',#1917,#1919,#1921,.T.);
#1917 = VERTEX_POINT('',#1918);
#1918 = CARTESIAN_POINT('',(33.5,-27.5,42.));
#1919 = VERTEX_POINT('',#1920);
#1920 = CARTESIAN_POINT('',(33.5,-27.51,42.));
#1921 = LINE('',#1922,#1923);
#1922 = CARTESIAN_POINT('',(33.5,-27.5,42.));
#1923 = VECTOR('',#1924,1.);
#1924 = DIRECTION('',(0.,-1.,-6.935091770261E-16));
#1925 = ORIENTED_EDGE('',*,*,#1926,.T.);
#1926 = EDGE_CURVE('',#1919,#1927,#1929,.T.);
#1927 = VERTEX_POINT('',#1928);
#1928 = CARTESIAN_POINT('',(31.26,-29.75,42.));
#1929 = LINE('',#1930,#1931);
#1930 = CARTESIAN_POINT('',(31.765660242128,-29.24433975787,42.));
#1931 = VECTOR('',#1932,1.);
#1932 = DIRECTION('',(-0.707106781187,-0.707106781187,0.));
#1933 = ORIENTED_EDGE('',*,*,#1934,.T.);
#1934 = EDGE_CURVE('',#1927,#1935,#1937,.T.);
#1935 = VERTEX_POINT('',#1936);
#1936 = CARTESIAN_POINT('',(14.24,-29.75,42.));
#1937 = LINE('',#1938,#1939);
#1938 = CARTESIAN_POINT('',(10.,-29.75,42.));
#1939 = VECTOR('',#1940,1.);
#1940 = DIRECTION('',(-1.,-0.,-0.));
#1941 = ORIENTED_EDGE('',*,*,#1942,.F.);
#1942 = EDGE_CURVE('',#1943,#1935,#1945,.T.);
#1943 = VERTEX_POINT('',#1944);
#1944 = CARTESIAN_POINT('',(12.,-27.51,42.));
#1945 = LINE('',#1946,#1947);
#1946 = CARTESIAN_POINT('',(13.655025879189,-29.16502587918,42.));
#1947 = VECTOR('',#1948,1.);
#1948 = DIRECTION('',(0.707106781187,-0.707106781187,0.));
#1949 = ORIENTED_EDGE('',*,*,#1950,.F.);
#1950 = EDGE_CURVE('',#1951,#1943,#1953,.T.);
#1951 = VERTEX_POINT('',#1952);
#1952 = CARTESIAN_POINT('',(12.,-27.5,42.));
#1953 = LINE('',#1954,#1955);
#1954 = CARTESIAN_POINT('',(12.,-27.5,42.));
#1955 = VECTOR('',#1956,1.);
#1956 = DIRECTION('',(0.,-1.,-6.935091770261E-16));
#1957 = ORIENTED_EDGE('',*,*,#1958,.T.);
#1958 = EDGE_CURVE('',#1951,#1959,#1961,.T.);
#1959 = VERTEX_POINT('',#1960);
#1960 = CARTESIAN_POINT('',(9.,-24.5,42.));
#1961 = LINE('',#1962,#1963);
#1962 = CARTESIAN_POINT('',(12.302442528736,-27.80244252873,42.));
#1963 = VECTOR('',#1964,1.);
#1964 = DIRECTION('',(-0.707106781187,0.707106781187,0.));
#1965 = ORIENTED_EDGE('',*,*,#1966,.T.);
#1966 = EDGE_CURVE('',#1959,#1227,#1967,.T.);
#1967 = LINE('',#1968,#1969);
#1968 = CARTESIAN_POINT('',(9.,7.11E-15,42.));
#1969 = VECTOR('',#1970,1.);
#1970 = DIRECTION('',(0.,1.,-2.2E-16));
#1971 = ORIENTED_EDGE('',*,*,#1226,.F.);
#1972 = ORIENTED_EDGE('',*,*,#1356,.F.);
#1973 = ORIENTED_EDGE('',*,*,#1974,.T.);
#1974 = EDGE_CURVE('',#1349,#1975,#1977,.T.);
#1975 = VERTEX_POINT('',#1976);
#1976 = CARTESIAN_POINT('',(31.,-12.5,42.));
#1977 = LINE('',#1978,#1979);
#1978 = CARTESIAN_POINT('',(36.,-12.5,42.));
#1979 = VECTOR('',#1980,1.);
#1980 = DIRECTION('',(1.,0.,0.));
#1981 = ORIENTED_EDGE('',*,*,#1982,.T.);
#1982 = EDGE_CURVE('',#1975,#1983,#1985,.T.);
#1983 = VERTEX_POINT('',#1984);
#1984 = CARTESIAN_POINT('',(37.5,-19.,42.));
#1985 = LINE('',#1986,#1987);
#1986 = CARTESIAN_POINT('',(32.677442528736,-14.17744252873,42.));
#1987 = VECTOR('',#1988,1.);
#1988 = DIRECTION('',(0.707106781187,-0.707106781187,0.));
#1989 = ORIENTED_EDGE('',*,*,#1990,.F.);
#1990 = EDGE_CURVE('',#1991,#1983,#1993,.T.);
#1991 = VERTEX_POINT('',#1992);
#1992 = CARTESIAN_POINT('',(37.5,-23.5,42.));
#1993 = LINE('',#1994,#1995);
#1994 = CARTESIAN_POINT('',(37.5,-37.5,42.));
#1995 = VECTOR('',#1996,1.);
#1996 = DIRECTION('',(0.,1.,-2.2E-16));
#1997 = ORIENTED_EDGE('',*,*,#1998,.F.);
#1998 = EDGE_CURVE('',#1917,#1991,#1999,.T.);
#1999 = LINE('',#2000,#2001);
#2000 = CARTESIAN_POINT('',(33.8125,-27.1875,42.));
#2001 = VECTOR('',#2002,1.);
#2002 = DIRECTION('',(0.707106781187,0.707106781187,0.));
#2003 = FACE_BOUND('',#2004,.T.);
#2004 = EDGE_LOOP('',(#2005));
#2005 = ORIENTED_EDGE('',*,*,#2006,.T.);
#2006 = EDGE_CURVE('',#2007,#2007,#2009,.T.);
#2007 = VERTEX_POINT('',#2008);
#2008 = CARTESIAN_POINT('',(32.85,-24.1,42.));
#2009 = CIRCLE('',#2010,2.65);
#2010 = AXIS2_PLACEMENT_3D('',#2011,#2012,#2013);
#2011 = CARTESIAN_POINT('',(30.2,-24.1,42.));
#2012 = DIRECTION('',(0.,0.,1.));
#2013 = DIRECTION('',(1.,0.,0.));
#2014 = PLANE('',#2015);
#2015 = AXIS2_PLACEMENT_3D('',#2016,#2017,#2018);
#2016 = CARTESIAN_POINT('',(22.591372242635,-21.29873127412,42.));
#2017 = DIRECTION('',(-0.,-0.,-1.));
#2018 = DIRECTION('',(-1.,0.,0.));
#2019 = ADVANCED_FACE('',(#2020,#2061,#2072),#2083,.F.);
#2020 = FACE_BOUND('',#2021,.F.);
#2021 = EDGE_LOOP('',(#2022,#2023,#2024,#2030,#2031,#2039,#2047,#2055));
#2022 = ORIENTED_EDGE('',*,*,#1966,.T.);
#2023 = ORIENTED_EDGE('',*,*,#1234,.T.);
#2024 = ORIENTED_EDGE('',*,*,#2025,.F.);
#2025 = EDGE_CURVE('',#1622,#1235,#2026,.T.);
#2026 = LINE('',#2027,#2028);
#2027 = CARTESIAN_POINT('',(9.,38.,29.5));
#2028 = VECTOR('',#2029,1.);
#2029 = DIRECTION('',(-9.E-17,-1.,2.2E-16));
#2030 = ORIENTED_EDGE('',*,*,#1629,.F.);
#2031 = ORIENTED_EDGE('',*,*,#2032,.T.);
#2032 = EDGE_CURVE('',#1630,#2033,#2035,.T.);
#2033 = VERTEX_POINT('',#2034);
#2034 = CARTESIAN_POINT('',(9.,24.5,42.));
#2035 = LINE('',#2036,#2037);
#2036 = CARTESIAN_POINT('',(9.,37.5,42.));
#2037 = VECTOR('',#2038,1.);
#2038 = DIRECTION('',(0.,1.,-2.2E-16));
#2039 = ORIENTED_EDGE('',*,*,#2040,.T.);
#2040 = EDGE_CURVE('',#2033,#2041,#2043,.T.);
#2041 = VERTEX_POINT('',#2042);
#2042 = CARTESIAN_POINT('',(9.,24.5,50.));
#2043 = LINE('',#2044,#2045);
#2044 = CARTESIAN_POINT('',(9.,24.5,42.));
#2045 = VECTOR('',#2046,1.);
#2046 = DIRECTION('',(0.,0.,1.));
#2047 = ORIENTED_EDGE('',*,*,#2048,.T.);
#2048 = EDGE_CURVE('',#2041,#2049,#2051,.T.);
#2049 = VERTEX_POINT('',#2050);
#2050 = CARTESIAN_POINT('',(9.,-24.5,50.));
#2051 = LINE('',#2052,#2053);
#2052 = CARTESIAN_POINT('',(9.,37.5,50.));
#2053 = VECTOR('',#2054,1.);
#2054 = DIRECTION('',(0.,-1.,0.));
#2055 = ORIENTED_EDGE('',*,*,#2056,.F.);
#2056 = EDGE_CURVE('',#1959,#2049,#2057,.T.);
#2057 = LINE('',#2058,#2059);
#2058 = CARTESIAN_POINT('',(9.,-24.5,42.));
#2059 = VECTOR('',#2060,1.);
#2060 = DIRECTION('',(0.,0.,1.));
#2061 = FACE_BOUND('',#2062,.F.);
#2062 = EDGE_LOOP('',(#2063));
#2063 = ORIENTED_EDGE('',*,*,#2064,.F.);
#2064 = EDGE_CURVE('',#2065,#2065,#2067,.T.);
#2065 = VERTEX_POINT('',#2066);
#2066 = CARTESIAN_POINT('',(9.,14.65,35.));
#2067 = CIRCLE('',#2068,2.15);
#2068 = AXIS2_PLACEMENT_3D('',#2069,#2070,#2071);
#2069 = CARTESIAN_POINT('',(9.,12.5,35.));
#2070 = DIRECTION('',(1.,0.,0.));
#2071 = DIRECTION('',(0.,1.,0.));
#2072 = FACE_BOUND('',#2073,.F.);
#2073 = EDGE_LOOP('',(#2074));
#2074 = ORIENTED_EDGE('',*,*,#2075,.F.);
#2075 = EDGE_CURVE('',#2076,#2076,#2078,.T.);
#2076 = VERTEX_POINT('',#2077);
#2077 = CARTESIAN_POINT('',(9.,-10.35,35.));
#2078 = CIRCLE('',#2079,2.15);
#2079 = AXIS2_PLACEMENT_3D('',#2080,#2081,#2082);
#2080 = CARTESIAN_POINT('',(9.,-12.5,35.));
#2081 = DIRECTION('',(1.,0.,0.));
#2082 = DIRECTION('',(0.,1.,0.));
#2083 = PLANE('',#2084);
#2084 = AXIS2_PLACEMENT_3D('',#2085,#2086,#2087);
#2085 = CARTESIAN_POINT('',(9.,37.5,0.));
#2086 = DIRECTION('',(1.,0.,0.));
#2087 = DIRECTION('',(0.,-1.,0.));
#2088 = ADVANCED_FACE('',(#2089),#2095,.T.);
#2089 = FACE_BOUND('',#2090,.T.);
#2090 = EDGE_LOOP('',(#2091,#2092,#2093,#2094));
#2091 = ORIENTED_EDGE('',*,*,#1242,.T.);
#2092 = ORIENTED_EDGE('',*,*,#2025,.F.);
#2093 = ORIENTED_EDGE('',*,*,#1621,.T.);
#2094 = ORIENTED_EDGE('',*,*,#1901,.T.);
#2095 = PLANE('',#2096);
#2096 = AXIS2_PLACEMENT_3D('',#2097,#2098,#2099);
#2097 = CARTESIAN_POINT('',(10.5,0.,29.5));
#2098 = DIRECTION('',(-0.,-0.,-1.));
#2099 = DIRECTION('',(-1.,0.,0.));
#2100 = ADVANCED_FACE('',(#2101),#2144,.T.);
#2101 = FACE_BOUND('',#2102,.T.);
#2102 = EDGE_LOOP('',(#2103,#2113,#2121,#2129,#2135,#2136,#2137,#2138));
#2103 = ORIENTED_EDGE('',*,*,#2104,.T.);
#2104 = EDGE_CURVE('',#2105,#2107,#2109,.T.);
#2105 = VERTEX_POINT('',#2106);
#2106 = CARTESIAN_POINT('',(12.,27.5,42.));
#2107 = VERTEX_POINT('',#2108);
#2108 = CARTESIAN_POINT('',(28.,27.5,42.));
#2109 = LINE('',#2110,#2111);
#2110 = CARTESIAN_POINT('',(6.,27.5,42.));
#2111 = VECTOR('',#2112,1.);
#2112 = DIRECTION('',(1.,0.,0.));
#2113 = ORIENTED_EDGE('',*,*,#2114,.F.);
#2114 = EDGE_CURVE('',#2115,#2107,#2117,.T.);
#2115 = VERTEX_POINT('',#2116);
#2116 = CARTESIAN_POINT('',(31.,24.5,42.));
#2117 = LINE('',#2118,#2119);
#2118 = CARTESIAN_POINT('',(28.625,26.875,42.));
#2119 = VECTOR('',#2120,1.);
#2120 = DIRECTION('',(-0.707106781187,0.707106781187,0.));
#2121 = ORIENTED_EDGE('',*,*,#2122,.T.);
#2122 = EDGE_CURVE('',#2115,#2123,#2125,.T.);
#2123 = VERTEX_POINT('',#2124);
#2124 = CARTESIAN_POINT('',(31.,12.5,42.));
#2125 = LINE('',#2126,#2127);
#2126 = CARTESIAN_POINT('',(31.,17.5,42.));
#2127 = VECTOR('',#2128,1.);
#2128 = DIRECTION('',(0.,-1.,0.));
#2129 = ORIENTED_EDGE('',*,*,#2130,.T.);
#2130 = EDGE_CURVE('',#2123,#1291,#2131,.T.);
#2131 = LINE('',#2132,#2133);
#2132 = CARTESIAN_POINT('',(31.,12.5,42.));
#2133 = VECTOR('',#2134,1.);
#2134 = DIRECTION('',(-1.,-0.,-0.));
#2135 = ORIENTED_EDGE('',*,*,#1290,.F.);
#2136 = ORIENTED_EDGE('',*,*,#1637,.T.);
#2137 = ORIENTED_EDGE('',*,*,#2032,.T.);
#2138 = ORIENTED_EDGE('',*,*,#2139,.T.);
#2139 = EDGE_CURVE('',#2033,#2105,#2140,.T.);
#2140 = LINE('',#2141,#2142);
#2141 = CARTESIAN_POINT('',(11.510135135135,27.010135135135,42.));
#2142 = VECTOR('',#2143,1.);
#2143 = DIRECTION('',(0.707106781187,0.707106781187,0.));
#2144 = PLANE('',#2145);
#2145 = AXIS2_PLACEMENT_3D('',#2146,#2147,#2148);
#2146 = CARTESIAN_POINT('',(20.27027027027,20.27027027027,42.));
#2147 = DIRECTION('',(-0.,-0.,-1.));
#2148 = DIRECTION('',(-1.,0.,0.));
#2149 = ADVANCED_FACE('',(#2150),#2168,.T.);
#2150 = FACE_BOUND('',#2151,.T.);
#2151 = EDGE_LOOP('',(#2152,#2153,#2161,#2167));
#2152 = ORIENTED_EDGE('',*,*,#2130,.F.);
#2153 = ORIENTED_EDGE('',*,*,#2154,.T.);
#2154 = EDGE_CURVE('',#2123,#2155,#2157,.T.);
#2155 = VERTEX_POINT('',#2156);
#2156 = CARTESIAN_POINT('',(31.,12.5,42.721401337245));
#2157 = LINE('',#2158,#2159);
#2158 = CARTESIAN_POINT('',(31.,12.5,0.));
#2159 = VECTOR('',#2160,1.);
#2160 = DIRECTION('',(0.,0.,1.));
#2161 = ORIENTED_EDGE('',*,*,#2162,.F.);
#2162 = EDGE_CURVE('',#1299,#2155,#2163,.T.);
#2163 = LINE('',#2164,#2165);
#2164 = CARTESIAN_POINT('',(23.,12.5,42.721401337245));
#2165 = VECTOR('',#2166,1.);
#2166 = DIRECTION('',(1.,0.,0.));
#2167 = ORIENTED_EDGE('',*,*,#1298,.F.);
#2168 = PLANE('',#2169);
#2169 = AXIS2_PLACEMENT_3D('',#2170,#2171,#2172);
#2170 = CARTESIAN_POINT('',(25.614972511148,12.5,25.117904201181));
#2171 = DIRECTION('',(-0.,-1.,-0.));
#2172 = DIRECTION('',(0.,0.,-1.));
#2173 = ADVANCED_FACE('',(#2174),#2193,.F.);
#2174 = FACE_BOUND('',#2175,.T.);
#2175 = EDGE_LOOP('',(#2176,#2185,#2191,#2192));
#2176 = ORIENTED_EDGE('',*,*,#2177,.T.);
#2177 = EDGE_CURVE('',#2155,#2178,#2180,.T.);
#2178 = VERTEX_POINT('',#2179);
#2179 = CARTESIAN_POINT('',(31.,9.323120181417,38.));
#2180 = CIRCLE('',#2181,5.690279667418);
#2181 = AXIS2_PLACEMENT_3D('',#2182,#2183,#2184);
#2182 = CARTESIAN_POINT('',(31.,15.,37.609720332582));
#2183 = DIRECTION('',(1.,0.,0.));
#2184 = DIRECTION('',(0.,1.,0.));
#2185 = ORIENTED_EDGE('',*,*,#2186,.F.);
#2186 = EDGE_CURVE('',#1307,#2178,#2187,.T.);
#2187 = LINE('',#2188,#2189);
#2188 = CARTESIAN_POINT('',(13.,9.323120181417,38.));
#2189 = VECTOR('',#2190,1.);
#2190 = DIRECTION('',(1.,0.,0.));
#2191 = ORIENTED_EDGE('',*,*,#1306,.F.);
#2192 = ORIENTED_EDGE('',*,*,#2162,.T.);
#2193 = CYLINDRICAL_SURFACE('',#2194,5.690279667418);
#2194 = AXIS2_PLACEMENT_3D('',#2195,#2196,#2197);
#2195 = CARTESIAN_POINT('',(13.,15.,37.609720332582));
#2196 = DIRECTION('',(-1.,-0.,-0.));
#2197 = DIRECTION('',(0.,1.,0.));
#2198 = ADVANCED_FACE('',(#2199),#2217,.T.);
#2199 = FACE_BOUND('',#2200,.T.);
#2200 = EDGE_LOOP('',(#2201,#2202,#2203,#2211));
#2201 = ORIENTED_EDGE('',*,*,#1315,.T.);
#2202 = ORIENTED_EDGE('',*,*,#2186,.T.);
#2203 = ORIENTED_EDGE('',*,*,#2204,.F.);
#2204 = EDGE_CURVE('',#2205,#2178,#2207,.T.);
#2205 = VERTEX_POINT('',#2206);
#2206 = CARTESIAN_POINT('',(31.,9.,33.3));
#2207 = LINE('',#2208,#2209);
#2208 = CARTESIAN_POINT('',(31.,9.,33.3));
#2209 = VECTOR('',#2210,1.);
#2210 = DIRECTION('',(0.,6.858708011361E-02,0.997645133523));
#2211 = ORIENTED_EDGE('',*,*,#2212,.F.);
#2212 = EDGE_CURVE('',#1316,#2205,#2213,.T.);
#2213 = LINE('',#2214,#2215);
#2214 = CARTESIAN_POINT('',(23.,9.,33.3));
#2215 = VECTOR('',#2216,1.);
#2216 = DIRECTION('',(1.,0.,0.));
#2217 = PLANE('',#2218);
#2218 = AXIS2_PLACEMENT_3D('',#2219,#2220,#2221);
#2219 = CARTESIAN_POINT('',(22.,9.161560090709,35.65));
#2220 = DIRECTION('',(0.,0.997645133523,-6.858708011361E-02));
#2221 = DIRECTION('',(0.,6.858708011361E-02,0.997645133523));
#2222 = ADVANCED_FACE('',(#2223,#2241),#2252,.T.);
#2223 = FACE_BOUND('',#2224,.T.);
#2224 = EDGE_LOOP('',(#2225,#2226,#2227,#2235));
#2225 = ORIENTED_EDGE('',*,*,#1323,.T.);
#2226 = ORIENTED_EDGE('',*,*,#2212,.T.);
#2227 = ORIENTED_EDGE('',*,*,#2228,.F.);
#2228 = EDGE_CURVE('',#2229,#2205,#2231,.T.);
#2229 = VERTEX_POINT('',#2230);
#2230 = CARTESIAN_POINT('',(31.,-9.,33.3));
#2231 = LINE('',#2232,#2233);
#2232 = CARTESIAN_POINT('',(31.,-9.,33.3));
#2233 = VECTOR('',#2234,1.);
#2234 = DIRECTION('',(0.,1.,0.));
#2235 = ORIENTED_EDGE('',*,*,#2236,.F.);
#2236 = EDGE_CURVE('',#1324,#2229,#2237,.T.);
#2237 = LINE('',#2238,#2239);
#2238 = CARTESIAN_POINT('',(23.,-9.,33.3));
#2239 = VECTOR('',#2240,1.);
#2240 = DIRECTION('',(1.,0.,0.));
#2241 = FACE_BOUND('',#2242,.T.);
#2242 = EDGE_LOOP('',(#2243));
#2243 = ORIENTED_EDGE('',*,*,#2244,.T.);
#2244 = EDGE_CURVE('',#2245,#2245,#2247,.T.);
#2245 = VERTEX_POINT('',#2246);
#2246 = CARTESIAN_POINT('',(25.65,0.,33.3));
#2247 = CIRCLE('',#2248,2.65);
#2248 = AXIS2_PLACEMENT_3D('',#2249,#2250,#2251);
#2249 = CARTESIAN_POINT('',(23.,0.,33.3));
#2250 = DIRECTION('',(0.,0.,1.));
#2251 = DIRECTION('',(1.,0.,0.));
#2252 = PLANE('',#2253);
#2253 = AXIS2_PLACEMENT_3D('',#2254,#2255,#2256);
#2254 = CARTESIAN_POINT('',(22.,0.,33.3));
#2255 = DIRECTION('',(-0.,-0.,-1.));
#2256 = DIRECTION('',(-1.,0.,0.));
#2257 = ADVANCED_FACE('',(#2258),#2276,.T.);
#2258 = FACE_BOUND('',#2259,.T.);
#2259 = EDGE_LOOP('',(#2260,#2261,#2262,#2270));
#2260 = ORIENTED_EDGE('',*,*,#1331,.T.);
#2261 = ORIENTED_EDGE('',*,*,#2236,.T.);
#2262 = ORIENTED_EDGE('',*,*,#2263,.F.);
#2263 = EDGE_CURVE('',#2264,#2229,#2266,.T.);
#2264 = VERTEX_POINT('',#2265);
#2265 = CARTESIAN_POINT('',(31.,-9.323120181417,38.));
#2266 = LINE('',#2267,#2268);
#2267 = CARTESIAN_POINT('',(31.,-9.323120181417,38.));
#2268 = VECTOR('',#2269,1.);
#2269 = DIRECTION('',(0.,6.858708011361E-02,-0.997645133523));
#2270 = ORIENTED_EDGE('',*,*,#2271,.F.);
#2271 = EDGE_CURVE('',#1332,#2264,#2272,.T.);
#2272 = LINE('',#2273,#2274);
#2273 = CARTESIAN_POINT('',(23.,-9.323120181417,38.));
#2274 = VECTOR('',#2275,1.);
#2275 = DIRECTION('',(1.,0.,0.));
#2276 = PLANE('',#2277);
#2277 = AXIS2_PLACEMENT_3D('',#2278,#2279,#2280);
#2278 = CARTESIAN_POINT('',(22.,-9.161560090709,35.65));
#2279 = DIRECTION('',(-0.,-0.997645133523,-6.858708011361E-02));
#2280 = DIRECTION('',(0.,6.858708011361E-02,-0.997645133523));
#2281 = ADVANCED_FACE('',(#2282),#2301,.F.);
#2282 = FACE_BOUND('',#2283,.T.);
#2283 = EDGE_LOOP('',(#2284,#2293,#2299,#2300));
#2284 = ORIENTED_EDGE('',*,*,#2285,.T.);
#2285 = EDGE_CURVE('',#2264,#2286,#2288,.T.);
#2286 = VERTEX_POINT('',#2287);
#2287 = CARTESIAN_POINT('',(31.,-12.5,42.721401337245));
#2288 = CIRCLE('',#2289,5.690279667418);
#2289 = AXIS2_PLACEMENT_3D('',#2290,#2291,#2292);
#2290 = CARTESIAN_POINT('',(31.,-15.,37.609720332582));
#2291 = DIRECTION('',(1.,0.,0.));
#2292 = DIRECTION('',(0.,1.,0.));
#2293 = ORIENTED_EDGE('',*,*,#2294,.T.);
#2294 = EDGE_CURVE('',#2286,#1340,#2295,.T.);
#2295 = LINE('',#2296,#2297);
#2296 = CARTESIAN_POINT('',(13.,-12.5,42.721401337245));
#2297 = VECTOR('',#2298,1.);
#2298 = DIRECTION('',(-1.,-0.,-0.));
#2299 = ORIENTED_EDGE('',*,*,#1339,.F.);
#2300 = ORIENTED_EDGE('',*,*,#2271,.T.);
#2301 = CYLINDRICAL_SURFACE('',#2302,5.690279667418);
#2302 = AXIS2_PLACEMENT_3D('',#2303,#2304,#2305);
#2303 = CARTESIAN_POINT('',(13.,-15.,37.609720332582));
#2304 = DIRECTION('',(-1.,-0.,-0.));
#2305 = DIRECTION('',(0.,1.,0.));
#2306 = ADVANCED_FACE('',(#2307),#2318,.T.);
#2307 = FACE_BOUND('',#2308,.T.);
#2308 = EDGE_LOOP('',(#2309,#2310,#2311,#2312));
#2309 = ORIENTED_EDGE('',*,*,#1974,.F.);
#2310 = ORIENTED_EDGE('',*,*,#1348,.T.);
#2311 = ORIENTED_EDGE('',*,*,#2294,.F.);
#2312 = ORIENTED_EDGE('',*,*,#2313,.T.);
#2313 = EDGE_CURVE('',#2286,#1975,#2314,.T.);
#2314 = LINE('',#2315,#2316);
#2315 = CARTESIAN_POINT('',(31.,-12.5,50.));
#2316 = VECTOR('',#2317,1.);
#2317 = DIRECTION('',(-2.2E-16,2.2E-16,-1.));
#2318 = PLANE('',#2319);
#2319 = AXIS2_PLACEMENT_3D('',#2320,#2321,#2322);
#2320 = CARTESIAN_POINT('',(26.369784409655,-12.5,44.880215590345));
#2321 = DIRECTION('',(0.,1.,0.));
#2322 = DIRECTION('',(0.,0.,1.));
#2323 = ADVANCED_FACE('',(#2324),#2336,.F.);
#2324 = FACE_BOUND('',#2325,.F.);
#2325 = EDGE_LOOP('',(#2326,#2327,#2328,#2333,#2334,#2335));
#2326 = ORIENTED_EDGE('',*,*,#1462,.F.);
#2327 = ORIENTED_EDGE('',*,*,#1471,.F.);
#2328 = ORIENTED_EDGE('',*,*,#2329,.F.);
#2329 = EDGE_CURVE('',#2076,#1454,#2330,.T.);
#2330 = B_SPLINE_CURVE_WITH_KNOTS('',1,(#2331,#2332),.UNSPECIFIED.,.F.,
  .F.,(2,2),(-4.,0.),.PIECEWISE_BEZIER_KNOTS.);
#2331 = CARTESIAN_POINT('',(9.,-10.35,35.));
#2332 = CARTESIAN_POINT('',(13.,-10.35,35.));
#2333 = ORIENTED_EDGE('',*,*,#2075,.T.);
#2334 = ORIENTED_EDGE('',*,*,#2329,.T.);
#2335 = ORIENTED_EDGE('',*,*,#1451,.F.);
#2336 = CYLINDRICAL_SURFACE('',#2337,2.15);
#2337 = AXIS2_PLACEMENT_3D('',#2338,#2339,#2340);
#2338 = CARTESIAN_POINT('',(13.,-12.5,35.));
#2339 = DIRECTION('',(1.,0.,0.));
#2340 = DIRECTION('',(0.,1.,0.));
#2341 = ADVANCED_FACE('',(#2342),#2354,.F.);
#2342 = FACE_BOUND('',#2343,.F.);
#2343 = EDGE_LOOP('',(#2344,#2345,#2350,#2351,#2352,#2353));
#2344 = ORIENTED_EDGE('',*,*,#2064,.T.);
#2345 = ORIENTED_EDGE('',*,*,#2346,.T.);
#2346 = EDGE_CURVE('',#2065,#1521,#2347,.T.);
#2347 = B_SPLINE_CURVE_WITH_KNOTS('',1,(#2348,#2349),.UNSPECIFIED.,.F.,
  .F.,(2,2),(-4.,0.),.PIECEWISE_BEZIER_KNOTS.);
#2348 = CARTESIAN_POINT('',(9.,14.65,35.));
#2349 = CARTESIAN_POINT('',(13.,14.65,35.));
#2350 = ORIENTED_EDGE('',*,*,#1529,.F.);
#2351 = ORIENTED_EDGE('',*,*,#1509,.F.);
#2352 = ORIENTED_EDGE('',*,*,#1520,.F.);
#2353 = ORIENTED_EDGE('',*,*,#2346,.F.);
#2354 = CYLINDRICAL_SURFACE('',#2355,2.15);
#2355 = AXIS2_PLACEMENT_3D('',#2356,#2357,#2358);
#2356 = CARTESIAN_POINT('',(13.,12.5,35.));
#2357 = DIRECTION('',(1.,0.,0.));
#2358 = DIRECTION('',(0.,1.,0.));
#2359 = ADVANCED_FACE('',(#2360),#2371,.F.);
#2360 = FACE_BOUND('',#2361,.F.);
#2361 = EDGE_LOOP('',(#2362,#2363,#2369,#2370));
#2362 = ORIENTED_EDGE('',*,*,#1862,.F.);
#2363 = ORIENTED_EDGE('',*,*,#2364,.T.);
#2364 = EDGE_CURVE('',#1863,#1725,#2365,.T.);
#2365 = LINE('',#2366,#2367);
#2366 = CARTESIAN_POINT('',(32.65,0.,6.));
#2367 = VECTOR('',#2368,1.);
#2368 = DIRECTION('',(0.,0.,1.));
#2369 = ORIENTED_EDGE('',*,*,#1724,.T.);
#2370 = ORIENTED_EDGE('',*,*,#2364,.F.);
#2371 = CYLINDRICAL_SURFACE('',#2372,2.65);
#2372 = AXIS2_PLACEMENT_3D('',#2373,#2374,#2375);
#2373 = CARTESIAN_POINT('',(30.,0.,6.));
#2374 = DIRECTION('',(0.,0.,-1.));
#2375 = DIRECTION('',(1.,0.,0.));
#2376 = ADVANCED_FACE('',(#2377),#2388,.F.);
#2377 = FACE_BOUND('',#2378,.F.);
#2378 = EDGE_LOOP('',(#2379,#2380,#2386,#2387));
#2379 = ORIENTED_EDGE('',*,*,#1882,.F.);
#2380 = ORIENTED_EDGE('',*,*,#2381,.T.);
#2381 = EDGE_CURVE('',#1883,#1736,#2382,.T.);
#2382 = LINE('',#2383,#2384);
#2383 = CARTESIAN_POINT('',(21.65,0.,6.));
#2384 = VECTOR('',#2385,1.);
#2385 = DIRECTION('',(0.,0.,1.));
#2386 = ORIENTED_EDGE('',*,*,#1735,.T.);
#2387 = ORIENTED_EDGE('',*,*,#2381,.F.);
#2388 = CYLINDRICAL_SURFACE('',#2389,2.65);
#2389 = AXIS2_PLACEMENT_3D('',#2390,#2391,#2392);
#2390 = CARTESIAN_POINT('',(19.,0.,6.));
#2391 = DIRECTION('',(0.,0.,-1.));
#2392 = DIRECTION('',(1.,0.,0.));
#2393 = ADVANCED_FACE('',(#2394),#2419,.F.);
#2394 = FACE_BOUND('',#2395,.F.);
#2395 = EDGE_LOOP('',(#2396,#2397,#2405,#2413));
#2396 = ORIENTED_EDGE('',*,*,#1916,.T.);
#2397 = ORIENTED_EDGE('',*,*,#2398,.T.);
#2398 = EDGE_CURVE('',#1919,#2399,#2401,.T.);
#2399 = VERTEX_POINT('',#2400);
#2400 = CARTESIAN_POINT('',(33.5,-27.51,50.));
#2401 = LINE('',#2402,#2403);
#2402 = CARTESIAN_POINT('',(33.5,-27.51,42.));
#2403 = VECTOR('',#2404,1.);
#2404 = DIRECTION('',(0.,0.,1.));
#2405 = ORIENTED_EDGE('',*,*,#2406,.F.);
#2406 = EDGE_CURVE('',#2407,#2399,#2409,.T.);
#2407 = VERTEX_POINT('',#2408);
#2408 = CARTESIAN_POINT('',(33.5,-27.5,50.));
#2409 = LINE('',#2410,#2411);
#2410 = CARTESIAN_POINT('',(33.5,-27.5,50.));
#2411 = VECTOR('',#2412,1.);
#2412 = DIRECTION('',(0.,-1.,-6.935091770261E-16));
#2413 = ORIENTED_EDGE('',*,*,#2414,.F.);
#2414 = EDGE_CURVE('',#1917,#2407,#2415,.T.);
#2415 = LINE('',#2416,#2417);
#2416 = CARTESIAN_POINT('',(33.5,-27.5,42.));
#2417 = VECTOR('',#2418,1.);
#2418 = DIRECTION('',(0.,0.,1.));
#2419 = PLANE('',#2420);
#2420 = AXIS2_PLACEMENT_3D('',#2421,#2422,#2423);
#2421 = CARTESIAN_POINT('',(33.5,-27.5,42.));
#2422 = DIRECTION('',(-1.,0.,0.));
#2423 = DIRECTION('',(0.,0.,1.));
#2424 = ADVANCED_FACE('',(#2425),#2443,.F.);
#2425 = FACE_BOUND('',#2426,.T.);
#2426 = EDGE_LOOP('',(#2427,#2428,#2429,#2437));
#2427 = ORIENTED_EDGE('',*,*,#1926,.F.);
#2428 = ORIENTED_EDGE('',*,*,#2398,.T.);
#2429 = ORIENTED_EDGE('',*,*,#2430,.T.);
#2430 = EDGE_CURVE('',#2399,#2431,#2433,.T.);
#2431 = VERTEX_POINT('',#2432);
#2432 = CARTESIAN_POINT('',(31.26,-29.75,50.));
#2433 = LINE('',#2434,#2435);
#2434 = CARTESIAN_POINT('',(36.15487925471,-24.85512074529,50.));
#2435 = VECTOR('',#2436,1.);
#2436 = DIRECTION('',(-0.707106781187,-0.707106781187,0.));
#2437 = ORIENTED_EDGE('',*,*,#2438,.F.);
#2438 = EDGE_CURVE('',#1927,#2431,#2439,.T.);
#2439 = LINE('',#2440,#2441);
#2440 = CARTESIAN_POINT('',(31.26,-29.75,42.));
#2441 = VECTOR('',#2442,1.);
#2442 = DIRECTION('',(0.,0.,1.));
#2443 = PLANE('',#2444);
#2444 = AXIS2_PLACEMENT_3D('',#2445,#2446,#2447);
#2445 = CARTESIAN_POINT('',(32.38,-28.63,42.));
#2446 = DIRECTION('',(-0.707106781187,0.707106781187,4.949541596237E-16)
  );
#2447 = DIRECTION('',(-3.499854426464E-16,3.499854426464E-16,-1.));
#2448 = ADVANCED_FACE('',(#2449),#2467,.T.);
#2449 = FACE_BOUND('',#2450,.F.);
#2450 = EDGE_LOOP('',(#2451,#2452,#2453,#2461));
#2451 = ORIENTED_EDGE('',*,*,#1998,.F.);
#2452 = ORIENTED_EDGE('',*,*,#2414,.T.);
#2453 = ORIENTED_EDGE('',*,*,#2454,.T.);
#2454 = EDGE_CURVE('',#2407,#2455,#2457,.T.);
#2455 = VERTEX_POINT('',#2456);
#2456 = CARTESIAN_POINT('',(37.5,-23.5,50.));
#2457 = LINE('',#2458,#2459);
#2458 = CARTESIAN_POINT('',(38.034056886228,-22.96594311377,50.));
#2459 = VECTOR('',#2460,1.);
#2460 = DIRECTION('',(0.707106781187,0.707106781187,0.));
#2461 = ORIENTED_EDGE('',*,*,#2462,.F.);
#2462 = EDGE_CURVE('',#1991,#2455,#2463,.T.);
#2463 = LINE('',#2464,#2465);
#2464 = CARTESIAN_POINT('',(37.5,-23.5,42.));
#2465 = VECTOR('',#2466,1.);
#2466 = DIRECTION('',(0.,0.,1.));
#2467 = PLANE('',#2468);
#2468 = AXIS2_PLACEMENT_3D('',#2469,#2470,#2471);
#2469 = CARTESIAN_POINT('',(35.5,-25.5,42.));
#2470 = DIRECTION('',(0.707106781187,-0.707106781187,-2.869985572465E-16
    ));
#2471 = DIRECTION('',(-2.029386260197E-16,2.029386260197E-16,-1.));
#2472 = ADVANCED_FACE('',(#2473),#2491,.T.);
#2473 = FACE_BOUND('',#2474,.T.);
#2474 = EDGE_LOOP('',(#2475,#2483,#2489,#2490));
#2475 = ORIENTED_EDGE('',*,*,#2476,.F.);
#2476 = EDGE_CURVE('',#2477,#2431,#2479,.T.);
#2477 = VERTEX_POINT('',#2478);
#2478 = CARTESIAN_POINT('',(14.24,-29.75,50.));
#2479 = LINE('',#2480,#2481);
#2480 = CARTESIAN_POINT('',(0.,-29.75,50.));
#2481 = VECTOR('',#2482,1.);
#2482 = DIRECTION('',(1.,0.,0.));
#2483 = ORIENTED_EDGE('',*,*,#2484,.F.);
#2484 = EDGE_CURVE('',#1935,#2477,#2485,.T.);
#2485 = LINE('',#2486,#2487);
#2486 = CARTESIAN_POINT('',(14.24,-29.75,42.));
#2487 = VECTOR('',#2488,1.);
#2488 = DIRECTION('',(0.,0.,1.));
#2489 = ORIENTED_EDGE('',*,*,#1934,.F.);
#2490 = ORIENTED_EDGE('',*,*,#2438,.T.);
#2491 = PLANE('',#2492);
#2492 = AXIS2_PLACEMENT_3D('',#2493,#2494,#2495);
#2493 = CARTESIAN_POINT('',(23.25,-29.75,46.));
#2494 = DIRECTION('',(-0.,-1.,-6.935091770261E-16));
#2495 = DIRECTION('',(0.,6.935091770261E-16,-1.));
#2496 = ADVANCED_FACE('',(#2497),#2515,.T.);
#2497 = FACE_BOUND('',#2498,.T.);
#2498 = EDGE_LOOP('',(#2499,#2500,#2508,#2514));
#2499 = ORIENTED_EDGE('',*,*,#1990,.T.);
#2500 = ORIENTED_EDGE('',*,*,#2501,.F.);
#2501 = EDGE_CURVE('',#2502,#1983,#2504,.T.);
#2502 = VERTEX_POINT('',#2503);
#2503 = CARTESIAN_POINT('',(37.5,-19.,50.));
#2504 = LINE('',#2505,#2506);
#2505 = CARTESIAN_POINT('',(37.5,-19.,50.));
#2506 = VECTOR('',#2507,1.);
#2507 = DIRECTION('',(-2.2E-16,2.2E-16,-1.));
#2508 = ORIENTED_EDGE('',*,*,#2509,.F.);
#2509 = EDGE_CURVE('',#2455,#2502,#2510,.T.);
#2510 = LINE('',#2511,#2512);
#2511 = CARTESIAN_POINT('',(37.5,-37.5,50.));
#2512 = VECTOR('',#2513,1.);
#2513 = DIRECTION('',(0.,1.,0.));
#2514 = ORIENTED_EDGE('',*,*,#2462,.F.);
#2515 = PLANE('',#2516);
#2516 = AXIS2_PLACEMENT_3D('',#2517,#2518,#2519);
#2517 = CARTESIAN_POINT('',(37.5,-2.407142855704,22.360137353525));
#2518 = DIRECTION('',(1.,0.,0.));
#2519 = DIRECTION('',(0.,0.,1.));
#2520 = ADVANCED_FACE('',(#2521),#2539,.T.);
#2521 = FACE_BOUND('',#2522,.F.);
#2522 = EDGE_LOOP('',(#2523,#2524,#2532,#2538));
#2523 = ORIENTED_EDGE('',*,*,#1942,.F.);
#2524 = ORIENTED_EDGE('',*,*,#2525,.T.);
#2525 = EDGE_CURVE('',#1943,#2526,#2528,.T.);
#2526 = VERTEX_POINT('',#2527);
#2527 = CARTESIAN_POINT('',(12.,-27.51,50.));
#2528 = LINE('',#2529,#2530);
#2529 = CARTESIAN_POINT('',(12.,-27.51,42.));
#2530 = VECTOR('',#2531,1.);
#2531 = DIRECTION('',(0.,0.,1.));
#2532 = ORIENTED_EDGE('',*,*,#2533,.T.);
#2533 = EDGE_CURVE('',#2526,#2477,#2534,.T.);
#2534 = LINE('',#2535,#2536);
#2535 = CARTESIAN_POINT('',(8.584254829342,-24.09425482934,50.));
#2536 = VECTOR('',#2537,1.);
#2537 = DIRECTION('',(0.707106781187,-0.707106781187,0.));
#2538 = ORIENTED_EDGE('',*,*,#2484,.F.);
#2539 = PLANE('',#2540);
#2540 = AXIS2_PLACEMENT_3D('',#2541,#2542,#2543);
#2541 = CARTESIAN_POINT('',(13.12,-28.63,42.));
#2542 = DIRECTION('',(-0.707106781187,-0.707106781187,
    -4.658392090576E-16));
#2543 = DIRECTION('',(3.293980636672E-16,3.293980636672E-16,-1.));
#2544 = ADVANCED_FACE('',(#2545),#2564,.T.);
#2545 = FACE_BOUND('',#2546,.F.);
#2546 = EDGE_LOOP('',(#2547,#2555,#2556,#2557,#2558));
#2547 = ORIENTED_EDGE('',*,*,#2548,.F.);
#2548 = EDGE_CURVE('',#2286,#2549,#2551,.T.);
#2549 = VERTEX_POINT('',#2550);
#2550 = CARTESIAN_POINT('',(31.,-12.5,50.));
#2551 = LINE('',#2552,#2553);
#2552 = CARTESIAN_POINT('',(31.,-12.5,46.685131977324));
#2553 = VECTOR('',#2554,1.);
#2554 = DIRECTION('',(0.,0.,1.));
#2555 = ORIENTED_EDGE('',*,*,#2313,.T.);
#2556 = ORIENTED_EDGE('',*,*,#1982,.T.);
#2557 = ORIENTED_EDGE('',*,*,#2501,.F.);
#2558 = ORIENTED_EDGE('',*,*,#2559,.F.);
#2559 = EDGE_CURVE('',#2549,#2502,#2560,.T.);
#2560 = LINE('',#2561,#2562);
#2561 = CARTESIAN_POINT('',(27.5625,-9.0625,50.));
#2562 = VECTOR('',#2563,1.);
#2563 = DIRECTION('',(0.707106781187,-0.707106781187,0.));
#2564 = PLANE('',#2565);
#2565 = AXIS2_PLACEMENT_3D('',#2566,#2567,#2568);
#2566 = CARTESIAN_POINT('',(34.25,-15.75,50.));
#2567 = DIRECTION('',(0.707106781187,0.707106781187,0.));
#2568 = DIRECTION('',(2.2E-16,-2.2E-16,1.));
#2569 = ADVANCED_FACE('',(#2570),#2588,.T.);
#2570 = FACE_BOUND('',#2571,.T.);
#2571 = EDGE_LOOP('',(#2572,#2573,#2574,#2582));
#2572 = ORIENTED_EDGE('',*,*,#1950,.T.);
#2573 = ORIENTED_EDGE('',*,*,#2525,.T.);
#2574 = ORIENTED_EDGE('',*,*,#2575,.F.);
#2575 = EDGE_CURVE('',#2576,#2526,#2578,.T.);
#2576 = VERTEX_POINT('',#2577);
#2577 = CARTESIAN_POINT('',(12.,-27.5,50.));
#2578 = LINE('',#2579,#2580);
#2579 = CARTESIAN_POINT('',(12.,-27.5,50.));
#2580 = VECTOR('',#2581,1.);
#2581 = DIRECTION('',(0.,-1.,-6.935091770261E-16));
#2582 = ORIENTED_EDGE('',*,*,#2583,.F.);
#2583 = EDGE_CURVE('',#1951,#2576,#2584,.T.);
#2584 = LINE('',#2585,#2586);
#2585 = CARTESIAN_POINT('',(12.,-27.5,42.));
#2586 = VECTOR('',#2587,1.);
#2587 = DIRECTION('',(0.,0.,1.));
#2588 = PLANE('',#2589);
#2589 = AXIS2_PLACEMENT_3D('',#2590,#2591,#2592);
#2590 = CARTESIAN_POINT('',(12.,-27.5,42.));
#2591 = DIRECTION('',(-1.,0.,0.));
#2592 = DIRECTION('',(0.,0.,1.));
#2593 = ADVANCED_FACE('',(#2594),#2605,.F.);
#2594 = FACE_BOUND('',#2595,.T.);
#2595 = EDGE_LOOP('',(#2596,#2597,#2598,#2604));
#2596 = ORIENTED_EDGE('',*,*,#1958,.F.);
#2597 = ORIENTED_EDGE('',*,*,#2583,.T.);
#2598 = ORIENTED_EDGE('',*,*,#2599,.T.);
#2599 = EDGE_CURVE('',#2576,#2049,#2600,.T.);
#2600 = LINE('',#2601,#2602);
#2601 = CARTESIAN_POINT('',(7.1875,-22.6875,50.));
#2602 = VECTOR('',#2603,1.);
#2603 = DIRECTION('',(-0.707106781187,0.707106781187,0.));
#2604 = ORIENTED_EDGE('',*,*,#2056,.F.);
#2605 = PLANE('',#2606);
#2606 = AXIS2_PLACEMENT_3D('',#2607,#2608,#2609);
#2607 = CARTESIAN_POINT('',(10.5,-26.,42.));
#2608 = DIRECTION('',(0.707106781187,0.707106781187,5.125546330431E-16)
  );
#2609 = DIRECTION('',(3.624308567534E-16,3.624308567534E-16,-1.));
#2610 = ADVANCED_FACE('',(#2611),#2630,.F.);
#2611 = FACE_BOUND('',#2612,.F.);
#2612 = EDGE_LOOP('',(#2613,#2622,#2628,#2629));
#2613 = ORIENTED_EDGE('',*,*,#2614,.F.);
#2614 = EDGE_CURVE('',#2615,#2615,#2617,.T.);
#2615 = VERTEX_POINT('',#2616);
#2616 = CARTESIAN_POINT('',(32.85,-24.1,50.));
#2617 = CIRCLE('',#2618,2.65);
#2618 = AXIS2_PLACEMENT_3D('',#2619,#2620,#2621);
#2619 = CARTESIAN_POINT('',(30.2,-24.1,50.));
#2620 = DIRECTION('',(0.,0.,1.));
#2621 = DIRECTION('',(1.,0.,0.));
#2622 = ORIENTED_EDGE('',*,*,#2623,.T.);
#2623 = EDGE_CURVE('',#2615,#2007,#2624,.T.);
#2624 = LINE('',#2625,#2626);
#2625 = CARTESIAN_POINT('',(32.85,-24.1,50.));
#2626 = VECTOR('',#2627,1.);
#2627 = DIRECTION('',(-0.,-0.,-1.));
#2628 = ORIENTED_EDGE('',*,*,#2006,.T.);
#2629 = ORIENTED_EDGE('',*,*,#2623,.F.);
#2630 = CYLINDRICAL_SURFACE('',#2631,2.65);
#2631 = AXIS2_PLACEMENT_3D('',#2632,#2633,#2634);
#2632 = CARTESIAN_POINT('',(30.2,-24.1,50.));
#2633 = DIRECTION('',(0.,0.,1.));
#2634 = DIRECTION('',(1.,0.,0.));
#2635 = ADVANCED_FACE('',(#2636,#2678,#2689),#2692,.T.);
#2636 = FACE_BOUND('',#2637,.T.);
#2637 = EDGE_LOOP('',(#2638,#2639,#2640,#2641,#2642,#2643,#2644,#2645,
    #2646,#2654,#2662,#2670,#2676,#2677));
#2638 = ORIENTED_EDGE('',*,*,#2575,.T.);
#2639 = ORIENTED_EDGE('',*,*,#2533,.T.);
#2640 = ORIENTED_EDGE('',*,*,#2476,.T.);
#2641 = ORIENTED_EDGE('',*,*,#2430,.F.);
#2642 = ORIENTED_EDGE('',*,*,#2406,.F.);
#2643 = ORIENTED_EDGE('',*,*,#2454,.T.);
#2644 = ORIENTED_EDGE('',*,*,#2509,.T.);
#2645 = ORIENTED_EDGE('',*,*,#2559,.F.);
#2646 = ORIENTED_EDGE('',*,*,#2647,.T.);
#2647 = EDGE_CURVE('',#2549,#2648,#2650,.T.);
#2648 = VERTEX_POINT('',#2649);
#2649 = CARTESIAN_POINT('',(31.,24.5,50.));
#2650 = LINE('',#2651,#2652);
#2651 = CARTESIAN_POINT('',(31.,12.5,50.));
#2652 = VECTOR('',#2653,1.);
#2653 = DIRECTION('',(0.,1.,0.));
#2654 = ORIENTED_EDGE('',*,*,#2655,.T.);
#2655 = EDGE_CURVE('',#2648,#2656,#2658,.T.);
#2656 = VERTEX_POINT('',#2657);
#2657 = CARTESIAN_POINT('',(28.,27.5,50.));
#2658 = LINE('',#2659,#2660);
#2659 = CARTESIAN_POINT('',(34.4375,21.0625,50.));
#2660 = VECTOR('',#2661,1.);
#2661 = DIRECTION('',(-0.707106781187,0.707106781187,0.));
#2662 = ORIENTED_EDGE('',*,*,#2663,.T.);
#2663 = EDGE_CURVE('',#2656,#2664,#2666,.T.);
#2664 = VERTEX_POINT('',#2665);
#2665 = CARTESIAN_POINT('',(12.,27.5,50.));
#2666 = LINE('',#2667,#2668);
#2667 = CARTESIAN_POINT('',(10.,27.5,50.));
#2668 = VECTOR('',#2669,1.);
#2669 = DIRECTION('',(-1.,-0.,-0.));
#2670 = ORIENTED_EDGE('',*,*,#2671,.F.);
#2671 = EDGE_CURVE('',#2041,#2664,#2672,.T.);
#2672 = LINE('',#2673,#2674);
#2673 = CARTESIAN_POINT('',(6.409056886228,21.909056886228,50.));
#2674 = VECTOR('',#2675,1.);
#2675 = DIRECTION('',(0.707106781187,0.707106781187,0.));
#2676 = ORIENTED_EDGE('',*,*,#2048,.T.);
#2677 = ORIENTED_EDGE('',*,*,#2599,.F.);
#2678 = FACE_BOUND('',#2679,.T.);
#2679 = EDGE_LOOP('',(#2680));
#2680 = ORIENTED_EDGE('',*,*,#2681,.F.);
#2681 = EDGE_CURVE('',#2682,#2682,#2684,.T.);
#2682 = VERTEX_POINT('',#2683);
#2683 = CARTESIAN_POINT('',(27.5,0.,50.));
#2684 = CIRCLE('',#2685,4.5);
#2685 = AXIS2_PLACEMENT_3D('',#2686,#2687,#2688);
#2686 = CARTESIAN_POINT('',(23.,0.,50.));
#2687 = DIRECTION('',(0.,0.,1.));
#2688 = DIRECTION('',(1.,0.,0.));
#2689 = FACE_BOUND('',#2690,.T.);
#2690 = EDGE_LOOP('',(#2691));
#2691 = ORIENTED_EDGE('',*,*,#2614,.F.);
#2692 = PLANE('',#2693);
#2693 = AXIS2_PLACEMENT_3D('',#2694,#2695,#2696);
#2694 = CARTESIAN_POINT('',(21.228268168104,-2.378751149263,50.));
#2695 = DIRECTION('',(0.,0.,1.));
#2696 = DIRECTION('',(1.,0.,0.));
#2697 = ADVANCED_FACE('',(#2698),#2709,.F.);
#2698 = FACE_BOUND('',#2699,.T.);
#2699 = EDGE_LOOP('',(#2700,#2701,#2702,#2703));
#2700 = ORIENTED_EDGE('',*,*,#2139,.F.);
#2701 = ORIENTED_EDGE('',*,*,#2040,.T.);
#2702 = ORIENTED_EDGE('',*,*,#2671,.T.);
#2703 = ORIENTED_EDGE('',*,*,#2704,.F.);
#2704 = EDGE_CURVE('',#2105,#2664,#2705,.T.);
#2705 = LINE('',#2706,#2707);
#2706 = CARTESIAN_POINT('',(12.,27.5,42.));
#2707 = VECTOR('',#2708,1.);
#2708 = DIRECTION('',(0.,0.,1.));
#2709 = PLANE('',#2710);
#2710 = AXIS2_PLACEMENT_3D('',#2711,#2712,#2713);
#2711 = CARTESIAN_POINT('',(10.5,26.,42.));
#2712 = DIRECTION('',(0.707106781187,-0.707106781187,0.));
#2713 = DIRECTION('',(-0.,-0.,-1.));
#2714 = ADVANCED_FACE('',(#2715),#2726,.T.);
#2715 = FACE_BOUND('',#2716,.T.);
#2716 = EDGE_LOOP('',(#2717,#2718,#2719,#2720));
#2717 = ORIENTED_EDGE('',*,*,#2104,.F.);
#2718 = ORIENTED_EDGE('',*,*,#2704,.T.);
#2719 = ORIENTED_EDGE('',*,*,#2663,.F.);
#2720 = ORIENTED_EDGE('',*,*,#2721,.F.);
#2721 = EDGE_CURVE('',#2107,#2656,#2722,.T.);
#2722 = LINE('',#2723,#2724);
#2723 = CARTESIAN_POINT('',(28.,27.5,42.));
#2724 = VECTOR('',#2725,1.);
#2725 = DIRECTION('',(0.,0.,1.));
#2726 = PLANE('',#2727);
#2727 = AXIS2_PLACEMENT_3D('',#2728,#2729,#2730);
#2728 = CARTESIAN_POINT('',(20.,27.5,46.));
#2729 = DIRECTION('',(0.,1.,0.));
#2730 = DIRECTION('',(0.,0.,1.));
#2731 = ADVANCED_FACE('',(#2732),#2743,.T.);
#2732 = FACE_BOUND('',#2733,.F.);
#2733 = EDGE_LOOP('',(#2734,#2735,#2741,#2742));
#2734 = ORIENTED_EDGE('',*,*,#2114,.F.);
#2735 = ORIENTED_EDGE('',*,*,#2736,.T.);
#2736 = EDGE_CURVE('',#2115,#2648,#2737,.T.);
#2737 = LINE('',#2738,#2739);
#2738 = CARTESIAN_POINT('',(31.,24.5,42.));
#2739 = VECTOR('',#2740,1.);
#2740 = DIRECTION('',(0.,0.,1.));
#2741 = ORIENTED_EDGE('',*,*,#2655,.T.);
#2742 = ORIENTED_EDGE('',*,*,#2721,.F.);
#2743 = PLANE('',#2744);
#2744 = AXIS2_PLACEMENT_3D('',#2745,#2746,#2747);
#2745 = CARTESIAN_POINT('',(29.5,26.,42.));
#2746 = DIRECTION('',(0.707106781187,0.707106781187,0.));
#2747 = DIRECTION('',(-0.,-0.,-1.));
#2748 = ADVANCED_FACE('',(#2749),#2761,.T.);
#2749 = FACE_BOUND('',#2750,.T.);
#2750 = EDGE_LOOP('',(#2751,#2752,#2753,#2754,#2755,#2756,#2757,#2758,
    #2759,#2760));
#2751 = ORIENTED_EDGE('',*,*,#2647,.F.);
#2752 = ORIENTED_EDGE('',*,*,#2548,.F.);
#2753 = ORIENTED_EDGE('',*,*,#2285,.F.);
#2754 = ORIENTED_EDGE('',*,*,#2263,.T.);
#2755 = ORIENTED_EDGE('',*,*,#2228,.T.);
#2756 = ORIENTED_EDGE('',*,*,#2204,.T.);
#2757 = ORIENTED_EDGE('',*,*,#2177,.F.);
#2758 = ORIENTED_EDGE('',*,*,#2154,.F.);
#2759 = ORIENTED_EDGE('',*,*,#2122,.F.);
#2760 = ORIENTED_EDGE('',*,*,#2736,.T.);
#2761 = PLANE('',#2762);
#2762 = AXIS2_PLACEMENT_3D('',#2763,#2764,#2765);
#2763 = CARTESIAN_POINT('',(31.,6.692346940889,43.370263954648));
#2764 = DIRECTION('',(1.,0.,0.));
#2765 = DIRECTION('',(0.,0.,1.));
#2766 = ADVANCED_FACE('',(#2767),#2786,.F.);
#2767 = FACE_BOUND('',#2768,.F.);
#2768 = EDGE_LOOP('',(#2769,#2778,#2784,#2785));
#2769 = ORIENTED_EDGE('',*,*,#2770,.F.);
#2770 = EDGE_CURVE('',#2771,#2771,#2773,.T.);
#2771 = VERTEX_POINT('',#2772);
#2772 = CARTESIAN_POINT('',(25.65,0.,44.));
#2773 = CIRCLE('',#2774,2.65);
#2774 = AXIS2_PLACEMENT_3D('',#2775,#2776,#2777);
#2775 = CARTESIAN_POINT('',(23.,0.,44.));
#2776 = DIRECTION('',(0.,0.,1.));
#2777 = DIRECTION('',(1.,0.,0.));
#2778 = ORIENTED_EDGE('',*,*,#2779,.T.);
#2779 = EDGE_CURVE('',#2771,#2245,#2780,.T.);
#2780 = LINE('',#2781,#2782);
#2781 = CARTESIAN_POINT('',(25.65,0.,50.));
#2782 = VECTOR('',#2783,1.);
#2783 = DIRECTION('',(-0.,-0.,-1.));
#2784 = ORIENTED_EDGE('',*,*,#2244,.T.);
#2785 = ORIENTED_EDGE('',*,*,#2779,.F.);
#2786 = CYLINDRICAL_SURFACE('',#2787,2.65);
#2787 = AXIS2_PLACEMENT_3D('',#2788,#2789,#2790);
#2788 = CARTESIAN_POINT('',(23.,0.,50.));
#2789 = DIRECTION('',(0.,0.,1.));
#2790 = DIRECTION('',(1.,0.,0.));
#2791 = ADVANCED_FACE('',(#2792),#2811,.F.);
#2792 = FACE_BOUND('',#2793,.F.);
#2793 = EDGE_LOOP('',(#2794,#2802,#2809,#2810));
#2794 = ORIENTED_EDGE('',*,*,#2795,.T.);
#2795 = EDGE_CURVE('',#2682,#2796,#2798,.T.);
#2796 = VERTEX_POINT('',#2797);
#2797 = CARTESIAN_POINT('',(27.5,0.,44.));
#2798 = LINE('',#2799,#2800);
#2799 = CARTESIAN_POINT('',(27.5,0.,50.));
#2800 = VECTOR('',#2801,1.);
#2801 = DIRECTION('',(-0.,-0.,-1.));
#2802 = ORIENTED_EDGE('',*,*,#2803,.T.);
#2803 = EDGE_CURVE('',#2796,#2796,#2804,.T.);
#2804 = CIRCLE('',#2805,4.5);
#2805 = AXIS2_PLACEMENT_3D('',#2806,#2807,#2808);
#2806 = CARTESIAN_POINT('',(23.,0.,44.));
#2807 = DIRECTION('',(0.,0.,1.));
#2808 = DIRECTION('',(1.,0.,0.));
#2809 = ORIENTED_EDGE('',*,*,#2795,.F.);
#2810 = ORIENTED_EDGE('',*,*,#2681,.F.);
#2811 = CYLINDRICAL_SURFACE('',#2812,4.5);
#2812 = AXIS2_PLACEMENT_3D('',#2813,#2814,#2815);
#2813 = CARTESIAN_POINT('',(23.,0.,50.));
#2814 = DIRECTION('',(0.,0.,1.));
#2815 = DIRECTION('',(1.,0.,0.));
#2816 = ADVANCED_FACE('',(#2817,#2820),#2823,.T.);
#2817 = FACE_BOUND('',#2818,.T.);
#2818 = EDGE_LOOP('',(#2819));
#2819 = ORIENTED_EDGE('',*,*,#2803,.T.);
#2820 = FACE_BOUND('',#2821,.T.);
#2821 = EDGE_LOOP('',(#2822));
#2822 = ORIENTED_EDGE('',*,*,#2770,.F.);
#2823 = PLANE('',#2824);
#2824 = AXIS2_PLACEMENT_3D('',#2825,#2826,#2827);
#2825 = CARTESIAN_POINT('',(23.,1.201785651367E-16,44.));
#2826 = DIRECTION('',(0.,0.,1.));
#2827 = DIRECTION('',(1.,0.,0.));
#2828 = ( GEOMETRIC_REPRESENTATION_CONTEXT(3) 
GLOBAL_UNCERTAINTY_ASSIGNED_CONTEXT((#2832)) 
GLOBAL_UNIT_ASSIGNED_CONTEXT((#2829,#2830,#2831)) REPRESENTATION_CONTEXT
('Context #1','3D Context with UNIT and UNCERTAINTY') );
#2829 = ( LENGTH_UNIT() NAMED_UNIT(*) SI_UNIT(.MILLI.,.METRE.) );
#2830 = ( NAMED_UNIT(*) PLANE_ANGLE_UNIT() SI_UNIT($,.RADIAN.) );
#2831 = ( NAMED_UNIT(*) SI_UNIT($,.STERADIAN.) SOLID_ANGLE_UNIT() );
#2832 = UNCERTAINTY_MEASURE_WITH_UNIT(LENGTH_MEASURE(5.E-05),#2829,
  'distance_accuracy_value','confusion accuracy');
#2833 = PRODUCT_RELATED_PRODUCT_CATEGORY('part',$,(#7));
#2834 = MECHANICAL_DESIGN_GEOMETRIC_PRESENTATION_REPRESENTATION('',(
    #2835),#2828);
#2835 = STYLED_ITEM('color',(#2836),#15);
#2836 = PRESENTATION_STYLE_ASSIGNMENT((#2837,#2843));
#2837 = SURFACE_STYLE_USAGE(.BOTH.,#2838);
#2838 = SURFACE_SIDE_STYLE('',(#2839));
#2839 = SURFACE_STYLE_FILL_AREA(#2840);
#2840 = FILL_AREA_STYLE('',(#2841));
#2841 = FILL_AREA_STYLE_COLOUR('',#2842);
#2842 = COLOUR_RGB('',0.447058818107,0.474509808674,0.501960817233);
#2843 = CURVE_STYLE('',#2844,POSITIVE_LENGTH_MEASURE(0.1),#2845);
#2844 = DRAUGHTING_PRE_DEFINED_CURVE_FONT('continuous');
#2845 = COLOUR_RGB('',9.803921802644E-02,9.803921802644E-02,
  9.803921802644E-02);
ENDSEC;
END-ISO-10303-21;
