ISO-10303-21;
HEADER;
FILE_DESCRIPTION(('FreeCAD Model'),'2;1');
FILE_NAME('Open CASCADE Shape Model','2025-12-09T17:56:12',(''),(''),
  'Open CASCADE STEP processor 7.8','FreeCAD','Unknown');
FILE_SCHEMA(('AUTOMOTIVE_DESIGN { 1 0 10303 214 1 1 1 1 }'));
ENDSEC;
DATA;
#1 = APPLICATION_PROTOCOL_DEFINITION('international standard',
  'automotive_design',2000,#2);
#2 = APPLICATION_CONTEXT(
  'core data for automotive mechanical design processes');
#3 = SHAPE_DEFINITION_REPRESENTATION(#4,#10);
#4 = PRODUCT_DEFINITION_SHAPE('','',#5);
#5 = PRODUCT_DEFINITION('design','',#6,#9);
#6 = PRODUCT_DEFINITION_FORMATION('','',#7);
#7 = PRODUCT('Xaxis mouting left','Xaxis mouting left','',(#8));
#8 = PRODUCT_CONTEXT('',#2,'mechanical');
#9 = PRODUCT_DEFINITION_CONTEXT('part definition',#2,'design');
#10 = ADVANCED_BREP_SHAPE_REPRESENTATION('',(#11,#15),#3079);
#11 = AXIS2_PLACEMENT_3D('',#12,#13,#14);
#12 = CARTESIAN_POINT('',(0.,0.,0.));
#13 = DIRECTION('',(0.,0.,1.));
#14 = DIRECTION('',(1.,0.,-0.));
#15 = MANIFOLD_SOLID_BREP('',#16);
#16 = CLOSED_SHELL('',(#17,#57,#340,#364,#388,#528,#550,#567,#617,#634,
    #658,#675,#716,#728,#752,#793,#817,#850,#867,#915,#932,#956,#973,
    #997,#1014,#1038,#1055,#1079,#1204,#1228,#1252,#1276,#1293,#1318,
    #1343,#1368,#1385,#1409,#1713,#1730,#1747,#1764,#1783,#1829,#1841,
    #1865,#1877,#1895,#1912,#1929,#1958,#1975,#2032,#2056,#2230,#2254,
    #2387,#2405,#2424,#2442,#2461,#2481,#2501,#2525,#2550,#2574,#2609,
    #2633,#2658,#2675,#2692,#2709,#2726,#2743,#2760,#2778,#2800,#2817,
    #2834,#2851,#2868,#2885,#2897,#2914,#2931,#2948,#2965,#2982,#3000,
    #3025,#3042,#3067));
#17 = ADVANCED_FACE('',(#18),#52,.T.);
#18 = FACE_BOUND('',#19,.T.);
#19 = EDGE_LOOP('',(#20,#30,#38,#46));
#20 = ORIENTED_EDGE('',*,*,#21,.F.);
#21 = EDGE_CURVE('',#22,#24,#26,.T.);
#22 = VERTEX_POINT('',#23);
#23 = CARTESIAN_POINT('',(26.848528137424,-28.35852813742,
    5.710907813144E-16));
#24 = VERTEX_POINT('',#25);
#25 = CARTESIAN_POINT('',(25.699985207036,-29.50707106781,
    5.710907813144E-16));
#26 = LINE('',#27,#28);
#27 = CARTESIAN_POINT('',(32.429480352915,-22.77757592193,
    5.710907813144E-16));
#28 = VECTOR('',#29,1.);
#29 = DIRECTION('',(-0.707106781187,-0.707106781187,0.));
#30 = ORIENTED_EDGE('',*,*,#31,.T.);
#31 = EDGE_CURVE('',#22,#32,#34,.T.);
#32 = VERTEX_POINT('',#33);
#33 = CARTESIAN_POINT('',(26.848528137424,-28.35852813742,7.5));
#34 = LINE('',#35,#36);
#35 = CARTESIAN_POINT('',(26.848528137424,-28.35852813742,
    5.710907813144E-16));
#36 = VECTOR('',#37,1.);
#37 = DIRECTION('',(0.,0.,1.));
#38 = ORIENTED_EDGE('',*,*,#39,.T.);
#39 = EDGE_CURVE('',#32,#40,#42,.T.);
#40 = VERTEX_POINT('',#41);
#41 = CARTESIAN_POINT('',(25.699985207036,-29.50707106781,7.5));
#42 = LINE('',#43,#44);
#43 = CARTESIAN_POINT('',(26.425838928385,-28.78121734646,7.5));
#44 = VECTOR('',#45,1.);
#45 = DIRECTION('',(-0.707106781187,-0.707106781187,0.));
#46 = ORIENTED_EDGE('',*,*,#47,.F.);
#47 = EDGE_CURVE('',#24,#40,#48,.T.);
#48 = LINE('',#49,#50);
#49 = CARTESIAN_POINT('',(25.699985207036,-29.50707106781,
    5.710907813144E-16));
#50 = VECTOR('',#51,1.);
#51 = DIRECTION('',(0.,0.,1.));
#52 = PLANE('',#53);
#53 = AXIS2_PLACEMENT_3D('',#54,#55,#56);
#54 = CARTESIAN_POINT('',(25.853528137424,-29.35352813742,
    5.710907813144E-16));
#55 = DIRECTION('',(0.707106781187,-0.707106781187,0.));
#56 = DIRECTION('',(0.,0.,1.));
#57 = ADVANCED_FACE('',(#58,#291,#302,#313,#324),#335,.T.);
#58 = FACE_BOUND('',#59,.T.);
#59 = EDGE_LOOP('',(#60,#70,#78,#86,#94,#102,#108,#109,#117,#125,#133,
    #141,#149,#157,#165,#173,#181,#189,#197,#205,#213,#221,#229,#237,
    #245,#253,#261,#269,#277,#285));
#60 = ORIENTED_EDGE('',*,*,#61,.T.);
#61 = EDGE_CURVE('',#62,#64,#66,.T.);
#62 = VERTEX_POINT('',#63);
#63 = CARTESIAN_POINT('',(31.,-22.5,0.));
#64 = VERTEX_POINT('',#65);
#65 = CARTESIAN_POINT('',(31.007071067812,-22.50707106781,
    4.759089844286E-18));
#66 = LINE('',#67,#68);
#67 = CARTESIAN_POINT('',(31.,-22.5,0.));
#68 = VECTOR('',#69,1.);
#69 = DIRECTION('',(0.707106781187,-0.707106781187,4.759089844287E-16));
#70 = ORIENTED_EDGE('',*,*,#71,.T.);
#71 = EDGE_CURVE('',#64,#72,#74,.T.);
#72 = VERTEX_POINT('',#73);
#73 = CARTESIAN_POINT('',(31.007071067812,-24.18998520703,
    5.710907813144E-16));
#74 = LINE('',#75,#76);
#75 = CARTESIAN_POINT('',(31.007071067812,-11.23183034059,
    4.241089939738E-17));
#76 = VECTOR('',#77,1.);
#77 = DIRECTION('',(-0.,-1.,-0.));
#78 = ORIENTED_EDGE('',*,*,#79,.F.);
#79 = EDGE_CURVE('',#80,#72,#82,.T.);
#80 = VERTEX_POINT('',#81);
#81 = CARTESIAN_POINT('',(26.848528137424,-28.34852813742,
    5.710907813144E-16));
#82 = LINE('',#83,#84);
#83 = CARTESIAN_POINT('',(34.66591640558,-20.53113986926,
    5.710907813144E-16));
#84 = VECTOR('',#85,1.);
#85 = DIRECTION('',(0.707106781187,0.707106781187,0.));
#86 = ORIENTED_EDGE('',*,*,#87,.F.);
#87 = EDGE_CURVE('',#88,#80,#90,.T.);
#88 = VERTEX_POINT('',#89);
#89 = CARTESIAN_POINT('',(26.,-27.5,0.));
#90 = LINE('',#91,#92);
#91 = CARTESIAN_POINT('',(26.,-27.5,0.));
#92 = VECTOR('',#93,1.);
#93 = DIRECTION('',(0.707106781187,-0.707106781187,4.759089844287E-16));
#94 = ORIENTED_EDGE('',*,*,#95,.T.);
#95 = EDGE_CURVE('',#88,#96,#98,.T.);
#96 = VERTEX_POINT('',#97);
#97 = CARTESIAN_POINT('',(26.,-27.51,0.));
#98 = LINE('',#99,#100);
#99 = CARTESIAN_POINT('',(26.,-27.5,0.));
#100 = VECTOR('',#101,1.);
#101 = DIRECTION('',(0.,-1.,0.));
#102 = ORIENTED_EDGE('',*,*,#103,.T.);
#103 = EDGE_CURVE('',#96,#22,#104,.T.);
#104 = LINE('',#105,#106);
#105 = CARTESIAN_POINT('',(26.,-27.51,0.));
#106 = VECTOR('',#107,1.);
#107 = DIRECTION('',(0.707106781187,-0.707106781187,4.759089844287E-16)
  );
#108 = ORIENTED_EDGE('',*,*,#21,.T.);
#109 = ORIENTED_EDGE('',*,*,#110,.T.);
#110 = EDGE_CURVE('',#24,#111,#113,.T.);
#111 = VERTEX_POINT('',#112);
#112 = CARTESIAN_POINT('',(24.017071067812,-29.50707106781,
    4.759089844288E-18));
#113 = LINE('',#114,#115);
#114 = CARTESIAN_POINT('',(23.581647939496,-29.50707106781,
    4.241089939738E-17));
#115 = VECTOR('',#116,1.);
#116 = DIRECTION('',(-1.,0.,0.));
#117 = ORIENTED_EDGE('',*,*,#118,.F.);
#118 = EDGE_CURVE('',#119,#111,#121,.T.);
#119 = VERTEX_POINT('',#120);
#120 = CARTESIAN_POINT('',(24.01,-29.5,0.));
#121 = LINE('',#122,#123);
#122 = CARTESIAN_POINT('',(24.01,-29.5,0.));
#123 = VECTOR('',#124,1.);
#124 = DIRECTION('',(0.707106781187,-0.707106781187,4.759089844287E-16)
  );
#125 = ORIENTED_EDGE('',*,*,#126,.F.);
#126 = EDGE_CURVE('',#127,#119,#129,.T.);
#127 = VERTEX_POINT('',#128);
#128 = CARTESIAN_POINT('',(15.99,-29.5,9.860761315263E-32));
#129 = LINE('',#130,#131);
#130 = CARTESIAN_POINT('',(0.,-29.5,0.));
#131 = VECTOR('',#132,1.);
#132 = DIRECTION('',(1.,0.,0.));
#133 = ORIENTED_EDGE('',*,*,#134,.F.);
#134 = EDGE_CURVE('',#135,#127,#137,.T.);
#135 = VERTEX_POINT('',#136);
#136 = CARTESIAN_POINT('',(14.,-27.51,9.860761315263E-32));
#137 = LINE('',#138,#139);
#138 = CARTESIAN_POINT('',(9.447498259509,-22.9574982595,0.));
#139 = VECTOR('',#140,1.);
#140 = DIRECTION('',(0.707106781187,-0.707106781187,0.));
#141 = ORIENTED_EDGE('',*,*,#142,.F.);
#142 = EDGE_CURVE('',#143,#135,#145,.T.);
#143 = VERTEX_POINT('',#144);
#144 = CARTESIAN_POINT('',(14.,-27.5,0.));
#145 = LINE('',#146,#147);
#146 = CARTESIAN_POINT('',(14.,-27.5,0.));
#147 = VECTOR('',#148,1.);
#148 = DIRECTION('',(0.,-1.,0.));
#149 = ORIENTED_EDGE('',*,*,#150,.F.);
#150 = EDGE_CURVE('',#151,#143,#153,.T.);
#151 = VERTEX_POINT('',#152);
#152 = CARTESIAN_POINT('',(9.,-22.5,0.));
#153 = LINE('',#154,#155);
#154 = CARTESIAN_POINT('',(7.729399441341,-21.22939944134,0.));
#155 = VECTOR('',#156,1.);
#156 = DIRECTION('',(0.707106781187,-0.707106781187,0.));
#157 = ORIENTED_EDGE('',*,*,#158,.F.);
#158 = EDGE_CURVE('',#159,#151,#161,.T.);
#159 = VERTEX_POINT('',#160);
#160 = CARTESIAN_POINT('',(9.,22.5,0.));
#161 = LINE('',#162,#163);
#162 = CARTESIAN_POINT('',(9.,37.5,0.));
#163 = VECTOR('',#164,1.);
#164 = DIRECTION('',(0.,-1.,0.));
#165 = ORIENTED_EDGE('',*,*,#166,.F.);
#166 = EDGE_CURVE('',#167,#159,#169,.T.);
#167 = VERTEX_POINT('',#168);
#168 = CARTESIAN_POINT('',(14.,27.5,0.));
#169 = LINE('',#170,#171);
#170 = CARTESIAN_POINT('',(8.567388268156,22.067388268156,0.));
#171 = VECTOR('',#172,1.);
#172 = DIRECTION('',(-0.707106781187,-0.707106781187,0.));
#173 = ORIENTED_EDGE('',*,*,#174,.T.);
#174 = EDGE_CURVE('',#167,#175,#177,.T.);
#175 = VERTEX_POINT('',#176);
#176 = CARTESIAN_POINT('',(14.,27.51,0.));
#177 = LINE('',#178,#179);
#178 = CARTESIAN_POINT('',(14.,27.5,0.));
#179 = VECTOR('',#180,1.);
#180 = DIRECTION('',(0.,1.,0.));
#181 = ORIENTED_EDGE('',*,*,#182,.T.);
#182 = EDGE_CURVE('',#175,#183,#185,.T.);
#183 = VERTEX_POINT('',#184);
#184 = CARTESIAN_POINT('',(16.29,29.8,0.));
#185 = LINE('',#186,#187);
#186 = CARTESIAN_POINT('',(10.290817307879,23.800817307879,0.));
#187 = VECTOR('',#188,1.);
#188 = DIRECTION('',(0.707106781187,0.707106781187,0.));
#189 = ORIENTED_EDGE('',*,*,#190,.F.);
#190 = EDGE_CURVE('',#191,#183,#193,.T.);
#191 = VERTEX_POINT('',#192);
#192 = CARTESIAN_POINT('',(31.21,29.8,0.));
#193 = LINE('',#194,#195);
#194 = CARTESIAN_POINT('',(36.,29.8,0.));
#195 = VECTOR('',#196,1.);
#196 = DIRECTION('',(-1.,0.,0.));
#197 = ORIENTED_EDGE('',*,*,#198,.F.);
#198 = EDGE_CURVE('',#199,#191,#201,.T.);
#199 = VERTEX_POINT('',#200);
#200 = CARTESIAN_POINT('',(33.5,27.51,0.));
#201 = LINE('',#202,#203);
#202 = CARTESIAN_POINT('',(36.40115965791,24.60884034209,0.));
#203 = VECTOR('',#204,1.);
#204 = DIRECTION('',(-0.707106781187,0.707106781187,0.));
#205 = ORIENTED_EDGE('',*,*,#206,.F.);
#206 = EDGE_CURVE('',#207,#199,#209,.T.);
#207 = VERTEX_POINT('',#208);
#208 = CARTESIAN_POINT('',(33.5,27.5,0.));
#209 = LINE('',#210,#211);
#210 = CARTESIAN_POINT('',(33.5,27.5,0.));
#211 = VECTOR('',#212,1.);
#212 = DIRECTION('',(0.,1.,0.));
#213 = ORIENTED_EDGE('',*,*,#214,.F.);
#214 = EDGE_CURVE('',#215,#207,#217,.T.);
#215 = VERTEX_POINT('',#216);
#216 = CARTESIAN_POINT('',(38.5,22.5,0.));
#217 = LINE('',#218,#219);
#218 = CARTESIAN_POINT('',(38.604399441341,22.395600558659,0.));
#219 = VECTOR('',#220,1.);
#220 = DIRECTION('',(-0.707106781187,0.707106781187,0.));
#221 = ORIENTED_EDGE('',*,*,#222,.F.);
#222 = EDGE_CURVE('',#223,#215,#225,.T.);
#223 = VERTEX_POINT('',#224);
#224 = CARTESIAN_POINT('',(38.5,20.5,0.));
#225 = LINE('',#226,#227);
#226 = CARTESIAN_POINT('',(38.5,12.5,0.));
#227 = VECTOR('',#228,1.);
#228 = DIRECTION('',(0.,1.,0.));
#229 = ORIENTED_EDGE('',*,*,#230,.F.);
#230 = EDGE_CURVE('',#231,#223,#233,.T.);
#231 = VERTEX_POINT('',#232);
#232 = CARTESIAN_POINT('',(31.,13.,0.));
#233 = LINE('',#234,#235);
#234 = CARTESIAN_POINT('',(27.942388268156,9.942388268156,0.));
#235 = VECTOR('',#236,1.);
#236 = DIRECTION('',(0.707106781187,0.707106781187,0.));
#237 = ORIENTED_EDGE('',*,*,#238,.F.);
#238 = EDGE_CURVE('',#239,#231,#241,.T.);
#239 = VERTEX_POINT('',#240);
#240 = CARTESIAN_POINT('',(31.,8.5,0.));
#241 = LINE('',#242,#243);
#242 = CARTESIAN_POINT('',(31.,8.5,0.));
#243 = VECTOR('',#244,1.);
#244 = DIRECTION('',(0.,1.,0.));
#245 = ORIENTED_EDGE('',*,*,#246,.F.);
#246 = EDGE_CURVE('',#247,#239,#249,.T.);
#247 = VERTEX_POINT('',#248);
#248 = CARTESIAN_POINT('',(31.01,8.5,0.));
#249 = LINE('',#250,#251);
#250 = CARTESIAN_POINT('',(36.,8.5,0.));
#251 = VECTOR('',#252,1.);
#252 = DIRECTION('',(-1.,-0.,-0.));
#253 = ORIENTED_EDGE('',*,*,#254,.T.);
#254 = EDGE_CURVE('',#247,#255,#257,.T.);
#255 = VERTEX_POINT('',#256);
#256 = CARTESIAN_POINT('',(36.,3.51,0.));
#257 = LINE('',#258,#259);
#258 = CARTESIAN_POINT('',(31.984399441341,7.525600558659,0.));
#259 = VECTOR('',#260,1.);
#260 = DIRECTION('',(0.707106781187,-0.707106781187,0.));
#261 = ORIENTED_EDGE('',*,*,#262,.F.);
#262 = EDGE_CURVE('',#263,#255,#265,.T.);
#263 = VERTEX_POINT('',#264);
#264 = CARTESIAN_POINT('',(36.,-3.51,0.));
#265 = LINE('',#266,#267);
#266 = CARTESIAN_POINT('',(36.,12.5,0.));
#267 = VECTOR('',#268,1.);
#268 = DIRECTION('',(0.,1.,0.));
#269 = ORIENTED_EDGE('',*,*,#270,.T.);
#270 = EDGE_CURVE('',#263,#271,#273,.T.);
#271 = VERTEX_POINT('',#272);
#272 = CARTESIAN_POINT('',(31.01,-8.5,0.));
#273 = LINE('',#274,#275);
#274 = CARTESIAN_POINT('',(32.822388268156,-6.687611731844,0.));
#275 = VECTOR('',#276,1.);
#276 = DIRECTION('',(-0.707106781187,-0.707106781187,0.));
#277 = ORIENTED_EDGE('',*,*,#278,.T.);
#278 = EDGE_CURVE('',#271,#279,#281,.T.);
#279 = VERTEX_POINT('',#280);
#280 = CARTESIAN_POINT('',(31.,-8.5,0.));
#281 = LINE('',#282,#283);
#282 = CARTESIAN_POINT('',(36.,-8.5,0.));
#283 = VECTOR('',#284,1.);
#284 = DIRECTION('',(-1.,-0.,-0.));
#285 = ORIENTED_EDGE('',*,*,#286,.F.);
#286 = EDGE_CURVE('',#62,#279,#287,.T.);
#287 = LINE('',#288,#289);
#288 = CARTESIAN_POINT('',(31.,-12.5,0.));
#289 = VECTOR('',#290,1.);
#290 = DIRECTION('',(0.,1.,0.));
#291 = FACE_BOUND('',#292,.T.);
#292 = EDGE_LOOP('',(#293));
#293 = ORIENTED_EDGE('',*,*,#294,.F.);
#294 = EDGE_CURVE('',#295,#295,#297,.T.);
#295 = VERTEX_POINT('',#296);
#296 = CARTESIAN_POINT('',(34.5,0.,1.E-15));
#297 = CIRCLE('',#298,4.5);
#298 = AXIS2_PLACEMENT_3D('',#299,#300,#301);
#299 = CARTESIAN_POINT('',(30.,0.,1.E-15));
#300 = DIRECTION('',(0.,0.,-1.));
#301 = DIRECTION('',(1.,0.,0.));
#302 = FACE_BOUND('',#303,.T.);
#303 = EDGE_LOOP('',(#304));
#304 = ORIENTED_EDGE('',*,*,#305,.F.);
#305 = EDGE_CURVE('',#306,#306,#308,.T.);
#306 = VERTEX_POINT('',#307);
#307 = CARTESIAN_POINT('',(23.5,0.,1.E-15));
#308 = CIRCLE('',#309,4.5);
#309 = AXIS2_PLACEMENT_3D('',#310,#311,#312);
#310 = CARTESIAN_POINT('',(19.,0.,1.E-15));
#311 = DIRECTION('',(0.,0.,-1.));
#312 = DIRECTION('',(1.,0.,0.));
#313 = FACE_BOUND('',#314,.T.);
#314 = EDGE_LOOP('',(#315));
#315 = ORIENTED_EDGE('',*,*,#316,.T.);
#316 = EDGE_CURVE('',#317,#317,#319,.T.);
#317 = VERTEX_POINT('',#318);
#318 = CARTESIAN_POINT('',(31.45,24.15,0.));
#319 = CIRCLE('',#320,2.65);
#320 = AXIS2_PLACEMENT_3D('',#321,#322,#323);
#321 = CARTESIAN_POINT('',(28.8,24.15,0.));
#322 = DIRECTION('',(0.,0.,1.));
#323 = DIRECTION('',(1.,0.,0.));
#324 = FACE_BOUND('',#325,.T.);
#325 = EDGE_LOOP('',(#326));
#326 = ORIENTED_EDGE('',*,*,#327,.T.);
#327 = EDGE_CURVE('',#328,#328,#330,.T.);
#328 = VERTEX_POINT('',#329);
#329 = CARTESIAN_POINT('',(27.15,-24.05,0.));
#330 = CIRCLE('',#331,2.65);
#331 = AXIS2_PLACEMENT_3D('',#332,#333,#334);
#332 = CARTESIAN_POINT('',(24.5,-24.05,0.));
#333 = DIRECTION('',(0.,0.,1.));
#334 = DIRECTION('',(1.,0.,0.));
#335 = PLANE('',#336);
#336 = AXIS2_PLACEMENT_3D('',#337,#338,#339);
#337 = CARTESIAN_POINT('',(22.304767741568,0.884867456239,
    4.241089939738E-17));
#338 = DIRECTION('',(-0.,-0.,-1.));
#339 = DIRECTION('',(-1.,0.,0.));
#340 = ADVANCED_FACE('',(#341),#359,.T.);
#341 = FACE_BOUND('',#342,.T.);
#342 = EDGE_LOOP('',(#343,#344,#345,#353));
#343 = ORIENTED_EDGE('',*,*,#110,.F.);
#344 = ORIENTED_EDGE('',*,*,#47,.T.);
#345 = ORIENTED_EDGE('',*,*,#346,.T.);
#346 = EDGE_CURVE('',#40,#347,#349,.T.);
#347 = VERTEX_POINT('',#348);
#348 = CARTESIAN_POINT('',(24.017071067812,-29.50707106781,7.5));
#349 = LINE('',#350,#351);
#350 = CARTESIAN_POINT('',(22.813203062533,-29.50707106781,7.5));
#351 = VECTOR('',#352,1.);
#352 = DIRECTION('',(-1.,0.,0.));
#353 = ORIENTED_EDGE('',*,*,#354,.F.);
#354 = EDGE_CURVE('',#111,#347,#355,.T.);
#355 = LINE('',#356,#357);
#356 = CARTESIAN_POINT('',(24.017071067812,-29.50707106781,
    5.710907813144E-16));
#357 = VECTOR('',#358,1.);
#358 = DIRECTION('',(0.,0.,1.));
#359 = PLANE('',#360);
#360 = AXIS2_PLACEMENT_3D('',#361,#362,#363);
#361 = CARTESIAN_POINT('',(24.858528137424,-29.50707106781,
    5.710907813144E-16));
#362 = DIRECTION('',(0.,-1.,0.));
#363 = DIRECTION('',(0.,0.,1.));
#364 = ADVANCED_FACE('',(#365),#383,.F.);
#365 = FACE_BOUND('',#366,.F.);
#366 = EDGE_LOOP('',(#367,#368,#369,#377));
#367 = ORIENTED_EDGE('',*,*,#103,.T.);
#368 = ORIENTED_EDGE('',*,*,#31,.T.);
#369 = ORIENTED_EDGE('',*,*,#370,.F.);
#370 = EDGE_CURVE('',#371,#32,#373,.T.);
#371 = VERTEX_POINT('',#372);
#372 = CARTESIAN_POINT('',(26.,-27.51,7.5));
#373 = LINE('',#374,#375);
#374 = CARTESIAN_POINT('',(26.,-27.51,7.5));
#375 = VECTOR('',#376,1.);
#376 = DIRECTION('',(0.707106781187,-0.707106781187,4.759089844287E-16)
  );
#377 = ORIENTED_EDGE('',*,*,#378,.F.);
#378 = EDGE_CURVE('',#96,#371,#379,.T.);
#379 = LINE('',#380,#381);
#380 = CARTESIAN_POINT('',(26.,-27.51,0.));
#381 = VECTOR('',#382,1.);
#382 = DIRECTION('',(0.,0.,1.));
#383 = PLANE('',#384);
#384 = AXIS2_PLACEMENT_3D('',#385,#386,#387);
#385 = CARTESIAN_POINT('',(26.,-27.51,0.));
#386 = DIRECTION('',(-0.707106781187,-0.707106781187,0.));
#387 = DIRECTION('',(0.,0.,1.));
#388 = ADVANCED_FACE('',(#389,#512),#523,.T.);
#389 = FACE_BOUND('',#390,.T.);
#390 = EDGE_LOOP('',(#391,#399,#400,#401,#402,#410,#418,#426,#434,#442,
    #450,#458,#466,#474,#482,#490,#498,#506));
#391 = ORIENTED_EDGE('',*,*,#392,.T.);
#392 = EDGE_CURVE('',#393,#347,#395,.T.);
#393 = VERTEX_POINT('',#394);
#394 = CARTESIAN_POINT('',(24.01,-29.5,7.5));
#395 = LINE('',#396,#397);
#396 = CARTESIAN_POINT('',(24.01,-29.5,7.5));
#397 = VECTOR('',#398,1.);
#398 = DIRECTION('',(0.707106781187,-0.707106781187,4.759089844287E-16)
  );
#399 = ORIENTED_EDGE('',*,*,#346,.F.);
#400 = ORIENTED_EDGE('',*,*,#39,.F.);
#401 = ORIENTED_EDGE('',*,*,#370,.F.);
#402 = ORIENTED_EDGE('',*,*,#403,.F.);
#403 = EDGE_CURVE('',#404,#371,#406,.T.);
#404 = VERTEX_POINT('',#405);
#405 = CARTESIAN_POINT('',(26.,-27.5,7.5));
#406 = LINE('',#407,#408);
#407 = CARTESIAN_POINT('',(26.,-27.5,7.5));
#408 = VECTOR('',#409,1.);
#409 = DIRECTION('',(0.,-1.,0.));
#410 = ORIENTED_EDGE('',*,*,#411,.T.);
#411 = EDGE_CURVE('',#404,#412,#414,.T.);
#412 = VERTEX_POINT('',#413);
#413 = CARTESIAN_POINT('',(26.848528137424,-28.34852813742,7.5));
#414 = LINE('',#415,#416);
#415 = CARTESIAN_POINT('',(26.,-27.5,7.5));
#416 = VECTOR('',#417,1.);
#417 = DIRECTION('',(0.707106781187,-0.707106781187,4.759089844287E-16)
  );
#418 = ORIENTED_EDGE('',*,*,#419,.T.);
#419 = EDGE_CURVE('',#412,#420,#422,.T.);
#420 = VERTEX_POINT('',#421);
#421 = CARTESIAN_POINT('',(31.007071067812,-24.18998520703,7.5));
#422 = LINE('',#423,#424);
#423 = CARTESIAN_POINT('',(29.098528137424,-26.09852813742,7.5));
#424 = VECTOR('',#425,1.);
#425 = DIRECTION('',(0.707106781187,0.707106781187,0.));
#426 = ORIENTED_EDGE('',*,*,#427,.F.);
#427 = EDGE_CURVE('',#428,#420,#430,.T.);
#428 = VERTEX_POINT('',#429);
#429 = CARTESIAN_POINT('',(31.007071067812,-22.50707106781,7.5));
#430 = LINE('',#431,#432);
#431 = CARTESIAN_POINT('',(31.007071067812,-22.47261385247,7.5));
#432 = VECTOR('',#433,1.);
#433 = DIRECTION('',(0.,-1.,0.));
#434 = ORIENTED_EDGE('',*,*,#435,.F.);
#435 = EDGE_CURVE('',#436,#428,#438,.T.);
#436 = VERTEX_POINT('',#437);
#437 = CARTESIAN_POINT('',(31.,-22.5,7.5));
#438 = LINE('',#439,#440);
#439 = CARTESIAN_POINT('',(31.,-22.5,7.5));
#440 = VECTOR('',#441,1.);
#441 = DIRECTION('',(0.707106781187,-0.707106781187,4.759089844287E-16)
  );
#442 = ORIENTED_EDGE('',*,*,#443,.T.);
#443 = EDGE_CURVE('',#436,#444,#446,.T.);
#444 = VERTEX_POINT('',#445);
#445 = CARTESIAN_POINT('',(31.,-14.75,7.5));
#446 = LINE('',#447,#448);
#447 = CARTESIAN_POINT('',(31.,-17.5,7.5));
#448 = VECTOR('',#449,1.);
#449 = DIRECTION('',(0.,1.,0.));
#450 = ORIENTED_EDGE('',*,*,#451,.T.);
#451 = EDGE_CURVE('',#444,#452,#454,.T.);
#452 = VERTEX_POINT('',#453);
#453 = CARTESIAN_POINT('',(13.,-14.75,7.5));
#454 = LINE('',#455,#456);
#455 = CARTESIAN_POINT('',(31.,-14.75,7.5));
#456 = VECTOR('',#457,1.);
#457 = DIRECTION('',(-1.,-0.,-0.));
#458 = ORIENTED_EDGE('',*,*,#459,.F.);
#459 = EDGE_CURVE('',#460,#452,#462,.T.);
#460 = VERTEX_POINT('',#461);
#461 = CARTESIAN_POINT('',(13.,-17.5,7.5));
#462 = LINE('',#463,#464);
#463 = CARTESIAN_POINT('',(13.,-17.5,7.5));
#464 = VECTOR('',#465,1.);
#465 = DIRECTION('',(0.,1.,0.));
#466 = ORIENTED_EDGE('',*,*,#467,.F.);
#467 = EDGE_CURVE('',#468,#460,#470,.T.);
#468 = VERTEX_POINT('',#469);
#469 = CARTESIAN_POINT('',(9.,-17.5,7.5));
#470 = LINE('',#471,#472);
#471 = CARTESIAN_POINT('',(6.,-17.5,7.5));
#472 = VECTOR('',#473,1.);
#473 = DIRECTION('',(1.,0.,0.));
#474 = ORIENTED_EDGE('',*,*,#475,.T.);
#475 = EDGE_CURVE('',#468,#476,#478,.T.);
#476 = VERTEX_POINT('',#477);
#477 = CARTESIAN_POINT('',(9.,-22.5,7.5));
#478 = LINE('',#479,#480);
#479 = CARTESIAN_POINT('',(9.,0.,7.5));
#480 = VECTOR('',#481,1.);
#481 = DIRECTION('',(0.,-1.,2.2E-16));
#482 = ORIENTED_EDGE('',*,*,#483,.T.);
#483 = EDGE_CURVE('',#476,#484,#486,.T.);
#484 = VERTEX_POINT('',#485);
#485 = CARTESIAN_POINT('',(14.,-27.5,7.5));
#486 = LINE('',#487,#488);
#487 = CARTESIAN_POINT('',(13.119047619048,-26.61904761904,7.5));
#488 = VECTOR('',#489,1.);
#489 = DIRECTION('',(0.707106781187,-0.707106781187,0.));
#490 = ORIENTED_EDGE('',*,*,#491,.T.);
#491 = EDGE_CURVE('',#484,#492,#494,.T.);
#492 = VERTEX_POINT('',#493);
#493 = CARTESIAN_POINT('',(14.,-27.51,7.5));
#494 = LINE('',#495,#496);
#495 = CARTESIAN_POINT('',(14.,-27.5,7.5));
#496 = VECTOR('',#497,1.);
#497 = DIRECTION('',(0.,-1.,0.));
#498 = ORIENTED_EDGE('',*,*,#499,.T.);
#499 = EDGE_CURVE('',#492,#500,#502,.T.);
#500 = VERTEX_POINT('',#501);
#501 = CARTESIAN_POINT('',(15.99,-29.5,7.5));
#502 = LINE('',#503,#504);
#503 = CARTESIAN_POINT('',(14.503999474442,-28.01399947444,7.5));
#504 = VECTOR('',#505,1.);
#505 = DIRECTION('',(0.707106781187,-0.707106781187,0.));
#506 = ORIENTED_EDGE('',*,*,#507,.T.);
#507 = EDGE_CURVE('',#500,#393,#508,.T.);
#508 = LINE('',#509,#510);
#509 = CARTESIAN_POINT('',(6.,-29.5,7.5));
#510 = VECTOR('',#511,1.);
#511 = DIRECTION('',(1.,0.,0.));
#512 = FACE_BOUND('',#513,.T.);
#513 = EDGE_LOOP('',(#514));
#514 = ORIENTED_EDGE('',*,*,#515,.F.);
#515 = EDGE_CURVE('',#516,#516,#518,.T.);
#516 = VERTEX_POINT('',#517);
#517 = CARTESIAN_POINT('',(27.15,-24.05,7.5));
#518 = CIRCLE('',#519,2.65);
#519 = AXIS2_PLACEMENT_3D('',#520,#521,#522);
#520 = CARTESIAN_POINT('',(24.5,-24.05,7.5));
#521 = DIRECTION('',(0.,0.,1.));
#522 = DIRECTION('',(1.,0.,0.));
#523 = PLANE('',#524);
#524 = AXIS2_PLACEMENT_3D('',#525,#526,#527);
#525 = CARTESIAN_POINT('',(20.767877987642,-21.59669956752,7.5));
#526 = DIRECTION('',(0.,0.,1.));
#527 = DIRECTION('',(1.,0.,0.));
#528 = ADVANCED_FACE('',(#529),#545,.F.);
#529 = FACE_BOUND('',#530,.F.);
#530 = EDGE_LOOP('',(#531,#532,#538,#539));
#531 = ORIENTED_EDGE('',*,*,#61,.T.);
#532 = ORIENTED_EDGE('',*,*,#533,.T.);
#533 = EDGE_CURVE('',#64,#428,#534,.T.);
#534 = LINE('',#535,#536);
#535 = CARTESIAN_POINT('',(31.007071067812,-22.50707106781,
    5.710907813144E-16));
#536 = VECTOR('',#537,1.);
#537 = DIRECTION('',(0.,0.,1.));
#538 = ORIENTED_EDGE('',*,*,#435,.F.);
#539 = ORIENTED_EDGE('',*,*,#540,.F.);
#540 = EDGE_CURVE('',#62,#436,#541,.T.);
#541 = LINE('',#542,#543);
#542 = CARTESIAN_POINT('',(31.,-22.5,0.));
#543 = VECTOR('',#544,1.);
#544 = DIRECTION('',(0.,0.,1.));
#545 = PLANE('',#546);
#546 = AXIS2_PLACEMENT_3D('',#547,#548,#549);
#547 = CARTESIAN_POINT('',(31.,-22.5,0.));
#548 = DIRECTION('',(-0.707106781187,-0.707106781187,0.));
#549 = DIRECTION('',(0.,0.,1.));
#550 = ADVANCED_FACE('',(#551),#562,.T.);
#551 = FACE_BOUND('',#552,.T.);
#552 = EDGE_LOOP('',(#553,#554,#555,#556));
#553 = ORIENTED_EDGE('',*,*,#71,.F.);
#554 = ORIENTED_EDGE('',*,*,#533,.T.);
#555 = ORIENTED_EDGE('',*,*,#427,.T.);
#556 = ORIENTED_EDGE('',*,*,#557,.F.);
#557 = EDGE_CURVE('',#72,#420,#558,.T.);
#558 = LINE('',#559,#560);
#559 = CARTESIAN_POINT('',(31.007071067812,-24.18998520703,
    5.710907813144E-16));
#560 = VECTOR('',#561,1.);
#561 = DIRECTION('',(0.,0.,1.));
#562 = PLANE('',#563);
#563 = AXIS2_PLACEMENT_3D('',#564,#565,#566);
#564 = CARTESIAN_POINT('',(31.007071067812,-23.34852813742,
    5.710907813144E-16));
#565 = DIRECTION('',(1.,0.,3.552713678801E-16));
#566 = DIRECTION('',(-3.552713678801E-16,0.,1.));
#567 = ADVANCED_FACE('',(#568),#612,.T.);
#568 = FACE_BOUND('',#569,.T.);
#569 = EDGE_LOOP('',(#570,#571,#572,#573,#581,#590,#598,#606));
#570 = ORIENTED_EDGE('',*,*,#443,.F.);
#571 = ORIENTED_EDGE('',*,*,#540,.F.);
#572 = ORIENTED_EDGE('',*,*,#286,.T.);
#573 = ORIENTED_EDGE('',*,*,#574,.T.);
#574 = EDGE_CURVE('',#279,#575,#577,.T.);
#575 = VERTEX_POINT('',#576);
#576 = CARTESIAN_POINT('',(31.,-8.5,6.429285785729));
#577 = LINE('',#578,#579);
#578 = CARTESIAN_POINT('',(31.,-8.5,0.));
#579 = VECTOR('',#580,1.);
#580 = DIRECTION('',(0.,0.,1.));
#581 = ORIENTED_EDGE('',*,*,#582,.T.);
#582 = EDGE_CURVE('',#575,#583,#585,.T.);
#583 = VERTEX_POINT('',#584);
#584 = CARTESIAN_POINT('',(31.,-12.,5.));
#585 = CIRCLE('',#586,5.);
#586 = AXIS2_PLACEMENT_3D('',#587,#588,#589);
#587 = CARTESIAN_POINT('',(31.,-12.,10.));
#588 = DIRECTION('',(-1.,0.,0.));
#589 = DIRECTION('',(0.,1.,0.));
#590 = ORIENTED_EDGE('',*,*,#591,.T.);
#591 = EDGE_CURVE('',#583,#592,#594,.T.);
#592 = VERTEX_POINT('',#593);
#593 = CARTESIAN_POINT('',(31.,-12.5,5.));
#594 = LINE('',#595,#596);
#595 = CARTESIAN_POINT('',(31.,-6.,5.));
#596 = VECTOR('',#597,1.);
#597 = DIRECTION('',(0.,-1.,0.));
#598 = ORIENTED_EDGE('',*,*,#599,.F.);
#599 = EDGE_CURVE('',#600,#592,#602,.T.);
#600 = VERTEX_POINT('',#601);
#601 = CARTESIAN_POINT('',(31.,-12.5,5.25));
#602 = LINE('',#603,#604);
#603 = CARTESIAN_POINT('',(31.,-12.5,7.));
#604 = VECTOR('',#605,1.);
#605 = DIRECTION('',(0.,0.,-1.));
#606 = ORIENTED_EDGE('',*,*,#607,.F.);
#607 = EDGE_CURVE('',#444,#600,#608,.T.);
#608 = LINE('',#609,#610);
#609 = CARTESIAN_POINT('',(31.,-14.01005713071,6.760057130711));
#610 = VECTOR('',#611,1.);
#611 = DIRECTION('',(4.096530764643E-16,0.707106781187,-0.707106781187)
  );
#612 = PLANE('',#613);
#613 = AXIS2_PLACEMENT_3D('',#614,#615,#616);
#614 = CARTESIAN_POINT('',(31.,-17.8770468361,3.663181686733));
#615 = DIRECTION('',(1.,0.,5.793369366036E-16));
#616 = DIRECTION('',(-5.793369366036E-16,0.,1.));
#617 = ADVANCED_FACE('',(#618),#629,.F.);
#618 = FACE_BOUND('',#619,.F.);
#619 = EDGE_LOOP('',(#620,#621,#627,#628));
#620 = ORIENTED_EDGE('',*,*,#79,.F.);
#621 = ORIENTED_EDGE('',*,*,#622,.T.);
#622 = EDGE_CURVE('',#80,#412,#623,.T.);
#623 = LINE('',#624,#625);
#624 = CARTESIAN_POINT('',(26.848528137424,-28.34852813742,
    5.710907813144E-16));
#625 = VECTOR('',#626,1.);
#626 = DIRECTION('',(0.,0.,1.));
#627 = ORIENTED_EDGE('',*,*,#419,.T.);
#628 = ORIENTED_EDGE('',*,*,#557,.F.);
#629 = PLANE('',#630);
#630 = AXIS2_PLACEMENT_3D('',#631,#632,#633);
#631 = CARTESIAN_POINT('',(29.348528137424,-25.84852813742,
    5.710907813144E-16));
#632 = DIRECTION('',(-0.707106781187,0.707106781187,-4.759089844287E-16)
  );
#633 = DIRECTION('',(-3.365184701171E-16,3.365184701171E-16,1.));
#634 = ADVANCED_FACE('',(#635),#653,.F.);
#635 = FACE_BOUND('',#636,.F.);
#636 = EDGE_LOOP('',(#637,#645,#651,#652));
#637 = ORIENTED_EDGE('',*,*,#638,.F.);
#638 = EDGE_CURVE('',#639,#575,#641,.T.);
#639 = VERTEX_POINT('',#640);
#640 = CARTESIAN_POINT('',(31.01,-8.5,6.429285785729));
#641 = LINE('',#642,#643);
#642 = CARTESIAN_POINT('',(13.,-8.5,6.429285785729));
#643 = VECTOR('',#644,1.);
#644 = DIRECTION('',(-1.,-0.,-0.));
#645 = ORIENTED_EDGE('',*,*,#646,.F.);
#646 = EDGE_CURVE('',#271,#639,#647,.T.);
#647 = LINE('',#648,#649);
#648 = CARTESIAN_POINT('',(31.01,-8.5,0.));
#649 = VECTOR('',#650,1.);
#650 = DIRECTION('',(0.,0.,1.));
#651 = ORIENTED_EDGE('',*,*,#278,.T.);
#652 = ORIENTED_EDGE('',*,*,#574,.T.);
#653 = PLANE('',#654);
#654 = AXIS2_PLACEMENT_3D('',#655,#656,#657);
#655 = CARTESIAN_POINT('',(36.,-8.5,0.));
#656 = DIRECTION('',(0.,1.,0.));
#657 = DIRECTION('',(0.,0.,1.));
#658 = ADVANCED_FACE('',(#659),#670,.T.);
#659 = FACE_BOUND('',#660,.T.);
#660 = EDGE_LOOP('',(#661,#662,#663,#664));
#661 = ORIENTED_EDGE('',*,*,#87,.T.);
#662 = ORIENTED_EDGE('',*,*,#622,.T.);
#663 = ORIENTED_EDGE('',*,*,#411,.F.);
#664 = ORIENTED_EDGE('',*,*,#665,.F.);
#665 = EDGE_CURVE('',#88,#404,#666,.T.);
#666 = LINE('',#667,#668);
#667 = CARTESIAN_POINT('',(26.,-27.5,0.));
#668 = VECTOR('',#669,1.);
#669 = DIRECTION('',(0.,0.,1.));
#670 = PLANE('',#671);
#671 = AXIS2_PLACEMENT_3D('',#672,#673,#674);
#672 = CARTESIAN_POINT('',(26.,-27.5,0.));
#673 = DIRECTION('',(-0.707106781187,-0.707106781187,0.));
#674 = DIRECTION('',(0.,0.,1.));
#675 = ADVANCED_FACE('',(#676),#711,.F.);
#676 = FACE_BOUND('',#677,.T.);
#677 = EDGE_LOOP('',(#678,#688,#696,#703,#704,#705));
#678 = ORIENTED_EDGE('',*,*,#679,.T.);
#679 = EDGE_CURVE('',#680,#682,#684,.T.);
#680 = VERTEX_POINT('',#681);
#681 = CARTESIAN_POINT('',(36.,-3.51,13.));
#682 = VERTEX_POINT('',#683);
#683 = CARTESIAN_POINT('',(32.51,-7.,13.));
#684 = LINE('',#685,#686);
#685 = CARTESIAN_POINT('',(31.63,-7.88,13.));
#686 = VECTOR('',#687,1.);
#687 = DIRECTION('',(-0.707106781187,-0.707106781187,-0.));
#688 = ORIENTED_EDGE('',*,*,#689,.T.);
#689 = EDGE_CURVE('',#682,#690,#692,.T.);
#690 = VERTEX_POINT('',#691);
#691 = CARTESIAN_POINT('',(32.51,-7.,10.));
#692 = LINE('',#693,#694);
#693 = CARTESIAN_POINT('',(32.51,-7.,6.5));
#694 = VECTOR('',#695,1.);
#695 = DIRECTION('',(-6.86084078324E-16,-5.9E-16,-1.));
#696 = ORIENTED_EDGE('',*,*,#697,.T.);
#697 = EDGE_CURVE('',#690,#639,#698,.T.);
#698 = ELLIPSE('',#699,7.071067811865,5.);
#699 = AXIS2_PLACEMENT_3D('',#700,#701,#702);
#700 = CARTESIAN_POINT('',(27.51,-12.,10.));
#701 = DIRECTION('',(-0.707106781187,0.707106781187,6.794170334694E-17)
  );
#702 = DIRECTION('',(-0.707106781187,-0.707106781187,-6.794170334694E-17
    ));
#703 = ORIENTED_EDGE('',*,*,#646,.F.);
#704 = ORIENTED_EDGE('',*,*,#270,.F.);
#705 = ORIENTED_EDGE('',*,*,#706,.T.);
#706 = EDGE_CURVE('',#263,#680,#707,.T.);
#707 = LINE('',#708,#709);
#708 = CARTESIAN_POINT('',(36.,-3.51,0.));
#709 = VECTOR('',#710,1.);
#710 = DIRECTION('',(0.,0.,1.));
#711 = PLANE('',#712);
#712 = AXIS2_PLACEMENT_3D('',#713,#714,#715);
#713 = CARTESIAN_POINT('',(33.505,-6.005,0.));
#714 = DIRECTION('',(-0.707106781187,0.707106781187,6.794170334694E-17)
  );
#715 = DIRECTION('',(-4.804203916198E-17,4.804203916198E-17,-1.));
#716 = ADVANCED_FACE('',(#717),#723,.F.);
#717 = FACE_BOUND('',#718,.F.);
#718 = EDGE_LOOP('',(#719,#720,#721,#722));
#719 = ORIENTED_EDGE('',*,*,#95,.T.);
#720 = ORIENTED_EDGE('',*,*,#378,.T.);
#721 = ORIENTED_EDGE('',*,*,#403,.F.);
#722 = ORIENTED_EDGE('',*,*,#665,.F.);
#723 = PLANE('',#724);
#724 = AXIS2_PLACEMENT_3D('',#725,#726,#727);
#725 = CARTESIAN_POINT('',(26.,-27.5,0.));
#726 = DIRECTION('',(-1.,0.,0.));
#727 = DIRECTION('',(0.,0.,1.));
#728 = ADVANCED_FACE('',(#729),#747,.T.);
#729 = FACE_BOUND('',#730,.T.);
#730 = EDGE_LOOP('',(#731,#739,#740,#741));
#731 = ORIENTED_EDGE('',*,*,#732,.T.);
#732 = EDGE_CURVE('',#733,#680,#735,.T.);
#733 = VERTEX_POINT('',#734);
#734 = CARTESIAN_POINT('',(36.,3.51,13.));
#735 = LINE('',#736,#737);
#736 = CARTESIAN_POINT('',(36.,7.,13.));
#737 = VECTOR('',#738,1.);
#738 = DIRECTION('',(0.,-1.,0.));
#739 = ORIENTED_EDGE('',*,*,#706,.F.);
#740 = ORIENTED_EDGE('',*,*,#262,.T.);
#741 = ORIENTED_EDGE('',*,*,#742,.F.);
#742 = EDGE_CURVE('',#733,#255,#743,.T.);
#743 = LINE('',#744,#745);
#744 = CARTESIAN_POINT('',(36.,3.51,6.429285785728));
#745 = VECTOR('',#746,1.);
#746 = DIRECTION('',(0.,0.,-1.));
#747 = PLANE('',#748);
#748 = AXIS2_PLACEMENT_3D('',#749,#750,#751);
#749 = CARTESIAN_POINT('',(36.,-2.407142855704,22.360137353525));
#750 = DIRECTION('',(1.,0.,0.));
#751 = DIRECTION('',(0.,0.,1.));
#752 = ADVANCED_FACE('',(#753),#788,.F.);
#753 = FACE_BOUND('',#754,.F.);
#754 = EDGE_LOOP('',(#755,#766,#772,#773,#774,#782));
#755 = ORIENTED_EDGE('',*,*,#756,.F.);
#756 = EDGE_CURVE('',#757,#759,#761,.T.);
#757 = VERTEX_POINT('',#758);
#758 = CARTESIAN_POINT('',(31.01,8.5,6.429285785729));
#759 = VERTEX_POINT('',#760);
#760 = CARTESIAN_POINT('',(32.51,7.,10.));
#761 = ELLIPSE('',#762,7.071067811865,5.);
#762 = AXIS2_PLACEMENT_3D('',#763,#764,#765);
#763 = CARTESIAN_POINT('',(27.51,12.,10.));
#764 = DIRECTION('',(-0.707106781187,-0.707106781187,-6.794170334694E-17
    ));
#765 = DIRECTION('',(-0.707106781187,0.707106781187,6.794170334694E-17)
  );
#766 = ORIENTED_EDGE('',*,*,#767,.T.);
#767 = EDGE_CURVE('',#757,#247,#768,.T.);
#768 = LINE('',#769,#770);
#769 = CARTESIAN_POINT('',(31.01,8.5,6.429285785728));
#770 = VECTOR('',#771,1.);
#771 = DIRECTION('',(0.,0.,-1.));
#772 = ORIENTED_EDGE('',*,*,#254,.T.);
#773 = ORIENTED_EDGE('',*,*,#742,.F.);
#774 = ORIENTED_EDGE('',*,*,#775,.F.);
#775 = EDGE_CURVE('',#776,#733,#778,.T.);
#776 = VERTEX_POINT('',#777);
#777 = CARTESIAN_POINT('',(32.51,7.,13.));
#778 = LINE('',#779,#780);
#779 = CARTESIAN_POINT('',(28.13,11.38,13.));
#780 = VECTOR('',#781,1.);
#781 = DIRECTION('',(0.707106781187,-0.707106781187,0.));
#782 = ORIENTED_EDGE('',*,*,#783,.F.);
#783 = EDGE_CURVE('',#759,#776,#784,.T.);
#784 = LINE('',#785,#786);
#785 = CARTESIAN_POINT('',(32.51,7.,8.214642892864));
#786 = VECTOR('',#787,1.);
#787 = DIRECTION('',(-3.96084078324E-16,3.E-16,1.));
#788 = PLANE('',#789);
#789 = AXIS2_PLACEMENT_3D('',#790,#791,#792);
#790 = CARTESIAN_POINT('',(33.505,6.005,6.429285785728));
#791 = DIRECTION('',(-0.707106781187,-0.707106781187,-6.794170334694E-17
    ));
#792 = DIRECTION('',(4.804203916198E-17,4.804203916198E-17,-1.));
#793 = ADVANCED_FACE('',(#794),#812,.F.);
#794 = FACE_BOUND('',#795,.F.);
#795 = EDGE_LOOP('',(#796,#797,#798,#806));
#796 = ORIENTED_EDGE('',*,*,#246,.F.);
#797 = ORIENTED_EDGE('',*,*,#767,.F.);
#798 = ORIENTED_EDGE('',*,*,#799,.T.);
#799 = EDGE_CURVE('',#757,#800,#802,.T.);
#800 = VERTEX_POINT('',#801);
#801 = CARTESIAN_POINT('',(31.,8.5,6.429285785729));
#802 = LINE('',#803,#804);
#803 = CARTESIAN_POINT('',(13.,8.5,6.429285785729));
#804 = VECTOR('',#805,1.);
#805 = DIRECTION('',(-1.,-0.,-0.));
#806 = ORIENTED_EDGE('',*,*,#807,.T.);
#807 = EDGE_CURVE('',#800,#239,#808,.T.);
#808 = LINE('',#809,#810);
#809 = CARTESIAN_POINT('',(31.,8.5,7.));
#810 = VECTOR('',#811,1.);
#811 = DIRECTION('',(0.,0.,-1.));
#812 = PLANE('',#813);
#813 = AXIS2_PLACEMENT_3D('',#814,#815,#816);
#814 = CARTESIAN_POINT('',(36.,8.5,7.));
#815 = DIRECTION('',(0.,-1.,0.));
#816 = DIRECTION('',(0.,0.,-1.));
#817 = ADVANCED_FACE('',(#818),#845,.T.);
#818 = FACE_BOUND('',#819,.T.);
#819 = EDGE_LOOP('',(#820,#830,#837,#838,#839));
#820 = ORIENTED_EDGE('',*,*,#821,.T.);
#821 = EDGE_CURVE('',#822,#824,#826,.T.);
#822 = VERTEX_POINT('',#823);
#823 = CARTESIAN_POINT('',(31.,13.,5.));
#824 = VERTEX_POINT('',#825);
#825 = CARTESIAN_POINT('',(31.,12.,5.));
#826 = LINE('',#827,#828);
#827 = CARTESIAN_POINT('',(31.,10.,5.));
#828 = VECTOR('',#829,1.);
#829 = DIRECTION('',(0.,-1.,0.));
#830 = ORIENTED_EDGE('',*,*,#831,.T.);
#831 = EDGE_CURVE('',#824,#800,#832,.T.);
#832 = CIRCLE('',#833,5.);
#833 = AXIS2_PLACEMENT_3D('',#834,#835,#836);
#834 = CARTESIAN_POINT('',(31.,12.,10.));
#835 = DIRECTION('',(-1.,0.,0.));
#836 = DIRECTION('',(0.,1.,0.));
#837 = ORIENTED_EDGE('',*,*,#807,.T.);
#838 = ORIENTED_EDGE('',*,*,#238,.T.);
#839 = ORIENTED_EDGE('',*,*,#840,.F.);
#840 = EDGE_CURVE('',#822,#231,#841,.T.);
#841 = LINE('',#842,#843);
#842 = CARTESIAN_POINT('',(31.,13.,1.75));
#843 = VECTOR('',#844,1.);
#844 = DIRECTION('',(0.,0.,-1.));
#845 = PLANE('',#846);
#846 = AXIS2_PLACEMENT_3D('',#847,#848,#849);
#847 = CARTESIAN_POINT('',(31.,0.,3.5));
#848 = DIRECTION('',(1.,0.,0.));
#849 = DIRECTION('',(0.,0.,1.));
#850 = ADVANCED_FACE('',(#851),#862,.T.);
#851 = FACE_BOUND('',#852,.T.);
#852 = EDGE_LOOP('',(#853,#854,#855,#856));
#853 = ORIENTED_EDGE('',*,*,#118,.T.);
#854 = ORIENTED_EDGE('',*,*,#354,.T.);
#855 = ORIENTED_EDGE('',*,*,#392,.F.);
#856 = ORIENTED_EDGE('',*,*,#857,.F.);
#857 = EDGE_CURVE('',#119,#393,#858,.T.);
#858 = LINE('',#859,#860);
#859 = CARTESIAN_POINT('',(24.01,-29.5,0.));
#860 = VECTOR('',#861,1.);
#861 = DIRECTION('',(0.,0.,1.));
#862 = PLANE('',#863);
#863 = AXIS2_PLACEMENT_3D('',#864,#865,#866);
#864 = CARTESIAN_POINT('',(24.01,-29.5,0.));
#865 = DIRECTION('',(-0.707106781187,-0.707106781187,0.));
#866 = DIRECTION('',(0.,0.,1.));
#867 = ADVANCED_FACE('',(#868),#910,.T.);
#868 = FACE_BOUND('',#869,.F.);
#869 = EDGE_LOOP('',(#870,#880,#888,#896,#902,#903,#904));
#870 = ORIENTED_EDGE('',*,*,#871,.T.);
#871 = EDGE_CURVE('',#872,#874,#876,.T.);
#872 = VERTEX_POINT('',#873);
#873 = CARTESIAN_POINT('',(30.5,12.5,5.));
#874 = VERTEX_POINT('',#875);
#875 = CARTESIAN_POINT('',(30.5,12.5,5.25));
#876 = LINE('',#877,#878);
#877 = CARTESIAN_POINT('',(30.5,12.5,0.));
#878 = VECTOR('',#879,1.);
#879 = DIRECTION('',(0.,0.,1.));
#880 = ORIENTED_EDGE('',*,*,#881,.T.);
#881 = EDGE_CURVE('',#874,#882,#884,.T.);
#882 = VERTEX_POINT('',#883);
#883 = CARTESIAN_POINT('',(32.75,14.75,7.5));
#884 = LINE('',#885,#886);
#885 = CARTESIAN_POINT('',(28.416666666667,10.416666666667,
    3.166666666667));
#886 = VECTOR('',#887,1.);
#887 = DIRECTION('',(0.57735026919,0.57735026919,0.57735026919));
#888 = ORIENTED_EDGE('',*,*,#889,.T.);
#889 = EDGE_CURVE('',#882,#890,#892,.T.);
#890 = VERTEX_POINT('',#891);
#891 = CARTESIAN_POINT('',(38.5,20.5,7.5));
#892 = LINE('',#893,#894);
#893 = CARTESIAN_POINT('',(32.799859550562,14.799859550562,7.5));
#894 = VECTOR('',#895,1.);
#895 = DIRECTION('',(0.707106781187,0.707106781187,0.));
#896 = ORIENTED_EDGE('',*,*,#897,.F.);
#897 = EDGE_CURVE('',#223,#890,#898,.T.);
#898 = LINE('',#899,#900);
#899 = CARTESIAN_POINT('',(38.5,20.5,0.));
#900 = VECTOR('',#901,1.);
#901 = DIRECTION('',(0.,0.,1.));
#902 = ORIENTED_EDGE('',*,*,#230,.F.);
#903 = ORIENTED_EDGE('',*,*,#840,.F.);
#904 = ORIENTED_EDGE('',*,*,#905,.F.);
#905 = EDGE_CURVE('',#872,#822,#906,.T.);
#906 = LINE('',#907,#908);
#907 = CARTESIAN_POINT('',(30.,12.,5.));
#908 = VECTOR('',#909,1.);
#909 = DIRECTION('',(0.707106781187,0.707106781187,0.));
#910 = PLANE('',#911);
#911 = AXIS2_PLACEMENT_3D('',#912,#913,#914);
#912 = CARTESIAN_POINT('',(34.5,16.5,0.));
#913 = DIRECTION('',(0.707106781187,-0.707106781187,0.));
#914 = DIRECTION('',(-0.,-0.,-1.));
#915 = ADVANCED_FACE('',(#916),#927,.F.);
#916 = FACE_BOUND('',#917,.F.);
#917 = EDGE_LOOP('',(#918,#919,#925,#926));
#918 = ORIENTED_EDGE('',*,*,#126,.F.);
#919 = ORIENTED_EDGE('',*,*,#920,.T.);
#920 = EDGE_CURVE('',#127,#500,#921,.T.);
#921 = LINE('',#922,#923);
#922 = CARTESIAN_POINT('',(15.99,-29.5,0.));
#923 = VECTOR('',#924,1.);
#924 = DIRECTION('',(0.,0.,1.));
#925 = ORIENTED_EDGE('',*,*,#507,.T.);
#926 = ORIENTED_EDGE('',*,*,#857,.F.);
#927 = PLANE('',#928);
#928 = AXIS2_PLACEMENT_3D('',#929,#930,#931);
#929 = CARTESIAN_POINT('',(0.,-29.5,0.));
#930 = DIRECTION('',(0.,1.,0.));
#931 = DIRECTION('',(1.,0.,0.));
#932 = ADVANCED_FACE('',(#933),#951,.T.);
#933 = FACE_BOUND('',#934,.T.);
#934 = EDGE_LOOP('',(#935,#943,#944,#945));
#935 = ORIENTED_EDGE('',*,*,#936,.T.);
#936 = EDGE_CURVE('',#937,#890,#939,.T.);
#937 = VERTEX_POINT('',#938);
#938 = CARTESIAN_POINT('',(38.5,22.5,7.5));
#939 = LINE('',#940,#941);
#940 = CARTESIAN_POINT('',(38.5,37.5,7.5));
#941 = VECTOR('',#942,1.);
#942 = DIRECTION('',(-8.659560562355E-17,-1.,2.22044604925E-16));
#943 = ORIENTED_EDGE('',*,*,#897,.F.);
#944 = ORIENTED_EDGE('',*,*,#222,.T.);
#945 = ORIENTED_EDGE('',*,*,#946,.T.);
#946 = EDGE_CURVE('',#215,#937,#947,.T.);
#947 = LINE('',#948,#949);
#948 = CARTESIAN_POINT('',(38.5,22.5,0.));
#949 = VECTOR('',#950,1.);
#950 = DIRECTION('',(0.,0.,1.));
#951 = PLANE('',#952);
#952 = AXIS2_PLACEMENT_3D('',#953,#954,#955);
#953 = CARTESIAN_POINT('',(38.5,-2.407142855704,22.360137353525));
#954 = DIRECTION('',(1.,0.,0.));
#955 = DIRECTION('',(0.,0.,1.));
#956 = ADVANCED_FACE('',(#957),#968,.F.);
#957 = FACE_BOUND('',#958,.F.);
#958 = EDGE_LOOP('',(#959,#960,#966,#967));
#959 = ORIENTED_EDGE('',*,*,#134,.F.);
#960 = ORIENTED_EDGE('',*,*,#961,.T.);
#961 = EDGE_CURVE('',#135,#492,#962,.T.);
#962 = LINE('',#963,#964);
#963 = CARTESIAN_POINT('',(14.,-27.51,0.));
#964 = VECTOR('',#965,1.);
#965 = DIRECTION('',(0.,0.,1.));
#966 = ORIENTED_EDGE('',*,*,#499,.T.);
#967 = ORIENTED_EDGE('',*,*,#920,.F.);
#968 = PLANE('',#969);
#969 = AXIS2_PLACEMENT_3D('',#970,#971,#972);
#970 = CARTESIAN_POINT('',(14.995,-28.505,0.));
#971 = DIRECTION('',(0.707106781187,0.707106781187,-2.883378190833E-17)
  );
#972 = DIRECTION('',(2.038856271463E-17,2.038856271463E-17,1.));
#973 = ADVANCED_FACE('',(#974),#992,.T.);
#974 = FACE_BOUND('',#975,.F.);
#975 = EDGE_LOOP('',(#976,#977,#978,#986));
#976 = ORIENTED_EDGE('',*,*,#214,.F.);
#977 = ORIENTED_EDGE('',*,*,#946,.T.);
#978 = ORIENTED_EDGE('',*,*,#979,.T.);
#979 = EDGE_CURVE('',#937,#980,#982,.T.);
#980 = VERTEX_POINT('',#981);
#981 = CARTESIAN_POINT('',(33.5,27.5,7.5));
#982 = LINE('',#983,#984);
#983 = CARTESIAN_POINT('',(34.1875,26.8125,7.5));
#984 = VECTOR('',#985,1.);
#985 = DIRECTION('',(-0.707106781187,0.707106781187,0.));
#986 = ORIENTED_EDGE('',*,*,#987,.F.);
#987 = EDGE_CURVE('',#207,#980,#988,.T.);
#988 = LINE('',#989,#990);
#989 = CARTESIAN_POINT('',(33.5,27.5,0.));
#990 = VECTOR('',#991,1.);
#991 = DIRECTION('',(0.,0.,1.));
#992 = PLANE('',#993);
#993 = AXIS2_PLACEMENT_3D('',#994,#995,#996);
#994 = CARTESIAN_POINT('',(36.,25.,0.));
#995 = DIRECTION('',(0.707106781187,0.707106781187,0.));
#996 = DIRECTION('',(-0.,-0.,-1.));
#997 = ADVANCED_FACE('',(#998),#1009,.T.);
#998 = FACE_BOUND('',#999,.T.);
#999 = EDGE_LOOP('',(#1000,#1001,#1002,#1003));
#1000 = ORIENTED_EDGE('',*,*,#142,.T.);
#1001 = ORIENTED_EDGE('',*,*,#961,.T.);
#1002 = ORIENTED_EDGE('',*,*,#491,.F.);
#1003 = ORIENTED_EDGE('',*,*,#1004,.F.);
#1004 = EDGE_CURVE('',#143,#484,#1005,.T.);
#1005 = LINE('',#1006,#1007);
#1006 = CARTESIAN_POINT('',(14.,-27.5,0.));
#1007 = VECTOR('',#1008,1.);
#1008 = DIRECTION('',(0.,0.,1.));
#1009 = PLANE('',#1010);
#1010 = AXIS2_PLACEMENT_3D('',#1011,#1012,#1013);
#1011 = CARTESIAN_POINT('',(14.,-27.5,0.));
#1012 = DIRECTION('',(-1.,0.,0.));
#1013 = DIRECTION('',(0.,0.,1.));
#1014 = ADVANCED_FACE('',(#1015),#1033,.T.);
#1015 = FACE_BOUND('',#1016,.T.);
#1016 = EDGE_LOOP('',(#1017,#1018,#1026,#1032));
#1017 = ORIENTED_EDGE('',*,*,#206,.T.);
#1018 = ORIENTED_EDGE('',*,*,#1019,.T.);
#1019 = EDGE_CURVE('',#199,#1020,#1022,.T.);
#1020 = VERTEX_POINT('',#1021);
#1021 = CARTESIAN_POINT('',(33.5,27.51,7.5));
#1022 = LINE('',#1023,#1024);
#1023 = CARTESIAN_POINT('',(33.5,27.51,0.));
#1024 = VECTOR('',#1025,1.);
#1025 = DIRECTION('',(0.,0.,1.));
#1026 = ORIENTED_EDGE('',*,*,#1027,.F.);
#1027 = EDGE_CURVE('',#980,#1020,#1028,.T.);
#1028 = LINE('',#1029,#1030);
#1029 = CARTESIAN_POINT('',(33.5,27.5,7.5));
#1030 = VECTOR('',#1031,1.);
#1031 = DIRECTION('',(0.,1.,0.));
#1032 = ORIENTED_EDGE('',*,*,#987,.F.);
#1033 = PLANE('',#1034);
#1034 = AXIS2_PLACEMENT_3D('',#1035,#1036,#1037);
#1035 = CARTESIAN_POINT('',(33.5,27.5,0.));
#1036 = DIRECTION('',(1.,0.,0.));
#1037 = DIRECTION('',(0.,0.,1.));
#1038 = ADVANCED_FACE('',(#1039),#1050,.F.);
#1039 = FACE_BOUND('',#1040,.F.);
#1040 = EDGE_LOOP('',(#1041,#1042,#1048,#1049));
#1041 = ORIENTED_EDGE('',*,*,#150,.F.);
#1042 = ORIENTED_EDGE('',*,*,#1043,.T.);
#1043 = EDGE_CURVE('',#151,#476,#1044,.T.);
#1044 = LINE('',#1045,#1046);
#1045 = CARTESIAN_POINT('',(9.,-22.5,0.));
#1046 = VECTOR('',#1047,1.);
#1047 = DIRECTION('',(0.,0.,1.));
#1048 = ORIENTED_EDGE('',*,*,#483,.T.);
#1049 = ORIENTED_EDGE('',*,*,#1004,.F.);
#1050 = PLANE('',#1051);
#1051 = AXIS2_PLACEMENT_3D('',#1052,#1053,#1054);
#1052 = CARTESIAN_POINT('',(11.5,-25.,0.));
#1053 = DIRECTION('',(0.707106781187,0.707106781187,0.));
#1054 = DIRECTION('',(0.,0.,1.));
#1055 = ADVANCED_FACE('',(#1056),#1074,.T.);
#1056 = FACE_BOUND('',#1057,.F.);
#1057 = EDGE_LOOP('',(#1058,#1059,#1060,#1068));
#1058 = ORIENTED_EDGE('',*,*,#198,.F.);
#1059 = ORIENTED_EDGE('',*,*,#1019,.T.);
#1060 = ORIENTED_EDGE('',*,*,#1061,.T.);
#1061 = EDGE_CURVE('',#1020,#1062,#1064,.T.);
#1062 = VERTEX_POINT('',#1063);
#1063 = CARTESIAN_POINT('',(31.21,29.8,7.5));
#1064 = LINE('',#1065,#1066);
#1065 = CARTESIAN_POINT('',(31.721251198995,29.288748801005,7.5));
#1066 = VECTOR('',#1067,1.);
#1067 = DIRECTION('',(-0.707106781187,0.707106781187,0.));
#1068 = ORIENTED_EDGE('',*,*,#1069,.F.);
#1069 = EDGE_CURVE('',#191,#1062,#1070,.T.);
#1070 = LINE('',#1071,#1072);
#1071 = CARTESIAN_POINT('',(31.21,29.8,0.));
#1072 = VECTOR('',#1073,1.);
#1073 = DIRECTION('',(0.,0.,1.));
#1074 = PLANE('',#1075);
#1075 = AXIS2_PLACEMENT_3D('',#1076,#1077,#1078);
#1076 = CARTESIAN_POINT('',(32.355,28.655,0.));
#1077 = DIRECTION('',(0.707106781187,0.707106781187,0.));
#1078 = DIRECTION('',(-0.,-0.,-1.));
#1079 = ADVANCED_FACE('',(#1080,#1155,#1166,#1177,#1188),#1199,.T.);
#1080 = FACE_BOUND('',#1081,.T.);
#1081 = EDGE_LOOP('',(#1082,#1090,#1091,#1092,#1093,#1101,#1109,#1117,
    #1125,#1133,#1141,#1149));
#1082 = ORIENTED_EDGE('',*,*,#1083,.F.);
#1083 = EDGE_CURVE('',#159,#1084,#1086,.T.);
#1084 = VERTEX_POINT('',#1085);
#1085 = CARTESIAN_POINT('',(9.,22.5,7.5));
#1086 = LINE('',#1087,#1088);
#1087 = CARTESIAN_POINT('',(9.,22.5,0.));
#1088 = VECTOR('',#1089,1.);
#1089 = DIRECTION('',(0.,0.,1.));
#1090 = ORIENTED_EDGE('',*,*,#158,.T.);
#1091 = ORIENTED_EDGE('',*,*,#1043,.T.);
#1092 = ORIENTED_EDGE('',*,*,#475,.F.);
#1093 = ORIENTED_EDGE('',*,*,#1094,.F.);
#1094 = EDGE_CURVE('',#1095,#468,#1097,.T.);
#1095 = VERTEX_POINT('',#1096);
#1096 = CARTESIAN_POINT('',(9.,-17.5,42.25));
#1097 = LINE('',#1098,#1099);
#1098 = CARTESIAN_POINT('',(9.,-17.5,12.375));
#1099 = VECTOR('',#1100,1.);
#1100 = DIRECTION('',(0.,0.,-1.));
#1101 = ORIENTED_EDGE('',*,*,#1102,.F.);
#1102 = EDGE_CURVE('',#1103,#1095,#1105,.T.);
#1103 = VERTEX_POINT('',#1104);
#1104 = CARTESIAN_POINT('',(9.,-22.5,42.25));
#1105 = LINE('',#1106,#1107);
#1106 = CARTESIAN_POINT('',(9.,7.105427357601E-15,42.25));
#1107 = VECTOR('',#1108,1.);
#1108 = DIRECTION('',(0.,1.,-2.2E-16));
#1109 = ORIENTED_EDGE('',*,*,#1110,.T.);
#1110 = EDGE_CURVE('',#1103,#1111,#1113,.T.);
#1111 = VERTEX_POINT('',#1112);
#1112 = CARTESIAN_POINT('',(9.,-22.5,50.));
#1113 = LINE('',#1114,#1115);
#1114 = CARTESIAN_POINT('',(9.,-22.5,42.));
#1115 = VECTOR('',#1116,1.);
#1116 = DIRECTION('',(0.,0.,1.));
#1117 = ORIENTED_EDGE('',*,*,#1118,.F.);
#1118 = EDGE_CURVE('',#1119,#1111,#1121,.T.);
#1119 = VERTEX_POINT('',#1120);
#1120 = CARTESIAN_POINT('',(9.,22.5,50.));
#1121 = LINE('',#1122,#1123);
#1122 = CARTESIAN_POINT('',(9.,37.5,50.));
#1123 = VECTOR('',#1124,1.);
#1124 = DIRECTION('',(0.,-1.,0.));
#1125 = ORIENTED_EDGE('',*,*,#1126,.F.);
#1126 = EDGE_CURVE('',#1127,#1119,#1129,.T.);
#1127 = VERTEX_POINT('',#1128);
#1128 = CARTESIAN_POINT('',(9.,22.5,42.));
#1129 = LINE('',#1130,#1131);
#1130 = CARTESIAN_POINT('',(9.,22.5,42.));
#1131 = VECTOR('',#1132,1.);
#1132 = DIRECTION('',(0.,0.,1.));
#1133 = ORIENTED_EDGE('',*,*,#1134,.F.);
#1134 = EDGE_CURVE('',#1135,#1127,#1137,.T.);
#1135 = VERTEX_POINT('',#1136);
#1136 = CARTESIAN_POINT('',(9.,17.5,42.));
#1137 = LINE('',#1138,#1139);
#1138 = CARTESIAN_POINT('',(9.,37.5,42.));
#1139 = VECTOR('',#1140,1.);
#1140 = DIRECTION('',(0.,1.,-2.22044604925E-16));
#1141 = ORIENTED_EDGE('',*,*,#1142,.F.);
#1142 = EDGE_CURVE('',#1143,#1135,#1145,.T.);
#1143 = VERTEX_POINT('',#1144);
#1144 = CARTESIAN_POINT('',(9.,17.5,7.5));
#1145 = LINE('',#1146,#1147);
#1146 = CARTESIAN_POINT('',(9.,17.5,12.375));
#1147 = VECTOR('',#1148,1.);
#1148 = DIRECTION('',(0.,0.,1.));
#1149 = ORIENTED_EDGE('',*,*,#1150,.T.);
#1150 = EDGE_CURVE('',#1143,#1084,#1151,.T.);
#1151 = LINE('',#1152,#1153);
#1152 = CARTESIAN_POINT('',(9.,37.5,7.5));
#1153 = VECTOR('',#1154,1.);
#1154 = DIRECTION('',(0.,1.,-2.22044604925E-16));
#1155 = FACE_BOUND('',#1156,.T.);
#1156 = EDGE_LOOP('',(#1157));
#1157 = ORIENTED_EDGE('',*,*,#1158,.T.);
#1158 = EDGE_CURVE('',#1159,#1159,#1161,.T.);
#1159 = VERTEX_POINT('',#1160);
#1160 = CARTESIAN_POINT('',(9.,14.65,35.));
#1161 = CIRCLE('',#1162,2.15);
#1162 = AXIS2_PLACEMENT_3D('',#1163,#1164,#1165);
#1163 = CARTESIAN_POINT('',(9.,12.5,35.));
#1164 = DIRECTION('',(1.,0.,0.));
#1165 = DIRECTION('',(0.,1.,0.));
#1166 = FACE_BOUND('',#1167,.T.);
#1167 = EDGE_LOOP('',(#1168));
#1168 = ORIENTED_EDGE('',*,*,#1169,.T.);
#1169 = EDGE_CURVE('',#1170,#1170,#1172,.T.);
#1170 = VERTEX_POINT('',#1171);
#1171 = CARTESIAN_POINT('',(9.,14.65,10.));
#1172 = CIRCLE('',#1173,2.15);
#1173 = AXIS2_PLACEMENT_3D('',#1174,#1175,#1176);
#1174 = CARTESIAN_POINT('',(9.,12.5,10.));
#1175 = DIRECTION('',(1.,0.,0.));
#1176 = DIRECTION('',(0.,1.,0.));
#1177 = FACE_BOUND('',#1178,.T.);
#1178 = EDGE_LOOP('',(#1179));
#1179 = ORIENTED_EDGE('',*,*,#1180,.T.);
#1180 = EDGE_CURVE('',#1181,#1181,#1183,.T.);
#1181 = VERTEX_POINT('',#1182);
#1182 = CARTESIAN_POINT('',(9.,-10.35,35.));
#1183 = CIRCLE('',#1184,2.15);
#1184 = AXIS2_PLACEMENT_3D('',#1185,#1186,#1187);
#1185 = CARTESIAN_POINT('',(9.,-12.5,35.));
#1186 = DIRECTION('',(1.,0.,0.));
#1187 = DIRECTION('',(0.,1.,0.));
#1188 = FACE_BOUND('',#1189,.T.);
#1189 = EDGE_LOOP('',(#1190));
#1190 = ORIENTED_EDGE('',*,*,#1191,.T.);
#1191 = EDGE_CURVE('',#1192,#1192,#1194,.T.);
#1192 = VERTEX_POINT('',#1193);
#1193 = CARTESIAN_POINT('',(9.,-10.35,10.));
#1194 = CIRCLE('',#1195,2.15);
#1195 = AXIS2_PLACEMENT_3D('',#1196,#1197,#1198);
#1196 = CARTESIAN_POINT('',(9.,-12.5,10.));
#1197 = DIRECTION('',(1.,0.,0.));
#1198 = DIRECTION('',(0.,1.,0.));
#1199 = PLANE('',#1200);
#1200 = AXIS2_PLACEMENT_3D('',#1201,#1202,#1203);
#1201 = CARTESIAN_POINT('',(9.,5.684341886081E-16,24.96));
#1202 = DIRECTION('',(-1.,-0.,-0.));
#1203 = DIRECTION('',(0.,0.,-1.));
#1204 = ADVANCED_FACE('',(#1205),#1223,.T.);
#1205 = FACE_BOUND('',#1206,.T.);
#1206 = EDGE_LOOP('',(#1207,#1208,#1216,#1222));
#1207 = ORIENTED_EDGE('',*,*,#190,.T.);
#1208 = ORIENTED_EDGE('',*,*,#1209,.T.);
#1209 = EDGE_CURVE('',#183,#1210,#1212,.T.);
#1210 = VERTEX_POINT('',#1211);
#1211 = CARTESIAN_POINT('',(16.29,29.8,7.5));
#1212 = LINE('',#1213,#1214);
#1213 = CARTESIAN_POINT('',(16.29,29.8,0.));
#1214 = VECTOR('',#1215,1.);
#1215 = DIRECTION('',(0.,0.,1.));
#1216 = ORIENTED_EDGE('',*,*,#1217,.T.);
#1217 = EDGE_CURVE('',#1210,#1062,#1218,.T.);
#1218 = LINE('',#1219,#1220);
#1219 = CARTESIAN_POINT('',(36.,29.8,7.5));
#1220 = VECTOR('',#1221,1.);
#1221 = DIRECTION('',(1.,0.,0.));
#1222 = ORIENTED_EDGE('',*,*,#1069,.F.);
#1223 = PLANE('',#1224);
#1224 = AXIS2_PLACEMENT_3D('',#1225,#1226,#1227);
#1225 = CARTESIAN_POINT('',(23.75,29.8,3.75));
#1226 = DIRECTION('',(0.,1.,0.));
#1227 = DIRECTION('',(0.,0.,1.));
#1228 = ADVANCED_FACE('',(#1229),#1247,.T.);
#1229 = FACE_BOUND('',#1230,.F.);
#1230 = EDGE_LOOP('',(#1231,#1232,#1240,#1246));
#1231 = ORIENTED_EDGE('',*,*,#166,.F.);
#1232 = ORIENTED_EDGE('',*,*,#1233,.T.);
#1233 = EDGE_CURVE('',#167,#1234,#1236,.T.);
#1234 = VERTEX_POINT('',#1235);
#1235 = CARTESIAN_POINT('',(14.,27.5,7.5));
#1236 = LINE('',#1237,#1238);
#1237 = CARTESIAN_POINT('',(14.,27.5,0.));
#1238 = VECTOR('',#1239,1.);
#1239 = DIRECTION('',(0.,0.,1.));
#1240 = ORIENTED_EDGE('',*,*,#1241,.T.);
#1241 = EDGE_CURVE('',#1234,#1084,#1242,.T.);
#1242 = LINE('',#1243,#1244);
#1243 = CARTESIAN_POINT('',(13.424859550562,26.924859550562,7.5));
#1244 = VECTOR('',#1245,1.);
#1245 = DIRECTION('',(-0.707106781187,-0.707106781187,0.));
#1246 = ORIENTED_EDGE('',*,*,#1083,.F.);
#1247 = PLANE('',#1248);
#1248 = AXIS2_PLACEMENT_3D('',#1249,#1250,#1251);
#1249 = CARTESIAN_POINT('',(11.5,25.,0.));
#1250 = DIRECTION('',(-0.707106781187,0.707106781187,0.));
#1251 = DIRECTION('',(-0.,-0.,-1.));
#1252 = ADVANCED_FACE('',(#1253),#1271,.F.);
#1253 = FACE_BOUND('',#1254,.T.);
#1254 = EDGE_LOOP('',(#1255,#1256,#1264,#1270));
#1255 = ORIENTED_EDGE('',*,*,#182,.F.);
#1256 = ORIENTED_EDGE('',*,*,#1257,.T.);
#1257 = EDGE_CURVE('',#175,#1258,#1260,.T.);
#1258 = VERTEX_POINT('',#1259);
#1259 = CARTESIAN_POINT('',(14.,27.51,7.5));
#1260 = LINE('',#1261,#1262);
#1261 = CARTESIAN_POINT('',(14.,27.51,0.));
#1262 = VECTOR('',#1263,1.);
#1263 = DIRECTION('',(0.,0.,1.));
#1264 = ORIENTED_EDGE('',*,*,#1265,.T.);
#1265 = EDGE_CURVE('',#1258,#1210,#1266,.T.);
#1266 = LINE('',#1267,#1268);
#1267 = CARTESIAN_POINT('',(15.493740175293,29.003740175293,7.5));
#1268 = VECTOR('',#1269,1.);
#1269 = DIRECTION('',(0.707106781187,0.707106781187,0.));
#1270 = ORIENTED_EDGE('',*,*,#1209,.F.);
#1271 = PLANE('',#1272);
#1272 = AXIS2_PLACEMENT_3D('',#1273,#1274,#1275);
#1273 = CARTESIAN_POINT('',(15.145,28.655,0.));
#1274 = DIRECTION('',(0.707106781187,-0.707106781187,0.));
#1275 = DIRECTION('',(-0.,-0.,-1.));
#1276 = ADVANCED_FACE('',(#1277),#1288,.F.);
#1277 = FACE_BOUND('',#1278,.F.);
#1278 = EDGE_LOOP('',(#1279,#1280,#1281,#1287));
#1279 = ORIENTED_EDGE('',*,*,#174,.T.);
#1280 = ORIENTED_EDGE('',*,*,#1257,.T.);
#1281 = ORIENTED_EDGE('',*,*,#1282,.F.);
#1282 = EDGE_CURVE('',#1234,#1258,#1283,.T.);
#1283 = LINE('',#1284,#1285);
#1284 = CARTESIAN_POINT('',(14.,27.5,7.5));
#1285 = VECTOR('',#1286,1.);
#1286 = DIRECTION('',(0.,1.,0.));
#1287 = ORIENTED_EDGE('',*,*,#1233,.F.);
#1288 = PLANE('',#1289);
#1289 = AXIS2_PLACEMENT_3D('',#1290,#1291,#1292);
#1290 = CARTESIAN_POINT('',(14.,27.5,0.));
#1291 = DIRECTION('',(1.,0.,0.));
#1292 = DIRECTION('',(0.,0.,1.));
#1293 = ADVANCED_FACE('',(#1294),#1313,.F.);
#1294 = FACE_BOUND('',#1295,.F.);
#1295 = EDGE_LOOP('',(#1296,#1304,#1311,#1312));
#1296 = ORIENTED_EDGE('',*,*,#1297,.T.);
#1297 = EDGE_CURVE('',#295,#1298,#1300,.T.);
#1298 = VERTEX_POINT('',#1299);
#1299 = CARTESIAN_POINT('',(34.5,1.E-15,6.));
#1300 = LINE('',#1301,#1302);
#1301 = CARTESIAN_POINT('',(34.5,0.,5.E-16));
#1302 = VECTOR('',#1303,1.);
#1303 = DIRECTION('',(0.,1.2E-16,1.));
#1304 = ORIENTED_EDGE('',*,*,#1305,.T.);
#1305 = EDGE_CURVE('',#1298,#1298,#1306,.T.);
#1306 = CIRCLE('',#1307,4.5);
#1307 = AXIS2_PLACEMENT_3D('',#1308,#1309,#1310);
#1308 = CARTESIAN_POINT('',(30.,1.E-15,6.));
#1309 = DIRECTION('',(0.,0.,-1.));
#1310 = DIRECTION('',(1.,0.,0.));
#1311 = ORIENTED_EDGE('',*,*,#1297,.F.);
#1312 = ORIENTED_EDGE('',*,*,#294,.F.);
#1313 = CYLINDRICAL_SURFACE('',#1314,4.5);
#1314 = AXIS2_PLACEMENT_3D('',#1315,#1316,#1317);
#1315 = CARTESIAN_POINT('',(30.,0.,5.E-16));
#1316 = DIRECTION('',(0.,-1.2E-16,-1.));
#1317 = DIRECTION('',(1.,0.,0.));
#1318 = ADVANCED_FACE('',(#1319),#1338,.F.);
#1319 = FACE_BOUND('',#1320,.F.);
#1320 = EDGE_LOOP('',(#1321,#1329,#1336,#1337));
#1321 = ORIENTED_EDGE('',*,*,#1322,.T.);
#1322 = EDGE_CURVE('',#306,#1323,#1325,.T.);
#1323 = VERTEX_POINT('',#1324);
#1324 = CARTESIAN_POINT('',(23.5,1.E-15,6.));
#1325 = LINE('',#1326,#1327);
#1326 = CARTESIAN_POINT('',(23.5,0.,5.E-16));
#1327 = VECTOR('',#1328,1.);
#1328 = DIRECTION('',(0.,1.2E-16,1.));
#1329 = ORIENTED_EDGE('',*,*,#1330,.T.);
#1330 = EDGE_CURVE('',#1323,#1323,#1331,.T.);
#1331 = CIRCLE('',#1332,4.5);
#1332 = AXIS2_PLACEMENT_3D('',#1333,#1334,#1335);
#1333 = CARTESIAN_POINT('',(19.,1.E-15,6.));
#1334 = DIRECTION('',(0.,0.,-1.));
#1335 = DIRECTION('',(1.,0.,0.));
#1336 = ORIENTED_EDGE('',*,*,#1322,.F.);
#1337 = ORIENTED_EDGE('',*,*,#305,.F.);
#1338 = CYLINDRICAL_SURFACE('',#1339,4.5);
#1339 = AXIS2_PLACEMENT_3D('',#1340,#1341,#1342);
#1340 = CARTESIAN_POINT('',(19.,0.,5.E-16));
#1341 = DIRECTION('',(0.,-1.2E-16,-1.));
#1342 = DIRECTION('',(1.,0.,0.));
#1343 = ADVANCED_FACE('',(#1344),#1363,.F.);
#1344 = FACE_BOUND('',#1345,.F.);
#1345 = EDGE_LOOP('',(#1346,#1355,#1361,#1362));
#1346 = ORIENTED_EDGE('',*,*,#1347,.F.);
#1347 = EDGE_CURVE('',#1348,#1348,#1350,.T.);
#1348 = VERTEX_POINT('',#1349);
#1349 = CARTESIAN_POINT('',(31.45,24.15,7.5));
#1350 = CIRCLE('',#1351,2.65);
#1351 = AXIS2_PLACEMENT_3D('',#1352,#1353,#1354);
#1352 = CARTESIAN_POINT('',(28.8,24.15,7.5));
#1353 = DIRECTION('',(0.,0.,1.));
#1354 = DIRECTION('',(1.,0.,0.));
#1355 = ORIENTED_EDGE('',*,*,#1356,.T.);
#1356 = EDGE_CURVE('',#1348,#317,#1357,.T.);
#1357 = LINE('',#1358,#1359);
#1358 = CARTESIAN_POINT('',(31.45,24.15,7.5));
#1359 = VECTOR('',#1360,1.);
#1360 = DIRECTION('',(-0.,-0.,-1.));
#1361 = ORIENTED_EDGE('',*,*,#316,.T.);
#1362 = ORIENTED_EDGE('',*,*,#1356,.F.);
#1363 = CYLINDRICAL_SURFACE('',#1364,2.65);
#1364 = AXIS2_PLACEMENT_3D('',#1365,#1366,#1367);
#1365 = CARTESIAN_POINT('',(28.8,24.15,7.5));
#1366 = DIRECTION('',(0.,0.,1.));
#1367 = DIRECTION('',(1.,0.,0.));
#1368 = ADVANCED_FACE('',(#1369),#1380,.F.);
#1369 = FACE_BOUND('',#1370,.F.);
#1370 = EDGE_LOOP('',(#1371,#1372,#1378,#1379));
#1371 = ORIENTED_EDGE('',*,*,#515,.F.);
#1372 = ORIENTED_EDGE('',*,*,#1373,.T.);
#1373 = EDGE_CURVE('',#516,#328,#1374,.T.);
#1374 = LINE('',#1375,#1376);
#1375 = CARTESIAN_POINT('',(27.15,-24.05,50.));
#1376 = VECTOR('',#1377,1.);
#1377 = DIRECTION('',(-0.,-0.,-1.));
#1378 = ORIENTED_EDGE('',*,*,#327,.T.);
#1379 = ORIENTED_EDGE('',*,*,#1373,.F.);
#1380 = CYLINDRICAL_SURFACE('',#1381,2.65);
#1381 = AXIS2_PLACEMENT_3D('',#1382,#1383,#1384);
#1382 = CARTESIAN_POINT('',(24.5,-24.05,50.));
#1383 = DIRECTION('',(0.,0.,1.));
#1384 = DIRECTION('',(1.,0.,0.));
#1385 = ADVANCED_FACE('',(#1386),#1404,.T.);
#1386 = FACE_BOUND('',#1387,.T.);
#1387 = EDGE_LOOP('',(#1388,#1396,#1402,#1403));
#1388 = ORIENTED_EDGE('',*,*,#1389,.T.);
#1389 = EDGE_CURVE('',#460,#1390,#1392,.T.);
#1390 = VERTEX_POINT('',#1391);
#1391 = CARTESIAN_POINT('',(13.,-17.5,42.25));
#1392 = LINE('',#1393,#1394);
#1393 = CARTESIAN_POINT('',(13.,-17.5,42.));
#1394 = VECTOR('',#1395,1.);
#1395 = DIRECTION('',(0.,0.,1.));
#1396 = ORIENTED_EDGE('',*,*,#1397,.T.);
#1397 = EDGE_CURVE('',#1390,#1095,#1398,.T.);
#1398 = LINE('',#1399,#1400);
#1399 = CARTESIAN_POINT('',(10.,-17.5,42.25));
#1400 = VECTOR('',#1401,1.);
#1401 = DIRECTION('',(-1.,-0.,-0.));
#1402 = ORIENTED_EDGE('',*,*,#1094,.T.);
#1403 = ORIENTED_EDGE('',*,*,#467,.T.);
#1404 = PLANE('',#1405);
#1405 = AXIS2_PLACEMENT_3D('',#1406,#1407,#1408);
#1406 = CARTESIAN_POINT('',(11.,-17.5,24.875));
#1407 = DIRECTION('',(-0.,-1.,-0.));
#1408 = DIRECTION('',(0.,0.,-1.));
#1409 = ADVANCED_FACE('',(#1410,#1592,#1621,#1650,#1679),#1708,.T.);
#1410 = FACE_BOUND('',#1411,.T.);
#1411 = EDGE_LOOP('',(#1412,#1422,#1430,#1438,#1446,#1454,#1462,#1471,
    #1479,#1487,#1495,#1504,#1512,#1518,#1519,#1520,#1528,#1536,#1544,
    #1553,#1561,#1569,#1577,#1586));
#1412 = ORIENTED_EDGE('',*,*,#1413,.T.);
#1413 = EDGE_CURVE('',#1414,#1416,#1418,.T.);
#1414 = VERTEX_POINT('',#1415);
#1415 = CARTESIAN_POINT('',(13.,12.5,5.));
#1416 = VERTEX_POINT('',#1417);
#1417 = CARTESIAN_POINT('',(13.,12.5,5.25));
#1418 = LINE('',#1419,#1420);
#1419 = CARTESIAN_POINT('',(13.,12.5,0.));
#1420 = VECTOR('',#1421,1.);
#1421 = DIRECTION('',(0.,0.,1.));
#1422 = ORIENTED_EDGE('',*,*,#1423,.T.);
#1423 = EDGE_CURVE('',#1416,#1424,#1426,.T.);
#1424 = VERTEX_POINT('',#1425);
#1425 = CARTESIAN_POINT('',(13.,14.75,7.5));
#1426 = LINE('',#1427,#1428);
#1427 = CARTESIAN_POINT('',(13.,14.573829924471,7.323829924471));
#1428 = VECTOR('',#1429,1.);
#1429 = DIRECTION('',(0.,0.707106781187,0.707106781187));
#1430 = ORIENTED_EDGE('',*,*,#1431,.T.);
#1431 = EDGE_CURVE('',#1424,#1432,#1434,.T.);
#1432 = VERTEX_POINT('',#1433);
#1433 = CARTESIAN_POINT('',(13.,17.5,7.5));
#1434 = LINE('',#1435,#1436);
#1435 = CARTESIAN_POINT('',(13.,12.5,7.5));
#1436 = VECTOR('',#1437,1.);
#1437 = DIRECTION('',(0.,1.,0.));
#1438 = ORIENTED_EDGE('',*,*,#1439,.T.);
#1439 = EDGE_CURVE('',#1432,#1440,#1442,.T.);
#1440 = VERTEX_POINT('',#1441);
#1441 = CARTESIAN_POINT('',(13.,17.5,42.));
#1442 = LINE('',#1443,#1444);
#1443 = CARTESIAN_POINT('',(13.,17.5,7.5));
#1444 = VECTOR('',#1445,1.);
#1445 = DIRECTION('',(0.,0.,1.));
#1446 = ORIENTED_EDGE('',*,*,#1447,.T.);
#1447 = EDGE_CURVE('',#1440,#1448,#1450,.T.);
#1448 = VERTEX_POINT('',#1449);
#1449 = CARTESIAN_POINT('',(13.,12.5,42.));
#1450 = LINE('',#1451,#1452);
#1451 = CARTESIAN_POINT('',(13.,17.5,42.));
#1452 = VECTOR('',#1453,1.);
#1453 = DIRECTION('',(0.,-1.,0.));
#1454 = ORIENTED_EDGE('',*,*,#1455,.T.);
#1455 = EDGE_CURVE('',#1448,#1456,#1458,.T.);
#1456 = VERTEX_POINT('',#1457);
#1457 = CARTESIAN_POINT('',(13.,12.5,42.721401337245));
#1458 = LINE('',#1459,#1460);
#1459 = CARTESIAN_POINT('',(13.,12.5,0.));
#1460 = VECTOR('',#1461,1.);
#1461 = DIRECTION('',(0.,0.,1.));
#1462 = ORIENTED_EDGE('',*,*,#1463,.T.);
#1463 = EDGE_CURVE('',#1456,#1464,#1466,.T.);
#1464 = VERTEX_POINT('',#1465);
#1465 = CARTESIAN_POINT('',(13.,9.323120181417,38.));
#1466 = CIRCLE('',#1467,5.690279667418);
#1467 = AXIS2_PLACEMENT_3D('',#1468,#1469,#1470);
#1468 = CARTESIAN_POINT('',(13.,15.,37.609720332582));
#1469 = DIRECTION('',(1.,0.,0.));
#1470 = DIRECTION('',(0.,1.,0.));
#1471 = ORIENTED_EDGE('',*,*,#1472,.F.);
#1472 = EDGE_CURVE('',#1473,#1464,#1475,.T.);
#1473 = VERTEX_POINT('',#1474);
#1474 = CARTESIAN_POINT('',(13.,9.,33.3));
#1475 = LINE('',#1476,#1477);
#1476 = CARTESIAN_POINT('',(13.,9.,33.3));
#1477 = VECTOR('',#1478,1.);
#1478 = DIRECTION('',(0.,6.858708011361E-02,0.997645133523));
#1479 = ORIENTED_EDGE('',*,*,#1480,.F.);
#1480 = EDGE_CURVE('',#1481,#1473,#1483,.T.);
#1481 = VERTEX_POINT('',#1482);
#1482 = CARTESIAN_POINT('',(13.,-9.,33.3));
#1483 = LINE('',#1484,#1485);
#1484 = CARTESIAN_POINT('',(13.,-9.,33.3));
#1485 = VECTOR('',#1486,1.);
#1486 = DIRECTION('',(0.,1.,0.));
#1487 = ORIENTED_EDGE('',*,*,#1488,.F.);
#1488 = EDGE_CURVE('',#1489,#1481,#1491,.T.);
#1489 = VERTEX_POINT('',#1490);
#1490 = CARTESIAN_POINT('',(13.,-9.323120181417,38.));
#1491 = LINE('',#1492,#1493);
#1492 = CARTESIAN_POINT('',(13.,-9.323120181417,38.));
#1493 = VECTOR('',#1494,1.);
#1494 = DIRECTION('',(0.,6.858708011361E-02,-0.997645133523));
#1495 = ORIENTED_EDGE('',*,*,#1496,.T.);
#1496 = EDGE_CURVE('',#1489,#1497,#1499,.T.);
#1497 = VERTEX_POINT('',#1498);
#1498 = CARTESIAN_POINT('',(13.,-12.5,42.721401337245));
#1499 = CIRCLE('',#1500,5.690279667418);
#1500 = AXIS2_PLACEMENT_3D('',#1501,#1502,#1503);
#1501 = CARTESIAN_POINT('',(13.,-15.,37.609720332582));
#1502 = DIRECTION('',(1.,0.,0.));
#1503 = DIRECTION('',(0.,1.,0.));
#1504 = ORIENTED_EDGE('',*,*,#1505,.F.);
#1505 = EDGE_CURVE('',#1506,#1497,#1508,.T.);
#1506 = VERTEX_POINT('',#1507);
#1507 = CARTESIAN_POINT('',(13.,-12.5,42.25));
#1508 = LINE('',#1509,#1510);
#1509 = CARTESIAN_POINT('',(13.,-12.5,0.));
#1510 = VECTOR('',#1511,1.);
#1511 = DIRECTION('',(0.,0.,1.));
#1512 = ORIENTED_EDGE('',*,*,#1513,.T.);
#1513 = EDGE_CURVE('',#1506,#1390,#1514,.T.);
#1514 = LINE('',#1515,#1516);
#1515 = CARTESIAN_POINT('',(13.,-12.5,42.25));
#1516 = VECTOR('',#1517,1.);
#1517 = DIRECTION('',(0.,-1.,0.));
#1518 = ORIENTED_EDGE('',*,*,#1389,.F.);
#1519 = ORIENTED_EDGE('',*,*,#459,.T.);
#1520 = ORIENTED_EDGE('',*,*,#1521,.T.);
#1521 = EDGE_CURVE('',#452,#1522,#1524,.T.);
#1522 = VERTEX_POINT('',#1523);
#1523 = CARTESIAN_POINT('',(13.,-12.5,5.25));
#1524 = LINE('',#1525,#1526);
#1525 = CARTESIAN_POINT('',(13.,-14.57382992447,7.323829924471));
#1526 = VECTOR('',#1527,1.);
#1527 = DIRECTION('',(0.,0.707106781187,-0.707106781187));
#1528 = ORIENTED_EDGE('',*,*,#1529,.F.);
#1529 = EDGE_CURVE('',#1530,#1522,#1532,.T.);
#1530 = VERTEX_POINT('',#1531);
#1531 = CARTESIAN_POINT('',(13.,-12.5,5.));
#1532 = LINE('',#1533,#1534);
#1533 = CARTESIAN_POINT('',(13.,-12.5,0.));
#1534 = VECTOR('',#1535,1.);
#1535 = DIRECTION('',(0.,0.,1.));
#1536 = ORIENTED_EDGE('',*,*,#1537,.F.);
#1537 = EDGE_CURVE('',#1538,#1530,#1540,.T.);
#1538 = VERTEX_POINT('',#1539);
#1539 = CARTESIAN_POINT('',(13.,-12.,5.));
#1540 = LINE('',#1541,#1542);
#1541 = CARTESIAN_POINT('',(13.,-12.,5.));
#1542 = VECTOR('',#1543,1.);
#1543 = DIRECTION('',(0.,-1.,0.));
#1544 = ORIENTED_EDGE('',*,*,#1545,.T.);
#1545 = EDGE_CURVE('',#1538,#1546,#1548,.T.);
#1546 = VERTEX_POINT('',#1547);
#1547 = CARTESIAN_POINT('',(13.,-7.,10.));
#1548 = CIRCLE('',#1549,5.);
#1549 = AXIS2_PLACEMENT_3D('',#1550,#1551,#1552);
#1550 = CARTESIAN_POINT('',(13.,-12.,10.));
#1551 = DIRECTION('',(1.,0.,0.));
#1552 = DIRECTION('',(0.,1.,0.));
#1553 = ORIENTED_EDGE('',*,*,#1554,.F.);
#1554 = EDGE_CURVE('',#1555,#1546,#1557,.T.);
#1555 = VERTEX_POINT('',#1556);
#1556 = CARTESIAN_POINT('',(13.,-7.,13.));
#1557 = LINE('',#1558,#1559);
#1558 = CARTESIAN_POINT('',(13.,-7.,13.));
#1559 = VECTOR('',#1560,1.);
#1560 = DIRECTION('',(0.,-5.9E-16,-1.));
#1561 = ORIENTED_EDGE('',*,*,#1562,.F.);
#1562 = EDGE_CURVE('',#1563,#1555,#1565,.T.);
#1563 = VERTEX_POINT('',#1564);
#1564 = CARTESIAN_POINT('',(13.,7.,13.));
#1565 = LINE('',#1566,#1567);
#1566 = CARTESIAN_POINT('',(13.,7.,13.));
#1567 = VECTOR('',#1568,1.);
#1568 = DIRECTION('',(0.,-1.,0.));
#1569 = ORIENTED_EDGE('',*,*,#1570,.F.);
#1570 = EDGE_CURVE('',#1571,#1563,#1573,.T.);
#1571 = VERTEX_POINT('',#1572);
#1572 = CARTESIAN_POINT('',(13.,7.,10.));
#1573 = LINE('',#1574,#1575);
#1574 = CARTESIAN_POINT('',(13.,7.,10.));
#1575 = VECTOR('',#1576,1.);
#1576 = DIRECTION('',(0.,3.E-16,1.));
#1577 = ORIENTED_EDGE('',*,*,#1578,.T.);
#1578 = EDGE_CURVE('',#1571,#1579,#1581,.T.);
#1579 = VERTEX_POINT('',#1580);
#1580 = CARTESIAN_POINT('',(13.,12.,5.));
#1581 = CIRCLE('',#1582,5.);
#1582 = AXIS2_PLACEMENT_3D('',#1583,#1584,#1585);
#1583 = CARTESIAN_POINT('',(13.,12.,10.));
#1584 = DIRECTION('',(1.,0.,0.));
#1585 = DIRECTION('',(0.,1.,0.));
#1586 = ORIENTED_EDGE('',*,*,#1587,.F.);
#1587 = EDGE_CURVE('',#1414,#1579,#1588,.T.);
#1588 = LINE('',#1589,#1590);
#1589 = CARTESIAN_POINT('',(13.,20.,5.));
#1590 = VECTOR('',#1591,1.);
#1591 = DIRECTION('',(0.,-1.,0.));
#1592 = FACE_BOUND('',#1593,.T.);
#1593 = EDGE_LOOP('',(#1594,#1605,#1614));
#1594 = ORIENTED_EDGE('',*,*,#1595,.F.);
#1595 = EDGE_CURVE('',#1596,#1598,#1600,.T.);
#1596 = VERTEX_POINT('',#1597);
#1597 = CARTESIAN_POINT('',(13.,12.5,12.15));
#1598 = VERTEX_POINT('',#1599);
#1599 = CARTESIAN_POINT('',(13.,12.5,7.85));
#1600 = CIRCLE('',#1601,2.15);
#1601 = AXIS2_PLACEMENT_3D('',#1602,#1603,#1604);
#1602 = CARTESIAN_POINT('',(13.,12.5,10.));
#1603 = DIRECTION('',(1.,0.,0.));
#1604 = DIRECTION('',(0.,1.,0.));
#1605 = ORIENTED_EDGE('',*,*,#1606,.F.);
#1606 = EDGE_CURVE('',#1607,#1596,#1609,.T.);
#1607 = VERTEX_POINT('',#1608);
#1608 = CARTESIAN_POINT('',(13.,14.65,10.));
#1609 = CIRCLE('',#1610,2.15);
#1610 = AXIS2_PLACEMENT_3D('',#1611,#1612,#1613);
#1611 = CARTESIAN_POINT('',(13.,12.5,10.));
#1612 = DIRECTION('',(1.,0.,0.));
#1613 = DIRECTION('',(0.,1.,0.));
#1614 = ORIENTED_EDGE('',*,*,#1615,.F.);
#1615 = EDGE_CURVE('',#1598,#1607,#1616,.T.);
#1616 = CIRCLE('',#1617,2.15);
#1617 = AXIS2_PLACEMENT_3D('',#1618,#1619,#1620);
#1618 = CARTESIAN_POINT('',(13.,12.5,10.));
#1619 = DIRECTION('',(1.,0.,0.));
#1620 = DIRECTION('',(0.,1.,0.));
#1621 = FACE_BOUND('',#1622,.T.);
#1622 = EDGE_LOOP('',(#1623,#1634,#1643));
#1623 = ORIENTED_EDGE('',*,*,#1624,.F.);
#1624 = EDGE_CURVE('',#1625,#1627,#1629,.T.);
#1625 = VERTEX_POINT('',#1626);
#1626 = CARTESIAN_POINT('',(13.,-12.5,7.85));
#1627 = VERTEX_POINT('',#1628);
#1628 = CARTESIAN_POINT('',(13.,-10.35,10.));
#1629 = CIRCLE('',#1630,2.15);
#1630 = AXIS2_PLACEMENT_3D('',#1631,#1632,#1633);
#1631 = CARTESIAN_POINT('',(13.,-12.5,10.));
#1632 = DIRECTION('',(1.,0.,0.));
#1633 = DIRECTION('',(0.,1.,0.));
#1634 = ORIENTED_EDGE('',*,*,#1635,.F.);
#1635 = EDGE_CURVE('',#1636,#1625,#1638,.T.);
#1636 = VERTEX_POINT('',#1637);
#1637 = CARTESIAN_POINT('',(13.,-12.5,12.15));
#1638 = CIRCLE('',#1639,2.15);
#1639 = AXIS2_PLACEMENT_3D('',#1640,#1641,#1642);
#1640 = CARTESIAN_POINT('',(13.,-12.5,10.));
#1641 = DIRECTION('',(1.,0.,0.));
#1642 = DIRECTION('',(0.,1.,0.));
#1643 = ORIENTED_EDGE('',*,*,#1644,.F.);
#1644 = EDGE_CURVE('',#1627,#1636,#1645,.T.);
#1645 = CIRCLE('',#1646,2.15);
#1646 = AXIS2_PLACEMENT_3D('',#1647,#1648,#1649);
#1647 = CARTESIAN_POINT('',(13.,-12.5,10.));
#1648 = DIRECTION('',(1.,0.,0.));
#1649 = DIRECTION('',(0.,1.,0.));
#1650 = FACE_BOUND('',#1651,.T.);
#1651 = EDGE_LOOP('',(#1652,#1663,#1672));
#1652 = ORIENTED_EDGE('',*,*,#1653,.F.);
#1653 = EDGE_CURVE('',#1654,#1656,#1658,.T.);
#1654 = VERTEX_POINT('',#1655);
#1655 = CARTESIAN_POINT('',(13.,12.5,37.15));
#1656 = VERTEX_POINT('',#1657);
#1657 = CARTESIAN_POINT('',(13.,12.5,32.85));
#1658 = CIRCLE('',#1659,2.15);
#1659 = AXIS2_PLACEMENT_3D('',#1660,#1661,#1662);
#1660 = CARTESIAN_POINT('',(13.,12.5,35.));
#1661 = DIRECTION('',(1.,0.,0.));
#1662 = DIRECTION('',(0.,1.,0.));
#1663 = ORIENTED_EDGE('',*,*,#1664,.F.);
#1664 = EDGE_CURVE('',#1665,#1654,#1667,.T.);
#1665 = VERTEX_POINT('',#1666);
#1666 = CARTESIAN_POINT('',(13.,14.65,35.));
#1667 = CIRCLE('',#1668,2.15);
#1668 = AXIS2_PLACEMENT_3D('',#1669,#1670,#1671);
#1669 = CARTESIAN_POINT('',(13.,12.5,35.));
#1670 = DIRECTION('',(1.,0.,0.));
#1671 = DIRECTION('',(0.,1.,0.));
#1672 = ORIENTED_EDGE('',*,*,#1673,.F.);
#1673 = EDGE_CURVE('',#1656,#1665,#1674,.T.);
#1674 = CIRCLE('',#1675,2.15);
#1675 = AXIS2_PLACEMENT_3D('',#1676,#1677,#1678);
#1676 = CARTESIAN_POINT('',(13.,12.5,35.));
#1677 = DIRECTION('',(1.,0.,0.));
#1678 = DIRECTION('',(0.,1.,0.));
#1679 = FACE_BOUND('',#1680,.T.);
#1680 = EDGE_LOOP('',(#1681,#1692,#1701));
#1681 = ORIENTED_EDGE('',*,*,#1682,.F.);
#1682 = EDGE_CURVE('',#1683,#1685,#1687,.T.);
#1683 = VERTEX_POINT('',#1684);
#1684 = CARTESIAN_POINT('',(13.,-12.5,32.85));
#1685 = VERTEX_POINT('',#1686);
#1686 = CARTESIAN_POINT('',(13.,-10.35,35.));
#1687 = CIRCLE('',#1688,2.15);
#1688 = AXIS2_PLACEMENT_3D('',#1689,#1690,#1691);
#1689 = CARTESIAN_POINT('',(13.,-12.5,35.));
#1690 = DIRECTION('',(1.,0.,0.));
#1691 = DIRECTION('',(0.,1.,0.));
#1692 = ORIENTED_EDGE('',*,*,#1693,.F.);
#1693 = EDGE_CURVE('',#1694,#1683,#1696,.T.);
#1694 = VERTEX_POINT('',#1695);
#1695 = CARTESIAN_POINT('',(13.,-12.5,37.15));
#1696 = CIRCLE('',#1697,2.15);
#1697 = AXIS2_PLACEMENT_3D('',#1698,#1699,#1700);
#1698 = CARTESIAN_POINT('',(13.,-12.5,35.));
#1699 = DIRECTION('',(1.,0.,0.));
#1700 = DIRECTION('',(0.,1.,0.));
#1701 = ORIENTED_EDGE('',*,*,#1702,.F.);
#1702 = EDGE_CURVE('',#1685,#1694,#1703,.T.);
#1703 = CIRCLE('',#1704,2.15);
#1704 = AXIS2_PLACEMENT_3D('',#1705,#1706,#1707);
#1705 = CARTESIAN_POINT('',(13.,-12.5,35.));
#1706 = DIRECTION('',(1.,0.,0.));
#1707 = DIRECTION('',(0.,1.,0.));
#1708 = PLANE('',#1709);
#1709 = AXIS2_PLACEMENT_3D('',#1710,#1711,#1712);
#1710 = CARTESIAN_POINT('',(13.,-7.413278434176E-03,24.045047200197));
#1711 = DIRECTION('',(1.,0.,0.));
#1712 = DIRECTION('',(0.,0.,1.));
#1713 = ADVANCED_FACE('',(#1714),#1725,.T.);
#1714 = FACE_BOUND('',#1715,.F.);
#1715 = EDGE_LOOP('',(#1716,#1717,#1718,#1719));
#1716 = ORIENTED_EDGE('',*,*,#607,.F.);
#1717 = ORIENTED_EDGE('',*,*,#451,.T.);
#1718 = ORIENTED_EDGE('',*,*,#1521,.T.);
#1719 = ORIENTED_EDGE('',*,*,#1720,.F.);
#1720 = EDGE_CURVE('',#600,#1522,#1721,.T.);
#1721 = LINE('',#1722,#1723);
#1722 = CARTESIAN_POINT('',(31.,-12.5,5.25));
#1723 = VECTOR('',#1724,1.);
#1724 = DIRECTION('',(-1.,-0.,-0.));
#1725 = PLANE('',#1726);
#1726 = AXIS2_PLACEMENT_3D('',#1727,#1728,#1729);
#1727 = CARTESIAN_POINT('',(31.,-13.625,6.375));
#1728 = DIRECTION('',(0.,0.707106781187,0.707106781187));
#1729 = DIRECTION('',(1.,0.,0.));
#1730 = ADVANCED_FACE('',(#1731),#1742,.T.);
#1731 = FACE_BOUND('',#1732,.T.);
#1732 = EDGE_LOOP('',(#1733,#1734,#1735,#1736));
#1733 = ORIENTED_EDGE('',*,*,#1529,.T.);
#1734 = ORIENTED_EDGE('',*,*,#1720,.F.);
#1735 = ORIENTED_EDGE('',*,*,#599,.T.);
#1736 = ORIENTED_EDGE('',*,*,#1737,.T.);
#1737 = EDGE_CURVE('',#592,#1530,#1738,.T.);
#1738 = LINE('',#1739,#1740);
#1739 = CARTESIAN_POINT('',(13.,-12.5,5.));
#1740 = VECTOR('',#1741,1.);
#1741 = DIRECTION('',(-1.,0.,0.));
#1742 = PLANE('',#1743);
#1743 = AXIS2_PLACEMENT_3D('',#1744,#1745,#1746);
#1744 = CARTESIAN_POINT('',(25.975409836066,-12.5,5.225409836066));
#1745 = DIRECTION('',(0.,1.,0.));
#1746 = DIRECTION('',(0.,0.,1.));
#1747 = ADVANCED_FACE('',(#1748),#1759,.F.);
#1748 = FACE_BOUND('',#1749,.F.);
#1749 = EDGE_LOOP('',(#1750,#1751,#1757,#1758));
#1750 = ORIENTED_EDGE('',*,*,#1537,.F.);
#1751 = ORIENTED_EDGE('',*,*,#1752,.T.);
#1752 = EDGE_CURVE('',#1538,#583,#1753,.T.);
#1753 = LINE('',#1754,#1755);
#1754 = CARTESIAN_POINT('',(13.,-12.,5.));
#1755 = VECTOR('',#1756,1.);
#1756 = DIRECTION('',(1.,0.,0.));
#1757 = ORIENTED_EDGE('',*,*,#591,.T.);
#1758 = ORIENTED_EDGE('',*,*,#1737,.T.);
#1759 = PLANE('',#1760);
#1760 = AXIS2_PLACEMENT_3D('',#1761,#1762,#1763);
#1761 = CARTESIAN_POINT('',(13.,-12.,5.));
#1762 = DIRECTION('',(0.,0.,-1.));
#1763 = DIRECTION('',(0.,-1.,0.));
#1764 = ADVANCED_FACE('',(#1765),#1778,.F.);
#1765 = FACE_BOUND('',#1766,.T.);
#1766 = EDGE_LOOP('',(#1767,#1773,#1774,#1775,#1776,#1777));
#1767 = ORIENTED_EDGE('',*,*,#1768,.F.);
#1768 = EDGE_CURVE('',#1546,#690,#1769,.T.);
#1769 = LINE('',#1770,#1771);
#1770 = CARTESIAN_POINT('',(13.,-7.,10.));
#1771 = VECTOR('',#1772,1.);
#1772 = DIRECTION('',(1.,0.,0.));
#1773 = ORIENTED_EDGE('',*,*,#1545,.F.);
#1774 = ORIENTED_EDGE('',*,*,#1752,.T.);
#1775 = ORIENTED_EDGE('',*,*,#582,.F.);
#1776 = ORIENTED_EDGE('',*,*,#638,.F.);
#1777 = ORIENTED_EDGE('',*,*,#697,.F.);
#1778 = CYLINDRICAL_SURFACE('',#1779,5.);
#1779 = AXIS2_PLACEMENT_3D('',#1780,#1781,#1782);
#1780 = CARTESIAN_POINT('',(13.,-12.,10.));
#1781 = DIRECTION('',(-1.,-0.,-0.));
#1782 = DIRECTION('',(0.,1.,0.));
#1783 = ADVANCED_FACE('',(#1784,#1802,#1813),#1824,.F.);
#1784 = FACE_BOUND('',#1785,.F.);
#1785 = EDGE_LOOP('',(#1786,#1792,#1793,#1794,#1795,#1801));
#1786 = ORIENTED_EDGE('',*,*,#1787,.T.);
#1787 = EDGE_CURVE('',#1563,#776,#1788,.T.);
#1788 = LINE('',#1789,#1790);
#1789 = CARTESIAN_POINT('',(13.,7.,13.));
#1790 = VECTOR('',#1791,1.);
#1791 = DIRECTION('',(1.,0.,0.));
#1792 = ORIENTED_EDGE('',*,*,#775,.T.);
#1793 = ORIENTED_EDGE('',*,*,#732,.T.);
#1794 = ORIENTED_EDGE('',*,*,#679,.T.);
#1795 = ORIENTED_EDGE('',*,*,#1796,.F.);
#1796 = EDGE_CURVE('',#1555,#682,#1797,.T.);
#1797 = LINE('',#1798,#1799);
#1798 = CARTESIAN_POINT('',(13.,-7.,13.));
#1799 = VECTOR('',#1800,1.);
#1800 = DIRECTION('',(1.,0.,0.));
#1801 = ORIENTED_EDGE('',*,*,#1562,.F.);
#1802 = FACE_BOUND('',#1803,.F.);
#1803 = EDGE_LOOP('',(#1804));
#1804 = ORIENTED_EDGE('',*,*,#1805,.F.);
#1805 = EDGE_CURVE('',#1806,#1806,#1808,.T.);
#1806 = VERTEX_POINT('',#1807);
#1807 = CARTESIAN_POINT('',(32.65,0.,13.));
#1808 = CIRCLE('',#1809,2.65);
#1809 = AXIS2_PLACEMENT_3D('',#1810,#1811,#1812);
#1810 = CARTESIAN_POINT('',(30.,0.,13.));
#1811 = DIRECTION('',(0.,0.,-1.));
#1812 = DIRECTION('',(1.,0.,0.));
#1813 = FACE_BOUND('',#1814,.F.);
#1814 = EDGE_LOOP('',(#1815));
#1815 = ORIENTED_EDGE('',*,*,#1816,.F.);
#1816 = EDGE_CURVE('',#1817,#1817,#1819,.T.);
#1817 = VERTEX_POINT('',#1818);
#1818 = CARTESIAN_POINT('',(21.65,0.,13.));
#1819 = CIRCLE('',#1820,2.65);
#1820 = AXIS2_PLACEMENT_3D('',#1821,#1822,#1823);
#1821 = CARTESIAN_POINT('',(19.,0.,13.));
#1822 = DIRECTION('',(0.,0.,-1.));
#1823 = DIRECTION('',(1.,0.,0.));
#1824 = PLANE('',#1825);
#1825 = AXIS2_PLACEMENT_3D('',#1826,#1827,#1828);
#1826 = CARTESIAN_POINT('',(13.,7.,13.));
#1827 = DIRECTION('',(0.,0.,-1.));
#1828 = DIRECTION('',(0.,-1.,0.));
#1829 = ADVANCED_FACE('',(#1830),#1836,.F.);
#1830 = FACE_BOUND('',#1831,.F.);
#1831 = EDGE_LOOP('',(#1832,#1833,#1834,#1835));
#1832 = ORIENTED_EDGE('',*,*,#1796,.T.);
#1833 = ORIENTED_EDGE('',*,*,#689,.T.);
#1834 = ORIENTED_EDGE('',*,*,#1768,.F.);
#1835 = ORIENTED_EDGE('',*,*,#1554,.F.);
#1836 = PLANE('',#1837);
#1837 = AXIS2_PLACEMENT_3D('',#1838,#1839,#1840);
#1838 = CARTESIAN_POINT('',(13.,-7.,13.));
#1839 = DIRECTION('',(0.,1.,-5.9E-16));
#1840 = DIRECTION('',(0.,-5.9E-16,-1.));
#1841 = ADVANCED_FACE('',(#1842),#1860,.F.);
#1842 = FACE_BOUND('',#1843,.T.);
#1843 = EDGE_LOOP('',(#1844,#1845,#1846,#1852,#1853,#1859));
#1844 = ORIENTED_EDGE('',*,*,#799,.T.);
#1845 = ORIENTED_EDGE('',*,*,#831,.F.);
#1846 = ORIENTED_EDGE('',*,*,#1847,.F.);
#1847 = EDGE_CURVE('',#1579,#824,#1848,.T.);
#1848 = LINE('',#1849,#1850);
#1849 = CARTESIAN_POINT('',(13.,12.,5.));
#1850 = VECTOR('',#1851,1.);
#1851 = DIRECTION('',(1.,0.,0.));
#1852 = ORIENTED_EDGE('',*,*,#1578,.F.);
#1853 = ORIENTED_EDGE('',*,*,#1854,.T.);
#1854 = EDGE_CURVE('',#1571,#759,#1855,.T.);
#1855 = LINE('',#1856,#1857);
#1856 = CARTESIAN_POINT('',(13.,7.,10.));
#1857 = VECTOR('',#1858,1.);
#1858 = DIRECTION('',(1.,0.,0.));
#1859 = ORIENTED_EDGE('',*,*,#756,.F.);
#1860 = CYLINDRICAL_SURFACE('',#1861,5.);
#1861 = AXIS2_PLACEMENT_3D('',#1862,#1863,#1864);
#1862 = CARTESIAN_POINT('',(13.,12.,10.));
#1863 = DIRECTION('',(-1.,-0.,-0.));
#1864 = DIRECTION('',(0.,1.,0.));
#1865 = ADVANCED_FACE('',(#1866),#1872,.F.);
#1866 = FACE_BOUND('',#1867,.F.);
#1867 = EDGE_LOOP('',(#1868,#1869,#1870,#1871));
#1868 = ORIENTED_EDGE('',*,*,#1854,.T.);
#1869 = ORIENTED_EDGE('',*,*,#783,.T.);
#1870 = ORIENTED_EDGE('',*,*,#1787,.F.);
#1871 = ORIENTED_EDGE('',*,*,#1570,.F.);
#1872 = PLANE('',#1873);
#1873 = AXIS2_PLACEMENT_3D('',#1874,#1875,#1876);
#1874 = CARTESIAN_POINT('',(13.,7.,10.));
#1875 = DIRECTION('',(0.,-1.,3.E-16));
#1876 = DIRECTION('',(0.,3.E-16,1.));
#1877 = ADVANCED_FACE('',(#1878),#1890,.F.);
#1878 = FACE_BOUND('',#1879,.F.);
#1879 = EDGE_LOOP('',(#1880,#1881,#1882,#1883,#1889));
#1880 = ORIENTED_EDGE('',*,*,#821,.T.);
#1881 = ORIENTED_EDGE('',*,*,#1847,.F.);
#1882 = ORIENTED_EDGE('',*,*,#1587,.F.);
#1883 = ORIENTED_EDGE('',*,*,#1884,.F.);
#1884 = EDGE_CURVE('',#872,#1414,#1885,.T.);
#1885 = LINE('',#1886,#1887);
#1886 = CARTESIAN_POINT('',(13.,12.5,5.));
#1887 = VECTOR('',#1888,1.);
#1888 = DIRECTION('',(-1.,0.,0.));
#1889 = ORIENTED_EDGE('',*,*,#905,.T.);
#1890 = PLANE('',#1891);
#1891 = AXIS2_PLACEMENT_3D('',#1892,#1893,#1894);
#1892 = CARTESIAN_POINT('',(13.,20.,5.));
#1893 = DIRECTION('',(0.,0.,-1.));
#1894 = DIRECTION('',(0.,-1.,0.));
#1895 = ADVANCED_FACE('',(#1896),#1907,.T.);
#1896 = FACE_BOUND('',#1897,.T.);
#1897 = EDGE_LOOP('',(#1898,#1899,#1905,#1906));
#1898 = ORIENTED_EDGE('',*,*,#871,.T.);
#1899 = ORIENTED_EDGE('',*,*,#1900,.F.);
#1900 = EDGE_CURVE('',#1416,#874,#1901,.T.);
#1901 = LINE('',#1902,#1903);
#1902 = CARTESIAN_POINT('',(13.,12.5,5.25));
#1903 = VECTOR('',#1904,1.);
#1904 = DIRECTION('',(1.,0.,0.));
#1905 = ORIENTED_EDGE('',*,*,#1413,.F.);
#1906 = ORIENTED_EDGE('',*,*,#1884,.F.);
#1907 = PLANE('',#1908);
#1908 = AXIS2_PLACEMENT_3D('',#1909,#1910,#1911);
#1909 = CARTESIAN_POINT('',(27.113636363636,12.5,5.113636363636));
#1910 = DIRECTION('',(-0.,-1.,-0.));
#1911 = DIRECTION('',(0.,0.,-1.));
#1912 = ADVANCED_FACE('',(#1913),#1924,.T.);
#1913 = FACE_BOUND('',#1914,.T.);
#1914 = EDGE_LOOP('',(#1915,#1916,#1917,#1918));
#1915 = ORIENTED_EDGE('',*,*,#1423,.F.);
#1916 = ORIENTED_EDGE('',*,*,#1900,.T.);
#1917 = ORIENTED_EDGE('',*,*,#881,.T.);
#1918 = ORIENTED_EDGE('',*,*,#1919,.F.);
#1919 = EDGE_CURVE('',#1424,#882,#1920,.T.);
#1920 = LINE('',#1921,#1922);
#1921 = CARTESIAN_POINT('',(13.,14.75,7.5));
#1922 = VECTOR('',#1923,1.);
#1923 = DIRECTION('',(1.,0.,0.));
#1924 = PLANE('',#1925);
#1925 = AXIS2_PLACEMENT_3D('',#1926,#1927,#1928);
#1926 = CARTESIAN_POINT('',(13.,13.625,6.375));
#1927 = DIRECTION('',(0.,-0.707106781187,0.707106781187));
#1928 = DIRECTION('',(1.,0.,0.));
#1929 = ADVANCED_FACE('',(#1930,#1950),#1953,.T.);
#1930 = FACE_BOUND('',#1931,.T.);
#1931 = EDGE_LOOP('',(#1932,#1933,#1934,#1935,#1936,#1937,#1938,#1939,
    #1945,#1946,#1947,#1948,#1949));
#1932 = ORIENTED_EDGE('',*,*,#1027,.T.);
#1933 = ORIENTED_EDGE('',*,*,#1061,.T.);
#1934 = ORIENTED_EDGE('',*,*,#1217,.F.);
#1935 = ORIENTED_EDGE('',*,*,#1265,.F.);
#1936 = ORIENTED_EDGE('',*,*,#1282,.F.);
#1937 = ORIENTED_EDGE('',*,*,#1241,.T.);
#1938 = ORIENTED_EDGE('',*,*,#1150,.F.);
#1939 = ORIENTED_EDGE('',*,*,#1940,.F.);
#1940 = EDGE_CURVE('',#1432,#1143,#1941,.T.);
#1941 = LINE('',#1942,#1943);
#1942 = CARTESIAN_POINT('',(36.,17.5,7.5));
#1943 = VECTOR('',#1944,1.);
#1944 = DIRECTION('',(-1.,8.659560562355E-17,-8.659560562355E-17));
#1945 = ORIENTED_EDGE('',*,*,#1431,.F.);
#1946 = ORIENTED_EDGE('',*,*,#1919,.T.);
#1947 = ORIENTED_EDGE('',*,*,#889,.T.);
#1948 = ORIENTED_EDGE('',*,*,#936,.F.);
#1949 = ORIENTED_EDGE('',*,*,#979,.T.);
#1950 = FACE_BOUND('',#1951,.T.);
#1951 = EDGE_LOOP('',(#1952));
#1952 = ORIENTED_EDGE('',*,*,#1347,.F.);
#1953 = PLANE('',#1954);
#1954 = AXIS2_PLACEMENT_3D('',#1955,#1956,#1957);
#1955 = CARTESIAN_POINT('',(23.179982748574,22.014977952596,7.5));
#1956 = DIRECTION('',(0.,0.,1.));
#1957 = DIRECTION('',(1.,0.,0.));
#1958 = ADVANCED_FACE('',(#1959),#1970,.T.);
#1959 = FACE_BOUND('',#1960,.T.);
#1960 = EDGE_LOOP('',(#1961,#1967,#1968,#1969));
#1961 = ORIENTED_EDGE('',*,*,#1962,.F.);
#1962 = EDGE_CURVE('',#1440,#1135,#1963,.T.);
#1963 = LINE('',#1964,#1965);
#1964 = CARTESIAN_POINT('',(10.,17.5,42.));
#1965 = VECTOR('',#1966,1.);
#1966 = DIRECTION('',(-1.,-0.,-0.));
#1967 = ORIENTED_EDGE('',*,*,#1439,.F.);
#1968 = ORIENTED_EDGE('',*,*,#1940,.T.);
#1969 = ORIENTED_EDGE('',*,*,#1142,.T.);
#1970 = PLANE('',#1971);
#1971 = AXIS2_PLACEMENT_3D('',#1972,#1973,#1974);
#1972 = CARTESIAN_POINT('',(11.,17.5,24.75));
#1973 = DIRECTION('',(0.,1.,0.));
#1974 = DIRECTION('',(0.,0.,1.));
#1975 = ADVANCED_FACE('',(#1976),#2027,.T.);
#1976 = FACE_BOUND('',#1977,.T.);
#1977 = EDGE_LOOP('',(#1978,#1988,#1996,#2004,#2012,#2018,#2019,#2020,
    #2021));
#1978 = ORIENTED_EDGE('',*,*,#1979,.T.);
#1979 = EDGE_CURVE('',#1980,#1982,#1984,.T.);
#1980 = VERTEX_POINT('',#1981);
#1981 = CARTESIAN_POINT('',(14.,27.5,42.));
#1982 = VERTEX_POINT('',#1983);
#1983 = CARTESIAN_POINT('',(31.,27.5,42.));
#1984 = LINE('',#1985,#1986);
#1985 = CARTESIAN_POINT('',(6.,27.5,42.));
#1986 = VECTOR('',#1987,1.);
#1987 = DIRECTION('',(1.,-8.659560562355E-17,8.659560562355E-17));
#1988 = ORIENTED_EDGE('',*,*,#1989,.F.);
#1989 = EDGE_CURVE('',#1990,#1982,#1992,.T.);
#1990 = VERTEX_POINT('',#1991);
#1991 = CARTESIAN_POINT('',(36.,22.5,42.));
#1992 = LINE('',#1993,#1994);
#1993 = CARTESIAN_POINT('',(32.,26.5,42.));
#1994 = VECTOR('',#1995,1.);
#1995 = DIRECTION('',(-0.707106781187,0.707106781187,0.));
#1996 = ORIENTED_EDGE('',*,*,#1997,.T.);
#1997 = EDGE_CURVE('',#1990,#1998,#2000,.T.);
#1998 = VERTEX_POINT('',#1999);
#1999 = CARTESIAN_POINT('',(36.,17.5,42.));
#2000 = LINE('',#2001,#2002);
#2001 = CARTESIAN_POINT('',(36.,17.5,42.));
#2002 = VECTOR('',#2003,1.);
#2003 = DIRECTION('',(0.,-1.,0.));
#2004 = ORIENTED_EDGE('',*,*,#2005,.F.);
#2005 = EDGE_CURVE('',#2006,#1998,#2008,.T.);
#2006 = VERTEX_POINT('',#2007);
#2007 = CARTESIAN_POINT('',(31.,12.5,42.));
#2008 = LINE('',#2009,#2010);
#2009 = CARTESIAN_POINT('',(32.119047619048,13.619047619048,42.));
#2010 = VECTOR('',#2011,1.);
#2011 = DIRECTION('',(0.707106781187,0.707106781187,0.));
#2012 = ORIENTED_EDGE('',*,*,#2013,.T.);
#2013 = EDGE_CURVE('',#2006,#1448,#2014,.T.);
#2014 = LINE('',#2015,#2016);
#2015 = CARTESIAN_POINT('',(36.,12.5,42.));
#2016 = VECTOR('',#2017,1.);
#2017 = DIRECTION('',(-1.,-0.,-0.));
#2018 = ORIENTED_EDGE('',*,*,#1447,.F.);
#2019 = ORIENTED_EDGE('',*,*,#1962,.T.);
#2020 = ORIENTED_EDGE('',*,*,#1134,.T.);
#2021 = ORIENTED_EDGE('',*,*,#2022,.T.);
#2022 = EDGE_CURVE('',#1127,#1980,#2023,.T.);
#2023 = LINE('',#2024,#2025);
#2024 = CARTESIAN_POINT('',(13.119047619048,26.619047619048,42.));
#2025 = VECTOR('',#2026,1.);
#2026 = DIRECTION('',(0.707106781187,0.707106781187,0.));
#2027 = PLANE('',#2028);
#2028 = AXIS2_PLACEMENT_3D('',#2029,#2030,#2031);
#2029 = CARTESIAN_POINT('',(22.738095238095,20.238095238095,42.));
#2030 = DIRECTION('',(-0.,-0.,-1.));
#2031 = DIRECTION('',(-1.,0.,0.));
#2032 = ADVANCED_FACE('',(#2033),#2051,.T.);
#2033 = FACE_BOUND('',#2034,.T.);
#2034 = EDGE_LOOP('',(#2035,#2036,#2037,#2045));
#2035 = ORIENTED_EDGE('',*,*,#2022,.F.);
#2036 = ORIENTED_EDGE('',*,*,#1126,.T.);
#2037 = ORIENTED_EDGE('',*,*,#2038,.T.);
#2038 = EDGE_CURVE('',#1119,#2039,#2041,.T.);
#2039 = VERTEX_POINT('',#2040);
#2040 = CARTESIAN_POINT('',(14.,27.5,50.));
#2041 = LINE('',#2042,#2043);
#2042 = CARTESIAN_POINT('',(8.,21.5,50.));
#2043 = VECTOR('',#2044,1.);
#2044 = DIRECTION('',(0.707106781187,0.707106781187,0.));
#2045 = ORIENTED_EDGE('',*,*,#2046,.F.);
#2046 = EDGE_CURVE('',#1980,#2039,#2047,.T.);
#2047 = LINE('',#2048,#2049);
#2048 = CARTESIAN_POINT('',(14.,27.5,42.));
#2049 = VECTOR('',#2050,1.);
#2050 = DIRECTION('',(0.,0.,1.));
#2051 = PLANE('',#2052);
#2052 = AXIS2_PLACEMENT_3D('',#2053,#2054,#2055);
#2053 = CARTESIAN_POINT('',(11.5,25.,42.));
#2054 = DIRECTION('',(-0.707106781187,0.707106781187,4.759089844287E-16)
  );
#2055 = DIRECTION('',(3.365184701171E-16,-3.365184701171E-16,1.));
#2056 = ADVANCED_FACE('',(#2057,#2203,#2214),#2225,.T.);
#2057 = FACE_BOUND('',#2058,.T.);
#2058 = EDGE_LOOP('',(#2059,#2069,#2077,#2085,#2093,#2101,#2109,#2117,
    #2125,#2133,#2141,#2149,#2157,#2165,#2171,#2172,#2173,#2181,#2189,
    #2197));
#2059 = ORIENTED_EDGE('',*,*,#2060,.T.);
#2060 = EDGE_CURVE('',#2061,#2063,#2065,.T.);
#2061 = VERTEX_POINT('',#2062);
#2062 = CARTESIAN_POINT('',(23.81,-29.7,50.));
#2063 = VERTEX_POINT('',#2064);
#2064 = CARTESIAN_POINT('',(23.817071067812,-29.70707106781,50.));
#2065 = LINE('',#2066,#2067);
#2066 = CARTESIAN_POINT('',(23.81,-29.7,50.));
#2067 = VECTOR('',#2068,1.);
#2068 = DIRECTION('',(0.707106781187,-0.707106781187,0.));
#2069 = ORIENTED_EDGE('',*,*,#2070,.F.);
#2070 = EDGE_CURVE('',#2071,#2063,#2073,.T.);
#2071 = VERTEX_POINT('',#2072);
#2072 = CARTESIAN_POINT('',(25.499985207036,-29.70707106781,50.));
#2073 = LINE('',#2074,#2075);
#2074 = CARTESIAN_POINT('',(22.925942400657,-29.70707106781,50.));
#2075 = VECTOR('',#2076,1.);
#2076 = DIRECTION('',(-1.,0.,0.));
#2077 = ORIENTED_EDGE('',*,*,#2078,.F.);
#2078 = EDGE_CURVE('',#2079,#2071,#2081,.T.);
#2079 = VERTEX_POINT('',#2080);
#2080 = CARTESIAN_POINT('',(26.848528137424,-28.35852813742,50.));
#2081 = LINE('',#2082,#2083);
#2082 = CARTESIAN_POINT('',(31.938097614286,-23.26895866056,50.));
#2083 = VECTOR('',#2084,1.);
#2084 = DIRECTION('',(-0.707106781187,-0.707106781187,0.));
#2085 = ORIENTED_EDGE('',*,*,#2086,.F.);
#2086 = EDGE_CURVE('',#2087,#2079,#2089,.T.);
#2087 = VERTEX_POINT('',#2088);
#2088 = CARTESIAN_POINT('',(26.,-27.51,50.));
#2089 = LINE('',#2090,#2091);
#2090 = CARTESIAN_POINT('',(26.,-27.51,50.));
#2091 = VECTOR('',#2092,1.);
#2092 = DIRECTION('',(0.707106781187,-0.707106781187,0.));
#2093 = ORIENTED_EDGE('',*,*,#2094,.F.);
#2094 = EDGE_CURVE('',#2095,#2087,#2097,.T.);
#2095 = VERTEX_POINT('',#2096);
#2096 = CARTESIAN_POINT('',(26.,-27.5,50.));
#2097 = LINE('',#2098,#2099);
#2098 = CARTESIAN_POINT('',(26.,-27.5,50.));
#2099 = VECTOR('',#2100,1.);
#2100 = DIRECTION('',(0.,-1.,0.));
#2101 = ORIENTED_EDGE('',*,*,#2102,.T.);
#2102 = EDGE_CURVE('',#2095,#2103,#2105,.T.);
#2103 = VERTEX_POINT('',#2104);
#2104 = CARTESIAN_POINT('',(26.848528137424,-28.34852813742,50.));
#2105 = LINE('',#2106,#2107);
#2106 = CARTESIAN_POINT('',(26.,-27.5,50.));
#2107 = VECTOR('',#2108,1.);
#2108 = DIRECTION('',(0.707106781187,-0.707106781187,0.));
#2109 = ORIENTED_EDGE('',*,*,#2110,.T.);
#2110 = EDGE_CURVE('',#2103,#2111,#2113,.T.);
#2111 = VERTEX_POINT('',#2112);
#2112 = CARTESIAN_POINT('',(31.007071067812,-24.18998520703,50.));
#2113 = LINE('',#2114,#2115);
#2114 = CARTESIAN_POINT('',(34.098528137424,-21.09852813742,50.));
#2115 = VECTOR('',#2116,1.);
#2116 = DIRECTION('',(0.707106781187,0.707106781187,0.));
#2117 = ORIENTED_EDGE('',*,*,#2118,.F.);
#2118 = EDGE_CURVE('',#2119,#2111,#2121,.T.);
#2119 = VERTEX_POINT('',#2120);
#2120 = CARTESIAN_POINT('',(31.007071067812,-22.50707106781,50.));
#2121 = LINE('',#2122,#2123);
#2122 = CARTESIAN_POINT('',(31.007071067812,-11.81786732095,50.));
#2123 = VECTOR('',#2124,1.);
#2124 = DIRECTION('',(0.,-1.,0.));
#2125 = ORIENTED_EDGE('',*,*,#2126,.F.);
#2126 = EDGE_CURVE('',#2127,#2119,#2129,.T.);
#2127 = VERTEX_POINT('',#2128);
#2128 = CARTESIAN_POINT('',(31.,-22.5,50.));
#2129 = LINE('',#2130,#2131);
#2130 = CARTESIAN_POINT('',(31.,-22.5,50.));
#2131 = VECTOR('',#2132,1.);
#2132 = DIRECTION('',(0.707106781187,-0.707106781187,0.));
#2133 = ORIENTED_EDGE('',*,*,#2134,.F.);
#2134 = EDGE_CURVE('',#2135,#2127,#2137,.T.);
#2135 = VERTEX_POINT('',#2136);
#2136 = CARTESIAN_POINT('',(31.,12.5,50.));
#2137 = LINE('',#2138,#2139);
#2138 = CARTESIAN_POINT('',(31.,20.,50.));
#2139 = VECTOR('',#2140,1.);
#2140 = DIRECTION('',(0.,-1.,0.));
#2141 = ORIENTED_EDGE('',*,*,#2142,.T.);
#2142 = EDGE_CURVE('',#2135,#2143,#2145,.T.);
#2143 = VERTEX_POINT('',#2144);
#2144 = CARTESIAN_POINT('',(36.,17.5,50.));
#2145 = LINE('',#2146,#2147);
#2146 = CARTESIAN_POINT('',(27.,8.5,50.));
#2147 = VECTOR('',#2148,1.);
#2148 = DIRECTION('',(0.707106781187,0.707106781187,0.));
#2149 = ORIENTED_EDGE('',*,*,#2150,.T.);
#2150 = EDGE_CURVE('',#2143,#2151,#2153,.T.);
#2151 = VERTEX_POINT('',#2152);
#2152 = CARTESIAN_POINT('',(36.,22.5,50.));
#2153 = LINE('',#2154,#2155);
#2154 = CARTESIAN_POINT('',(36.,12.5,50.));
#2155 = VECTOR('',#2156,1.);
#2156 = DIRECTION('',(0.,1.,0.));
#2157 = ORIENTED_EDGE('',*,*,#2158,.T.);
#2158 = EDGE_CURVE('',#2151,#2159,#2161,.T.);
#2159 = VERTEX_POINT('',#2160);
#2160 = CARTESIAN_POINT('',(31.,27.5,50.));
#2161 = LINE('',#2162,#2163);
#2162 = CARTESIAN_POINT('',(36.390243902439,22.109756097561,50.));
#2163 = VECTOR('',#2164,1.);
#2164 = DIRECTION('',(-0.707106781187,0.707106781187,0.));
#2165 = ORIENTED_EDGE('',*,*,#2166,.T.);
#2166 = EDGE_CURVE('',#2159,#2039,#2167,.T.);
#2167 = LINE('',#2168,#2169);
#2168 = CARTESIAN_POINT('',(10.,27.5,50.));
#2169 = VECTOR('',#2170,1.);
#2170 = DIRECTION('',(-1.,-0.,-0.));
#2171 = ORIENTED_EDGE('',*,*,#2038,.F.);
#2172 = ORIENTED_EDGE('',*,*,#1118,.T.);
#2173 = ORIENTED_EDGE('',*,*,#2174,.T.);
#2174 = EDGE_CURVE('',#1111,#2175,#2177,.T.);
#2175 = VERTEX_POINT('',#2176);
#2176 = CARTESIAN_POINT('',(14.,-27.5,50.));
#2177 = LINE('',#2178,#2179);
#2178 = CARTESIAN_POINT('',(7.390243902439,-20.89024390243,50.));
#2179 = VECTOR('',#2180,1.);
#2180 = DIRECTION('',(0.707106781187,-0.707106781187,0.));
#2181 = ORIENTED_EDGE('',*,*,#2182,.T.);
#2182 = EDGE_CURVE('',#2175,#2183,#2185,.T.);
#2183 = VERTEX_POINT('',#2184);
#2184 = CARTESIAN_POINT('',(14.,-27.51,50.));
#2185 = LINE('',#2186,#2187);
#2186 = CARTESIAN_POINT('',(14.,-27.5,50.));
#2187 = VECTOR('',#2188,1.);
#2188 = DIRECTION('',(0.,-1.,0.));
#2189 = ORIENTED_EDGE('',*,*,#2190,.T.);
#2190 = EDGE_CURVE('',#2183,#2191,#2193,.T.);
#2191 = VERTEX_POINT('',#2192);
#2192 = CARTESIAN_POINT('',(16.19,-29.7,50.));
#2193 = LINE('',#2194,#2195);
#2194 = CARTESIAN_POINT('',(9.376478581684,-22.88647858168,50.));
#2195 = VECTOR('',#2196,1.);
#2196 = DIRECTION('',(0.707106781187,-0.707106781187,0.));
#2197 = ORIENTED_EDGE('',*,*,#2198,.T.);
#2198 = EDGE_CURVE('',#2191,#2061,#2199,.T.);
#2199 = LINE('',#2200,#2201);
#2200 = CARTESIAN_POINT('',(0.,-29.7,50.));
#2201 = VECTOR('',#2202,1.);
#2202 = DIRECTION('',(1.,0.,0.));
#2203 = FACE_BOUND('',#2204,.T.);
#2204 = EDGE_LOOP('',(#2205));
#2205 = ORIENTED_EDGE('',*,*,#2206,.F.);
#2206 = EDGE_CURVE('',#2207,#2207,#2209,.T.);
#2207 = VERTEX_POINT('',#2208);
#2208 = CARTESIAN_POINT('',(27.5,0.,50.));
#2209 = CIRCLE('',#2210,4.5);
#2210 = AXIS2_PLACEMENT_3D('',#2211,#2212,#2213);
#2211 = CARTESIAN_POINT('',(23.,0.,50.));
#2212 = DIRECTION('',(0.,0.,1.));
#2213 = DIRECTION('',(1.,0.,0.));
#2214 = FACE_BOUND('',#2215,.T.);
#2215 = EDGE_LOOP('',(#2216));
#2216 = ORIENTED_EDGE('',*,*,#2217,.F.);
#2217 = EDGE_CURVE('',#2218,#2218,#2220,.T.);
#2218 = VERTEX_POINT('',#2219);
#2219 = CARTESIAN_POINT('',(27.15,-24.05,50.));
#2220 = CIRCLE('',#2221,2.65);
#2221 = AXIS2_PLACEMENT_3D('',#2222,#2223,#2224);
#2222 = CARTESIAN_POINT('',(24.5,-24.05,50.));
#2223 = DIRECTION('',(0.,0.,1.));
#2224 = DIRECTION('',(1.,0.,0.));
#2225 = PLANE('',#2226);
#2226 = AXIS2_PLACEMENT_3D('',#2227,#2228,#2229);
#2227 = CARTESIAN_POINT('',(21.19335666389,-0.287206504476,50.));
#2228 = DIRECTION('',(0.,0.,1.));
#2229 = DIRECTION('',(1.,0.,0.));
#2230 = ADVANCED_FACE('',(#2231),#2249,.T.);
#2231 = FACE_BOUND('',#2232,.F.);
#2232 = EDGE_LOOP('',(#2233,#2241,#2242,#2243));
#2233 = ORIENTED_EDGE('',*,*,#2234,.F.);
#2234 = EDGE_CURVE('',#1103,#2235,#2237,.T.);
#2235 = VERTEX_POINT('',#2236);
#2236 = CARTESIAN_POINT('',(14.,-27.5,42.25));
#2237 = LINE('',#2238,#2239);
#2238 = CARTESIAN_POINT('',(12.510135135135,-26.01013513513,42.25));
#2239 = VECTOR('',#2240,1.);
#2240 = DIRECTION('',(0.707106781187,-0.707106781187,0.));
#2241 = ORIENTED_EDGE('',*,*,#1110,.T.);
#2242 = ORIENTED_EDGE('',*,*,#2174,.T.);
#2243 = ORIENTED_EDGE('',*,*,#2244,.F.);
#2244 = EDGE_CURVE('',#2235,#2175,#2245,.T.);
#2245 = LINE('',#2246,#2247);
#2246 = CARTESIAN_POINT('',(14.,-27.5,42.));
#2247 = VECTOR('',#2248,1.);
#2248 = DIRECTION('',(0.,0.,1.));
#2249 = PLANE('',#2250);
#2250 = AXIS2_PLACEMENT_3D('',#2251,#2252,#2253);
#2251 = CARTESIAN_POINT('',(11.5,-25.,42.));
#2252 = DIRECTION('',(-0.707106781187,-0.707106781187,0.));
#2253 = DIRECTION('',(-0.,-0.,-1.));
#2254 = ADVANCED_FACE('',(#2255,#2371),#2382,.T.);
#2255 = FACE_BOUND('',#2256,.T.);
#2256 = EDGE_LOOP('',(#2257,#2267,#2275,#2283,#2291,#2299,#2305,#2306,
    #2307,#2308,#2309,#2317,#2325,#2333,#2341,#2349,#2357,#2365));
#2257 = ORIENTED_EDGE('',*,*,#2258,.T.);
#2258 = EDGE_CURVE('',#2259,#2261,#2263,.T.);
#2259 = VERTEX_POINT('',#2260);
#2260 = CARTESIAN_POINT('',(26.848528137424,-28.35852813742,42.25));
#2261 = VERTEX_POINT('',#2262);
#2262 = CARTESIAN_POINT('',(25.499985207036,-29.70707106781,42.25));
#2263 = LINE('',#2264,#2265);
#2264 = CARTESIAN_POINT('',(26.644235384553,-28.56282089029,42.25));
#2265 = VECTOR('',#2266,1.);
#2266 = DIRECTION('',(-0.707106781187,-0.707106781187,0.));
#2267 = ORIENTED_EDGE('',*,*,#2268,.T.);
#2268 = EDGE_CURVE('',#2261,#2269,#2271,.T.);
#2269 = VERTEX_POINT('',#2270);
#2270 = CARTESIAN_POINT('',(23.817071067812,-29.70707106781,42.25));
#2271 = LINE('',#2272,#2273);
#2272 = CARTESIAN_POINT('',(22.749426546914,-29.70707106781,42.25));
#2273 = VECTOR('',#2274,1.);
#2274 = DIRECTION('',(-1.,0.,0.));
#2275 = ORIENTED_EDGE('',*,*,#2276,.F.);
#2276 = EDGE_CURVE('',#2277,#2269,#2279,.T.);
#2277 = VERTEX_POINT('',#2278);
#2278 = CARTESIAN_POINT('',(23.81,-29.7,42.25));
#2279 = LINE('',#2280,#2281);
#2280 = CARTESIAN_POINT('',(23.81,-29.7,42.25));
#2281 = VECTOR('',#2282,1.);
#2282 = DIRECTION('',(0.707106781187,-0.707106781187,0.));
#2283 = ORIENTED_EDGE('',*,*,#2284,.T.);
#2284 = EDGE_CURVE('',#2277,#2285,#2287,.T.);
#2285 = VERTEX_POINT('',#2286);
#2286 = CARTESIAN_POINT('',(16.19,-29.7,42.25));
#2287 = LINE('',#2288,#2289);
#2288 = CARTESIAN_POINT('',(10.,-29.7,42.25));
#2289 = VECTOR('',#2290,1.);
#2290 = DIRECTION('',(-1.,-0.,-0.));
#2291 = ORIENTED_EDGE('',*,*,#2292,.F.);
#2292 = EDGE_CURVE('',#2293,#2285,#2295,.T.);
#2293 = VERTEX_POINT('',#2294);
#2294 = CARTESIAN_POINT('',(14.,-27.51,42.25));
#2295 = LINE('',#2296,#2297);
#2296 = CARTESIAN_POINT('',(14.342143671017,-27.85214367101,42.25));
#2297 = VECTOR('',#2298,1.);
#2298 = DIRECTION('',(0.707106781187,-0.707106781187,0.));
#2299 = ORIENTED_EDGE('',*,*,#2300,.F.);
#2300 = EDGE_CURVE('',#2235,#2293,#2301,.T.);
#2301 = LINE('',#2302,#2303);
#2302 = CARTESIAN_POINT('',(14.,-27.5,42.25));
#2303 = VECTOR('',#2304,1.);
#2304 = DIRECTION('',(0.,-1.,0.));
#2305 = ORIENTED_EDGE('',*,*,#2234,.F.);
#2306 = ORIENTED_EDGE('',*,*,#1102,.T.);
#2307 = ORIENTED_EDGE('',*,*,#1397,.F.);
#2308 = ORIENTED_EDGE('',*,*,#1513,.F.);
#2309 = ORIENTED_EDGE('',*,*,#2310,.F.);
#2310 = EDGE_CURVE('',#2311,#1506,#2313,.T.);
#2311 = VERTEX_POINT('',#2312);
#2312 = CARTESIAN_POINT('',(31.,-12.5,42.25));
#2313 = LINE('',#2314,#2315);
#2314 = CARTESIAN_POINT('',(36.,-12.5,42.25));
#2315 = VECTOR('',#2316,1.);
#2316 = DIRECTION('',(-1.,-0.,-0.));
#2317 = ORIENTED_EDGE('',*,*,#2318,.F.);
#2318 = EDGE_CURVE('',#2319,#2311,#2321,.T.);
#2319 = VERTEX_POINT('',#2320);
#2320 = CARTESIAN_POINT('',(31.,-22.5,42.25));
#2321 = LINE('',#2322,#2323);
#2322 = CARTESIAN_POINT('',(31.,-37.5,42.25));
#2323 = VECTOR('',#2324,1.);
#2324 = DIRECTION('',(0.,1.,-2.2E-16));
#2325 = ORIENTED_EDGE('',*,*,#2326,.T.);
#2326 = EDGE_CURVE('',#2319,#2327,#2329,.T.);
#2327 = VERTEX_POINT('',#2328);
#2328 = CARTESIAN_POINT('',(31.007071067812,-22.50707106781,42.25));
#2329 = LINE('',#2330,#2331);
#2330 = CARTESIAN_POINT('',(31.,-22.5,42.25));
#2331 = VECTOR('',#2332,1.);
#2332 = DIRECTION('',(0.707106781187,-0.707106781187,0.));
#2333 = ORIENTED_EDGE('',*,*,#2334,.T.);
#2334 = EDGE_CURVE('',#2327,#2335,#2337,.T.);
#2335 = VERTEX_POINT('',#2336);
#2336 = CARTESIAN_POINT('',(31.007071067812,-24.18998520703,42.25));
#2337 = LINE('',#2338,#2339);
#2338 = CARTESIAN_POINT('',(31.007071067812,-21.98447436875,42.25));
#2339 = VECTOR('',#2340,1.);
#2340 = DIRECTION('',(-0.,-1.,-0.));
#2341 = ORIENTED_EDGE('',*,*,#2342,.F.);
#2342 = EDGE_CURVE('',#2343,#2335,#2345,.T.);
#2343 = VERTEX_POINT('',#2344);
#2344 = CARTESIAN_POINT('',(26.848528137424,-28.34852813742,42.25));
#2345 = LINE('',#2346,#2347);
#2346 = CARTESIAN_POINT('',(28.473528137424,-26.72352813742,42.25));
#2347 = VECTOR('',#2348,1.);
#2348 = DIRECTION('',(0.707106781187,0.707106781187,0.));
#2349 = ORIENTED_EDGE('',*,*,#2350,.F.);
#2350 = EDGE_CURVE('',#2351,#2343,#2353,.T.);
#2351 = VERTEX_POINT('',#2352);
#2352 = CARTESIAN_POINT('',(26.,-27.5,42.25));
#2353 = LINE('',#2354,#2355);
#2354 = CARTESIAN_POINT('',(26.,-27.5,42.25));
#2355 = VECTOR('',#2356,1.);
#2356 = DIRECTION('',(0.707106781187,-0.707106781187,0.));
#2357 = ORIENTED_EDGE('',*,*,#2358,.T.);
#2358 = EDGE_CURVE('',#2351,#2359,#2361,.T.);
#2359 = VERTEX_POINT('',#2360);
#2360 = CARTESIAN_POINT('',(26.,-27.51,42.25));
#2361 = LINE('',#2362,#2363);
#2362 = CARTESIAN_POINT('',(26.,-27.5,42.25));
#2363 = VECTOR('',#2364,1.);
#2364 = DIRECTION('',(0.,-1.,0.));
#2365 = ORIENTED_EDGE('',*,*,#2366,.T.);
#2366 = EDGE_CURVE('',#2359,#2259,#2367,.T.);
#2367 = LINE('',#2368,#2369);
#2368 = CARTESIAN_POINT('',(26.,-27.51,42.25));
#2369 = VECTOR('',#2370,1.);
#2370 = DIRECTION('',(0.707106781187,-0.707106781187,0.));
#2371 = FACE_BOUND('',#2372,.T.);
#2372 = EDGE_LOOP('',(#2373));
#2373 = ORIENTED_EDGE('',*,*,#2374,.T.);
#2374 = EDGE_CURVE('',#2375,#2375,#2377,.T.);
#2375 = VERTEX_POINT('',#2376);
#2376 = CARTESIAN_POINT('',(27.15,-24.05,42.25));
#2377 = CIRCLE('',#2378,2.65);
#2378 = AXIS2_PLACEMENT_3D('',#2379,#2380,#2381);
#2379 = CARTESIAN_POINT('',(24.5,-24.05,42.25));
#2380 = DIRECTION('',(0.,0.,1.));
#2381 = DIRECTION('',(1.,0.,0.));
#2382 = PLANE('',#2383);
#2383 = AXIS2_PLACEMENT_3D('',#2384,#2385,#2386);
#2384 = CARTESIAN_POINT('',(20.840324956405,-20.62042060008,42.25));
#2385 = DIRECTION('',(-0.,-0.,-1.));
#2386 = DIRECTION('',(-1.,0.,0.));
#2387 = ADVANCED_FACE('',(#2388),#2400,.F.);
#2388 = FACE_BOUND('',#2389,.F.);
#2389 = EDGE_LOOP('',(#2390,#2391,#2392,#2397,#2398,#2399));
#2390 = ORIENTED_EDGE('',*,*,#1653,.F.);
#2391 = ORIENTED_EDGE('',*,*,#1664,.F.);
#2392 = ORIENTED_EDGE('',*,*,#2393,.F.);
#2393 = EDGE_CURVE('',#1159,#1665,#2394,.T.);
#2394 = B_SPLINE_CURVE_WITH_KNOTS('',1,(#2395,#2396),.UNSPECIFIED.,.F.,
  .F.,(2,2),(-4.,0.),.PIECEWISE_BEZIER_KNOTS.);
#2395 = CARTESIAN_POINT('',(9.,14.65,35.));
#2396 = CARTESIAN_POINT('',(13.,14.65,35.));
#2397 = ORIENTED_EDGE('',*,*,#1158,.T.);
#2398 = ORIENTED_EDGE('',*,*,#2393,.T.);
#2399 = ORIENTED_EDGE('',*,*,#1673,.F.);
#2400 = CYLINDRICAL_SURFACE('',#2401,2.15);
#2401 = AXIS2_PLACEMENT_3D('',#2402,#2403,#2404);
#2402 = CARTESIAN_POINT('',(13.,12.5,35.));
#2403 = DIRECTION('',(1.,0.,0.));
#2404 = DIRECTION('',(0.,1.,0.));
#2405 = ADVANCED_FACE('',(#2406),#2419,.F.);
#2406 = FACE_BOUND('',#2407,.F.);
#2407 = EDGE_LOOP('',(#2408,#2409,#2415,#2416,#2417,#2418));
#2408 = ORIENTED_EDGE('',*,*,#1606,.F.);
#2409 = ORIENTED_EDGE('',*,*,#2410,.T.);
#2410 = EDGE_CURVE('',#1607,#1170,#2411,.T.);
#2411 = LINE('',#2412,#2413);
#2412 = CARTESIAN_POINT('',(13.,14.65,10.));
#2413 = VECTOR('',#2414,1.);
#2414 = DIRECTION('',(-1.,-0.,-0.));
#2415 = ORIENTED_EDGE('',*,*,#1169,.T.);
#2416 = ORIENTED_EDGE('',*,*,#2410,.F.);
#2417 = ORIENTED_EDGE('',*,*,#1615,.F.);
#2418 = ORIENTED_EDGE('',*,*,#1595,.F.);
#2419 = CYLINDRICAL_SURFACE('',#2420,2.15);
#2420 = AXIS2_PLACEMENT_3D('',#2421,#2422,#2423);
#2421 = CARTESIAN_POINT('',(13.,12.5,10.));
#2422 = DIRECTION('',(1.,0.,0.));
#2423 = DIRECTION('',(0.,1.,0.));
#2424 = ADVANCED_FACE('',(#2425),#2437,.F.);
#2425 = FACE_BOUND('',#2426,.F.);
#2426 = EDGE_LOOP('',(#2427,#2428,#2429,#2434,#2435,#2436));
#2427 = ORIENTED_EDGE('',*,*,#1693,.F.);
#2428 = ORIENTED_EDGE('',*,*,#1702,.F.);
#2429 = ORIENTED_EDGE('',*,*,#2430,.F.);
#2430 = EDGE_CURVE('',#1181,#1685,#2431,.T.);
#2431 = B_SPLINE_CURVE_WITH_KNOTS('',1,(#2432,#2433),.UNSPECIFIED.,.F.,
  .F.,(2,2),(-4.,0.),.PIECEWISE_BEZIER_KNOTS.);
#2432 = CARTESIAN_POINT('',(9.,-10.35,35.));
#2433 = CARTESIAN_POINT('',(13.,-10.35,35.));
#2434 = ORIENTED_EDGE('',*,*,#1180,.T.);
#2435 = ORIENTED_EDGE('',*,*,#2430,.T.);
#2436 = ORIENTED_EDGE('',*,*,#1682,.F.);
#2437 = CYLINDRICAL_SURFACE('',#2438,2.15);
#2438 = AXIS2_PLACEMENT_3D('',#2439,#2440,#2441);
#2439 = CARTESIAN_POINT('',(13.,-12.5,35.));
#2440 = DIRECTION('',(1.,0.,0.));
#2441 = DIRECTION('',(0.,1.,0.));
#2442 = ADVANCED_FACE('',(#2443),#2456,.F.);
#2443 = FACE_BOUND('',#2444,.F.);
#2444 = EDGE_LOOP('',(#2445,#2446,#2452,#2453,#2454,#2455));
#2445 = ORIENTED_EDGE('',*,*,#1644,.F.);
#2446 = ORIENTED_EDGE('',*,*,#2447,.T.);
#2447 = EDGE_CURVE('',#1627,#1192,#2448,.T.);
#2448 = LINE('',#2449,#2450);
#2449 = CARTESIAN_POINT('',(13.,-10.35,10.));
#2450 = VECTOR('',#2451,1.);
#2451 = DIRECTION('',(-1.,-0.,-0.));
#2452 = ORIENTED_EDGE('',*,*,#1191,.T.);
#2453 = ORIENTED_EDGE('',*,*,#2447,.F.);
#2454 = ORIENTED_EDGE('',*,*,#1624,.F.);
#2455 = ORIENTED_EDGE('',*,*,#1635,.F.);
#2456 = CYLINDRICAL_SURFACE('',#2457,2.15);
#2457 = AXIS2_PLACEMENT_3D('',#2458,#2459,#2460);
#2458 = CARTESIAN_POINT('',(13.,-12.5,10.));
#2459 = DIRECTION('',(1.,0.,0.));
#2460 = DIRECTION('',(0.,1.,0.));
#2461 = ADVANCED_FACE('',(#2462,#2465),#2476,.F.);
#2462 = FACE_BOUND('',#2463,.F.);
#2463 = EDGE_LOOP('',(#2464));
#2464 = ORIENTED_EDGE('',*,*,#1305,.F.);
#2465 = FACE_BOUND('',#2466,.F.);
#2466 = EDGE_LOOP('',(#2467));
#2467 = ORIENTED_EDGE('',*,*,#2468,.T.);
#2468 = EDGE_CURVE('',#2469,#2469,#2471,.T.);
#2469 = VERTEX_POINT('',#2470);
#2470 = CARTESIAN_POINT('',(32.65,0.,6.));
#2471 = CIRCLE('',#2472,2.65);
#2472 = AXIS2_PLACEMENT_3D('',#2473,#2474,#2475);
#2473 = CARTESIAN_POINT('',(30.,0.,6.));
#2474 = DIRECTION('',(0.,0.,-1.));
#2475 = DIRECTION('',(1.,0.,0.));
#2476 = PLANE('',#2477);
#2477 = AXIS2_PLACEMENT_3D('',#2478,#2479,#2480);
#2478 = CARTESIAN_POINT('',(24.5,8.6E-16,6.));
#2479 = DIRECTION('',(0.,0.,1.));
#2480 = DIRECTION('',(1.,0.,0.));
#2481 = ADVANCED_FACE('',(#2482,#2485),#2496,.F.);
#2482 = FACE_BOUND('',#2483,.F.);
#2483 = EDGE_LOOP('',(#2484));
#2484 = ORIENTED_EDGE('',*,*,#1330,.F.);
#2485 = FACE_BOUND('',#2486,.F.);
#2486 = EDGE_LOOP('',(#2487));
#2487 = ORIENTED_EDGE('',*,*,#2488,.T.);
#2488 = EDGE_CURVE('',#2489,#2489,#2491,.T.);
#2489 = VERTEX_POINT('',#2490);
#2490 = CARTESIAN_POINT('',(21.65,0.,6.));
#2491 = CIRCLE('',#2492,2.65);
#2492 = AXIS2_PLACEMENT_3D('',#2493,#2494,#2495);
#2493 = CARTESIAN_POINT('',(19.,0.,6.));
#2494 = DIRECTION('',(0.,0.,-1.));
#2495 = DIRECTION('',(1.,0.,0.));
#2496 = PLANE('',#2497);
#2497 = AXIS2_PLACEMENT_3D('',#2498,#2499,#2500);
#2498 = CARTESIAN_POINT('',(24.5,8.6E-16,6.));
#2499 = DIRECTION('',(0.,0.,1.));
#2500 = DIRECTION('',(1.,0.,0.));
#2501 = ADVANCED_FACE('',(#2502),#2520,.T.);
#2502 = FACE_BOUND('',#2503,.T.);
#2503 = EDGE_LOOP('',(#2504,#2505,#2513,#2519));
#2504 = ORIENTED_EDGE('',*,*,#2013,.F.);
#2505 = ORIENTED_EDGE('',*,*,#2506,.T.);
#2506 = EDGE_CURVE('',#2006,#2507,#2509,.T.);
#2507 = VERTEX_POINT('',#2508);
#2508 = CARTESIAN_POINT('',(31.,12.5,42.721401337245));
#2509 = LINE('',#2510,#2511);
#2510 = CARTESIAN_POINT('',(31.,12.5,42.));
#2511 = VECTOR('',#2512,1.);
#2512 = DIRECTION('',(0.,0.,1.));
#2513 = ORIENTED_EDGE('',*,*,#2514,.F.);
#2514 = EDGE_CURVE('',#1456,#2507,#2515,.T.);
#2515 = LINE('',#2516,#2517);
#2516 = CARTESIAN_POINT('',(23.,12.5,42.721401337245));
#2517 = VECTOR('',#2518,1.);
#2518 = DIRECTION('',(1.,0.,0.));
#2519 = ORIENTED_EDGE('',*,*,#1455,.F.);
#2520 = PLANE('',#2521);
#2521 = AXIS2_PLACEMENT_3D('',#2522,#2523,#2524);
#2522 = CARTESIAN_POINT('',(25.614972511148,12.5,25.117904201181));
#2523 = DIRECTION('',(-0.,-1.,-0.));
#2524 = DIRECTION('',(0.,0.,-1.));
#2525 = ADVANCED_FACE('',(#2526),#2545,.F.);
#2526 = FACE_BOUND('',#2527,.T.);
#2527 = EDGE_LOOP('',(#2528,#2537,#2543,#2544));
#2528 = ORIENTED_EDGE('',*,*,#2529,.T.);
#2529 = EDGE_CURVE('',#2507,#2530,#2532,.T.);
#2530 = VERTEX_POINT('',#2531);
#2531 = CARTESIAN_POINT('',(31.,9.323120181417,38.));
#2532 = CIRCLE('',#2533,5.690279667418);
#2533 = AXIS2_PLACEMENT_3D('',#2534,#2535,#2536);
#2534 = CARTESIAN_POINT('',(31.,15.,37.609720332582));
#2535 = DIRECTION('',(1.,0.,0.));
#2536 = DIRECTION('',(0.,1.,0.));
#2537 = ORIENTED_EDGE('',*,*,#2538,.F.);
#2538 = EDGE_CURVE('',#1464,#2530,#2539,.T.);
#2539 = LINE('',#2540,#2541);
#2540 = CARTESIAN_POINT('',(13.,9.323120181417,38.));
#2541 = VECTOR('',#2542,1.);
#2542 = DIRECTION('',(1.,0.,0.));
#2543 = ORIENTED_EDGE('',*,*,#1463,.F.);
#2544 = ORIENTED_EDGE('',*,*,#2514,.T.);
#2545 = CYLINDRICAL_SURFACE('',#2546,5.690279667418);
#2546 = AXIS2_PLACEMENT_3D('',#2547,#2548,#2549);
#2547 = CARTESIAN_POINT('',(13.,15.,37.609720332582));
#2548 = DIRECTION('',(-1.,-0.,-0.));
#2549 = DIRECTION('',(0.,1.,0.));
#2550 = ADVANCED_FACE('',(#2551),#2569,.T.);
#2551 = FACE_BOUND('',#2552,.T.);
#2552 = EDGE_LOOP('',(#2553,#2554,#2555,#2563));
#2553 = ORIENTED_EDGE('',*,*,#1472,.T.);
#2554 = ORIENTED_EDGE('',*,*,#2538,.T.);
#2555 = ORIENTED_EDGE('',*,*,#2556,.F.);
#2556 = EDGE_CURVE('',#2557,#2530,#2559,.T.);
#2557 = VERTEX_POINT('',#2558);
#2558 = CARTESIAN_POINT('',(31.,9.,33.3));
#2559 = LINE('',#2560,#2561);
#2560 = CARTESIAN_POINT('',(31.,9.,33.3));
#2561 = VECTOR('',#2562,1.);
#2562 = DIRECTION('',(0.,6.858708011361E-02,0.997645133523));
#2563 = ORIENTED_EDGE('',*,*,#2564,.F.);
#2564 = EDGE_CURVE('',#1473,#2557,#2565,.T.);
#2565 = LINE('',#2566,#2567);
#2566 = CARTESIAN_POINT('',(23.,9.,33.3));
#2567 = VECTOR('',#2568,1.);
#2568 = DIRECTION('',(1.,0.,0.));
#2569 = PLANE('',#2570);
#2570 = AXIS2_PLACEMENT_3D('',#2571,#2572,#2573);
#2571 = CARTESIAN_POINT('',(22.,9.161560090709,35.65));
#2572 = DIRECTION('',(0.,0.997645133523,-6.858708011361E-02));
#2573 = DIRECTION('',(0.,6.858708011361E-02,0.997645133523));
#2574 = ADVANCED_FACE('',(#2575,#2593),#2604,.T.);
#2575 = FACE_BOUND('',#2576,.T.);
#2576 = EDGE_LOOP('',(#2577,#2578,#2579,#2587));
#2577 = ORIENTED_EDGE('',*,*,#1480,.T.);
#2578 = ORIENTED_EDGE('',*,*,#2564,.T.);
#2579 = ORIENTED_EDGE('',*,*,#2580,.F.);
#2580 = EDGE_CURVE('',#2581,#2557,#2583,.T.);
#2581 = VERTEX_POINT('',#2582);
#2582 = CARTESIAN_POINT('',(31.,-9.,33.3));
#2583 = LINE('',#2584,#2585);
#2584 = CARTESIAN_POINT('',(31.,-9.,33.3));
#2585 = VECTOR('',#2586,1.);
#2586 = DIRECTION('',(0.,1.,0.));
#2587 = ORIENTED_EDGE('',*,*,#2588,.F.);
#2588 = EDGE_CURVE('',#1481,#2581,#2589,.T.);
#2589 = LINE('',#2590,#2591);
#2590 = CARTESIAN_POINT('',(23.,-9.,33.3));
#2591 = VECTOR('',#2592,1.);
#2592 = DIRECTION('',(1.,0.,0.));
#2593 = FACE_BOUND('',#2594,.T.);
#2594 = EDGE_LOOP('',(#2595));
#2595 = ORIENTED_EDGE('',*,*,#2596,.T.);
#2596 = EDGE_CURVE('',#2597,#2597,#2599,.T.);
#2597 = VERTEX_POINT('',#2598);
#2598 = CARTESIAN_POINT('',(25.65,0.,33.3));
#2599 = CIRCLE('',#2600,2.65);
#2600 = AXIS2_PLACEMENT_3D('',#2601,#2602,#2603);
#2601 = CARTESIAN_POINT('',(23.,0.,33.3));
#2602 = DIRECTION('',(0.,0.,1.));
#2603 = DIRECTION('',(1.,0.,0.));
#2604 = PLANE('',#2605);
#2605 = AXIS2_PLACEMENT_3D('',#2606,#2607,#2608);
#2606 = CARTESIAN_POINT('',(22.,0.,33.3));
#2607 = DIRECTION('',(-0.,-0.,-1.));
#2608 = DIRECTION('',(-1.,0.,0.));
#2609 = ADVANCED_FACE('',(#2610),#2628,.T.);
#2610 = FACE_BOUND('',#2611,.T.);
#2611 = EDGE_LOOP('',(#2612,#2613,#2614,#2622));
#2612 = ORIENTED_EDGE('',*,*,#1488,.T.);
#2613 = ORIENTED_EDGE('',*,*,#2588,.T.);
#2614 = ORIENTED_EDGE('',*,*,#2615,.F.);
#2615 = EDGE_CURVE('',#2616,#2581,#2618,.T.);
#2616 = VERTEX_POINT('',#2617);
#2617 = CARTESIAN_POINT('',(31.,-9.323120181417,38.));
#2618 = LINE('',#2619,#2620);
#2619 = CARTESIAN_POINT('',(31.,-9.323120181417,38.));
#2620 = VECTOR('',#2621,1.);
#2621 = DIRECTION('',(0.,6.858708011361E-02,-0.997645133523));
#2622 = ORIENTED_EDGE('',*,*,#2623,.F.);
#2623 = EDGE_CURVE('',#1489,#2616,#2624,.T.);
#2624 = LINE('',#2625,#2626);
#2625 = CARTESIAN_POINT('',(23.,-9.323120181417,38.));
#2626 = VECTOR('',#2627,1.);
#2627 = DIRECTION('',(1.,0.,0.));
#2628 = PLANE('',#2629);
#2629 = AXIS2_PLACEMENT_3D('',#2630,#2631,#2632);
#2630 = CARTESIAN_POINT('',(22.,-9.161560090709,35.65));
#2631 = DIRECTION('',(-0.,-0.997645133523,-6.858708011361E-02));
#2632 = DIRECTION('',(0.,6.858708011361E-02,-0.997645133523));
#2633 = ADVANCED_FACE('',(#2634),#2653,.F.);
#2634 = FACE_BOUND('',#2635,.T.);
#2635 = EDGE_LOOP('',(#2636,#2645,#2651,#2652));
#2636 = ORIENTED_EDGE('',*,*,#2637,.T.);
#2637 = EDGE_CURVE('',#2616,#2638,#2640,.T.);
#2638 = VERTEX_POINT('',#2639);
#2639 = CARTESIAN_POINT('',(31.,-12.5,42.721401337245));
#2640 = CIRCLE('',#2641,5.690279667418);
#2641 = AXIS2_PLACEMENT_3D('',#2642,#2643,#2644);
#2642 = CARTESIAN_POINT('',(31.,-15.,37.609720332582));
#2643 = DIRECTION('',(1.,0.,0.));
#2644 = DIRECTION('',(0.,1.,0.));
#2645 = ORIENTED_EDGE('',*,*,#2646,.T.);
#2646 = EDGE_CURVE('',#2638,#1497,#2647,.T.);
#2647 = LINE('',#2648,#2649);
#2648 = CARTESIAN_POINT('',(13.,-12.5,42.721401337245));
#2649 = VECTOR('',#2650,1.);
#2650 = DIRECTION('',(-1.,-0.,-0.));
#2651 = ORIENTED_EDGE('',*,*,#1496,.F.);
#2652 = ORIENTED_EDGE('',*,*,#2623,.T.);
#2653 = CYLINDRICAL_SURFACE('',#2654,5.690279667418);
#2654 = AXIS2_PLACEMENT_3D('',#2655,#2656,#2657);
#2655 = CARTESIAN_POINT('',(13.,-15.,37.609720332582));
#2656 = DIRECTION('',(-1.,-0.,-0.));
#2657 = DIRECTION('',(0.,1.,0.));
#2658 = ADVANCED_FACE('',(#2659),#2670,.T.);
#2659 = FACE_BOUND('',#2660,.T.);
#2660 = EDGE_LOOP('',(#2661,#2667,#2668,#2669));
#2661 = ORIENTED_EDGE('',*,*,#2662,.F.);
#2662 = EDGE_CURVE('',#2311,#2638,#2663,.T.);
#2663 = LINE('',#2664,#2665);
#2664 = CARTESIAN_POINT('',(31.,-12.5,0.));
#2665 = VECTOR('',#2666,1.);
#2666 = DIRECTION('',(0.,0.,1.));
#2667 = ORIENTED_EDGE('',*,*,#2310,.T.);
#2668 = ORIENTED_EDGE('',*,*,#1505,.T.);
#2669 = ORIENTED_EDGE('',*,*,#2646,.F.);
#2670 = PLANE('',#2671);
#2671 = AXIS2_PLACEMENT_3D('',#2672,#2673,#2674);
#2672 = CARTESIAN_POINT('',(13.,-12.5,0.));
#2673 = DIRECTION('',(0.,1.,0.));
#2674 = DIRECTION('',(1.,0.,0.));
#2675 = ADVANCED_FACE('',(#2676),#2687,.F.);
#2676 = FACE_BOUND('',#2677,.F.);
#2677 = EDGE_LOOP('',(#2678,#2684,#2685,#2686));
#2678 = ORIENTED_EDGE('',*,*,#2679,.T.);
#2679 = EDGE_CURVE('',#2469,#1806,#2680,.T.);
#2680 = LINE('',#2681,#2682);
#2681 = CARTESIAN_POINT('',(32.65,0.,6.));
#2682 = VECTOR('',#2683,1.);
#2683 = DIRECTION('',(0.,0.,1.));
#2684 = ORIENTED_EDGE('',*,*,#1805,.T.);
#2685 = ORIENTED_EDGE('',*,*,#2679,.F.);
#2686 = ORIENTED_EDGE('',*,*,#2468,.F.);
#2687 = CYLINDRICAL_SURFACE('',#2688,2.65);
#2688 = AXIS2_PLACEMENT_3D('',#2689,#2690,#2691);
#2689 = CARTESIAN_POINT('',(30.,0.,6.));
#2690 = DIRECTION('',(0.,0.,-1.));
#2691 = DIRECTION('',(1.,0.,0.));
#2692 = ADVANCED_FACE('',(#2693),#2704,.F.);
#2693 = FACE_BOUND('',#2694,.F.);
#2694 = EDGE_LOOP('',(#2695,#2701,#2702,#2703));
#2695 = ORIENTED_EDGE('',*,*,#2696,.T.);
#2696 = EDGE_CURVE('',#2489,#1817,#2697,.T.);
#2697 = LINE('',#2698,#2699);
#2698 = CARTESIAN_POINT('',(21.65,0.,6.));
#2699 = VECTOR('',#2700,1.);
#2700 = DIRECTION('',(0.,0.,1.));
#2701 = ORIENTED_EDGE('',*,*,#1816,.T.);
#2702 = ORIENTED_EDGE('',*,*,#2696,.F.);
#2703 = ORIENTED_EDGE('',*,*,#2488,.F.);
#2704 = CYLINDRICAL_SURFACE('',#2705,2.65);
#2705 = AXIS2_PLACEMENT_3D('',#2706,#2707,#2708);
#2706 = CARTESIAN_POINT('',(19.,0.,6.));
#2707 = DIRECTION('',(0.,0.,-1.));
#2708 = DIRECTION('',(1.,0.,0.));
#2709 = ADVANCED_FACE('',(#2710),#2721,.T.);
#2710 = FACE_BOUND('',#2711,.T.);
#2711 = EDGE_LOOP('',(#2712,#2713,#2714,#2715));
#2712 = ORIENTED_EDGE('',*,*,#1979,.F.);
#2713 = ORIENTED_EDGE('',*,*,#2046,.T.);
#2714 = ORIENTED_EDGE('',*,*,#2166,.F.);
#2715 = ORIENTED_EDGE('',*,*,#2716,.F.);
#2716 = EDGE_CURVE('',#1982,#2159,#2717,.T.);
#2717 = LINE('',#2718,#2719);
#2718 = CARTESIAN_POINT('',(31.,27.5,42.));
#2719 = VECTOR('',#2720,1.);
#2720 = DIRECTION('',(0.,0.,1.));
#2721 = PLANE('',#2722);
#2722 = AXIS2_PLACEMENT_3D('',#2723,#2724,#2725);
#2723 = CARTESIAN_POINT('',(22.5,27.5,46.));
#2724 = DIRECTION('',(0.,1.,6.597896832058E-16));
#2725 = DIRECTION('',(0.,-6.597896832058E-16,1.));
#2726 = ADVANCED_FACE('',(#2727),#2738,.T.);
#2727 = FACE_BOUND('',#2728,.F.);
#2728 = EDGE_LOOP('',(#2729,#2730,#2736,#2737));
#2729 = ORIENTED_EDGE('',*,*,#1989,.F.);
#2730 = ORIENTED_EDGE('',*,*,#2731,.T.);
#2731 = EDGE_CURVE('',#1990,#2151,#2732,.T.);
#2732 = LINE('',#2733,#2734);
#2733 = CARTESIAN_POINT('',(36.,22.5,42.));
#2734 = VECTOR('',#2735,1.);
#2735 = DIRECTION('',(0.,0.,1.));
#2736 = ORIENTED_EDGE('',*,*,#2158,.T.);
#2737 = ORIENTED_EDGE('',*,*,#2716,.F.);
#2738 = PLANE('',#2739);
#2739 = AXIS2_PLACEMENT_3D('',#2740,#2741,#2742);
#2740 = CARTESIAN_POINT('',(33.5,25.,42.));
#2741 = DIRECTION('',(0.707106781187,0.707106781187,5.438959822042E-16)
  );
#2742 = DIRECTION('',(3.845925372767E-16,3.845925372767E-16,-1.));
#2743 = ADVANCED_FACE('',(#2744),#2755,.T.);
#2744 = FACE_BOUND('',#2745,.T.);
#2745 = EDGE_LOOP('',(#2746,#2747,#2753,#2754));
#2746 = ORIENTED_EDGE('',*,*,#2150,.F.);
#2747 = ORIENTED_EDGE('',*,*,#2748,.F.);
#2748 = EDGE_CURVE('',#1998,#2143,#2749,.T.);
#2749 = LINE('',#2750,#2751);
#2750 = CARTESIAN_POINT('',(36.,17.5,42.));
#2751 = VECTOR('',#2752,1.);
#2752 = DIRECTION('',(0.,0.,1.));
#2753 = ORIENTED_EDGE('',*,*,#1997,.F.);
#2754 = ORIENTED_EDGE('',*,*,#2731,.T.);
#2755 = PLANE('',#2756);
#2756 = AXIS2_PLACEMENT_3D('',#2757,#2758,#2759);
#2757 = CARTESIAN_POINT('',(36.,-2.407142855704,22.360137353525));
#2758 = DIRECTION('',(1.,0.,0.));
#2759 = DIRECTION('',(0.,0.,1.));
#2760 = ADVANCED_FACE('',(#2761),#2773,.T.);
#2761 = FACE_BOUND('',#2762,.F.);
#2762 = EDGE_LOOP('',(#2763,#2769,#2770,#2771,#2772));
#2763 = ORIENTED_EDGE('',*,*,#2764,.T.);
#2764 = EDGE_CURVE('',#2507,#2135,#2765,.T.);
#2765 = LINE('',#2766,#2767);
#2766 = CARTESIAN_POINT('',(31.,12.5,42.685131977324));
#2767 = VECTOR('',#2768,1.);
#2768 = DIRECTION('',(0.,0.,1.));
#2769 = ORIENTED_EDGE('',*,*,#2142,.T.);
#2770 = ORIENTED_EDGE('',*,*,#2748,.F.);
#2771 = ORIENTED_EDGE('',*,*,#2005,.F.);
#2772 = ORIENTED_EDGE('',*,*,#2506,.T.);
#2773 = PLANE('',#2774);
#2774 = AXIS2_PLACEMENT_3D('',#2775,#2776,#2777);
#2775 = CARTESIAN_POINT('',(33.5,15.,42.));
#2776 = DIRECTION('',(0.707106781187,-0.707106781187,0.));
#2777 = DIRECTION('',(-0.,-0.,-1.));
#2778 = ADVANCED_FACE('',(#2779),#2795,.T.);
#2779 = FACE_BOUND('',#2780,.T.);
#2780 = EDGE_LOOP('',(#2781,#2782,#2788,#2789));
#2781 = ORIENTED_EDGE('',*,*,#2276,.T.);
#2782 = ORIENTED_EDGE('',*,*,#2783,.T.);
#2783 = EDGE_CURVE('',#2269,#2063,#2784,.T.);
#2784 = LINE('',#2785,#2786);
#2785 = CARTESIAN_POINT('',(23.817071067812,-29.70707106781,42.25));
#2786 = VECTOR('',#2787,1.);
#2787 = DIRECTION('',(0.,0.,1.));
#2788 = ORIENTED_EDGE('',*,*,#2060,.F.);
#2789 = ORIENTED_EDGE('',*,*,#2790,.F.);
#2790 = EDGE_CURVE('',#2277,#2061,#2791,.T.);
#2791 = LINE('',#2792,#2793);
#2792 = CARTESIAN_POINT('',(23.81,-29.7,42.25));
#2793 = VECTOR('',#2794,1.);
#2794 = DIRECTION('',(0.,0.,1.));
#2795 = PLANE('',#2796);
#2796 = AXIS2_PLACEMENT_3D('',#2797,#2798,#2799);
#2797 = CARTESIAN_POINT('',(23.81,-29.7,42.25));
#2798 = DIRECTION('',(-0.707106781187,-0.707106781187,0.));
#2799 = DIRECTION('',(0.,0.,1.));
#2800 = ADVANCED_FACE('',(#2801),#2812,.T.);
#2801 = FACE_BOUND('',#2802,.T.);
#2802 = EDGE_LOOP('',(#2803,#2804,#2810,#2811));
#2803 = ORIENTED_EDGE('',*,*,#2268,.F.);
#2804 = ORIENTED_EDGE('',*,*,#2805,.T.);
#2805 = EDGE_CURVE('',#2261,#2071,#2806,.T.);
#2806 = LINE('',#2807,#2808);
#2807 = CARTESIAN_POINT('',(25.499985207036,-29.70707106781,42.25));
#2808 = VECTOR('',#2809,1.);
#2809 = DIRECTION('',(0.,0.,1.));
#2810 = ORIENTED_EDGE('',*,*,#2070,.T.);
#2811 = ORIENTED_EDGE('',*,*,#2783,.F.);
#2812 = PLANE('',#2813);
#2813 = AXIS2_PLACEMENT_3D('',#2814,#2815,#2816);
#2814 = CARTESIAN_POINT('',(24.658528137424,-29.70707106781,42.25));
#2815 = DIRECTION('',(0.,-1.,0.));
#2816 = DIRECTION('',(0.,0.,1.));
#2817 = ADVANCED_FACE('',(#2818),#2829,.T.);
#2818 = FACE_BOUND('',#2819,.T.);
#2819 = EDGE_LOOP('',(#2820,#2821,#2827,#2828));
#2820 = ORIENTED_EDGE('',*,*,#2198,.F.);
#2821 = ORIENTED_EDGE('',*,*,#2822,.F.);
#2822 = EDGE_CURVE('',#2285,#2191,#2823,.T.);
#2823 = LINE('',#2824,#2825);
#2824 = CARTESIAN_POINT('',(16.19,-29.7,42.25));
#2825 = VECTOR('',#2826,1.);
#2826 = DIRECTION('',(0.,0.,1.));
#2827 = ORIENTED_EDGE('',*,*,#2284,.F.);
#2828 = ORIENTED_EDGE('',*,*,#2790,.T.);
#2829 = PLANE('',#2830);
#2830 = AXIS2_PLACEMENT_3D('',#2831,#2832,#2833);
#2831 = CARTESIAN_POINT('',(20.,-29.7,46.));
#2832 = DIRECTION('',(-0.,-1.,-0.));
#2833 = DIRECTION('',(0.,0.,-1.));
#2834 = ADVANCED_FACE('',(#2835),#2846,.F.);
#2835 = FACE_BOUND('',#2836,.T.);
#2836 = EDGE_LOOP('',(#2837,#2838,#2844,#2845));
#2837 = ORIENTED_EDGE('',*,*,#2258,.F.);
#2838 = ORIENTED_EDGE('',*,*,#2839,.T.);
#2839 = EDGE_CURVE('',#2259,#2079,#2840,.T.);
#2840 = LINE('',#2841,#2842);
#2841 = CARTESIAN_POINT('',(26.848528137424,-28.35852813742,42.25));
#2842 = VECTOR('',#2843,1.);
#2843 = DIRECTION('',(0.,0.,1.));
#2844 = ORIENTED_EDGE('',*,*,#2078,.T.);
#2845 = ORIENTED_EDGE('',*,*,#2805,.F.);
#2846 = PLANE('',#2847);
#2847 = AXIS2_PLACEMENT_3D('',#2848,#2849,#2850);
#2848 = CARTESIAN_POINT('',(25.753528137424,-29.45352813742,42.25));
#2849 = DIRECTION('',(-0.707106781187,0.707106781187,0.));
#2850 = DIRECTION('',(-0.,-0.,-1.));
#2851 = ADVANCED_FACE('',(#2852),#2863,.T.);
#2852 = FACE_BOUND('',#2853,.F.);
#2853 = EDGE_LOOP('',(#2854,#2855,#2861,#2862));
#2854 = ORIENTED_EDGE('',*,*,#2292,.F.);
#2855 = ORIENTED_EDGE('',*,*,#2856,.T.);
#2856 = EDGE_CURVE('',#2293,#2183,#2857,.T.);
#2857 = LINE('',#2858,#2859);
#2858 = CARTESIAN_POINT('',(14.,-27.51,42.25));
#2859 = VECTOR('',#2860,1.);
#2860 = DIRECTION('',(0.,0.,1.));
#2861 = ORIENTED_EDGE('',*,*,#2190,.T.);
#2862 = ORIENTED_EDGE('',*,*,#2822,.F.);
#2863 = PLANE('',#2864);
#2864 = AXIS2_PLACEMENT_3D('',#2865,#2866,#2867);
#2865 = CARTESIAN_POINT('',(15.095,-28.605,42.25));
#2866 = DIRECTION('',(-0.707106781187,-0.707106781187,0.));
#2867 = DIRECTION('',(-0.,-0.,-1.));
#2868 = ADVANCED_FACE('',(#2869),#2880,.F.);
#2869 = FACE_BOUND('',#2870,.F.);
#2870 = EDGE_LOOP('',(#2871,#2872,#2873,#2874));
#2871 = ORIENTED_EDGE('',*,*,#2366,.T.);
#2872 = ORIENTED_EDGE('',*,*,#2839,.T.);
#2873 = ORIENTED_EDGE('',*,*,#2086,.F.);
#2874 = ORIENTED_EDGE('',*,*,#2875,.F.);
#2875 = EDGE_CURVE('',#2359,#2087,#2876,.T.);
#2876 = LINE('',#2877,#2878);
#2877 = CARTESIAN_POINT('',(26.,-27.51,42.25));
#2878 = VECTOR('',#2879,1.);
#2879 = DIRECTION('',(0.,0.,1.));
#2880 = PLANE('',#2881);
#2881 = AXIS2_PLACEMENT_3D('',#2882,#2883,#2884);
#2882 = CARTESIAN_POINT('',(26.,-27.51,42.25));
#2883 = DIRECTION('',(-0.707106781187,-0.707106781187,0.));
#2884 = DIRECTION('',(0.,0.,1.));
#2885 = ADVANCED_FACE('',(#2886),#2892,.T.);
#2886 = FACE_BOUND('',#2887,.T.);
#2887 = EDGE_LOOP('',(#2888,#2889,#2890,#2891));
#2888 = ORIENTED_EDGE('',*,*,#2300,.T.);
#2889 = ORIENTED_EDGE('',*,*,#2856,.T.);
#2890 = ORIENTED_EDGE('',*,*,#2182,.F.);
#2891 = ORIENTED_EDGE('',*,*,#2244,.F.);
#2892 = PLANE('',#2893);
#2893 = AXIS2_PLACEMENT_3D('',#2894,#2895,#2896);
#2894 = CARTESIAN_POINT('',(14.,-27.5,42.25));
#2895 = DIRECTION('',(-1.,0.,0.));
#2896 = DIRECTION('',(0.,0.,1.));
#2897 = ADVANCED_FACE('',(#2898),#2909,.F.);
#2898 = FACE_BOUND('',#2899,.F.);
#2899 = EDGE_LOOP('',(#2900,#2901,#2902,#2903));
#2900 = ORIENTED_EDGE('',*,*,#2358,.T.);
#2901 = ORIENTED_EDGE('',*,*,#2875,.T.);
#2902 = ORIENTED_EDGE('',*,*,#2094,.F.);
#2903 = ORIENTED_EDGE('',*,*,#2904,.F.);
#2904 = EDGE_CURVE('',#2351,#2095,#2905,.T.);
#2905 = LINE('',#2906,#2907);
#2906 = CARTESIAN_POINT('',(26.,-27.5,42.));
#2907 = VECTOR('',#2908,1.);
#2908 = DIRECTION('',(0.,0.,1.));
#2909 = PLANE('',#2910);
#2910 = AXIS2_PLACEMENT_3D('',#2911,#2912,#2913);
#2911 = CARTESIAN_POINT('',(26.,-27.5,42.25));
#2912 = DIRECTION('',(-1.,0.,0.));
#2913 = DIRECTION('',(0.,0.,1.));
#2914 = ADVANCED_FACE('',(#2915),#2926,.T.);
#2915 = FACE_BOUND('',#2916,.T.);
#2916 = EDGE_LOOP('',(#2917,#2918,#2924,#2925));
#2917 = ORIENTED_EDGE('',*,*,#2350,.T.);
#2918 = ORIENTED_EDGE('',*,*,#2919,.T.);
#2919 = EDGE_CURVE('',#2343,#2103,#2920,.T.);
#2920 = LINE('',#2921,#2922);
#2921 = CARTESIAN_POINT('',(26.848528137424,-28.34852813742,42.));
#2922 = VECTOR('',#2923,1.);
#2923 = DIRECTION('',(0.,0.,1.));
#2924 = ORIENTED_EDGE('',*,*,#2102,.F.);
#2925 = ORIENTED_EDGE('',*,*,#2904,.F.);
#2926 = PLANE('',#2927);
#2927 = AXIS2_PLACEMENT_3D('',#2928,#2929,#2930);
#2928 = CARTESIAN_POINT('',(26.,-27.5,42.25));
#2929 = DIRECTION('',(-0.707106781187,-0.707106781187,0.));
#2930 = DIRECTION('',(0.,0.,1.));
#2931 = ADVANCED_FACE('',(#2932),#2943,.T.);
#2932 = FACE_BOUND('',#2933,.F.);
#2933 = EDGE_LOOP('',(#2934,#2935,#2936,#2937));
#2934 = ORIENTED_EDGE('',*,*,#2342,.F.);
#2935 = ORIENTED_EDGE('',*,*,#2919,.T.);
#2936 = ORIENTED_EDGE('',*,*,#2110,.T.);
#2937 = ORIENTED_EDGE('',*,*,#2938,.F.);
#2938 = EDGE_CURVE('',#2335,#2111,#2939,.T.);
#2939 = LINE('',#2940,#2941);
#2940 = CARTESIAN_POINT('',(31.007071067812,-24.18998520703,42.25));
#2941 = VECTOR('',#2942,1.);
#2942 = DIRECTION('',(0.,0.,1.));
#2943 = PLANE('',#2944);
#2944 = AXIS2_PLACEMENT_3D('',#2945,#2946,#2947);
#2945 = CARTESIAN_POINT('',(29.348528137424,-25.84852813742,42.));
#2946 = DIRECTION('',(0.707106781187,-0.707106781187,0.));
#2947 = DIRECTION('',(-0.,-0.,-1.));
#2948 = ADVANCED_FACE('',(#2949),#2960,.T.);
#2949 = FACE_BOUND('',#2950,.T.);
#2950 = EDGE_LOOP('',(#2951,#2952,#2958,#2959));
#2951 = ORIENTED_EDGE('',*,*,#2334,.F.);
#2952 = ORIENTED_EDGE('',*,*,#2953,.T.);
#2953 = EDGE_CURVE('',#2327,#2119,#2954,.T.);
#2954 = LINE('',#2955,#2956);
#2955 = CARTESIAN_POINT('',(31.007071067812,-22.50707106781,42.25));
#2956 = VECTOR('',#2957,1.);
#2957 = DIRECTION('',(0.,0.,1.));
#2958 = ORIENTED_EDGE('',*,*,#2118,.T.);
#2959 = ORIENTED_EDGE('',*,*,#2938,.F.);
#2960 = PLANE('',#2961);
#2961 = AXIS2_PLACEMENT_3D('',#2962,#2963,#2964);
#2962 = CARTESIAN_POINT('',(31.007071067812,-23.34852813742,42.25));
#2963 = DIRECTION('',(1.,0.,0.));
#2964 = DIRECTION('',(0.,0.,1.));
#2965 = ADVANCED_FACE('',(#2966),#2977,.F.);
#2966 = FACE_BOUND('',#2967,.F.);
#2967 = EDGE_LOOP('',(#2968,#2969,#2970,#2971));
#2968 = ORIENTED_EDGE('',*,*,#2326,.T.);
#2969 = ORIENTED_EDGE('',*,*,#2953,.T.);
#2970 = ORIENTED_EDGE('',*,*,#2126,.F.);
#2971 = ORIENTED_EDGE('',*,*,#2972,.F.);
#2972 = EDGE_CURVE('',#2319,#2127,#2973,.T.);
#2973 = LINE('',#2974,#2975);
#2974 = CARTESIAN_POINT('',(31.,-22.5,42.));
#2975 = VECTOR('',#2976,1.);
#2976 = DIRECTION('',(0.,0.,1.));
#2977 = PLANE('',#2978);
#2978 = AXIS2_PLACEMENT_3D('',#2979,#2980,#2981);
#2979 = CARTESIAN_POINT('',(31.,-22.5,42.25));
#2980 = DIRECTION('',(-0.707106781187,-0.707106781187,0.));
#2981 = DIRECTION('',(0.,0.,1.));
#2982 = ADVANCED_FACE('',(#2983),#2995,.T.);
#2983 = FACE_BOUND('',#2984,.T.);
#2984 = EDGE_LOOP('',(#2985,#2986,#2987,#2988,#2989,#2990,#2991,#2992,
    #2993,#2994));
#2985 = ORIENTED_EDGE('',*,*,#2134,.T.);
#2986 = ORIENTED_EDGE('',*,*,#2972,.F.);
#2987 = ORIENTED_EDGE('',*,*,#2318,.T.);
#2988 = ORIENTED_EDGE('',*,*,#2662,.T.);
#2989 = ORIENTED_EDGE('',*,*,#2637,.F.);
#2990 = ORIENTED_EDGE('',*,*,#2615,.T.);
#2991 = ORIENTED_EDGE('',*,*,#2580,.T.);
#2992 = ORIENTED_EDGE('',*,*,#2556,.T.);
#2993 = ORIENTED_EDGE('',*,*,#2529,.F.);
#2994 = ORIENTED_EDGE('',*,*,#2764,.T.);
#2995 = PLANE('',#2996);
#2996 = AXIS2_PLACEMENT_3D('',#2997,#2998,#2999);
#2997 = CARTESIAN_POINT('',(31.,-6.692346940889,43.370263954648));
#2998 = DIRECTION('',(1.,0.,0.));
#2999 = DIRECTION('',(0.,0.,1.));
#3000 = ADVANCED_FACE('',(#3001),#3020,.F.);
#3001 = FACE_BOUND('',#3002,.F.);
#3002 = EDGE_LOOP('',(#3003,#3011,#3018,#3019));
#3003 = ORIENTED_EDGE('',*,*,#3004,.T.);
#3004 = EDGE_CURVE('',#2207,#3005,#3007,.T.);
#3005 = VERTEX_POINT('',#3006);
#3006 = CARTESIAN_POINT('',(27.5,0.,44.));
#3007 = LINE('',#3008,#3009);
#3008 = CARTESIAN_POINT('',(27.5,0.,50.));
#3009 = VECTOR('',#3010,1.);
#3010 = DIRECTION('',(-0.,-0.,-1.));
#3011 = ORIENTED_EDGE('',*,*,#3012,.T.);
#3012 = EDGE_CURVE('',#3005,#3005,#3013,.T.);
#3013 = CIRCLE('',#3014,4.5);
#3014 = AXIS2_PLACEMENT_3D('',#3015,#3016,#3017);
#3015 = CARTESIAN_POINT('',(23.,0.,44.));
#3016 = DIRECTION('',(0.,0.,1.));
#3017 = DIRECTION('',(1.,0.,0.));
#3018 = ORIENTED_EDGE('',*,*,#3004,.F.);
#3019 = ORIENTED_EDGE('',*,*,#2206,.F.);
#3020 = CYLINDRICAL_SURFACE('',#3021,4.5);
#3021 = AXIS2_PLACEMENT_3D('',#3022,#3023,#3024);
#3022 = CARTESIAN_POINT('',(23.,0.,50.));
#3023 = DIRECTION('',(0.,0.,1.));
#3024 = DIRECTION('',(1.,0.,0.));
#3025 = ADVANCED_FACE('',(#3026),#3037,.F.);
#3026 = FACE_BOUND('',#3027,.F.);
#3027 = EDGE_LOOP('',(#3028,#3034,#3035,#3036));
#3028 = ORIENTED_EDGE('',*,*,#3029,.F.);
#3029 = EDGE_CURVE('',#2218,#2375,#3030,.T.);
#3030 = LINE('',#3031,#3032);
#3031 = CARTESIAN_POINT('',(27.15,-24.05,50.));
#3032 = VECTOR('',#3033,1.);
#3033 = DIRECTION('',(-0.,-0.,-1.));
#3034 = ORIENTED_EDGE('',*,*,#2217,.F.);
#3035 = ORIENTED_EDGE('',*,*,#3029,.T.);
#3036 = ORIENTED_EDGE('',*,*,#2374,.T.);
#3037 = CYLINDRICAL_SURFACE('',#3038,2.65);
#3038 = AXIS2_PLACEMENT_3D('',#3039,#3040,#3041);
#3039 = CARTESIAN_POINT('',(24.5,-24.05,50.));
#3040 = DIRECTION('',(0.,0.,1.));
#3041 = DIRECTION('',(1.,0.,0.));
#3042 = ADVANCED_FACE('',(#3043),#3062,.F.);
#3043 = FACE_BOUND('',#3044,.F.);
#3044 = EDGE_LOOP('',(#3045,#3054,#3060,#3061));
#3045 = ORIENTED_EDGE('',*,*,#3046,.F.);
#3046 = EDGE_CURVE('',#3047,#3047,#3049,.T.);
#3047 = VERTEX_POINT('',#3048);
#3048 = CARTESIAN_POINT('',(25.65,0.,44.));
#3049 = CIRCLE('',#3050,2.65);
#3050 = AXIS2_PLACEMENT_3D('',#3051,#3052,#3053);
#3051 = CARTESIAN_POINT('',(23.,0.,44.));
#3052 = DIRECTION('',(0.,0.,1.));
#3053 = DIRECTION('',(1.,0.,0.));
#3054 = ORIENTED_EDGE('',*,*,#3055,.T.);
#3055 = EDGE_CURVE('',#3047,#2597,#3056,.T.);
#3056 = LINE('',#3057,#3058);
#3057 = CARTESIAN_POINT('',(25.65,0.,50.));
#3058 = VECTOR('',#3059,1.);
#3059 = DIRECTION('',(-0.,-0.,-1.));
#3060 = ORIENTED_EDGE('',*,*,#2596,.T.);
#3061 = ORIENTED_EDGE('',*,*,#3055,.F.);
#3062 = CYLINDRICAL_SURFACE('',#3063,2.65);
#3063 = AXIS2_PLACEMENT_3D('',#3064,#3065,#3066);
#3064 = CARTESIAN_POINT('',(23.,0.,50.));
#3065 = DIRECTION('',(0.,0.,1.));
#3066 = DIRECTION('',(1.,0.,0.));
#3067 = ADVANCED_FACE('',(#3068,#3071),#3074,.T.);
#3068 = FACE_BOUND('',#3069,.T.);
#3069 = EDGE_LOOP('',(#3070));
#3070 = ORIENTED_EDGE('',*,*,#3012,.T.);
#3071 = FACE_BOUND('',#3072,.T.);
#3072 = EDGE_LOOP('',(#3073));
#3073 = ORIENTED_EDGE('',*,*,#3046,.F.);
#3074 = PLANE('',#3075);
#3075 = AXIS2_PLACEMENT_3D('',#3076,#3077,#3078);
#3076 = CARTESIAN_POINT('',(23.,1.201785651367E-16,44.));
#3077 = DIRECTION('',(0.,0.,1.));
#3078 = DIRECTION('',(1.,0.,0.));
#3079 = ( GEOMETRIC_REPRESENTATION_CONTEXT(3) 
GLOBAL_UNCERTAINTY_ASSIGNED_CONTEXT((#3083)) 
GLOBAL_UNIT_ASSIGNED_CONTEXT((#3080,#3081,#3082)) REPRESENTATION_CONTEXT
('Context #1','3D Context with UNIT and UNCERTAINTY') );
#3080 = ( LENGTH_UNIT() NAMED_UNIT(*) SI_UNIT(.MILLI.,.METRE.) );
#3081 = ( NAMED_UNIT(*) PLANE_ANGLE_UNIT() SI_UNIT($,.RADIAN.) );
#3082 = ( NAMED_UNIT(*) SI_UNIT($,.STERADIAN.) SOLID_ANGLE_UNIT() );
#3083 = UNCERTAINTY_MEASURE_WITH_UNIT(LENGTH_MEASURE(5.E-05),#3080,
  'distance_accuracy_value','confusion accuracy');
#3084 = PRODUCT_RELATED_PRODUCT_CATEGORY('part',$,(#7));
#3085 = MECHANICAL_DESIGN_GEOMETRIC_PRESENTATION_REPRESENTATION('',(
    #3086),#3079);
#3086 = STYLED_ITEM('color',(#3087),#15);
#3087 = PRESENTATION_STYLE_ASSIGNMENT((#3088,#3094));
#3088 = SURFACE_STYLE_USAGE(.BOTH.,#3089);
#3089 = SURFACE_SIDE_STYLE('',(#3090));
#3090 = SURFACE_STYLE_FILL_AREA(#3091);
#3091 = FILL_AREA_STYLE('',(#3092));
#3092 = FILL_AREA_STYLE_COLOUR('',#3093);
#3093 = COLOUR_RGB('',0.447058818107,0.474509808674,0.501960817233);
#3094 = CURVE_STYLE('',#3095,POSITIVE_LENGTH_MEASURE(0.1),#3096);
#3095 = DRAUGHTING_PRE_DEFINED_CURVE_FONT('continuous');
#3096 = COLOUR_RGB('',9.803921802644E-02,9.803921802644E-02,
  9.803921802644E-02);
ENDSEC;
END-ISO-10303-21;
