ISO-10303-21;
HEADER;
FILE_DESCRIPTION(('FreeCAD Model'),'2;1');
FILE_NAME('Open CASCADE Shape Model','2025-12-06T11:40:34',(''),(''),
  'Open CASCADE STEP processor 7.8','FreeCAD','Unknown');
FILE_SCHEMA(('AUTOMOTIVE_DESIGN { 1 0 10303 214 1 1 1 1 }'));
ENDSEC;
DATA;
#1 = APPLICATION_PROTOCOL_DEFINITION('international standard',
  'automotive_design',2000,#2);
#2 = APPLICATION_CONTEXT(
  'core data for automotive mechanical design processes');
#3 = SHAPE_DEFINITION_REPRESENTATION(#4,#10);
#4 = PRODUCT_DEFINITION_SHAPE('','',#5);
#5 = PRODUCT_DEFINITION('design','',#6,#9);
#6 = PRODUCT_DEFINITION_FORMATION('','',#7);
#7 = PRODUCT('Z axis mounting right','Z axis mounting right','',(#8));
#8 = PRODUCT_CONTEXT('',#2,'mechanical');
#9 = PRODUCT_DEFINITION_CONTEXT('part definition',#2,'design');
#10 = ADVANCED_BREP_SHAPE_REPRESENTATION('',(#11,#15),#2299);
#11 = AXIS2_PLACEMENT_3D('',#12,#13,#14);
#12 = CARTESIAN_POINT('',(0.,0.,0.));
#13 = DIRECTION('',(0.,0.,1.));
#14 = DIRECTION('',(1.,0.,-0.));
#15 = MANIFOLD_SOLID_BREP('',#16);
#16 = CLOSED_SHELL('',(#17,#97,#128,#192,#216,#248,#272,#383,#407,#453,
    #478,#502,#526,#589,#613,#637,#654,#678,#695,#720,#752,#785,#816,
    #865,#889,#913,#938,#1006,#1046,#1071,#1096,#1121,#1153,#1185,#1219,
    #1265,#1290,#1314,#1339,#1361,#1372,#1398,#1476,#1516,#1533,#1567,
    #1644,#1669,#1686,#1700,#1724,#1748,#1772,#1796,#1813,#1825,#1834,
    #1843,#1861,#1879,#1903,#1927,#1959,#1983,#2007,#2025,#2049,#2066,
    #2105,#2129,#2153,#2165,#2177,#2189,#2201,#2221,#2246,#2263,#2283));
#17 = ADVANCED_FACE('',(#18),#92,.T.);
#18 = FACE_BOUND('',#19,.T.);
#19 = EDGE_LOOP('',(#20,#30,#38,#46,#54,#62,#70,#78,#86));
#20 = ORIENTED_EDGE('',*,*,#21,.F.);
#21 = EDGE_CURVE('',#22,#24,#26,.T.);
#22 = VERTEX_POINT('',#23);
#23 = CARTESIAN_POINT('',(23.671204189394,16.222450271734,
    -2.237456837462E-17));
#24 = VERTEX_POINT('',#25);
#25 = CARTESIAN_POINT('',(23.70258089486,16.26137972529,-5.E-02));
#26 = LINE('',#27,#28);
#27 = CARTESIAN_POINT('',(30.279922778002,24.421966426917,-10.53125));
#28 = VECTOR('',#29,1.);
#29 = DIRECTION('',(0.443733624115,0.550545611943,-0.707106781187));
#30 = ORIENTED_EDGE('',*,*,#31,.T.);
#31 = EDGE_CURVE('',#22,#32,#34,.T.);
#32 = VERTEX_POINT('',#33);
#33 = CARTESIAN_POINT('',(26.808874735914,20.11539562731,5.));
#34 = LINE('',#35,#36);
#35 = CARTESIAN_POINT('',(30.279922778002,24.421966426917,10.53125));
#36 = VECTOR('',#37,1.);
#37 = DIRECTION('',(0.443733624115,0.550545611943,0.707106781187));
#38 = ORIENTED_EDGE('',*,*,#39,.T.);
#39 = EDGE_CURVE('',#32,#40,#42,.T.);
#40 = VERTEX_POINT('',#41);
#41 = CARTESIAN_POINT('',(26.808874735914,20.11539562731,39.));
#42 = LINE('',#43,#44);
#43 = CARTESIAN_POINT('',(26.808874735914,20.11539562731,42.));
#44 = VECTOR('',#45,1.);
#45 = DIRECTION('',(0.,0.,1.));
#46 = ORIENTED_EDGE('',*,*,#47,.F.);
#47 = EDGE_CURVE('',#48,#40,#50,.T.);
#48 = VERTEX_POINT('',#49);
#49 = CARTESIAN_POINT('',(25.553806517306,18.55821748508,41.));
#50 = LINE('',#51,#52);
#51 = CARTESIAN_POINT('',(29.495505141372,23.448730088022,34.71875));
#52 = VECTOR('',#53,1.);
#53 = DIRECTION('',(0.443733624115,0.550545611943,-0.707106781187));
#54 = ORIENTED_EDGE('',*,*,#55,.T.);
#55 = EDGE_CURVE('',#48,#56,#58,.T.);
#56 = VERTEX_POINT('',#57);
#57 = CARTESIAN_POINT('',(32.613565246976,27.317344535126,41.));
#58 = LINE('',#59,#60);
#59 = CARTESIAN_POINT('',(26.257452726606,19.431239748524,41.));
#60 = VECTOR('',#61,1.);
#61 = DIRECTION('',(0.627534109304,0.778589071115,0.));
#62 = ORIENTED_EDGE('',*,*,#63,.T.);
#63 = EDGE_CURVE('',#56,#64,#66,.T.);
#64 = VERTEX_POINT('',#65);
#65 = CARTESIAN_POINT('',(32.613565246976,27.317344535126,2.));
#66 = LINE('',#67,#68);
#67 = CARTESIAN_POINT('',(32.613565246976,27.317344535126,38.));
#68 = VECTOR('',#69,1.);
#69 = DIRECTION('',(8.712890321722E-17,1.965610493926E-16,-1.));
#70 = ORIENTED_EDGE('',*,*,#71,.F.);
#71 = EDGE_CURVE('',#72,#64,#74,.T.);
#72 = VERTEX_POINT('',#73);
#73 = CARTESIAN_POINT('',(31.358497028368,25.760166392896,0.));
#74 = LINE('',#75,#76);
#75 = CARTESIAN_POINT('',(36.045392407231,31.575253517788,7.46875));
#76 = VECTOR('',#77,1.);
#77 = DIRECTION('',(0.443733624115,0.550545611943,0.707106781187));
#78 = ORIENTED_EDGE('',*,*,#79,.T.);
#79 = EDGE_CURVE('',#72,#80,#82,.T.);
#80 = VERTEX_POINT('',#81);
#81 = CARTESIAN_POINT('',(31.389873733833,25.799095846452,-5.E-02));
#82 = LINE('',#83,#84);
#83 = CARTESIAN_POINT('',(36.045392407231,31.575253517788,-7.46875));
#84 = VECTOR('',#85,1.);
#85 = DIRECTION('',(0.443733624115,0.550545611943,-0.707106781187));
#86 = ORIENTED_EDGE('',*,*,#87,.F.);
#87 = EDGE_CURVE('',#24,#80,#88,.T.);
#88 = LINE('',#89,#90);
#89 = CARTESIAN_POINT('',(9.139751398553,-1.806896918535,-5.E-02));
#90 = VECTOR('',#91,1.);
#91 = DIRECTION('',(0.627534109304,0.778589071115,0.));
#92 = PLANE('',#93);
#93 = AXIS2_PLACEMENT_3D('',#94,#95,#96);
#94 = CARTESIAN_POINT('',(29.425444408982,23.361804899823,
    1.172296078376E-15));
#95 = DIRECTION('',(-0.778589071115,0.627534109304,0.));
#96 = DIRECTION('',(-0.627534109304,-0.778589071115,0.));
#97 = ADVANCED_FACE('',(#98),#123,.T.);
#98 = FACE_BOUND('',#99,.F.);
#99 = EDGE_LOOP('',(#100,#108,#116,#122));
#100 = ORIENTED_EDGE('',*,*,#101,.T.);
#101 = EDGE_CURVE('',#22,#102,#104,.T.);
#102 = VERTEX_POINT('',#103);
#103 = CARTESIAN_POINT('',(-0.581845375846,35.770137776552,0.));
#104 = LINE('',#105,#106);
#105 = CARTESIAN_POINT('',(23.671204189394,16.222450271734,
    -6.712370512387E-17));
#106 = VECTOR('',#107,1.);
#107 = DIRECTION('',(-0.778589071115,0.627534109304,5.551115123126E-17)
  );
#108 = ORIENTED_EDGE('',*,*,#109,.T.);
#109 = EDGE_CURVE('',#102,#110,#112,.T.);
#110 = VERTEX_POINT('',#111);
#111 = CARTESIAN_POINT('',(-0.589398123936,35.840443935573,-5.E-02));
#112 = LINE('',#113,#114);
#113 = CARTESIAN_POINT('',(-0.171479396258,31.95016980308,2.716666666667
    ));
#114 = VECTOR('',#115,1.);
#115 = DIRECTION('',(-8.721162286419E-02,0.811825596729,-0.57735026919)
  );
#116 = ORIENTED_EDGE('',*,*,#117,.F.);
#117 = EDGE_CURVE('',#24,#110,#118,.T.);
#118 = LINE('',#119,#120);
#119 = CARTESIAN_POINT('',(70.657876612603,-21.58406502662,-5.E-02));
#120 = VECTOR('',#121,1.);
#121 = DIRECTION('',(-0.778589071115,0.627534109304,0.));
#122 = ORIENTED_EDGE('',*,*,#21,.F.);
#123 = PLANE('',#124);
#124 = AXIS2_PLACEMENT_3D('',#125,#126,#127);
#125 = CARTESIAN_POINT('',(25.240039462654,18.168922949522,-2.5));
#126 = DIRECTION('',(0.443733624115,0.550545611943,0.707106781187));
#127 = DIRECTION('',(0.778589071115,-0.627534109304,1.665334536938E-16)
  );
#128 = ADVANCED_FACE('',(#129),#187,.F.);
#129 = FACE_BOUND('',#130,.F.);
#130 = EDGE_LOOP('',(#131,#132,#133,#141,#149,#157,#165,#173,#181));
#131 = ORIENTED_EDGE('',*,*,#87,.F.);
#132 = ORIENTED_EDGE('',*,*,#117,.T.);
#133 = ORIENTED_EDGE('',*,*,#134,.T.);
#134 = EDGE_CURVE('',#110,#135,#137,.T.);
#135 = VERTEX_POINT('',#136);
#136 = CARTESIAN_POINT('',(-17.13372952866,15.313694186594,-5.E-02));
#137 = LINE('',#138,#139);
#138 = CARTESIAN_POINT('',(-16.46051245677,16.148962655492,-5.E-02));
#139 = VECTOR('',#140,1.);
#140 = DIRECTION('',(-0.627534109304,-0.778589071115,0.));
#141 = ORIENTED_EDGE('',*,*,#142,.F.);
#142 = EDGE_CURVE('',#143,#135,#145,.T.);
#143 = VERTEX_POINT('',#144);
#144 = CARTESIAN_POINT('',(27.770230832963,-35.05,-5.E-02));
#145 = LINE('',#146,#147);
#146 = CARTESIAN_POINT('',(34.524337239526,-42.62531734003,-5.E-02));
#147 = VECTOR('',#148,1.);
#148 = DIRECTION('',(-0.665490940013,0.746405927603,0.));
#149 = ORIENTED_EDGE('',*,*,#150,.T.);
#150 = EDGE_CURVE('',#143,#151,#153,.T.);
#151 = VERTEX_POINT('',#152);
#152 = CARTESIAN_POINT('',(27.626143571374,-35.05,-5.E-02));
#153 = LINE('',#154,#155);
#154 = CARTESIAN_POINT('',(66.382324911805,-35.05,-5.E-02));
#155 = VECTOR('',#156,1.);
#156 = DIRECTION('',(-1.,-3.984991935131E-16,0.));
#157 = ORIENTED_EDGE('',*,*,#158,.T.);
#158 = EDGE_CURVE('',#151,#159,#161,.T.);
#159 = VERTEX_POINT('',#160);
#160 = CARTESIAN_POINT('',(46.736143571374,-54.16,-5.E-02));
#161 = LINE('',#162,#163);
#162 = CARTESIAN_POINT('',(66.47335630177,-73.89721273039,-5.E-02));
#163 = VECTOR('',#164,1.);
#164 = DIRECTION('',(0.707106781187,-0.707106781187,0.));
#165 = ORIENTED_EDGE('',*,*,#166,.F.);
#166 = EDGE_CURVE('',#167,#159,#169,.T.);
#167 = VERTEX_POINT('',#168);
#168 = CARTESIAN_POINT('',(57.05,-54.16,-5.E-02));
#169 = LINE('',#170,#171);
#170 = CARTESIAN_POINT('',(67.95295091155,-54.16,-5.E-02));
#171 = VECTOR('',#172,1.);
#172 = DIRECTION('',(-1.,-2.229863322733E-16,0.));
#173 = ORIENTED_EDGE('',*,*,#174,.F.);
#174 = EDGE_CURVE('',#175,#167,#177,.T.);
#175 = VERTEX_POINT('',#176);
#176 = CARTESIAN_POINT('',(57.05,5.117320210942,-5.E-02));
#177 = LINE('',#178,#179);
#178 = CARTESIAN_POINT('',(57.05,-63.25170234062,-5.E-02));
#179 = VECTOR('',#180,1.);
#180 = DIRECTION('',(4.691168932029E-16,-1.,0.));
#181 = ORIENTED_EDGE('',*,*,#182,.T.);
#182 = EDGE_CURVE('',#175,#80,#183,.T.);
#183 = LINE('',#184,#185);
#184 = CARTESIAN_POINT('',(92.097085664132,-23.13024002572,-5.E-02));
#185 = VECTOR('',#186,1.);
#186 = DIRECTION('',(-0.778589071115,0.627534109304,0.));
#187 = PLANE('',#188);
#188 = AXIS2_PLACEMENT_3D('',#189,#190,#191);
#189 = CARTESIAN_POINT('',(82.764649823609,-102.6664882407,-5.E-02));
#190 = DIRECTION('',(0.,0.,1.));
#191 = DIRECTION('',(-0.665490940013,0.746405927603,0.));
#192 = ADVANCED_FACE('',(#193),#211,.T.);
#193 = FACE_BOUND('',#194,.F.);
#194 = EDGE_LOOP('',(#195,#196,#204,#210));
#195 = ORIENTED_EDGE('',*,*,#182,.F.);
#196 = ORIENTED_EDGE('',*,*,#197,.F.);
#197 = EDGE_CURVE('',#198,#175,#200,.T.);
#198 = VERTEX_POINT('',#199);
#199 = CARTESIAN_POINT('',(57.,5.093400925113,0.));
#200 = LINE('',#201,#202);
#201 = CARTESIAN_POINT('',(58.211836126842,5.673126019013,
    -1.211836126842));
#202 = VECTOR('',#203,1.);
#203 = DIRECTION('',(0.669821829644,0.320433195946,-0.669821829644));
#204 = ORIENTED_EDGE('',*,*,#205,.T.);
#205 = EDGE_CURVE('',#198,#72,#206,.T.);
#206 = LINE('',#207,#208);
#207 = CARTESIAN_POINT('',(58.86232945348,3.592384152368,
    -6.712370512387E-17));
#208 = VECTOR('',#209,1.);
#209 = DIRECTION('',(-0.778589071115,0.627534109304,0.));
#210 = ORIENTED_EDGE('',*,*,#79,.T.);
#211 = PLANE('',#212);
#212 = AXIS2_PLACEMENT_3D('',#213,#214,#215);
#213 = CARTESIAN_POINT('',(60.43116472674,5.538856830156,-2.5));
#214 = DIRECTION('',(0.443733624115,0.550545611943,0.707106781187));
#215 = DIRECTION('',(0.778589071115,-0.627534109304,-8.326672684689E-17)
  );
#216 = ADVANCED_FACE('',(#217),#243,.T.);
#217 = FACE_BOUND('',#218,.T.);
#218 = EDGE_LOOP('',(#219,#229,#235,#236,#237));
#219 = ORIENTED_EDGE('',*,*,#220,.F.);
#220 = EDGE_CURVE('',#221,#223,#225,.T.);
#221 = VERTEX_POINT('',#222);
#222 = CARTESIAN_POINT('',(62.,7.485329507944,5.));
#223 = VERTEX_POINT('',#224);
#224 = CARTESIAN_POINT('',(36.831934788233,27.77050942056,5.));
#225 = LINE('',#226,#227);
#226 = CARTESIAN_POINT('',(62.,7.485329507944,5.));
#227 = VECTOR('',#228,1.);
#228 = DIRECTION('',(-0.778589071115,0.627534109304,0.));
#229 = ORIENTED_EDGE('',*,*,#230,.F.);
#230 = EDGE_CURVE('',#198,#221,#231,.T.);
#231 = LINE('',#232,#233);
#232 = CARTESIAN_POINT('',(58.211836126842,5.673126019013,1.211836126842
    ));
#233 = VECTOR('',#234,1.);
#234 = DIRECTION('',(0.669821829644,0.320433195946,0.669821829644));
#235 = ORIENTED_EDGE('',*,*,#205,.T.);
#236 = ORIENTED_EDGE('',*,*,#71,.T.);
#237 = ORIENTED_EDGE('',*,*,#238,.T.);
#238 = EDGE_CURVE('',#64,#223,#239,.T.);
#239 = LINE('',#240,#241);
#240 = CARTESIAN_POINT('',(50.266322227377,29.213719311299,
    14.554203803922));
#241 = VECTOR('',#242,1.);
#242 = DIRECTION('',(0.811825596729,8.721162286419E-02,0.57735026919));
#243 = PLANE('',#244);
#244 = AXIS2_PLACEMENT_3D('',#245,#246,#247);
#245 = CARTESIAN_POINT('',(60.43116472674,5.538856830156,2.5));
#246 = DIRECTION('',(0.443733624115,0.550545611943,-0.707106781187));
#247 = DIRECTION('',(-0.778589071115,0.627534109304,-8.326672684689E-17)
  );
#248 = ADVANCED_FACE('',(#249),#267,.T.);
#249 = FACE_BOUND('',#250,.F.);
#250 = EDGE_LOOP('',(#251,#259,#260,#261));
#251 = ORIENTED_EDGE('',*,*,#252,.F.);
#252 = EDGE_CURVE('',#56,#253,#255,.T.);
#253 = VERTEX_POINT('',#254);
#254 = CARTESIAN_POINT('',(36.831934788233,27.77050942056,38.));
#255 = LINE('',#256,#257);
#256 = CARTESIAN_POINT('',(34.722750017604,27.543926977843,39.5));
#257 = VECTOR('',#258,1.);
#258 = DIRECTION('',(0.811825596729,8.721162286419E-02,-0.57735026919));
#259 = ORIENTED_EDGE('',*,*,#63,.T.);
#260 = ORIENTED_EDGE('',*,*,#238,.T.);
#261 = ORIENTED_EDGE('',*,*,#262,.F.);
#262 = EDGE_CURVE('',#253,#223,#263,.T.);
#263 = LINE('',#264,#265);
#264 = CARTESIAN_POINT('',(36.831934788233,27.77050942056,38.));
#265 = VECTOR('',#266,1.);
#266 = DIRECTION('',(8.712890321722E-17,1.965610493926E-16,-1.));
#267 = PLANE('',#268);
#268 = AXIS2_PLACEMENT_3D('',#269,#270,#271);
#269 = CARTESIAN_POINT('',(34.722750017604,27.543926977843,38.));
#270 = DIRECTION('',(-0.106811987829,0.994279236058,0.));
#271 = DIRECTION('',(-1.070098354606E-16,-1.149569741401E-17,1.));
#272 = ADVANCED_FACE('',(#273),#378,.T.);
#273 = FACE_BOUND('',#274,.T.);
#274 = EDGE_LOOP('',(#275,#285,#291,#292,#300,#308,#316,#324,#332,#340,
    #348,#356,#364,#372));
#275 = ORIENTED_EDGE('',*,*,#276,.T.);
#276 = EDGE_CURVE('',#277,#279,#281,.T.);
#277 = VERTEX_POINT('',#278);
#278 = CARTESIAN_POINT('',(71.25,-5.957311179175,41.));
#279 = VERTEX_POINT('',#280);
#280 = CARTESIAN_POINT('',(60.250013008944,5.042675811881,41.));
#281 = LINE('',#282,#283);
#282 = CARTESIAN_POINT('',(74.12867965644,-8.835990835616,41.));
#283 = VECTOR('',#284,1.);
#284 = DIRECTION('',(-0.707106781187,0.707106781187,0.));
#285 = ORIENTED_EDGE('',*,*,#286,.F.);
#286 = EDGE_CURVE('',#56,#279,#287,.T.);
#287 = LINE('',#288,#289);
#288 = CARTESIAN_POINT('',(32.613565246976,27.317344535126,41.));
#289 = VECTOR('',#290,1.);
#290 = DIRECTION('',(0.778589071115,-0.627534109304,0.));
#291 = ORIENTED_EDGE('',*,*,#55,.F.);
#292 = ORIENTED_EDGE('',*,*,#293,.F.);
#293 = EDGE_CURVE('',#294,#48,#296,.T.);
#294 = VERTEX_POINT('',#295);
#295 = CARTESIAN_POINT('',(-2.475400042843,41.149445420022,41.));
#296 = LINE('',#297,#298);
#297 = CARTESIAN_POINT('',(-2.475400042843,41.149445420022,41.));
#298 = VECTOR('',#299,1.);
#299 = DIRECTION('',(0.778589071115,-0.627534109304,0.));
#300 = ORIENTED_EDGE('',*,*,#301,.F.);
#301 = EDGE_CURVE('',#302,#294,#304,.T.);
#302 = VERTEX_POINT('',#303);
#303 = CARTESIAN_POINT('',(4.584358686826,49.908572470068,41.));
#304 = LINE('',#305,#306);
#305 = CARTESIAN_POINT('',(-1.771753833543,42.022467683465,41.));
#306 = VECTOR('',#307,1.);
#307 = DIRECTION('',(-0.627534109304,-0.778589071115,0.));
#308 = ORIENTED_EDGE('',*,*,#309,.F.);
#309 = EDGE_CURVE('',#310,#302,#312,.T.);
#310 = VERTEX_POINT('',#311);
#311 = CARTESIAN_POINT('',(-2.76,55.828043675006,41.));
#312 = LINE('',#313,#314);
#313 = CARTESIAN_POINT('',(-4.642602327912,57.345400158482,41.));
#314 = VECTOR('',#315,1.);
#315 = DIRECTION('',(0.778589071115,-0.627534109304,0.));
#316 = ORIENTED_EDGE('',*,*,#317,.T.);
#317 = EDGE_CURVE('',#310,#318,#320,.T.);
#318 = VERTEX_POINT('',#319);
#319 = CARTESIAN_POINT('',(-2.76,-2.235210268405,41.));
#320 = LINE('',#321,#322);
#321 = CARTESIAN_POINT('',(-2.76,63.03,41.));
#322 = VECTOR('',#323,1.);
#323 = DIRECTION('',(0.,-1.,0.));
#324 = ORIENTED_EDGE('',*,*,#325,.F.);
#325 = EDGE_CURVE('',#326,#318,#328,.T.);
#326 = VERTEX_POINT('',#327);
#327 = CARTESIAN_POINT('',(27.344479113643,-36.,41.));
#328 = LINE('',#329,#330);
#329 = CARTESIAN_POINT('',(28.239217782809,-37.00352717996,41.));
#330 = VECTOR('',#331,1.);
#331 = DIRECTION('',(-0.665490940013,0.746405927603,0.));
#332 = ORIENTED_EDGE('',*,*,#333,.T.);
#333 = EDGE_CURVE('',#326,#334,#336,.T.);
#334 = VERTEX_POINT('',#335);
#335 = CARTESIAN_POINT('',(27.232640687119,-36.,41.));
#336 = LINE('',#337,#338);
#337 = CARTESIAN_POINT('',(50.,-36.,41.));
#338 = VECTOR('',#339,1.);
#339 = DIRECTION('',(-1.,-3.984991935131E-16,0.));
#340 = ORIENTED_EDGE('',*,*,#341,.F.);
#341 = EDGE_CURVE('',#342,#334,#344,.T.);
#342 = VERTEX_POINT('',#343);
#343 = CARTESIAN_POINT('',(45.392640687119,-54.16,41.));
#344 = LINE('',#345,#346);
#345 = CARTESIAN_POINT('',(43.27132034356,-52.03867965644,41.));
#346 = VECTOR('',#347,1.);
#347 = DIRECTION('',(-0.707106781187,0.707106781187,0.));
#348 = ORIENTED_EDGE('',*,*,#349,.F.);
#349 = EDGE_CURVE('',#350,#342,#352,.T.);
#350 = VERTEX_POINT('',#351);
#351 = CARTESIAN_POINT('',(65.65,-54.16,41.));
#352 = LINE('',#353,#354);
#353 = CARTESIAN_POINT('',(50.,-54.16,41.));
#354 = VECTOR('',#355,1.);
#355 = DIRECTION('',(-1.,-3.984991935131E-16,0.));
#356 = ORIENTED_EDGE('',*,*,#357,.T.);
#357 = EDGE_CURVE('',#350,#358,#360,.T.);
#358 = VERTEX_POINT('',#359);
#359 = CARTESIAN_POINT('',(65.65,-21.25,41.));
#360 = LINE('',#361,#362);
#361 = CARTESIAN_POINT('',(65.65,-54.25,41.));
#362 = VECTOR('',#363,1.);
#363 = DIRECTION('',(-0.,1.,0.));
#364 = ORIENTED_EDGE('',*,*,#365,.T.);
#365 = EDGE_CURVE('',#358,#366,#368,.T.);
#366 = VERTEX_POINT('',#367);
#367 = CARTESIAN_POINT('',(71.25,-21.25,41.));
#368 = LINE('',#369,#370);
#369 = CARTESIAN_POINT('',(64.65,-21.25,41.));
#370 = VECTOR('',#371,1.);
#371 = DIRECTION('',(1.,0.,0.));
#372 = ORIENTED_EDGE('',*,*,#373,.F.);
#373 = EDGE_CURVE('',#277,#366,#374,.T.);
#374 = LINE('',#375,#376);
#375 = CARTESIAN_POINT('',(71.25,-10.95731117917,41.));
#376 = VECTOR('',#377,1.);
#377 = DIRECTION('',(0.,-1.,0.));
#378 = PLANE('',#379);
#379 = AXIS2_PLACEMENT_3D('',#380,#381,#382);
#380 = CARTESIAN_POINT('',(29.563809533516,-0.698002966526,41.));
#381 = DIRECTION('',(0.,0.,1.));
#382 = DIRECTION('',(1.,0.,0.));
#383 = ADVANCED_FACE('',(#384),#402,.T.);
#384 = FACE_BOUND('',#385,.T.);
#385 = EDGE_LOOP('',(#386,#394,#395,#396));
#386 = ORIENTED_EDGE('',*,*,#387,.F.);
#387 = EDGE_CURVE('',#294,#388,#390,.T.);
#388 = VERTEX_POINT('',#389);
#389 = CARTESIAN_POINT('',(-1.220331824235,42.706623562252,39.));
#390 = LINE('',#391,#392);
#391 = CARTESIAN_POINT('',(1.466298581222,46.039958022964,34.71875));
#392 = VECTOR('',#393,1.);
#393 = DIRECTION('',(0.443733624115,0.550545611943,-0.707106781187));
#394 = ORIENTED_EDGE('',*,*,#293,.T.);
#395 = ORIENTED_EDGE('',*,*,#47,.T.);
#396 = ORIENTED_EDGE('',*,*,#397,.F.);
#397 = EDGE_CURVE('',#388,#40,#398,.T.);
#398 = LINE('',#399,#400);
#399 = CARTESIAN_POINT('',(-1.220331824235,42.706623562252,39.));
#400 = VECTOR('',#401,1.);
#401 = DIRECTION('',(0.778589071115,-0.627534109304,0.));
#402 = PLANE('',#403);
#403 = AXIS2_PLACEMENT_3D('',#404,#405,#406);
#404 = CARTESIAN_POINT('',(-1.847865933539,41.928034491137,40.));
#405 = DIRECTION('',(0.443733624115,0.550545611943,0.707106781187));
#406 = DIRECTION('',(0.778589071115,-0.627534109304,-1.110223024625E-16)
  );
#407 = ADVANCED_FACE('',(#408,#426,#437),#448,.T.);
#408 = FACE_BOUND('',#409,.T.);
#409 = EDGE_LOOP('',(#410,#411,#419,#425));
#410 = ORIENTED_EDGE('',*,*,#39,.F.);
#411 = ORIENTED_EDGE('',*,*,#412,.T.);
#412 = EDGE_CURVE('',#32,#413,#415,.T.);
#413 = VERTEX_POINT('',#414);
#414 = CARTESIAN_POINT('',(-1.220331824235,42.706623562252,5.));
#415 = LINE('',#416,#417);
#416 = CARTESIAN_POINT('',(26.808874735914,20.11539562731,5.));
#417 = VECTOR('',#418,1.);
#418 = DIRECTION('',(-0.778589071115,0.627534109304,5.551115123126E-17)
  );
#419 = ORIENTED_EDGE('',*,*,#420,.T.);
#420 = EDGE_CURVE('',#413,#388,#421,.T.);
#421 = LINE('',#422,#423);
#422 = CARTESIAN_POINT('',(-1.220331824235,42.706623562252,42.));
#423 = VECTOR('',#424,1.);
#424 = DIRECTION('',(0.,0.,1.));
#425 = ORIENTED_EDGE('',*,*,#397,.T.);
#426 = FACE_BOUND('',#427,.T.);
#427 = EDGE_LOOP('',(#428));
#428 = ORIENTED_EDGE('',*,*,#429,.F.);
#429 = EDGE_CURVE('',#430,#430,#432,.T.);
#430 = VERTEX_POINT('',#431);
#431 = CARTESIAN_POINT('',(2.361177902895,39.819966659454,14.));
#432 = CIRCLE('',#433,3.3);
#433 = AXIS2_PLACEMENT_3D('',#434,#435,#436);
#434 = CARTESIAN_POINT('',(4.930521837575,37.749104098751,14.));
#435 = DIRECTION('',(0.627534109304,0.778589071115,2.077166435391E-16));
#436 = DIRECTION('',(-0.778589071115,0.627534109304,5.551115123126E-17)
  );
#437 = FACE_BOUND('',#438,.T.);
#438 = EDGE_LOOP('',(#439));
#439 = ORIENTED_EDGE('',*,*,#440,.F.);
#440 = EDGE_CURVE('',#441,#441,#443,.T.);
#441 = VERTEX_POINT('',#442);
#442 = CARTESIAN_POINT('',(18.010818232312,27.206531062445,14.));
#443 = CIRCLE('',#444,3.3);
#444 = AXIS2_PLACEMENT_3D('',#445,#446,#447);
#445 = CARTESIAN_POINT('',(20.580162166992,25.135668501742,14.));
#446 = DIRECTION('',(0.627534109304,0.778589071115,2.077166435391E-16));
#447 = DIRECTION('',(-0.778589071115,0.627534109304,5.551115123126E-17)
  );
#448 = PLANE('',#449);
#449 = AXIS2_PLACEMENT_3D('',#450,#451,#452);
#450 = CARTESIAN_POINT('',(12.79427145584,31.411009594781,26.));
#451 = DIRECTION('',(0.627534109304,0.778589071115,1.374890574612E-16));
#452 = DIRECTION('',(0.778589071115,-0.627534109304,0.));
#453 = ADVANCED_FACE('',(#454),#473,.T.);
#454 = FACE_BOUND('',#455,.T.);
#455 = EDGE_LOOP('',(#456,#464,#470,#471,#472));
#456 = ORIENTED_EDGE('',*,*,#457,.T.);
#457 = EDGE_CURVE('',#102,#458,#460,.T.);
#458 = VERTEX_POINT('',#459);
#459 = CARTESIAN_POINT('',(-1.314461940631,42.589835201585,4.85));
#460 = LINE('',#461,#462);
#461 = CARTESIAN_POINT('',(-0.171479396258,31.95016980308,
    -2.716666666667));
#462 = VECTOR('',#463,1.);
#463 = DIRECTION('',(-8.721162286419E-02,0.811825596729,0.57735026919));
#464 = ORIENTED_EDGE('',*,*,#465,.T.);
#465 = EDGE_CURVE('',#458,#413,#466,.T.);
#466 = LINE('',#467,#468);
#467 = CARTESIAN_POINT('',(-8.292625112163E-02,44.117816253648,6.8125));
#468 = VECTOR('',#469,1.);
#469 = DIRECTION('',(0.443733624115,0.550545611943,0.707106781187));
#470 = ORIENTED_EDGE('',*,*,#412,.F.);
#471 = ORIENTED_EDGE('',*,*,#31,.F.);
#472 = ORIENTED_EDGE('',*,*,#101,.T.);
#473 = PLANE('',#474);
#474 = AXIS2_PLACEMENT_3D('',#475,#476,#477);
#475 = CARTESIAN_POINT('',(25.240039462654,18.168922949522,2.5));
#476 = DIRECTION('',(0.443733624115,0.550545611943,-0.707106781187));
#477 = DIRECTION('',(-0.778589071115,0.627534109304,1.665334536938E-16)
  );
#478 = ADVANCED_FACE('',(#479),#497,.F.);
#479 = FACE_BOUND('',#480,.F.);
#480 = EDGE_LOOP('',(#481,#489,#490,#491));
#481 = ORIENTED_EDGE('',*,*,#482,.F.);
#482 = EDGE_CURVE('',#135,#483,#485,.T.);
#483 = VERTEX_POINT('',#484);
#484 = CARTESIAN_POINT('',(-17.06819614121,15.315325299939,0.));
#485 = LINE('',#486,#487);
#486 = CARTESIAN_POINT('',(-12.67497715112,15.424671671314,
    3.351893714937));
#487 = VECTOR('',#488,1.);
#488 = DIRECTION('',(0.794867727978,1.978410408708E-02,0.606460125849));
#489 = ORIENTED_EDGE('',*,*,#134,.F.);
#490 = ORIENTED_EDGE('',*,*,#109,.F.);
#491 = ORIENTED_EDGE('',*,*,#492,.T.);
#492 = EDGE_CURVE('',#102,#483,#493,.T.);
#493 = LINE('',#494,#495);
#494 = CARTESIAN_POINT('',(2.555825170674,39.663083132128,
    -6.712370512387E-17));
#495 = VECTOR('',#496,1.);
#496 = DIRECTION('',(-0.627534109304,-0.778589071115,-1.110223024625E-16
    ));
#497 = PLANE('',#498);
#498 = AXIS2_PLACEMENT_3D('',#499,#500,#501);
#499 = CARTESIAN_POINT('',(0.667746673219,41.18485334719,-2.425));
#500 = DIRECTION('',(0.550545611943,-0.443733624115,-0.707106781187));
#501 = DIRECTION('',(-0.627534109304,-0.778589071115,2.775557561563E-17)
  );
#502 = ADVANCED_FACE('',(#503),#521,.T.);
#503 = FACE_BOUND('',#504,.T.);
#504 = EDGE_LOOP('',(#505,#506,#514,#520));
#505 = ORIENTED_EDGE('',*,*,#197,.F.);
#506 = ORIENTED_EDGE('',*,*,#507,.T.);
#507 = EDGE_CURVE('',#198,#508,#510,.T.);
#508 = VERTEX_POINT('',#509);
#509 = CARTESIAN_POINT('',(57.,-54.16,0.));
#510 = LINE('',#511,#512);
#511 = CARTESIAN_POINT('',(57.,-21.16,0.));
#512 = VECTOR('',#513,1.);
#513 = DIRECTION('',(3.984991935131E-16,-1.,0.));
#514 = ORIENTED_EDGE('',*,*,#515,.T.);
#515 = EDGE_CURVE('',#508,#167,#516,.T.);
#516 = LINE('',#517,#518);
#517 = CARTESIAN_POINT('',(64.5,-54.16,-7.5));
#518 = VECTOR('',#519,1.);
#519 = DIRECTION('',(0.707106781187,1.684578367129E-16,-0.707106781187)
  );
#520 = ORIENTED_EDGE('',*,*,#174,.F.);
#521 = PLANE('',#522);
#522 = AXIS2_PLACEMENT_3D('',#523,#524,#525);
#523 = CARTESIAN_POINT('',(59.544152876762,-23.83691644052,
    -2.544152876762));
#524 = DIRECTION('',(0.707106781187,3.31715736353E-16,0.707106781187));
#525 = DIRECTION('',(0.707106781187,0.,-0.707106781187));
#526 = ADVANCED_FACE('',(#527),#584,.T.);
#527 = FACE_BOUND('',#528,.T.);
#528 = EDGE_LOOP('',(#529,#537,#538,#539,#547,#555,#561,#562,#570,#578)
  );
#529 = ORIENTED_EDGE('',*,*,#530,.F.);
#530 = EDGE_CURVE('',#159,#531,#533,.T.);
#531 = VERTEX_POINT('',#532);
#532 = CARTESIAN_POINT('',(46.806854249492,-54.16,0.));
#533 = LINE('',#534,#535);
#534 = CARTESIAN_POINT('',(41.148595140942,-54.16,-4.000993385367));
#535 = VECTOR('',#536,1.);
#536 = DIRECTION('',(0.816496580928,2.944391961508E-16,0.57735026919));
#537 = ORIENTED_EDGE('',*,*,#166,.F.);
#538 = ORIENTED_EDGE('',*,*,#515,.F.);
#539 = ORIENTED_EDGE('',*,*,#540,.T.);
#540 = EDGE_CURVE('',#508,#541,#543,.T.);
#541 = VERTEX_POINT('',#542);
#542 = CARTESIAN_POINT('',(62.,-54.16,5.));
#543 = LINE('',#544,#545);
#544 = CARTESIAN_POINT('',(64.5,-54.16,7.5));
#545 = VECTOR('',#546,1.);
#546 = DIRECTION('',(0.707106781187,1.684578367129E-16,0.707106781187));
#547 = ORIENTED_EDGE('',*,*,#548,.T.);
#548 = EDGE_CURVE('',#541,#549,#551,.T.);
#549 = VERTEX_POINT('',#550);
#550 = CARTESIAN_POINT('',(65.65,-54.16,5.));
#551 = LINE('',#552,#553);
#552 = CARTESIAN_POINT('',(62.,-54.16,5.));
#553 = VECTOR('',#554,1.);
#554 = DIRECTION('',(1.,3.402359125165E-16,0.));
#555 = ORIENTED_EDGE('',*,*,#556,.T.);
#556 = EDGE_CURVE('',#549,#350,#557,.T.);
#557 = LINE('',#558,#559);
#558 = CARTESIAN_POINT('',(65.65,-54.16,31.129991000358));
#559 = VECTOR('',#560,1.);
#560 = DIRECTION('',(0.,0.,1.));
#561 = ORIENTED_EDGE('',*,*,#349,.T.);
#562 = ORIENTED_EDGE('',*,*,#563,.T.);
#563 = EDGE_CURVE('',#342,#564,#566,.T.);
#564 = VERTEX_POINT('',#565);
#565 = CARTESIAN_POINT('',(41.15,-54.16,38.));
#566 = LINE('',#567,#568);
#567 = CARTESIAN_POINT('',(41.035449571008,-54.16,37.919000614872));
#568 = VECTOR('',#569,1.);
#569 = DIRECTION('',(-0.816496580928,-2.944391961508E-16,-0.57735026919)
  );
#570 = ORIENTED_EDGE('',*,*,#571,.F.);
#571 = EDGE_CURVE('',#572,#564,#574,.T.);
#572 = VERTEX_POINT('',#573);
#573 = CARTESIAN_POINT('',(41.15,-54.16,4.));
#574 = LINE('',#575,#576);
#575 = CARTESIAN_POINT('',(41.15,-54.16,0.));
#576 = VECTOR('',#577,1.);
#577 = DIRECTION('',(0.,0.,1.));
#578 = ORIENTED_EDGE('',*,*,#579,.T.);
#579 = EDGE_CURVE('',#572,#531,#580,.T.);
#580 = LINE('',#581,#582);
#581 = CARTESIAN_POINT('',(41.148595140942,-54.16,4.000993385367));
#582 = VECTOR('',#583,1.);
#583 = DIRECTION('',(0.816496580928,2.944391961508E-16,-0.57735026919));
#584 = PLANE('',#585);
#585 = AXIS2_PLACEMENT_3D('',#586,#587,#588);
#586 = CARTESIAN_POINT('',(53.520514208192,-54.16,21.259044898325));
#587 = DIRECTION('',(-0.,-1.,-0.));
#588 = DIRECTION('',(0.,0.,-1.));
#589 = ADVANCED_FACE('',(#590),#608,.F.);
#590 = FACE_BOUND('',#591,.F.);
#591 = EDGE_LOOP('',(#592,#593,#601,#607));
#592 = ORIENTED_EDGE('',*,*,#158,.F.);
#593 = ORIENTED_EDGE('',*,*,#594,.T.);
#594 = EDGE_CURVE('',#151,#595,#597,.T.);
#595 = VERTEX_POINT('',#596);
#596 = CARTESIAN_POINT('',(27.646854249492,-35.,0.));
#597 = LINE('',#598,#599);
#598 = CARTESIAN_POINT('',(27.236008072826,-35.99187041175,
    -0.991870411757));
#599 = VECTOR('',#600,1.);
#600 = DIRECTION('',(0.281084637715,0.678598344546,0.678598344546));
#601 = ORIENTED_EDGE('',*,*,#602,.F.);
#602 = EDGE_CURVE('',#531,#595,#603,.T.);
#603 = LINE('',#604,#605);
#604 = CARTESIAN_POINT('',(43.978427124746,-51.33157287525,
    -1.299879451441E-16));
#605 = VECTOR('',#606,1.);
#606 = DIRECTION('',(-0.707106781187,0.707106781187,0.));
#607 = ORIENTED_EDGE('',*,*,#530,.F.);
#608 = PLANE('',#609);
#609 = AXIS2_PLACEMENT_3D('',#610,#611,#612);
#610 = CARTESIAN_POINT('',(42.564213562373,-52.74578643762,-2.));
#611 = DIRECTION('',(0.5,0.5,-0.707106781187));
#612 = DIRECTION('',(-0.707106781187,0.707106781187,3.053113317719E-16)
  );
#613 = ADVANCED_FACE('',(#614),#632,.F.);
#614 = FACE_BOUND('',#615,.F.);
#615 = EDGE_LOOP('',(#616,#617,#618,#626));
#616 = ORIENTED_EDGE('',*,*,#594,.F.);
#617 = ORIENTED_EDGE('',*,*,#150,.F.);
#618 = ORIENTED_EDGE('',*,*,#619,.F.);
#619 = EDGE_CURVE('',#620,#143,#622,.T.);
#620 = VERTEX_POINT('',#621);
#621 = CARTESIAN_POINT('',(27.79263881819,-35.,0.));
#622 = LINE('',#623,#624);
#623 = CARTESIAN_POINT('',(29.941956888607,-30.20412467116,
    4.795875328833));
#624 = VECTOR('',#625,1.);
#625 = DIRECTION('',(-0.302091055945,-0.674070097957,-0.674070097957));
#626 = ORIENTED_EDGE('',*,*,#627,.T.);
#627 = EDGE_CURVE('',#620,#595,#628,.T.);
#628 = LINE('',#629,#630);
#629 = CARTESIAN_POINT('',(50.,-35.,0.));
#630 = VECTOR('',#631,1.);
#631 = DIRECTION('',(-1.,-3.984991935131E-16,-0.));
#632 = PLANE('',#633);
#633 = AXIS2_PLACEMENT_3D('',#634,#635,#636);
#634 = CARTESIAN_POINT('',(50.,-35.,2.6645352591E-15));
#635 = DIRECTION('',(2.817814820305E-16,-0.707106781187,0.707106781187)
  );
#636 = DIRECTION('',(0.,-0.707106781187,-0.707106781187));
#637 = ADVANCED_FACE('',(#638),#649,.T.);
#638 = FACE_BOUND('',#639,.T.);
#639 = EDGE_LOOP('',(#640,#641,#642,#643));
#640 = ORIENTED_EDGE('',*,*,#482,.F.);
#641 = ORIENTED_EDGE('',*,*,#142,.F.);
#642 = ORIENTED_EDGE('',*,*,#619,.F.);
#643 = ORIENTED_EDGE('',*,*,#644,.F.);
#644 = EDGE_CURVE('',#483,#620,#645,.T.);
#645 = LINE('',#646,#647);
#646 = CARTESIAN_POINT('',(-16.6269584622,14.820438894593,
    -6.712370512387E-17));
#647 = VECTOR('',#648,1.);
#648 = DIRECTION('',(0.665490940013,-0.746405927603,0.));
#649 = PLANE('',#650);
#650 = AXIS2_PLACEMENT_3D('',#651,#652,#653);
#651 = CARTESIAN_POINT('',(-18.11977031741,13.489457014567,-2.));
#652 = DIRECTION('',(-0.527788692926,-0.470573156501,0.707106781187));
#653 = DIRECTION('',(0.665490940013,-0.746405927603,-5.551115123126E-17)
  );
#654 = ADVANCED_FACE('',(#655),#673,.T.);
#655 = FACE_BOUND('',#656,.T.);
#656 = EDGE_LOOP('',(#657,#665,#671,#672));
#657 = ORIENTED_EDGE('',*,*,#658,.T.);
#658 = EDGE_CURVE('',#253,#659,#661,.T.);
#659 = VERTEX_POINT('',#660);
#660 = CARTESIAN_POINT('',(62.,7.485329507944,38.));
#661 = LINE('',#662,#663);
#662 = CARTESIAN_POINT('',(34.496167574887,29.653111748472,38.));
#663 = VECTOR('',#664,1.);
#664 = DIRECTION('',(0.778589071115,-0.627534109304,0.));
#665 = ORIENTED_EDGE('',*,*,#666,.F.);
#666 = EDGE_CURVE('',#221,#659,#667,.T.);
#667 = LINE('',#668,#669);
#668 = CARTESIAN_POINT('',(62.,7.485329507944,42.));
#669 = VECTOR('',#670,1.);
#670 = DIRECTION('',(0.,0.,1.));
#671 = ORIENTED_EDGE('',*,*,#220,.T.);
#672 = ORIENTED_EDGE('',*,*,#262,.F.);
#673 = PLANE('',#674);
#674 = AXIS2_PLACEMENT_3D('',#675,#676,#677);
#675 = CARTESIAN_POINT('',(48.248083787444,18.569220628208,26.));
#676 = DIRECTION('',(0.627534109304,0.778589071115,0.));
#677 = DIRECTION('',(0.778589071115,-0.627534109304,0.));
#678 = ADVANCED_FACE('',(#679),#690,.T.);
#679 = FACE_BOUND('',#680,.F.);
#680 = EDGE_LOOP('',(#681,#682,#683,#689));
#681 = ORIENTED_EDGE('',*,*,#507,.T.);
#682 = ORIENTED_EDGE('',*,*,#540,.T.);
#683 = ORIENTED_EDGE('',*,*,#684,.F.);
#684 = EDGE_CURVE('',#221,#541,#685,.T.);
#685 = LINE('',#686,#687);
#686 = CARTESIAN_POINT('',(62.,-21.16,5.));
#687 = VECTOR('',#688,1.);
#688 = DIRECTION('',(3.984991935131E-16,-1.,0.));
#689 = ORIENTED_EDGE('',*,*,#230,.F.);
#690 = PLANE('',#691);
#691 = AXIS2_PLACEMENT_3D('',#692,#693,#694);
#692 = CARTESIAN_POINT('',(59.544152876762,-23.83691644052,
    2.544152876762));
#693 = DIRECTION('',(0.707106781187,3.31715736353E-16,-0.707106781187));
#694 = DIRECTION('',(-0.707106781187,-0.,-0.707106781187));
#695 = ADVANCED_FACE('',(#696),#715,.T.);
#696 = FACE_BOUND('',#697,.T.);
#697 = EDGE_LOOP('',(#698,#706,#707,#708,#709));
#698 = ORIENTED_EDGE('',*,*,#699,.T.);
#699 = EDGE_CURVE('',#700,#659,#702,.T.);
#700 = VERTEX_POINT('',#701);
#701 = CARTESIAN_POINT('',(62.,6.990726731584,38.385092316218));
#702 = LINE('',#703,#704);
#703 = CARTESIAN_POINT('',(62.,14.326758421526,32.673338217073));
#704 = VECTOR('',#705,1.);
#705 = DIRECTION('',(0.,0.789041892765,-0.614339394359));
#706 = ORIENTED_EDGE('',*,*,#658,.F.);
#707 = ORIENTED_EDGE('',*,*,#252,.F.);
#708 = ORIENTED_EDGE('',*,*,#286,.T.);
#709 = ORIENTED_EDGE('',*,*,#710,.T.);
#710 = EDGE_CURVE('',#279,#700,#711,.T.);
#711 = LINE('',#712,#713);
#712 = CARTESIAN_POINT('',(60.759182557047,5.60947328611,40.239176422176
    ));
#713 = VECTOR('',#714,1.);
#714 = DIRECTION('',(0.472881399296,0.526402224426,-0.706600226662));
#715 = PLANE('',#716);
#716 = AXIS2_PLACEMENT_3D('',#717,#718,#719);
#717 = CARTESIAN_POINT('',(33.554866410931,28.485228141799,39.5));
#718 = DIRECTION('',(0.443733624115,0.550545611943,0.707106781187));
#719 = DIRECTION('',(0.778589071115,-0.627534109304,-8.326672684689E-17)
  );
#720 = ADVANCED_FACE('',(#721),#747,.T.);
#721 = FACE_BOUND('',#722,.F.);
#722 = EDGE_LOOP('',(#723,#724,#725,#733,#741));
#723 = ORIENTED_EDGE('',*,*,#276,.T.);
#724 = ORIENTED_EDGE('',*,*,#710,.T.);
#725 = ORIENTED_EDGE('',*,*,#726,.T.);
#726 = EDGE_CURVE('',#700,#727,#729,.T.);
#727 = VERTEX_POINT('',#728);
#728 = CARTESIAN_POINT('',(62.05,7.485329507944,38.));
#729 = LINE('',#730,#731);
#730 = CARTESIAN_POINT('',(61.384127891643,0.898485638062,
    43.128444650233));
#731 = VECTOR('',#732,1.);
#732 = DIRECTION('',(7.951266249581E-02,0.786543672525,-0.612394307382)
  );
#733 = ORIENTED_EDGE('',*,*,#734,.F.);
#734 = EDGE_CURVE('',#735,#727,#737,.T.);
#735 = VERTEX_POINT('',#736);
#736 = CARTESIAN_POINT('',(74.25,-4.714670492056,38.));
#737 = LINE('',#738,#739);
#738 = CARTESIAN_POINT('',(76.25,-6.714670492056,38.));
#739 = VECTOR('',#740,1.);
#740 = DIRECTION('',(-0.707106781187,0.707106781187,0.));
#741 = ORIENTED_EDGE('',*,*,#742,.F.);
#742 = EDGE_CURVE('',#277,#735,#743,.T.);
#743 = LINE('',#744,#745);
#744 = CARTESIAN_POINT('',(73.003388932034,-5.231033703412,
    39.246611067966));
#745 = VECTOR('',#746,1.);
#746 = DIRECTION('',(0.678598344546,0.281084637715,-0.678598344546));
#747 = PLANE('',#748);
#748 = AXIS2_PLACEMENT_3D('',#749,#750,#751);
#749 = CARTESIAN_POINT('',(75.18933982822,-7.775330663836,39.5));
#750 = DIRECTION('',(0.5,0.5,0.707106781187));
#751 = DIRECTION('',(0.707106781187,-0.707106781187,-2.775557561563E-17)
  );
#752 = ADVANCED_FACE('',(#753),#780,.T.);
#753 = FACE_BOUND('',#754,.T.);
#754 = EDGE_LOOP('',(#755,#756,#764,#772,#778,#779));
#755 = ORIENTED_EDGE('',*,*,#420,.F.);
#756 = ORIENTED_EDGE('',*,*,#757,.F.);
#757 = EDGE_CURVE('',#758,#413,#760,.T.);
#758 = VERTEX_POINT('',#759);
#759 = CARTESIAN_POINT('',(3.956824577522,49.129983398953,5.));
#760 = LINE('',#761,#762);
#761 = CARTESIAN_POINT('',(6.466961014738,52.244339683414,5.));
#762 = VECTOR('',#763,1.);
#763 = DIRECTION('',(-0.627534109304,-0.778589071115,-1.110223024625E-16
    ));
#764 = ORIENTED_EDGE('',*,*,#765,.T.);
#765 = EDGE_CURVE('',#758,#766,#768,.T.);
#766 = VERTEX_POINT('',#767);
#767 = CARTESIAN_POINT('',(4.584358686826,49.908572470068,6.125034688475
    ));
#768 = LINE('',#769,#770);
#769 = CARTESIAN_POINT('',(7.488306101007,53.511534741366,
    11.331192451091));
#770 = VECTOR('',#771,1.);
#771 = DIRECTION('',(0.416903788795,0.517257514531,0.747419490346));
#772 = ORIENTED_EDGE('',*,*,#773,.T.);
#773 = EDGE_CURVE('',#766,#302,#774,.T.);
#774 = LINE('',#775,#776);
#775 = CARTESIAN_POINT('',(4.584358686826,49.908572470068,9.500138753898
    ));
#776 = VECTOR('',#777,1.);
#777 = DIRECTION('',(0.,0.,1.));
#778 = ORIENTED_EDGE('',*,*,#301,.T.);
#779 = ORIENTED_EDGE('',*,*,#387,.T.);
#780 = PLANE('',#781);
#781 = AXIS2_PLACEMENT_3D('',#782,#783,#784);
#782 = CARTESIAN_POINT('',(2.623314595252,47.475481622833,26.));
#783 = DIRECTION('',(0.778589071115,-0.627534109304,0.));
#784 = DIRECTION('',(0.627534109304,0.778589071115,0.));
#785 = ADVANCED_FACE('',(#786),#811,.T.);
#786 = FACE_BOUND('',#787,.T.);
#787 = EDGE_LOOP('',(#788,#798,#804,#805));
#788 = ORIENTED_EDGE('',*,*,#789,.F.);
#789 = EDGE_CURVE('',#790,#792,#794,.T.);
#790 = VERTEX_POINT('',#791);
#791 = CARTESIAN_POINT('',(-2.76,59.681167371827,38.));
#792 = VERTEX_POINT('',#793);
#793 = CARTESIAN_POINT('',(4.131193801392,54.126942011326,38.));
#794 = LINE('',#795,#796);
#795 = CARTESIAN_POINT('',(-2.76,59.681167371827,38.));
#796 = VECTOR('',#797,1.);
#797 = DIRECTION('',(0.778589071115,-0.627534109304,0.));
#798 = ORIENTED_EDGE('',*,*,#799,.F.);
#799 = EDGE_CURVE('',#310,#790,#800,.T.);
#800 = LINE('',#801,#802);
#801 = CARTESIAN_POINT('',(-2.76,56.603351475839,40.396353819521));
#802 = VECTOR('',#803,1.);
#803 = DIRECTION('',(0.,0.789041892765,-0.614339394359));
#804 = ORIENTED_EDGE('',*,*,#309,.T.);
#805 = ORIENTED_EDGE('',*,*,#806,.F.);
#806 = EDGE_CURVE('',#792,#302,#807,.T.);
#807 = LINE('',#808,#809);
#808 = CARTESIAN_POINT('',(3.341913114362,61.474107947368,
    32.774877451454));
#809 = VECTOR('',#810,1.);
#810 = DIRECTION('',(8.721162286419E-02,-0.811825596729,0.57735026919));
#811 = PLANE('',#812);
#812 = AXIS2_PLACEMENT_3D('',#813,#814,#815);
#813 = CARTESIAN_POINT('',(-3.701301163956,58.513283765154,39.5));
#814 = DIRECTION('',(0.443733624115,0.550545611943,0.707106781187));
#815 = DIRECTION('',(0.778589071115,-0.627534109304,1.665334536938E-16)
  );
#816 = ADVANCED_FACE('',(#817),#860,.F.);
#817 = FACE_BOUND('',#818,.F.);
#818 = EDGE_LOOP('',(#819,#829,#838,#846,#852,#853,#854));
#819 = ORIENTED_EDGE('',*,*,#820,.F.);
#820 = EDGE_CURVE('',#821,#823,#825,.T.);
#821 = VERTEX_POINT('',#822);
#822 = CARTESIAN_POINT('',(-2.76,-6.743160444168,38.30922563753));
#823 = VERTEX_POINT('',#824);
#824 = CARTESIAN_POINT('',(-2.76,-6.743160444168,38.));
#825 = LINE('',#826,#827);
#826 = CARTESIAN_POINT('',(-2.76,-6.743160444168,39.));
#827 = VECTOR('',#828,1.);
#828 = DIRECTION('',(-0.,-0.,-1.));
#829 = ORIENTED_EDGE('',*,*,#830,.T.);
#830 = EDGE_CURVE('',#821,#831,#833,.T.);
#831 = VERTEX_POINT('',#832);
#832 = CARTESIAN_POINT('',(-2.76,-3.873495733,41.01));
#833 = ELLIPSE('',#834,2.25622652293,1.25);
#834 = AXIS2_PLACEMENT_3D('',#835,#836,#837);
#835 = CARTESIAN_POINT('',(-2.76,-4.864847870933,39.242233047034));
#836 = DIRECTION('',(-1.,0.,0.));
#837 = DIRECTION('',(-0.,-0.746405927603,-0.665490940013));
#838 = ORIENTED_EDGE('',*,*,#839,.F.);
#839 = EDGE_CURVE('',#840,#831,#842,.T.);
#840 = VERTEX_POINT('',#841);
#841 = CARTESIAN_POINT('',(-2.76,59.681167371827,41.01));
#842 = LINE('',#843,#844);
#843 = CARTESIAN_POINT('',(-2.76,59.681167371827,41.01));
#844 = VECTOR('',#845,1.);
#845 = DIRECTION('',(0.,-1.,0.));
#846 = ORIENTED_EDGE('',*,*,#847,.T.);
#847 = EDGE_CURVE('',#840,#790,#848,.T.);
#848 = LINE('',#849,#850);
#849 = CARTESIAN_POINT('',(-2.76,59.681167371827,39.));
#850 = VECTOR('',#851,1.);
#851 = DIRECTION('',(-0.,-0.,-1.));
#852 = ORIENTED_EDGE('',*,*,#799,.F.);
#853 = ORIENTED_EDGE('',*,*,#317,.T.);
#854 = ORIENTED_EDGE('',*,*,#855,.F.);
#855 = EDGE_CURVE('',#823,#318,#856,.T.);
#856 = LINE('',#857,#858);
#857 = CARTESIAN_POINT('',(-2.76,10.177764400713,49.260722180908));
#858 = VECTOR('',#859,1.);
#859 = DIRECTION('',(0.,0.832501769723,0.554022385295));
#860 = PLANE('',#861);
#861 = AXIS2_PLACEMENT_3D('',#862,#863,#864);
#862 = CARTESIAN_POINT('',(-2.76,63.03,52.));
#863 = DIRECTION('',(-1.,0.,0.));
#864 = DIRECTION('',(0.,-1.,0.));
#865 = ADVANCED_FACE('',(#866),#884,.T.);
#866 = FACE_BOUND('',#867,.F.);
#867 = EDGE_LOOP('',(#868,#876,#882,#883));
#868 = ORIENTED_EDGE('',*,*,#869,.F.);
#869 = EDGE_CURVE('',#870,#326,#872,.T.);
#870 = VERTEX_POINT('',#871);
#871 = CARTESIAN_POINT('',(26.,-39.,38.));
#872 = LINE('',#873,#874);
#873 = CARTESIAN_POINT('',(27.705999715997,-35.19332193705,
    41.806678062946));
#874 = VECTOR('',#875,1.);
#875 = DIRECTION('',(0.302091055945,0.674070097957,0.674070097957));
#876 = ORIENTED_EDGE('',*,*,#877,.T.);
#877 = EDGE_CURVE('',#870,#823,#878,.T.);
#878 = LINE('',#879,#880);
#879 = CARTESIAN_POINT('',(26.,-39.,38.));
#880 = VECTOR('',#881,1.);
#881 = DIRECTION('',(-0.665490940013,0.746405927603,0.));
#882 = ORIENTED_EDGE('',*,*,#855,.T.);
#883 = ORIENTED_EDGE('',*,*,#325,.F.);
#884 = PLANE('',#885);
#885 = AXIS2_PLACEMENT_3D('',#886,#887,#888);
#886 = CARTESIAN_POINT('',(27.119608891404,-38.00176358998,39.5));
#887 = DIRECTION('',(-0.527788692926,-0.470573156501,0.707106781187));
#888 = DIRECTION('',(0.665490940013,-0.746405927603,-2.775557561563E-17)
  );
#889 = ADVANCED_FACE('',(#890),#908,.T.);
#890 = FACE_BOUND('',#891,.F.);
#891 = EDGE_LOOP('',(#892,#900,#901,#902));
#892 = ORIENTED_EDGE('',*,*,#893,.T.);
#893 = EDGE_CURVE('',#894,#870,#896,.T.);
#894 = VERTEX_POINT('',#895);
#895 = CARTESIAN_POINT('',(26.,-38.97585786437,38.024142135624));
#896 = LINE('',#897,#898);
#897 = CARTESIAN_POINT('',(26.,-37.23875,39.76125));
#898 = VECTOR('',#899,1.);
#899 = DIRECTION('',(-0.,-0.707106781187,-0.707106781187));
#900 = ORIENTED_EDGE('',*,*,#869,.T.);
#901 = ORIENTED_EDGE('',*,*,#333,.T.);
#902 = ORIENTED_EDGE('',*,*,#903,.T.);
#903 = EDGE_CURVE('',#334,#894,#904,.T.);
#904 = LINE('',#905,#906);
#905 = CARTESIAN_POINT('',(26.94989271808,-36.68261398158,
    40.317386018413));
#906 = VECTOR('',#907,1.);
#907 = DIRECTION('',(-0.281084637715,-0.678598344546,-0.678598344546));
#908 = PLANE('',#909);
#909 = AXIS2_PLACEMENT_3D('',#910,#911,#912);
#910 = CARTESIAN_POINT('',(50.,-36.,41.));
#911 = DIRECTION('',(-2.817814820305E-16,0.707106781187,-0.707106781187)
  );
#912 = DIRECTION('',(0.,0.707106781187,0.707106781187));
#913 = ADVANCED_FACE('',(#914),#933,.F.);
#914 = FACE_BOUND('',#915,.T.);
#915 = EDGE_LOOP('',(#916,#917,#925,#931,#932));
#916 = ORIENTED_EDGE('',*,*,#903,.T.);
#917 = ORIENTED_EDGE('',*,*,#918,.T.);
#918 = EDGE_CURVE('',#894,#919,#921,.T.);
#919 = VERTEX_POINT('',#920);
#920 = CARTESIAN_POINT('',(26.,-39.01,38.));
#921 = LINE('',#922,#923);
#922 = CARTESIAN_POINT('',(26.,-46.35957911384,32.803062769735));
#923 = VECTOR('',#924,1.);
#924 = DIRECTION('',(3.253732290059E-16,-0.816496580928,-0.57735026919)
  );
#925 = ORIENTED_EDGE('',*,*,#926,.F.);
#926 = EDGE_CURVE('',#564,#919,#927,.T.);
#927 = LINE('',#928,#929);
#928 = CARTESIAN_POINT('',(41.15,-54.16,38.));
#929 = VECTOR('',#930,1.);
#930 = DIRECTION('',(-0.707106781187,0.707106781187,0.));
#931 = ORIENTED_EDGE('',*,*,#563,.F.);
#932 = ORIENTED_EDGE('',*,*,#341,.T.);
#933 = PLANE('',#934);
#934 = AXIS2_PLACEMENT_3D('',#935,#936,#937);
#935 = CARTESIAN_POINT('',(42.21066017178,-53.09933982822,39.5));
#936 = DIRECTION('',(0.5,0.5,-0.707106781187));
#937 = DIRECTION('',(0.707106781187,-0.707106781187,-8.326672684689E-17)
  );
#938 = ADVANCED_FACE('',(#939,#957,#968,#979,#990),#1001,.F.);
#939 = FACE_BOUND('',#940,.T.);
#940 = EDGE_LOOP('',(#941,#942,#943,#951));
#941 = ORIENTED_EDGE('',*,*,#357,.F.);
#942 = ORIENTED_EDGE('',*,*,#556,.F.);
#943 = ORIENTED_EDGE('',*,*,#944,.F.);
#944 = EDGE_CURVE('',#945,#549,#947,.T.);
#945 = VERTEX_POINT('',#946);
#946 = CARTESIAN_POINT('',(65.65,-21.25,5.));
#947 = LINE('',#948,#949);
#948 = CARTESIAN_POINT('',(65.65,-38.79366762301,5.));
#949 = VECTOR('',#950,1.);
#950 = DIRECTION('',(-0.,-1.,-0.));
#951 = ORIENTED_EDGE('',*,*,#952,.F.);
#952 = EDGE_CURVE('',#358,#945,#953,.T.);
#953 = LINE('',#954,#955);
#954 = CARTESIAN_POINT('',(65.65,-21.25,41.));
#955 = VECTOR('',#956,1.);
#956 = DIRECTION('',(-0.,-0.,-1.));
#957 = FACE_BOUND('',#958,.T.);
#958 = EDGE_LOOP('',(#959));
#959 = ORIENTED_EDGE('',*,*,#960,.F.);
#960 = EDGE_CURVE('',#961,#961,#963,.T.);
#961 = VERTEX_POINT('',#962);
#962 = CARTESIAN_POINT('',(65.65,-51.75,7.95));
#963 = CIRCLE('',#964,1.75);
#964 = AXIS2_PLACEMENT_3D('',#965,#966,#967);
#965 = CARTESIAN_POINT('',(65.65,-50.,7.95));
#966 = DIRECTION('',(1.,0.,0.));
#967 = DIRECTION('',(-0.,-1.,-0.));
#968 = FACE_BOUND('',#969,.T.);
#969 = EDGE_LOOP('',(#970));
#970 = ORIENTED_EDGE('',*,*,#971,.F.);
#971 = EDGE_CURVE('',#972,#972,#974,.T.);
#972 = VERTEX_POINT('',#973);
#973 = CARTESIAN_POINT('',(65.65,-26.75,7.95));
#974 = CIRCLE('',#975,1.75);
#975 = AXIS2_PLACEMENT_3D('',#976,#977,#978);
#976 = CARTESIAN_POINT('',(65.65,-25.,7.95));
#977 = DIRECTION('',(1.,0.,0.));
#978 = DIRECTION('',(-0.,-1.,-0.));
#979 = FACE_BOUND('',#980,.T.);
#980 = EDGE_LOOP('',(#981));
#981 = ORIENTED_EDGE('',*,*,#982,.F.);
#982 = EDGE_CURVE('',#983,#983,#985,.T.);
#983 = VERTEX_POINT('',#984);
#984 = CARTESIAN_POINT('',(65.65,-51.75,32.95));
#985 = CIRCLE('',#986,1.75);
#986 = AXIS2_PLACEMENT_3D('',#987,#988,#989);
#987 = CARTESIAN_POINT('',(65.65,-50.,32.95));
#988 = DIRECTION('',(1.,0.,0.));
#989 = DIRECTION('',(-0.,-1.,-0.));
#990 = FACE_BOUND('',#991,.T.);
#991 = EDGE_LOOP('',(#992));
#992 = ORIENTED_EDGE('',*,*,#993,.F.);
#993 = EDGE_CURVE('',#994,#994,#996,.T.);
#994 = VERTEX_POINT('',#995);
#995 = CARTESIAN_POINT('',(65.65,-26.75,32.95));
#996 = CIRCLE('',#997,1.75);
#997 = AXIS2_PLACEMENT_3D('',#998,#999,#1000);
#998 = CARTESIAN_POINT('',(65.65,-25.,32.95));
#999 = DIRECTION('',(1.,0.,0.));
#1000 = DIRECTION('',(-0.,-1.,-0.));
#1001 = PLANE('',#1002);
#1002 = AXIS2_PLACEMENT_3D('',#1003,#1004,#1005);
#1003 = CARTESIAN_POINT('',(65.65,-54.25,41.));
#1004 = DIRECTION('',(-1.,-0.,-0.));
#1005 = DIRECTION('',(-0.,-1.,-0.));
#1006 = ADVANCED_FACE('',(#1007),#1041,.F.);
#1007 = FACE_BOUND('',#1008,.T.);
#1008 = EDGE_LOOP('',(#1009,#1010,#1011,#1019,#1027,#1035));
#1009 = ORIENTED_EDGE('',*,*,#365,.F.);
#1010 = ORIENTED_EDGE('',*,*,#952,.T.);
#1011 = ORIENTED_EDGE('',*,*,#1012,.F.);
#1012 = EDGE_CURVE('',#1013,#945,#1015,.T.);
#1013 = VERTEX_POINT('',#1014);
#1014 = CARTESIAN_POINT('',(71.25,-21.25,5.));
#1015 = LINE('',#1016,#1017);
#1016 = CARTESIAN_POINT('',(66.8875,-21.25,5.));
#1017 = VECTOR('',#1018,1.);
#1018 = DIRECTION('',(-1.,-0.,-0.));
#1019 = ORIENTED_EDGE('',*,*,#1020,.F.);
#1020 = EDGE_CURVE('',#1021,#1013,#1023,.T.);
#1021 = VERTEX_POINT('',#1022);
#1022 = CARTESIAN_POINT('',(76.25,-21.25,10.));
#1023 = LINE('',#1024,#1025);
#1024 = CARTESIAN_POINT('',(79.85,-21.25,13.6));
#1025 = VECTOR('',#1026,1.);
#1026 = DIRECTION('',(-0.707106781187,-0.,-0.707106781187));
#1027 = ORIENTED_EDGE('',*,*,#1028,.F.);
#1028 = EDGE_CURVE('',#1029,#1021,#1031,.T.);
#1029 = VERTEX_POINT('',#1030);
#1030 = CARTESIAN_POINT('',(76.25,-21.25,36.));
#1031 = LINE('',#1032,#1033);
#1032 = CARTESIAN_POINT('',(76.25,-21.25,41.));
#1033 = VECTOR('',#1034,1.);
#1034 = DIRECTION('',(-0.,-0.,-1.));
#1035 = ORIENTED_EDGE('',*,*,#1036,.F.);
#1036 = EDGE_CURVE('',#366,#1029,#1037,.T.);
#1037 = LINE('',#1038,#1039);
#1038 = CARTESIAN_POINT('',(70.85,-21.25,41.4));
#1039 = VECTOR('',#1040,1.);
#1040 = DIRECTION('',(0.707106781187,0.,-0.707106781187));
#1041 = PLANE('',#1042);
#1042 = AXIS2_PLACEMENT_3D('',#1043,#1044,#1045);
#1043 = CARTESIAN_POINT('',(64.65,-21.25,41.));
#1044 = DIRECTION('',(0.,1.,0.));
#1045 = DIRECTION('',(-1.,-0.,-0.));
#1046 = ADVANCED_FACE('',(#1047),#1066,.T.);
#1047 = FACE_BOUND('',#1048,.T.);
#1048 = EDGE_LOOP('',(#1049,#1050,#1051,#1052,#1060));
#1049 = ORIENTED_EDGE('',*,*,#742,.F.);
#1050 = ORIENTED_EDGE('',*,*,#373,.T.);
#1051 = ORIENTED_EDGE('',*,*,#1036,.T.);
#1052 = ORIENTED_EDGE('',*,*,#1053,.F.);
#1053 = EDGE_CURVE('',#1054,#1029,#1056,.T.);
#1054 = VERTEX_POINT('',#1055);
#1055 = CARTESIAN_POINT('',(76.25,-6.714670492056,36.));
#1056 = LINE('',#1057,#1058);
#1057 = CARTESIAN_POINT('',(76.25,-10.95731117917,36.));
#1058 = VECTOR('',#1059,1.);
#1059 = DIRECTION('',(0.,-1.,0.));
#1060 = ORIENTED_EDGE('',*,*,#1061,.F.);
#1061 = EDGE_CURVE('',#735,#1054,#1062,.T.);
#1062 = LINE('',#1063,#1064);
#1063 = CARTESIAN_POINT('',(78.923773447853,-9.388443939909,
    33.326226552147));
#1064 = VECTOR('',#1065,1.);
#1065 = DIRECTION('',(0.57735026919,-0.57735026919,-0.57735026919));
#1066 = PLANE('',#1067);
#1067 = AXIS2_PLACEMENT_3D('',#1068,#1069,#1070);
#1068 = CARTESIAN_POINT('',(73.75,-10.95731117917,38.5));
#1069 = DIRECTION('',(0.707106781187,0.,0.707106781187));
#1070 = DIRECTION('',(0.,-1.,0.));
#1071 = ADVANCED_FACE('',(#1072),#1091,.F.);
#1072 = FACE_BOUND('',#1073,.F.);
#1073 = EDGE_LOOP('',(#1074,#1075,#1083,#1090));
#1074 = ORIENTED_EDGE('',*,*,#429,.F.);
#1075 = ORIENTED_EDGE('',*,*,#1076,.T.);
#1076 = EDGE_CURVE('',#430,#1077,#1079,.T.);
#1077 = VERTEX_POINT('',#1078);
#1078 = CARTESIAN_POINT('',(-2.972862026188,33.201959554974,14.));
#1079 = LINE('',#1080,#1081);
#1080 = CARTESIAN_POINT('',(10.048470741868,49.357682780616,14.));
#1081 = VECTOR('',#1082,1.);
#1082 = DIRECTION('',(-0.627534109304,-0.778589071115,
    -1.110223024625E-16));
#1083 = ORIENTED_EDGE('',*,*,#1084,.T.);
#1084 = EDGE_CURVE('',#1077,#1077,#1085,.T.);
#1085 = CIRCLE('',#1086,3.3);
#1086 = AXIS2_PLACEMENT_3D('',#1087,#1088,#1089);
#1087 = CARTESIAN_POINT('',(-0.403518091508,31.131096994271,14.));
#1088 = DIRECTION('',(0.627534109304,0.778589071115,2.077166435391E-16)
  );
#1089 = DIRECTION('',(-0.778589071115,0.627534109304,5.551115123126E-17)
  );
#1090 = ORIENTED_EDGE('',*,*,#1076,.F.);
#1091 = CYLINDRICAL_SURFACE('',#1092,3.3);
#1092 = AXIS2_PLACEMENT_3D('',#1093,#1094,#1095);
#1093 = CARTESIAN_POINT('',(12.617814676549,47.286820219913,14.));
#1094 = DIRECTION('',(0.627534109304,0.778589071115,2.077166435391E-16)
  );
#1095 = DIRECTION('',(-0.778589071115,0.627534109304,5.551115123126E-17)
  );
#1096 = ADVANCED_FACE('',(#1097),#1116,.F.);
#1097 = FACE_BOUND('',#1098,.F.);
#1098 = EDGE_LOOP('',(#1099,#1100,#1108,#1115));
#1099 = ORIENTED_EDGE('',*,*,#440,.F.);
#1100 = ORIENTED_EDGE('',*,*,#1101,.T.);
#1101 = EDGE_CURVE('',#441,#1102,#1104,.T.);
#1102 = VERTEX_POINT('',#1103);
#1103 = CARTESIAN_POINT('',(12.676778303228,20.588523957965,14.));
#1104 = LINE('',#1105,#1106);
#1105 = CARTESIAN_POINT('',(25.698111071285,36.744247183607,14.));
#1106 = VECTOR('',#1107,1.);
#1107 = DIRECTION('',(-0.627534109304,-0.778589071115,
    -1.110223024625E-16));
#1108 = ORIENTED_EDGE('',*,*,#1109,.T.);
#1109 = EDGE_CURVE('',#1102,#1102,#1110,.T.);
#1110 = CIRCLE('',#1111,3.3);
#1111 = AXIS2_PLACEMENT_3D('',#1112,#1113,#1114);
#1112 = CARTESIAN_POINT('',(15.246122237909,18.517661397262,14.));
#1113 = DIRECTION('',(0.627534109304,0.778589071115,2.077166435391E-16)
  );
#1114 = DIRECTION('',(-0.778589071115,0.627534109304,5.551115123126E-17)
  );
#1115 = ORIENTED_EDGE('',*,*,#1101,.F.);
#1116 = CYLINDRICAL_SURFACE('',#1117,3.3);
#1117 = AXIS2_PLACEMENT_3D('',#1118,#1119,#1120);
#1118 = CARTESIAN_POINT('',(28.267455005965,34.673384622904,14.));
#1119 = DIRECTION('',(0.627534109304,0.778589071115,2.077166435391E-16)
  );
#1120 = DIRECTION('',(-0.778589071115,0.627534109304,5.551115123126E-17)
  );
#1121 = ADVANCED_FACE('',(#1122),#1148,.F.);
#1122 = FACE_BOUND('',#1123,.T.);
#1123 = EDGE_LOOP('',(#1124,#1132,#1140,#1146,#1147));
#1124 = ORIENTED_EDGE('',*,*,#1125,.F.);
#1125 = EDGE_CURVE('',#1126,#483,#1128,.T.);
#1126 = VERTEX_POINT('',#1127);
#1127 = CARTESIAN_POINT('',(-20.28185083171,15.23533805595,
    2.451921696445));
#1128 = LINE('',#1129,#1130);
#1129 = CARTESIAN_POINT('',(-12.67497715112,15.424671671314,
    -3.351893714937));
#1130 = VECTOR('',#1131,1.);
#1131 = DIRECTION('',(0.794867727978,1.978410408708E-02,-0.606460125849)
  );
#1132 = ORIENTED_EDGE('',*,*,#1133,.T.);
#1133 = EDGE_CURVE('',#1126,#1134,#1136,.T.);
#1134 = VERTEX_POINT('',#1135);
#1135 = CARTESIAN_POINT('',(-20.37411625476,18.942294250103,4.85));
#1136 = LINE('',#1137,#1138);
#1137 = CARTESIAN_POINT('',(-20.52405839779,24.966533206658,
    8.747158741703));
#1138 = VECTOR('',#1139,1.);
#1139 = DIRECTION('',(-2.089356639386E-02,0.839442694789,0.543046426237)
  );
#1140 = ORIENTED_EDGE('',*,*,#1141,.F.);
#1141 = EDGE_CURVE('',#458,#1134,#1142,.T.);
#1142 = LINE('',#1143,#1144);
#1143 = CARTESIAN_POINT('',(-1.220331824235,42.706623562252,4.85));
#1144 = VECTOR('',#1145,1.);
#1145 = DIRECTION('',(-0.627534109304,-0.778589071115,
    -1.110223024625E-16));
#1146 = ORIENTED_EDGE('',*,*,#457,.F.);
#1147 = ORIENTED_EDGE('',*,*,#492,.T.);
#1148 = PLANE('',#1149);
#1149 = AXIS2_PLACEMENT_3D('',#1150,#1151,#1152);
#1150 = CARTESIAN_POINT('',(0.667746673219,41.18485334719,2.425));
#1151 = DIRECTION('',(0.550545611943,-0.443733624115,0.707106781187));
#1152 = DIRECTION('',(0.627534109304,0.778589071115,2.775557561563E-17)
  );
#1153 = ADVANCED_FACE('',(#1154),#1180,.F.);
#1154 = FACE_BOUND('',#1155,.F.);
#1155 = EDGE_LOOP('',(#1156,#1166,#1172,#1173,#1174));
#1156 = ORIENTED_EDGE('',*,*,#1157,.F.);
#1157 = EDGE_CURVE('',#1158,#1160,#1162,.T.);
#1158 = VERTEX_POINT('',#1159);
#1159 = CARTESIAN_POINT('',(-20.37411625476,18.942294250103,
    5.047927128847));
#1160 = VERTEX_POINT('',#1161);
#1161 = CARTESIAN_POINT('',(-20.34701817538,18.975915161124,5.));
#1162 = LINE('',#1163,#1164);
#1163 = CARTESIAN_POINT('',(-16.79010279537,23.389022593372,
    -1.290952924741));
#1164 = VECTOR('',#1165,1.);
#1165 = DIRECTION('',(0.420053012839,0.52116479445,-0.742928478005));
#1166 = ORIENTED_EDGE('',*,*,#1167,.F.);
#1167 = EDGE_CURVE('',#1134,#1158,#1168,.T.);
#1168 = LINE('',#1169,#1170);
#1169 = CARTESIAN_POINT('',(-20.37411625476,18.942294250103,4.85));
#1170 = VECTOR('',#1171,1.);
#1171 = DIRECTION('',(0.,0.,1.));
#1172 = ORIENTED_EDGE('',*,*,#1141,.F.);
#1173 = ORIENTED_EDGE('',*,*,#465,.T.);
#1174 = ORIENTED_EDGE('',*,*,#1175,.T.);
#1175 = EDGE_CURVE('',#413,#1160,#1176,.T.);
#1176 = LINE('',#1177,#1178);
#1177 = CARTESIAN_POINT('',(6.466961014738,52.244339683414,5.));
#1178 = VECTOR('',#1179,1.);
#1179 = DIRECTION('',(-0.627534109304,-0.778589071115,
    -1.110223024625E-16));
#1180 = PLANE('',#1181);
#1181 = AXIS2_PLACEMENT_3D('',#1182,#1183,#1184);
#1182 = CARTESIAN_POINT('',(6.466961014738,52.244339683414,5.));
#1183 = DIRECTION('',(0.778589071115,-0.627534109304,0.));
#1184 = DIRECTION('',(1.084890398087E-16,1.346036485961E-16,-1.));
#1185 = ADVANCED_FACE('',(#1186),#1214,.T.);
#1186 = FACE_BOUND('',#1187,.T.);
#1187 = EDGE_LOOP('',(#1188,#1198,#1204,#1205,#1206,#1207,#1208));
#1188 = ORIENTED_EDGE('',*,*,#1189,.F.);
#1189 = EDGE_CURVE('',#1190,#1192,#1194,.T.);
#1190 = VERTEX_POINT('',#1191);
#1191 = CARTESIAN_POINT('',(71.25,-1.714670492056,5.));
#1192 = VERTEX_POINT('',#1193);
#1193 = CARTESIAN_POINT('',(62.05,7.485329507944,5.));
#1194 = LINE('',#1195,#1196);
#1195 = CARTESIAN_POINT('',(75.074416188493,-5.539086680549,5.));
#1196 = VECTOR('',#1197,1.);
#1197 = DIRECTION('',(-0.707106781187,0.707106781187,0.));
#1198 = ORIENTED_EDGE('',*,*,#1199,.T.);
#1199 = EDGE_CURVE('',#1190,#1013,#1200,.T.);
#1200 = LINE('',#1201,#1202);
#1201 = CARTESIAN_POINT('',(71.25,-6.714670492056,5.));
#1202 = VECTOR('',#1203,1.);
#1203 = DIRECTION('',(3.984991935131E-16,-1.,0.));
#1204 = ORIENTED_EDGE('',*,*,#1012,.T.);
#1205 = ORIENTED_EDGE('',*,*,#944,.T.);
#1206 = ORIENTED_EDGE('',*,*,#548,.F.);
#1207 = ORIENTED_EDGE('',*,*,#684,.F.);
#1208 = ORIENTED_EDGE('',*,*,#1209,.T.);
#1209 = EDGE_CURVE('',#221,#1192,#1210,.T.);
#1210 = LINE('',#1211,#1212);
#1211 = CARTESIAN_POINT('',(62.,7.485329507944,5.));
#1212 = VECTOR('',#1213,1.);
#1213 = DIRECTION('',(1.,3.402359125165E-16,0.));
#1214 = PLANE('',#1215);
#1215 = AXIS2_PLACEMENT_3D('',#1216,#1217,#1218);
#1216 = CARTESIAN_POINT('',(64.962621964781,-23.33252670836,5.));
#1217 = DIRECTION('',(-0.,-0.,-1.));
#1218 = DIRECTION('',(-1.,0.,0.));
#1219 = ADVANCED_FACE('',(#1220,#1238,#1249),#1260,.F.);
#1220 = FACE_BOUND('',#1221,.T.);
#1221 = EDGE_LOOP('',(#1222,#1223,#1224,#1232));
#1222 = ORIENTED_EDGE('',*,*,#571,.T.);
#1223 = ORIENTED_EDGE('',*,*,#926,.T.);
#1224 = ORIENTED_EDGE('',*,*,#1225,.F.);
#1225 = EDGE_CURVE('',#1226,#919,#1228,.T.);
#1226 = VERTEX_POINT('',#1227);
#1227 = CARTESIAN_POINT('',(26.,-39.01,4.));
#1228 = LINE('',#1229,#1230);
#1229 = CARTESIAN_POINT('',(26.,-39.01,0.));
#1230 = VECTOR('',#1231,1.);
#1231 = DIRECTION('',(0.,0.,1.));
#1232 = ORIENTED_EDGE('',*,*,#1233,.F.);
#1233 = EDGE_CURVE('',#572,#1226,#1234,.T.);
#1234 = LINE('',#1235,#1236);
#1235 = CARTESIAN_POINT('',(41.15,-54.16,4.));
#1236 = VECTOR('',#1237,1.);
#1237 = DIRECTION('',(-0.707106781187,0.707106781187,0.));
#1238 = FACE_BOUND('',#1239,.T.);
#1239 = EDGE_LOOP('',(#1240));
#1240 = ORIENTED_EDGE('',*,*,#1241,.F.);
#1241 = EDGE_CURVE('',#1242,#1242,#1244,.T.);
#1242 = VERTEX_POINT('',#1243);
#1243 = CARTESIAN_POINT('',(33.99,-47.,7.95));
#1244 = ELLIPSE('',#1245,4.242640687119,3.);
#1245 = AXIS2_PLACEMENT_3D('',#1246,#1247,#1248);
#1246 = CARTESIAN_POINT('',(36.99,-50.,7.95));
#1247 = DIRECTION('',(-0.707106781187,-0.707106781187,-1.31251301297E-16
    ));
#1248 = DIRECTION('',(-0.707106781187,0.707106781187,1.31251301297E-16)
  );
#1249 = FACE_BOUND('',#1250,.T.);
#1250 = EDGE_LOOP('',(#1251));
#1251 = ORIENTED_EDGE('',*,*,#1252,.F.);
#1252 = EDGE_CURVE('',#1253,#1253,#1255,.T.);
#1253 = VERTEX_POINT('',#1254);
#1254 = CARTESIAN_POINT('',(33.99,-47.,32.95));
#1255 = ELLIPSE('',#1256,4.242640687119,3.);
#1256 = AXIS2_PLACEMENT_3D('',#1257,#1258,#1259);
#1257 = CARTESIAN_POINT('',(36.99,-50.,32.95));
#1258 = DIRECTION('',(-0.707106781187,-0.707106781187,-1.31251301297E-16
    ));
#1259 = DIRECTION('',(-0.707106781187,0.707106781187,1.31251301297E-16)
  );
#1260 = PLANE('',#1261);
#1261 = AXIS2_PLACEMENT_3D('',#1262,#1263,#1264);
#1262 = CARTESIAN_POINT('',(33.575,-46.585,0.));
#1263 = DIRECTION('',(0.707106781187,0.707106781187,1.31251301297E-16));
#1264 = DIRECTION('',(9.280868518668E-17,9.280868518668E-17,-1.));
#1265 = ADVANCED_FACE('',(#1266),#1285,.F.);
#1266 = FACE_BOUND('',#1267,.T.);
#1267 = EDGE_LOOP('',(#1268,#1276,#1282,#1283,#1284));
#1268 = ORIENTED_EDGE('',*,*,#1269,.T.);
#1269 = EDGE_CURVE('',#1226,#1270,#1272,.T.);
#1270 = VERTEX_POINT('',#1271);
#1271 = CARTESIAN_POINT('',(26.,-38.97585786437,3.975857864376));
#1272 = LINE('',#1273,#1274);
#1273 = CARTESIAN_POINT('',(26.,-36.22438191683,2.030270563599));
#1274 = VECTOR('',#1275,1.);
#1275 = DIRECTION('',(-3.253732290059E-16,0.816496580928,-0.57735026919)
  );
#1276 = ORIENTED_EDGE('',*,*,#1277,.T.);
#1277 = EDGE_CURVE('',#1270,#595,#1278,.T.);
#1278 = LINE('',#1279,#1280);
#1279 = CARTESIAN_POINT('',(27.236008072826,-35.99187041175,
    0.991870411757));
#1280 = VECTOR('',#1281,1.);
#1281 = DIRECTION('',(0.281084637715,0.678598344546,-0.678598344546));
#1282 = ORIENTED_EDGE('',*,*,#602,.F.);
#1283 = ORIENTED_EDGE('',*,*,#579,.F.);
#1284 = ORIENTED_EDGE('',*,*,#1233,.T.);
#1285 = PLANE('',#1286);
#1286 = AXIS2_PLACEMENT_3D('',#1287,#1288,#1289);
#1287 = CARTESIAN_POINT('',(42.564213562373,-52.74578643762,2.));
#1288 = DIRECTION('',(0.5,0.5,0.707106781187));
#1289 = DIRECTION('',(0.707106781187,-0.707106781187,3.053113317719E-16)
  );
#1290 = ADVANCED_FACE('',(#1291),#1309,.F.);
#1291 = FACE_BOUND('',#1292,.T.);
#1292 = EDGE_LOOP('',(#1293,#1301,#1307,#1308));
#1293 = ORIENTED_EDGE('',*,*,#1294,.T.);
#1294 = EDGE_CURVE('',#1270,#1295,#1297,.T.);
#1295 = VERTEX_POINT('',#1296);
#1296 = CARTESIAN_POINT('',(26.,-39.,4.));
#1297 = LINE('',#1298,#1299);
#1298 = CARTESIAN_POINT('',(26.,-39.48875,4.48875));
#1299 = VECTOR('',#1300,1.);
#1300 = DIRECTION('',(0.,-0.707106781187,0.707106781187));
#1301 = ORIENTED_EDGE('',*,*,#1302,.F.);
#1302 = EDGE_CURVE('',#620,#1295,#1303,.T.);
#1303 = LINE('',#1304,#1305);
#1304 = CARTESIAN_POINT('',(29.941956888607,-30.20412467116,
    -4.795875328833));
#1305 = VECTOR('',#1306,1.);
#1306 = DIRECTION('',(-0.302091055945,-0.674070097957,0.674070097957));
#1307 = ORIENTED_EDGE('',*,*,#627,.T.);
#1308 = ORIENTED_EDGE('',*,*,#1277,.F.);
#1309 = PLANE('',#1310);
#1310 = AXIS2_PLACEMENT_3D('',#1311,#1312,#1313);
#1311 = CARTESIAN_POINT('',(50.,-35.,-2.6645352591E-15));
#1312 = DIRECTION('',(2.817814820305E-16,-0.707106781187,-0.707106781187
    ));
#1313 = DIRECTION('',(0.,0.707106781187,-0.707106781187));
#1314 = ADVANCED_FACE('',(#1315),#1334,.T.);
#1315 = FACE_BOUND('',#1316,.F.);
#1316 = EDGE_LOOP('',(#1317,#1318,#1326,#1332,#1333));
#1317 = ORIENTED_EDGE('',*,*,#1125,.F.);
#1318 = ORIENTED_EDGE('',*,*,#1319,.F.);
#1319 = EDGE_CURVE('',#1320,#1126,#1322,.T.);
#1320 = VERTEX_POINT('',#1321);
#1321 = CARTESIAN_POINT('',(-20.22228893192,12.84231425523,4.));
#1322 = LINE('',#1323,#1324);
#1323 = CARTESIAN_POINT('',(-20.26079255163,14.389277644834,
    2.999249209673));
#1324 = VECTOR('',#1325,1.);
#1325 = DIRECTION('',(-2.089356639386E-02,0.839442694789,-0.543046426237
    ));
#1326 = ORIENTED_EDGE('',*,*,#1327,.T.);
#1327 = EDGE_CURVE('',#1320,#1295,#1328,.T.);
#1328 = LINE('',#1329,#1330);
#1329 = CARTESIAN_POINT('',(-19.61258217262,12.158475134541,4.));
#1330 = VECTOR('',#1331,1.);
#1331 = DIRECTION('',(0.665490940013,-0.746405927603,0.));
#1332 = ORIENTED_EDGE('',*,*,#1302,.F.);
#1333 = ORIENTED_EDGE('',*,*,#644,.F.);
#1334 = PLANE('',#1335);
#1335 = AXIS2_PLACEMENT_3D('',#1336,#1337,#1338);
#1336 = CARTESIAN_POINT('',(-18.11977031741,13.489457014567,2.));
#1337 = DIRECTION('',(-0.527788692926,-0.470573156501,-0.707106781187));
#1338 = DIRECTION('',(-0.665490940013,0.746405927603,-5.551115123126E-17
    ));
#1339 = ADVANCED_FACE('',(#1340),#1356,.T.);
#1340 = FACE_BOUND('',#1341,.F.);
#1341 = EDGE_LOOP('',(#1342,#1348,#1349,#1350));
#1342 = ORIENTED_EDGE('',*,*,#1343,.F.);
#1343 = EDGE_CURVE('',#659,#727,#1344,.T.);
#1344 = LINE('',#1345,#1346);
#1345 = CARTESIAN_POINT('',(62.,7.485329507944,38.));
#1346 = VECTOR('',#1347,1.);
#1347 = DIRECTION('',(1.,3.402359125165E-16,0.));
#1348 = ORIENTED_EDGE('',*,*,#666,.F.);
#1349 = ORIENTED_EDGE('',*,*,#1209,.T.);
#1350 = ORIENTED_EDGE('',*,*,#1351,.T.);
#1351 = EDGE_CURVE('',#1192,#727,#1352,.T.);
#1352 = LINE('',#1353,#1354);
#1353 = CARTESIAN_POINT('',(62.05,7.485329507944,5.));
#1354 = VECTOR('',#1355,1.);
#1355 = DIRECTION('',(0.,0.,1.));
#1356 = PLANE('',#1357);
#1357 = AXIS2_PLACEMENT_3D('',#1358,#1359,#1360);
#1358 = CARTESIAN_POINT('',(62.,7.485329507944,5.));
#1359 = DIRECTION('',(-3.402359125165E-16,1.,0.));
#1360 = DIRECTION('',(-0.,-0.,-1.));
#1361 = ADVANCED_FACE('',(#1362),#1367,.F.);
#1362 = FACE_BOUND('',#1363,.T.);
#1363 = EDGE_LOOP('',(#1364,#1365,#1366));
#1364 = ORIENTED_EDGE('',*,*,#699,.F.);
#1365 = ORIENTED_EDGE('',*,*,#726,.T.);
#1366 = ORIENTED_EDGE('',*,*,#1343,.F.);
#1367 = PLANE('',#1368);
#1368 = AXIS2_PLACEMENT_3D('',#1369,#1370,#1371);
#1369 = CARTESIAN_POINT('',(62.,3.632205811123,41.));
#1370 = DIRECTION('',(2.090203244346E-16,-0.614339394359,-0.789041892765
    ));
#1371 = DIRECTION('',(-1.232595164408E-32,-0.789041892765,0.614339394359
    ));
#1372 = ADVANCED_FACE('',(#1373),#1393,.T.);
#1373 = FACE_BOUND('',#1374,.F.);
#1374 = EDGE_LOOP('',(#1375,#1383,#1384,#1385,#1386,#1387));
#1375 = ORIENTED_EDGE('',*,*,#1376,.T.);
#1376 = EDGE_CURVE('',#1377,#1054,#1379,.T.);
#1377 = VERTEX_POINT('',#1378);
#1378 = CARTESIAN_POINT('',(76.25,-6.714670492056,10.));
#1379 = LINE('',#1380,#1381);
#1380 = CARTESIAN_POINT('',(76.25,-6.714670492056,5.));
#1381 = VECTOR('',#1382,1.);
#1382 = DIRECTION('',(0.,0.,1.));
#1383 = ORIENTED_EDGE('',*,*,#1061,.F.);
#1384 = ORIENTED_EDGE('',*,*,#734,.T.);
#1385 = ORIENTED_EDGE('',*,*,#1351,.F.);
#1386 = ORIENTED_EDGE('',*,*,#1189,.F.);
#1387 = ORIENTED_EDGE('',*,*,#1388,.F.);
#1388 = EDGE_CURVE('',#1377,#1190,#1389,.T.);
#1389 = LINE('',#1390,#1391);
#1390 = CARTESIAN_POINT('',(72.216666666667,-2.681337158723,
    5.966666666667));
#1391 = VECTOR('',#1392,1.);
#1392 = DIRECTION('',(-0.57735026919,0.57735026919,-0.57735026919));
#1393 = PLANE('',#1394);
#1394 = AXIS2_PLACEMENT_3D('',#1395,#1396,#1397);
#1395 = CARTESIAN_POINT('',(69.15,0.385329507944,5.));
#1396 = DIRECTION('',(0.707106781187,0.707106781187,1.245331777422E-16)
  );
#1397 = DIRECTION('',(8.805825446424E-17,8.805825446424E-17,-1.));
#1398 = ADVANCED_FACE('',(#1399,#1449,#1460),#1471,.T.);
#1399 = FACE_BOUND('',#1400,.T.);
#1400 = EDGE_LOOP('',(#1401,#1409,#1410,#1411,#1419,#1427,#1435,#1443));
#1401 = ORIENTED_EDGE('',*,*,#1402,.F.);
#1402 = EDGE_CURVE('',#758,#1403,#1405,.T.);
#1403 = VERTEX_POINT('',#1404);
#1404 = CARTESIAN_POINT('',(-26.40152520281,73.598474797185,
    25.098707377147));
#1405 = LINE('',#1406,#1407);
#1406 = CARTESIAN_POINT('',(3.956824577522,49.129983398953,5.));
#1407 = VECTOR('',#1408,1.);
#1408 = DIRECTION('',(-0.692057835275,0.557790898123,0.458176021421));
#1409 = ORIENTED_EDGE('',*,*,#757,.T.);
#1410 = ORIENTED_EDGE('',*,*,#1175,.T.);
#1411 = ORIENTED_EDGE('',*,*,#1412,.F.);
#1412 = EDGE_CURVE('',#1413,#1160,#1415,.T.);
#1413 = VERTEX_POINT('',#1414);
#1414 = CARTESIAN_POINT('',(-37.99308234802,38.767509765041,
    18.483986290973));
#1415 = LINE('',#1416,#1417);
#1416 = CARTESIAN_POINT('',(-42.2177822486,43.505877875774,
    21.712229993684));
#1417 = VECTOR('',#1418,1.);
#1418 = DIRECTION('',(0.593196562577,-0.665321500143,-0.453282626618));
#1419 = ORIENTED_EDGE('',*,*,#1420,.T.);
#1420 = EDGE_CURVE('',#1413,#1421,#1423,.T.);
#1421 = VERTEX_POINT('',#1422);
#1422 = CARTESIAN_POINT('',(-37.10461011005,40.75,18.768690141142));
#1423 = LINE('',#1424,#1425);
#1424 = CARTESIAN_POINT('',(-32.23136622363,51.623900167658,
    20.330282319249));
#1425 = VECTOR('',#1426,1.);
#1426 = DIRECTION('',(0.40550038773,0.904812243526,0.129939368613));
#1427 = ORIENTED_EDGE('',*,*,#1428,.F.);
#1428 = EDGE_CURVE('',#1429,#1421,#1431,.T.);
#1429 = VERTEX_POINT('',#1430);
#1430 = CARTESIAN_POINT('',(-33.5,40.75,17.32203548273));
#1431 = LINE('',#1432,#1433);
#1432 = CARTESIAN_POINT('',(-11.16535324439,40.75,8.358369569774));
#1433 = VECTOR('',#1434,1.);
#1434 = DIRECTION('',(-0.928048991146,0.,0.372458145343));
#1435 = ORIENTED_EDGE('',*,*,#1436,.F.);
#1436 = EDGE_CURVE('',#1437,#1429,#1439,.T.);
#1437 = VERTEX_POINT('',#1438);
#1438 = CARTESIAN_POINT('',(-33.5,66.5,25.651418634574));
#1439 = LINE('',#1440,#1441);
#1440 = CARTESIAN_POINT('',(-33.5,57.115307193784,22.615740881357));
#1441 = VECTOR('',#1442,1.);
#1442 = DIRECTION('',(-0.,-0.951460741095,-0.307770138505));
#1443 = ORIENTED_EDGE('',*,*,#1444,.T.);
#1444 = EDGE_CURVE('',#1437,#1403,#1445,.T.);
#1445 = LINE('',#1446,#1447);
#1446 = CARTESIAN_POINT('',(-25.20821025852,74.791789741479,
    25.005791839343));
#1447 = VECTOR('',#1448,1.);
#1448 = DIRECTION('',(0.706037466489,0.706037466489,-5.497446522572E-02)
  );
#1449 = FACE_BOUND('',#1450,.T.);
#1450 = EDGE_LOOP('',(#1451));
#1451 = ORIENTED_EDGE('',*,*,#1452,.F.);
#1452 = EDGE_CURVE('',#1453,#1453,#1455,.T.);
#1453 = VERTEX_POINT('',#1454);
#1454 = CARTESIAN_POINT('',(-19.5,32.25,8.953846346288));
#1455 = ELLIPSE('',#1456,5.062656098135,4.5);
#1456 = AXIS2_PLACEMENT_3D('',#1457,#1458,#1459);
#1457 = CARTESIAN_POINT('',(-24.,32.25,10.759851923618));
#1458 = DIRECTION('',(-0.356730842925,0.287521081507,-0.888861481557));
#1459 = DIRECTION('',(0.692057835275,-0.557790898123,-0.458176021421));
#1460 = FACE_BOUND('',#1461,.T.);
#1461 = EDGE_LOOP('',(#1462));
#1462 = ORIENTED_EDGE('',*,*,#1463,.F.);
#1463 = EDGE_CURVE('',#1464,#1464,#1466,.T.);
#1464 = VERTEX_POINT('',#1465);
#1465 = CARTESIAN_POINT('',(-19.,65.,19.346860544302));
#1466 = ELLIPSE('',#1467,5.062656098135,4.5);
#1467 = AXIS2_PLACEMENT_3D('',#1468,#1469,#1470);
#1468 = CARTESIAN_POINT('',(-23.5,65.,21.152866121631));
#1469 = DIRECTION('',(-0.356730842925,0.287521081507,-0.888861481557));
#1470 = DIRECTION('',(0.692057835275,-0.557790898123,-0.458176021421));
#1471 = PLANE('',#1472);
#1472 = AXIS2_PLACEMENT_3D('',#1473,#1474,#1475);
#1473 = CARTESIAN_POINT('',(6.466961014738,52.244339683414,5.));
#1474 = DIRECTION('',(-0.356730842925,0.287521081507,-0.888861481557));
#1475 = DIRECTION('',(-0.692057835275,0.557790898123,0.458176021421));
#1476 = ADVANCED_FACE('',(#1477),#1511,.T.);
#1477 = FACE_BOUND('',#1478,.T.);
#1478 = EDGE_LOOP('',(#1479,#1480,#1481,#1489,#1497,#1505));
#1479 = ORIENTED_EDGE('',*,*,#765,.F.);
#1480 = ORIENTED_EDGE('',*,*,#1402,.T.);
#1481 = ORIENTED_EDGE('',*,*,#1482,.T.);
#1482 = EDGE_CURVE('',#1403,#1483,#1485,.T.);
#1483 = VERTEX_POINT('',#1484);
#1484 = CARTESIAN_POINT('',(-25.5,74.5,26.454667969679));
#1485 = LINE('',#1486,#1487);
#1486 = CARTESIAN_POINT('',(-24.57748451714,75.422515482852,
    27.842199496077));
#1487 = VECTOR('',#1488,1.);
#1488 = DIRECTION('',(0.484374337129,0.484374337129,0.728534833114));
#1489 = ORIENTED_EDGE('',*,*,#1490,.T.);
#1490 = EDGE_CURVE('',#1483,#1491,#1493,.T.);
#1491 = VERTEX_POINT('',#1492);
#1492 = CARTESIAN_POINT('',(-21.14590278985,74.5,27.781200585956));
#1493 = LINE('',#1494,#1495);
#1494 = CARTESIAN_POINT('',(-24.3007660433,74.5,26.820030266688));
#1495 = VECTOR('',#1496,1.);
#1496 = DIRECTION('',(0.956589842734,0.,0.291437596714));
#1497 = ORIENTED_EDGE('',*,*,#1498,.F.);
#1498 = EDGE_CURVE('',#1499,#1491,#1501,.T.);
#1499 = VERTEX_POINT('',#1500);
#1500 = CARTESIAN_POINT('',(4.131193801392,54.126942011326,
    11.046530506476));
#1501 = LINE('',#1502,#1503);
#1502 = CARTESIAN_POINT('',(7.89388438644,51.094255357387,8.555445926226
    ));
#1503 = VECTOR('',#1504,1.);
#1504 = DIRECTION('',(-0.692057835275,0.557790898123,0.458176021421));
#1505 = ORIENTED_EDGE('',*,*,#1506,.T.);
#1506 = EDGE_CURVE('',#1499,#766,#1507,.T.);
#1507 = LINE('',#1508,#1509);
#1508 = CARTESIAN_POINT('',(4.428332712435,51.360969244783,
    7.819519864068));
#1509 = VECTOR('',#1510,1.);
#1510 = DIRECTION('',(6.974151377586E-02,-0.649201840058,-0.757412101911
    ));
#1511 = PLANE('',#1512);
#1512 = AXIS2_PLACEMENT_3D('',#1513,#1514,#1515);
#1513 = CARTESIAN_POINT('',(5.925354481981,50.11211937817,6.777722963113
    ));
#1514 = DIRECTION('',(0.191486826024,0.753853718411,-0.628519981144));
#1515 = DIRECTION('',(-0.692057835275,0.557790898123,0.458176021421));
#1516 = ADVANCED_FACE('',(#1517),#1528,.T.);
#1517 = FACE_BOUND('',#1518,.T.);
#1518 = EDGE_LOOP('',(#1519,#1520,#1526,#1527));
#1519 = ORIENTED_EDGE('',*,*,#1506,.F.);
#1520 = ORIENTED_EDGE('',*,*,#1521,.T.);
#1521 = EDGE_CURVE('',#1499,#792,#1522,.T.);
#1522 = LINE('',#1523,#1524);
#1523 = CARTESIAN_POINT('',(4.131193801392,54.126942011326,
    9.500138753898));
#1524 = VECTOR('',#1525,1.);
#1525 = DIRECTION('',(0.,0.,1.));
#1526 = ORIENTED_EDGE('',*,*,#806,.T.);
#1527 = ORIENTED_EDGE('',*,*,#773,.F.);
#1528 = PLANE('',#1529);
#1529 = AXIS2_PLACEMENT_3D('',#1530,#1531,#1532);
#1530 = CARTESIAN_POINT('',(4.357776244109,52.017757240697,
    9.500138753898));
#1531 = DIRECTION('',(0.994279236058,0.106811987829,0.));
#1532 = DIRECTION('',(0.,0.,1.));
#1533 = ADVANCED_FACE('',(#1534),#1562,.T.);
#1534 = FACE_BOUND('',#1535,.T.);
#1535 = EDGE_LOOP('',(#1536,#1537,#1538,#1539,#1547,#1555,#1561));
#1536 = ORIENTED_EDGE('',*,*,#789,.T.);
#1537 = ORIENTED_EDGE('',*,*,#1521,.F.);
#1538 = ORIENTED_EDGE('',*,*,#1498,.T.);
#1539 = ORIENTED_EDGE('',*,*,#1540,.T.);
#1540 = EDGE_CURVE('',#1491,#1541,#1543,.T.);
#1541 = VERTEX_POINT('',#1542);
#1542 = CARTESIAN_POINT('',(-21.14590278985,74.5,52.));
#1543 = LINE('',#1544,#1545);
#1544 = CARTESIAN_POINT('',(-21.14590278985,74.5,22.));
#1545 = VECTOR('',#1546,1.);
#1546 = DIRECTION('',(0.,0.,1.));
#1547 = ORIENTED_EDGE('',*,*,#1548,.F.);
#1548 = EDGE_CURVE('',#1549,#1541,#1551,.T.);
#1549 = VERTEX_POINT('',#1550);
#1550 = CARTESIAN_POINT('',(-13.75,68.538984822786,52.));
#1551 = LINE('',#1552,#1553);
#1552 = CARTESIAN_POINT('',(23.233226496855,38.73091666477,52.));
#1553 = VECTOR('',#1554,1.);
#1554 = DIRECTION('',(-0.778589071115,0.627534109304,0.));
#1555 = ORIENTED_EDGE('',*,*,#1556,.T.);
#1556 = EDGE_CURVE('',#1549,#840,#1557,.T.);
#1557 = LINE('',#1558,#1559);
#1558 = CARTESIAN_POINT('',(-3.426959857423,60.218729579668,
    41.676959857423));
#1559 = VECTOR('',#1560,1.);
#1560 = DIRECTION('',(0.614339394359,-0.49515070138,-0.614339394359));
#1561 = ORIENTED_EDGE('',*,*,#847,.T.);
#1562 = PLANE('',#1563);
#1563 = AXIS2_PLACEMENT_3D('',#1564,#1565,#1566);
#1564 = CARTESIAN_POINT('',(-7.339470887559,63.372169841707,26.));
#1565 = DIRECTION('',(0.627534109304,0.778589071115,0.));
#1566 = DIRECTION('',(0.778589071115,-0.627534109304,0.));
#1567 = ADVANCED_FACE('',(#1568,#1617,#1628),#1639,.T.);
#1568 = FACE_BOUND('',#1569,.T.);
#1569 = EDGE_LOOP('',(#1570,#1571,#1577,#1578,#1579,#1587,#1595,#1603,
    #1611));
#1570 = ORIENTED_EDGE('',*,*,#1327,.T.);
#1571 = ORIENTED_EDGE('',*,*,#1572,.T.);
#1572 = EDGE_CURVE('',#1295,#870,#1573,.T.);
#1573 = LINE('',#1574,#1575);
#1574 = CARTESIAN_POINT('',(26.,-39.,42.));
#1575 = VECTOR('',#1576,1.);
#1576 = DIRECTION('',(0.,0.,1.));
#1577 = ORIENTED_EDGE('',*,*,#877,.T.);
#1578 = ORIENTED_EDGE('',*,*,#820,.F.);
#1579 = ORIENTED_EDGE('',*,*,#1580,.F.);
#1580 = EDGE_CURVE('',#1581,#821,#1583,.T.);
#1581 = VERTEX_POINT('',#1582);
#1582 = CARTESIAN_POINT('',(-16.45077436247,8.612232880078,52.));
#1583 = LINE('',#1584,#1585);
#1584 = CARTESIAN_POINT('',(-14.57897785264,6.512850414893,
    50.128203490171));
#1585 = VECTOR('',#1586,1.);
#1586 = DIRECTION('',(0.554022385295,-0.621384255661,-0.554022385295));
#1587 = ORIENTED_EDGE('',*,*,#1588,.F.);
#1588 = EDGE_CURVE('',#1589,#1581,#1591,.T.);
#1589 = VERTEX_POINT('',#1590);
#1590 = CARTESIAN_POINT('',(-39.78068258995,34.778752579177,52.));
#1591 = LINE('',#1592,#1593);
#1592 = CARTESIAN_POINT('',(-75.19590278985,74.5,52.));
#1593 = VECTOR('',#1594,1.);
#1594 = DIRECTION('',(0.665490940013,-0.746405927603,0.));
#1595 = ORIENTED_EDGE('',*,*,#1596,.F.);
#1596 = EDGE_CURVE('',#1597,#1589,#1599,.T.);
#1597 = VERTEX_POINT('',#1598);
#1598 = CARTESIAN_POINT('',(-39.78068258995,34.778752579177,
    22.398654233317));
#1599 = LINE('',#1600,#1601);
#1600 = CARTESIAN_POINT('',(-39.78068258995,34.778752579177,
    26.46685692106));
#1601 = VECTOR('',#1602,1.);
#1602 = DIRECTION('',(0.,0.,1.));
#1603 = ORIENTED_EDGE('',*,*,#1604,.T.);
#1604 = EDGE_CURVE('',#1597,#1605,#1607,.T.);
#1605 = VERTEX_POINT('',#1606);
#1606 = CARTESIAN_POINT('',(-20.22228893192,12.84231425523,
    7.453388854128));
#1607 = LINE('',#1608,#1609);
#1608 = CARTESIAN_POINT('',(-43.89798818493,39.396668642452,
    25.544834121103));
#1609 = VECTOR('',#1610,1.);
#1610 = DIRECTION('',(0.593196562577,-0.665321500143,-0.453282626618));
#1611 = ORIENTED_EDGE('',*,*,#1612,.F.);
#1612 = EDGE_CURVE('',#1320,#1605,#1613,.T.);
#1613 = LINE('',#1614,#1615);
#1614 = CARTESIAN_POINT('',(-20.22228893192,12.84231425523,5.));
#1615 = VECTOR('',#1616,1.);
#1616 = DIRECTION('',(0.,0.,1.));
#1617 = FACE_BOUND('',#1618,.T.);
#1618 = EDGE_LOOP('',(#1619));
#1619 = ORIENTED_EDGE('',*,*,#1620,.T.);
#1620 = EDGE_CURVE('',#1621,#1621,#1623,.T.);
#1621 = VERTEX_POINT('',#1622);
#1622 = CARTESIAN_POINT('',(10.842904427951,-22.,7.95));
#1623 = ELLIPSE('',#1624,4.019260685181,3.);
#1624 = AXIS2_PLACEMENT_3D('',#1625,#1626,#1627);
#1625 = CARTESIAN_POINT('',(13.517685999489,-25.,7.95));
#1626 = DIRECTION('',(0.746405927603,0.665490940013,-0.));
#1627 = DIRECTION('',(-0.665490940013,0.746405927603,0.));
#1628 = FACE_BOUND('',#1629,.T.);
#1629 = EDGE_LOOP('',(#1630));
#1630 = ORIENTED_EDGE('',*,*,#1631,.T.);
#1631 = EDGE_CURVE('',#1632,#1632,#1634,.T.);
#1632 = VERTEX_POINT('',#1633);
#1633 = CARTESIAN_POINT('',(10.842904427951,-22.,32.95));
#1634 = ELLIPSE('',#1635,4.019260685181,3.);
#1635 = AXIS2_PLACEMENT_3D('',#1636,#1637,#1638);
#1636 = CARTESIAN_POINT('',(13.517685999489,-25.,32.95));
#1637 = DIRECTION('',(0.746405927603,0.665490940013,-0.));
#1638 = DIRECTION('',(-0.665490940013,0.746405927603,0.));
#1639 = PLANE('',#1640);
#1640 = AXIS2_PLACEMENT_3D('',#1641,#1642,#1643);
#1641 = CARTESIAN_POINT('',(-24.59795139492,17.75,26.));
#1642 = DIRECTION('',(-0.746405927603,-0.665490940013,-0.));
#1643 = DIRECTION('',(0.665490940013,-0.746405927603,0.));
#1644 = ADVANCED_FACE('',(#1645),#1664,.T.);
#1645 = FACE_BOUND('',#1646,.F.);
#1646 = EDGE_LOOP('',(#1647,#1656,#1662,#1663));
#1647 = ORIENTED_EDGE('',*,*,#1648,.T.);
#1648 = EDGE_CURVE('',#1581,#1649,#1651,.T.);
#1649 = VERTEX_POINT('',#1650);
#1650 = CARTESIAN_POINT('',(-13.75,8.45274441716,52.));
#1651 = ELLIPSE('',#1652,2.25622652293,1.25);
#1652 = AXIS2_PLACEMENT_3D('',#1653,#1654,#1655);
#1653 = CARTESIAN_POINT('',(-15.51776695296,9.444096555094,52.));
#1654 = DIRECTION('',(-0.,0.,1.));
#1655 = DIRECTION('',(0.665490940013,-0.746405927603,0.));
#1656 = ORIENTED_EDGE('',*,*,#1657,.T.);
#1657 = EDGE_CURVE('',#1649,#831,#1658,.T.);
#1658 = LINE('',#1659,#1660);
#1659 = CARTESIAN_POINT('',(-12.76208696665,7.344714089909,
    51.012086966654));
#1660 = VECTOR('',#1661,1.);
#1661 = DIRECTION('',(0.554022385295,-0.621384255661,-0.554022385295));
#1662 = ORIENTED_EDGE('',*,*,#830,.F.);
#1663 = ORIENTED_EDGE('',*,*,#1580,.F.);
#1664 = CYLINDRICAL_SURFACE('',#1665,1.25);
#1665 = AXIS2_PLACEMENT_3D('',#1666,#1667,#1668);
#1666 = CARTESIAN_POINT('',(-13.64597044313,7.344714089909,
    50.128203490171));
#1667 = DIRECTION('',(0.554022385295,-0.621384255661,-0.554022385295));
#1668 = DIRECTION('',(-0.746405927603,-0.665490940013,2.775557561563E-17
    ));
#1669 = ADVANCED_FACE('',(#1670),#1681,.F.);
#1670 = FACE_BOUND('',#1671,.T.);
#1671 = EDGE_LOOP('',(#1672,#1678,#1679,#1680));
#1672 = ORIENTED_EDGE('',*,*,#1673,.T.);
#1673 = EDGE_CURVE('',#1549,#1649,#1674,.T.);
#1674 = LINE('',#1675,#1676);
#1675 = CARTESIAN_POINT('',(-13.75,59.681167371827,52.));
#1676 = VECTOR('',#1677,1.);
#1677 = DIRECTION('',(0.,-1.,0.));
#1678 = ORIENTED_EDGE('',*,*,#1657,.T.);
#1679 = ORIENTED_EDGE('',*,*,#839,.F.);
#1680 = ORIENTED_EDGE('',*,*,#1556,.F.);
#1681 = PLANE('',#1682);
#1682 = AXIS2_PLACEMENT_3D('',#1683,#1684,#1685);
#1683 = CARTESIAN_POINT('',(-8.255,59.681167371827,46.505));
#1684 = DIRECTION('',(-0.707106781187,-0.,-0.707106781187));
#1685 = DIRECTION('',(0.,1.,0.));
#1686 = ADVANCED_FACE('',(#1687),#1695,.F.);
#1687 = FACE_BOUND('',#1688,.T.);
#1688 = EDGE_LOOP('',(#1689,#1690,#1691,#1692,#1693,#1694));
#1689 = ORIENTED_EDGE('',*,*,#1225,.T.);
#1690 = ORIENTED_EDGE('',*,*,#918,.F.);
#1691 = ORIENTED_EDGE('',*,*,#893,.T.);
#1692 = ORIENTED_EDGE('',*,*,#1572,.F.);
#1693 = ORIENTED_EDGE('',*,*,#1294,.F.);
#1694 = ORIENTED_EDGE('',*,*,#1269,.F.);
#1695 = PLANE('',#1696);
#1696 = AXIS2_PLACEMENT_3D('',#1697,#1698,#1699);
#1697 = CARTESIAN_POINT('',(26.,-21.16,0.));
#1698 = DIRECTION('',(1.,3.984991935131E-16,0.));
#1699 = DIRECTION('',(-0.,-0.,-1.));
#1700 = ADVANCED_FACE('',(#1701),#1719,.F.);
#1701 = FACE_BOUND('',#1702,.T.);
#1702 = EDGE_LOOP('',(#1703,#1712,#1717,#1718));
#1703 = ORIENTED_EDGE('',*,*,#1704,.F.);
#1704 = EDGE_CURVE('',#1705,#1705,#1707,.T.);
#1705 = VERTEX_POINT('',#1706);
#1706 = CARTESIAN_POINT('',(52.,-51.75,7.95));
#1707 = CIRCLE('',#1708,1.75);
#1708 = AXIS2_PLACEMENT_3D('',#1709,#1710,#1711);
#1709 = CARTESIAN_POINT('',(52.,-50.,7.95));
#1710 = DIRECTION('',(1.,0.,0.));
#1711 = DIRECTION('',(0.,-1.,0.));
#1712 = ORIENTED_EDGE('',*,*,#1713,.F.);
#1713 = EDGE_CURVE('',#961,#1705,#1714,.T.);
#1714 = B_SPLINE_CURVE_WITH_KNOTS('',1,(#1715,#1716),.UNSPECIFIED.,.F.,
  .F.,(2,2),(-1.,19.65),.PIECEWISE_BEZIER_KNOTS.);
#1715 = CARTESIAN_POINT('',(65.65,-51.75,7.95));
#1716 = CARTESIAN_POINT('',(45.,-51.75,7.95));
#1717 = ORIENTED_EDGE('',*,*,#960,.T.);
#1718 = ORIENTED_EDGE('',*,*,#1713,.T.);
#1719 = CYLINDRICAL_SURFACE('',#1720,1.75);
#1720 = AXIS2_PLACEMENT_3D('',#1721,#1722,#1723);
#1721 = CARTESIAN_POINT('',(64.65,-50.,7.95));
#1722 = DIRECTION('',(-1.,-0.,-0.));
#1723 = DIRECTION('',(-0.,-1.,-0.));
#1724 = ADVANCED_FACE('',(#1725),#1743,.F.);
#1725 = FACE_BOUND('',#1726,.T.);
#1726 = EDGE_LOOP('',(#1727,#1736,#1741,#1742));
#1727 = ORIENTED_EDGE('',*,*,#1728,.F.);
#1728 = EDGE_CURVE('',#1729,#1729,#1731,.T.);
#1729 = VERTEX_POINT('',#1730);
#1730 = CARTESIAN_POINT('',(52.,-26.75,7.95));
#1731 = CIRCLE('',#1732,1.75);
#1732 = AXIS2_PLACEMENT_3D('',#1733,#1734,#1735);
#1733 = CARTESIAN_POINT('',(52.,-25.,7.95));
#1734 = DIRECTION('',(1.,0.,0.));
#1735 = DIRECTION('',(0.,-1.,0.));
#1736 = ORIENTED_EDGE('',*,*,#1737,.F.);
#1737 = EDGE_CURVE('',#972,#1729,#1738,.T.);
#1738 = B_SPLINE_CURVE_WITH_KNOTS('',1,(#1739,#1740),.UNSPECIFIED.,.F.,
  .F.,(2,2),(-1.,19.65),.PIECEWISE_BEZIER_KNOTS.);
#1739 = CARTESIAN_POINT('',(65.65,-26.75,7.95));
#1740 = CARTESIAN_POINT('',(45.,-26.75,7.95));
#1741 = ORIENTED_EDGE('',*,*,#971,.T.);
#1742 = ORIENTED_EDGE('',*,*,#1737,.T.);
#1743 = CYLINDRICAL_SURFACE('',#1744,1.75);
#1744 = AXIS2_PLACEMENT_3D('',#1745,#1746,#1747);
#1745 = CARTESIAN_POINT('',(64.65,-25.,7.95));
#1746 = DIRECTION('',(-1.,-0.,-0.));
#1747 = DIRECTION('',(-0.,-1.,-0.));
#1748 = ADVANCED_FACE('',(#1749),#1767,.F.);
#1749 = FACE_BOUND('',#1750,.T.);
#1750 = EDGE_LOOP('',(#1751,#1760,#1765,#1766));
#1751 = ORIENTED_EDGE('',*,*,#1752,.F.);
#1752 = EDGE_CURVE('',#1753,#1753,#1755,.T.);
#1753 = VERTEX_POINT('',#1754);
#1754 = CARTESIAN_POINT('',(52.,-51.75,32.95));
#1755 = CIRCLE('',#1756,1.75);
#1756 = AXIS2_PLACEMENT_3D('',#1757,#1758,#1759);
#1757 = CARTESIAN_POINT('',(52.,-50.,32.95));
#1758 = DIRECTION('',(1.,0.,0.));
#1759 = DIRECTION('',(0.,-1.,0.));
#1760 = ORIENTED_EDGE('',*,*,#1761,.F.);
#1761 = EDGE_CURVE('',#983,#1753,#1762,.T.);
#1762 = B_SPLINE_CURVE_WITH_KNOTS('',1,(#1763,#1764),.UNSPECIFIED.,.F.,
  .F.,(2,2),(-1.,19.65),.PIECEWISE_BEZIER_KNOTS.);
#1763 = CARTESIAN_POINT('',(65.65,-51.75,32.95));
#1764 = CARTESIAN_POINT('',(45.,-51.75,32.95));
#1765 = ORIENTED_EDGE('',*,*,#982,.T.);
#1766 = ORIENTED_EDGE('',*,*,#1761,.T.);
#1767 = CYLINDRICAL_SURFACE('',#1768,1.75);
#1768 = AXIS2_PLACEMENT_3D('',#1769,#1770,#1771);
#1769 = CARTESIAN_POINT('',(64.65,-50.,32.95));
#1770 = DIRECTION('',(-1.,-0.,-0.));
#1771 = DIRECTION('',(-0.,-1.,-0.));
#1772 = ADVANCED_FACE('',(#1773),#1791,.F.);
#1773 = FACE_BOUND('',#1774,.T.);
#1774 = EDGE_LOOP('',(#1775,#1784,#1789,#1790));
#1775 = ORIENTED_EDGE('',*,*,#1776,.F.);
#1776 = EDGE_CURVE('',#1777,#1777,#1779,.T.);
#1777 = VERTEX_POINT('',#1778);
#1778 = CARTESIAN_POINT('',(52.,-26.75,32.95));
#1779 = CIRCLE('',#1780,1.75);
#1780 = AXIS2_PLACEMENT_3D('',#1781,#1782,#1783);
#1781 = CARTESIAN_POINT('',(52.,-25.,32.95));
#1782 = DIRECTION('',(1.,0.,0.));
#1783 = DIRECTION('',(0.,-1.,0.));
#1784 = ORIENTED_EDGE('',*,*,#1785,.F.);
#1785 = EDGE_CURVE('',#994,#1777,#1786,.T.);
#1786 = B_SPLINE_CURVE_WITH_KNOTS('',1,(#1787,#1788),.UNSPECIFIED.,.F.,
  .F.,(2,2),(-1.,19.65),.PIECEWISE_BEZIER_KNOTS.);
#1787 = CARTESIAN_POINT('',(65.65,-26.75,32.95));
#1788 = CARTESIAN_POINT('',(45.,-26.75,32.95));
#1789 = ORIENTED_EDGE('',*,*,#993,.T.);
#1790 = ORIENTED_EDGE('',*,*,#1785,.T.);
#1791 = CYLINDRICAL_SURFACE('',#1792,1.75);
#1792 = AXIS2_PLACEMENT_3D('',#1793,#1794,#1795);
#1793 = CARTESIAN_POINT('',(64.65,-25.,32.95));
#1794 = DIRECTION('',(-1.,-0.,-0.));
#1795 = DIRECTION('',(-0.,-1.,-0.));
#1796 = ADVANCED_FACE('',(#1797),#1808,.T.);
#1797 = FACE_BOUND('',#1798,.F.);
#1798 = EDGE_LOOP('',(#1799,#1800,#1801,#1802));
#1799 = ORIENTED_EDGE('',*,*,#1028,.F.);
#1800 = ORIENTED_EDGE('',*,*,#1053,.F.);
#1801 = ORIENTED_EDGE('',*,*,#1376,.F.);
#1802 = ORIENTED_EDGE('',*,*,#1803,.T.);
#1803 = EDGE_CURVE('',#1377,#1021,#1804,.T.);
#1804 = LINE('',#1805,#1806);
#1805 = CARTESIAN_POINT('',(76.25,-6.714670492056,10.));
#1806 = VECTOR('',#1807,1.);
#1807 = DIRECTION('',(3.984991935131E-16,-1.,0.));
#1808 = PLANE('',#1809);
#1809 = AXIS2_PLACEMENT_3D('',#1810,#1811,#1812);
#1810 = CARTESIAN_POINT('',(76.25,-23.66166698829,22.801977508717));
#1811 = DIRECTION('',(1.,4.025764169638E-16,0.));
#1812 = DIRECTION('',(4.025764169638E-16,-1.,0.));
#1813 = ADVANCED_FACE('',(#1814),#1820,.T.);
#1814 = FACE_BOUND('',#1815,.T.);
#1815 = EDGE_LOOP('',(#1816,#1817,#1818,#1819));
#1816 = ORIENTED_EDGE('',*,*,#1388,.F.);
#1817 = ORIENTED_EDGE('',*,*,#1803,.T.);
#1818 = ORIENTED_EDGE('',*,*,#1020,.T.);
#1819 = ORIENTED_EDGE('',*,*,#1199,.F.);
#1820 = PLANE('',#1821);
#1821 = AXIS2_PLACEMENT_3D('',#1822,#1823,#1824);
#1822 = CARTESIAN_POINT('',(73.75,-6.714670492056,7.5));
#1823 = DIRECTION('',(0.707106781187,0.,-0.707106781187));
#1824 = DIRECTION('',(1.992495967566E-16,-1.,1.992495967566E-16));
#1825 = ADVANCED_FACE('',(#1826),#1829,.T.);
#1826 = FACE_BOUND('',#1827,.T.);
#1827 = EDGE_LOOP('',(#1828));
#1828 = ORIENTED_EDGE('',*,*,#1084,.T.);
#1829 = PLANE('',#1830);
#1830 = AXIS2_PLACEMENT_3D('',#1831,#1832,#1833);
#1831 = CARTESIAN_POINT('',(7.4213020732,24.824379195767,14.));
#1832 = DIRECTION('',(0.627534109304,0.778589071115,-3.266558099582E-16)
  );
#1833 = DIRECTION('',(0.778589071115,-0.627534109304,0.));
#1834 = ADVANCED_FACE('',(#1835),#1838,.T.);
#1835 = FACE_BOUND('',#1836,.T.);
#1836 = EDGE_LOOP('',(#1837));
#1837 = ORIENTED_EDGE('',*,*,#1109,.T.);
#1838 = PLANE('',#1839);
#1839 = AXIS2_PLACEMENT_3D('',#1840,#1841,#1842);
#1840 = CARTESIAN_POINT('',(7.4213020732,24.824379195767,14.));
#1841 = DIRECTION('',(0.627534109304,0.778589071115,-3.266558099582E-16)
  );
#1842 = DIRECTION('',(0.778589071115,-0.627534109304,0.));
#1843 = ADVANCED_FACE('',(#1844),#1856,.T.);
#1844 = FACE_BOUND('',#1845,.T.);
#1845 = EDGE_LOOP('',(#1846,#1847,#1848,#1854,#1855));
#1846 = ORIENTED_EDGE('',*,*,#1319,.F.);
#1847 = ORIENTED_EDGE('',*,*,#1612,.T.);
#1848 = ORIENTED_EDGE('',*,*,#1849,.T.);
#1849 = EDGE_CURVE('',#1605,#1158,#1850,.T.);
#1850 = LINE('',#1851,#1852);
#1851 = CARTESIAN_POINT('',(-20.51096905708,24.440641588464,
    2.879712792759));
#1852 = VECTOR('',#1853,1.);
#1853 = DIRECTION('',(-2.31483216504E-02,0.930032199374,-0.366748228806)
  );
#1854 = ORIENTED_EDGE('',*,*,#1167,.F.);
#1855 = ORIENTED_EDGE('',*,*,#1133,.F.);
#1856 = PLANE('',#1857);
#1857 = AXIS2_PLACEMENT_3D('',#1858,#1859,#1860);
#1858 = CARTESIAN_POINT('',(-20.28406199128,15.324176012983,
    4.98213420185));
#1859 = DIRECTION('',(-0.999690392606,-2.488210061376E-02,
    -3.05085658425E-16));
#1860 = DIRECTION('',(2.488210061376E-02,-0.999690392606,0.));
#1861 = ADVANCED_FACE('',(#1862),#1874,.T.);
#1862 = FACE_BOUND('',#1863,.F.);
#1863 = EDGE_LOOP('',(#1864,#1865,#1866,#1872,#1873));
#1864 = ORIENTED_EDGE('',*,*,#1157,.T.);
#1865 = ORIENTED_EDGE('',*,*,#1412,.F.);
#1866 = ORIENTED_EDGE('',*,*,#1867,.F.);
#1867 = EDGE_CURVE('',#1597,#1413,#1868,.T.);
#1868 = LINE('',#1869,#1870);
#1869 = CARTESIAN_POINT('',(-39.40900976226,35.608083783913,
    21.584727456257));
#1870 = VECTOR('',#1871,1.);
#1871 = DIRECTION('',(0.304649067008,0.679777909341,-0.667151362094));
#1872 = ORIENTED_EDGE('',*,*,#1604,.T.);
#1873 = ORIENTED_EDGE('',*,*,#1849,.T.);
#1874 = PLANE('',#1875);
#1875 = AXIS2_PLACEMENT_3D('',#1876,#1877,#1878);
#1876 = CARTESIAN_POINT('',(-43.05788521677,41.451273259113,
    23.628532057393));
#1877 = DIRECTION('',(-0.752359859324,-0.257782495491,-0.606220114395));
#1878 = DIRECTION('',(-0.593196562577,0.665321500143,0.453282626618));
#1879 = ADVANCED_FACE('',(#1880),#1898,.F.);
#1880 = FACE_BOUND('',#1881,.F.);
#1881 = EDGE_LOOP('',(#1882,#1883,#1890,#1897));
#1882 = ORIENTED_EDGE('',*,*,#1241,.F.);
#1883 = ORIENTED_EDGE('',*,*,#1884,.F.);
#1884 = EDGE_CURVE('',#1885,#1242,#1887,.T.);
#1885 = VERTEX_POINT('',#1886);
#1886 = CARTESIAN_POINT('',(52.,-47.,7.95));
#1887 = B_SPLINE_CURVE_WITH_KNOTS('',1,(#1888,#1889),.UNSPECIFIED.,.F.,
  .F.,(2,2),(-52.,-33.99),.PIECEWISE_BEZIER_KNOTS.);
#1888 = CARTESIAN_POINT('',(52.,-47.,7.95));
#1889 = CARTESIAN_POINT('',(33.99,-47.,7.95));
#1890 = ORIENTED_EDGE('',*,*,#1891,.T.);
#1891 = EDGE_CURVE('',#1885,#1885,#1892,.T.);
#1892 = CIRCLE('',#1893,3.);
#1893 = AXIS2_PLACEMENT_3D('',#1894,#1895,#1896);
#1894 = CARTESIAN_POINT('',(52.,-50.,7.95));
#1895 = DIRECTION('',(-1.,0.,0.));
#1896 = DIRECTION('',(0.,1.,0.));
#1897 = ORIENTED_EDGE('',*,*,#1884,.T.);
#1898 = CYLINDRICAL_SURFACE('',#1899,3.);
#1899 = AXIS2_PLACEMENT_3D('',#1900,#1901,#1902);
#1900 = CARTESIAN_POINT('',(0.,-50.,7.95));
#1901 = DIRECTION('',(-1.,0.,0.));
#1902 = DIRECTION('',(0.,1.,0.));
#1903 = ADVANCED_FACE('',(#1904),#1922,.F.);
#1904 = FACE_BOUND('',#1905,.F.);
#1905 = EDGE_LOOP('',(#1906,#1907,#1914,#1921));
#1906 = ORIENTED_EDGE('',*,*,#1252,.F.);
#1907 = ORIENTED_EDGE('',*,*,#1908,.F.);
#1908 = EDGE_CURVE('',#1909,#1253,#1911,.T.);
#1909 = VERTEX_POINT('',#1910);
#1910 = CARTESIAN_POINT('',(52.,-47.,32.95));
#1911 = B_SPLINE_CURVE_WITH_KNOTS('',1,(#1912,#1913),.UNSPECIFIED.,.F.,
  .F.,(2,2),(-52.,-33.99),.PIECEWISE_BEZIER_KNOTS.);
#1912 = CARTESIAN_POINT('',(52.,-47.,32.95));
#1913 = CARTESIAN_POINT('',(33.99,-47.,32.95));
#1914 = ORIENTED_EDGE('',*,*,#1915,.T.);
#1915 = EDGE_CURVE('',#1909,#1909,#1916,.T.);
#1916 = CIRCLE('',#1917,3.);
#1917 = AXIS2_PLACEMENT_3D('',#1918,#1919,#1920);
#1918 = CARTESIAN_POINT('',(52.,-50.,32.95));
#1919 = DIRECTION('',(-1.,0.,0.));
#1920 = DIRECTION('',(0.,1.,0.));
#1921 = ORIENTED_EDGE('',*,*,#1908,.T.);
#1922 = CYLINDRICAL_SURFACE('',#1923,3.);
#1923 = AXIS2_PLACEMENT_3D('',#1924,#1925,#1926);
#1924 = CARTESIAN_POINT('',(0.,-50.,32.95));
#1925 = DIRECTION('',(-1.,0.,0.));
#1926 = DIRECTION('',(0.,1.,0.));
#1927 = ADVANCED_FACE('',(#1928),#1954,.F.);
#1928 = FACE_BOUND('',#1929,.F.);
#1929 = EDGE_LOOP('',(#1930,#1931,#1932,#1940,#1948));
#1930 = ORIENTED_EDGE('',*,*,#1444,.T.);
#1931 = ORIENTED_EDGE('',*,*,#1482,.T.);
#1932 = ORIENTED_EDGE('',*,*,#1933,.F.);
#1933 = EDGE_CURVE('',#1934,#1483,#1936,.T.);
#1934 = VERTEX_POINT('',#1935);
#1935 = CARTESIAN_POINT('',(-25.5,74.5,52.));
#1936 = LINE('',#1937,#1938);
#1937 = CARTESIAN_POINT('',(-25.5,74.5,52.));
#1938 = VECTOR('',#1939,1.);
#1939 = DIRECTION('',(-0.,-0.,-1.));
#1940 = ORIENTED_EDGE('',*,*,#1941,.F.);
#1941 = EDGE_CURVE('',#1942,#1934,#1944,.T.);
#1942 = VERTEX_POINT('',#1943);
#1943 = CARTESIAN_POINT('',(-33.5,66.5,52.));
#1944 = LINE('',#1945,#1946);
#1945 = CARTESIAN_POINT('',(-33.82915929682,66.17084070318,52.));
#1946 = VECTOR('',#1947,1.);
#1947 = DIRECTION('',(0.707106781187,0.707106781187,0.));
#1948 = ORIENTED_EDGE('',*,*,#1949,.T.);
#1949 = EDGE_CURVE('',#1942,#1437,#1950,.T.);
#1950 = LINE('',#1951,#1952);
#1951 = CARTESIAN_POINT('',(-33.5,66.5,52.));
#1952 = VECTOR('',#1953,1.);
#1953 = DIRECTION('',(-0.,-0.,-1.));
#1954 = PLANE('',#1955);
#1955 = AXIS2_PLACEMENT_3D('',#1956,#1957,#1958);
#1956 = CARTESIAN_POINT('',(-29.5,70.5,52.));
#1957 = DIRECTION('',(0.707106781187,-0.707106781187,0.));
#1958 = DIRECTION('',(-0.,-0.,-1.));
#1959 = ADVANCED_FACE('',(#1960),#1978,.F.);
#1960 = FACE_BOUND('',#1961,.F.);
#1961 = EDGE_LOOP('',(#1962,#1970,#1976,#1977));
#1962 = ORIENTED_EDGE('',*,*,#1963,.F.);
#1963 = EDGE_CURVE('',#1964,#1942,#1966,.T.);
#1964 = VERTEX_POINT('',#1965);
#1965 = CARTESIAN_POINT('',(-33.5,40.75,52.));
#1966 = LINE('',#1967,#1968);
#1967 = CARTESIAN_POINT('',(-33.5,49.283023412277,52.));
#1968 = VECTOR('',#1969,1.);
#1969 = DIRECTION('',(0.,1.,0.));
#1970 = ORIENTED_EDGE('',*,*,#1971,.F.);
#1971 = EDGE_CURVE('',#1429,#1964,#1972,.T.);
#1972 = LINE('',#1973,#1974);
#1973 = CARTESIAN_POINT('',(-33.5,40.75,-1.342474102477E-16));
#1974 = VECTOR('',#1975,1.);
#1975 = DIRECTION('',(0.,0.,1.));
#1976 = ORIENTED_EDGE('',*,*,#1436,.F.);
#1977 = ORIENTED_EDGE('',*,*,#1949,.F.);
#1978 = PLANE('',#1979);
#1979 = AXIS2_PLACEMENT_3D('',#1980,#1981,#1982);
#1980 = CARTESIAN_POINT('',(-33.5,75.,-1.342474102477E-16));
#1981 = DIRECTION('',(1.,0.,0.));
#1982 = DIRECTION('',(0.,-1.,0.));
#1983 = ADVANCED_FACE('',(#1984),#2002,.F.);
#1984 = FACE_BOUND('',#1985,.F.);
#1985 = EDGE_LOOP('',(#1986,#1987,#1988,#1996));
#1986 = ORIENTED_EDGE('',*,*,#1428,.F.);
#1987 = ORIENTED_EDGE('',*,*,#1971,.T.);
#1988 = ORIENTED_EDGE('',*,*,#1989,.F.);
#1989 = EDGE_CURVE('',#1990,#1964,#1992,.T.);
#1990 = VERTEX_POINT('',#1991);
#1991 = CARTESIAN_POINT('',(-37.10461011005,40.75,52.));
#1992 = LINE('',#1993,#1994);
#1993 = CARTESIAN_POINT('',(-16.69134200591,40.75,52.));
#1994 = VECTOR('',#1995,1.);
#1995 = DIRECTION('',(1.,0.,0.));
#1996 = ORIENTED_EDGE('',*,*,#1997,.F.);
#1997 = EDGE_CURVE('',#1421,#1990,#1998,.T.);
#1998 = LINE('',#1999,#2000);
#1999 = CARTESIAN_POINT('',(-37.10461011005,40.75,26.46685692106));
#2000 = VECTOR('',#2001,1.);
#2001 = DIRECTION('',(0.,0.,1.));
#2002 = PLANE('',#2003);
#2003 = AXIS2_PLACEMENT_3D('',#2004,#2005,#2006);
#2004 = CARTESIAN_POINT('',(-33.5,40.75,-1.342474102477E-16));
#2005 = DIRECTION('',(0.,-1.,0.));
#2006 = DIRECTION('',(-1.,0.,0.));
#2007 = ADVANCED_FACE('',(#2008),#2020,.F.);
#2008 = FACE_BOUND('',#2009,.T.);
#2009 = EDGE_LOOP('',(#2010,#2011,#2012,#2018,#2019));
#2010 = ORIENTED_EDGE('',*,*,#1867,.F.);
#2011 = ORIENTED_EDGE('',*,*,#1596,.T.);
#2012 = ORIENTED_EDGE('',*,*,#2013,.T.);
#2013 = EDGE_CURVE('',#1589,#1990,#2014,.T.);
#2014 = LINE('',#2015,#2016);
#2015 = CARTESIAN_POINT('',(-37.86741147997,39.047925132093,52.));
#2016 = VECTOR('',#2017,1.);
#2017 = DIRECTION('',(0.408967639299,0.912548886365,0.));
#2018 = ORIENTED_EDGE('',*,*,#1997,.F.);
#2019 = ORIENTED_EDGE('',*,*,#1420,.F.);
#2020 = PLANE('',#2021);
#2021 = AXIS2_PLACEMENT_3D('',#2022,#2023,#2024);
#2022 = CARTESIAN_POINT('',(-38.44264635,37.764376289589,26.46685692106)
  );
#2023 = DIRECTION('',(0.912548886365,-0.408967639299,-3.316961527645E-17
    ));
#2024 = DIRECTION('',(-3.026889548168E-17,1.356529925605E-17,-1.));
#2025 = ADVANCED_FACE('',(#2026),#2044,.F.);
#2026 = FACE_BOUND('',#2027,.F.);
#2027 = EDGE_LOOP('',(#2028,#2029,#2036,#2043));
#2028 = ORIENTED_EDGE('',*,*,#1463,.F.);
#2029 = ORIENTED_EDGE('',*,*,#2030,.F.);
#2030 = EDGE_CURVE('',#2031,#1464,#2033,.T.);
#2031 = VERTEX_POINT('',#2032);
#2032 = CARTESIAN_POINT('',(-19.,65.,35.));
#2033 = B_SPLINE_CURVE_WITH_KNOTS('',1,(#2034,#2035),.UNSPECIFIED.,.F.,
  .F.,(2,2),(-35.,-19.3468605443),.PIECEWISE_BEZIER_KNOTS.);
#2034 = CARTESIAN_POINT('',(-19.,65.,35.));
#2035 = CARTESIAN_POINT('',(-19.,65.,19.346860544302));
#2036 = ORIENTED_EDGE('',*,*,#2037,.T.);
#2037 = EDGE_CURVE('',#2031,#2031,#2038,.T.);
#2038 = CIRCLE('',#2039,4.5);
#2039 = AXIS2_PLACEMENT_3D('',#2040,#2041,#2042);
#2040 = CARTESIAN_POINT('',(-23.5,65.,35.));
#2041 = DIRECTION('',(0.,0.,-1.));
#2042 = DIRECTION('',(1.,0.,0.));
#2043 = ORIENTED_EDGE('',*,*,#2030,.T.);
#2044 = CYLINDRICAL_SURFACE('',#2045,4.5);
#2045 = AXIS2_PLACEMENT_3D('',#2046,#2047,#2048);
#2046 = CARTESIAN_POINT('',(-23.5,65.,-1.342474102477E-16));
#2047 = DIRECTION('',(-0.,-0.,-1.));
#2048 = DIRECTION('',(1.,0.,0.));
#2049 = ADVANCED_FACE('',(#2050),#2061,.T.);
#2050 = FACE_BOUND('',#2051,.T.);
#2051 = EDGE_LOOP('',(#2052,#2053,#2054,#2060));
#2052 = ORIENTED_EDGE('',*,*,#1490,.F.);
#2053 = ORIENTED_EDGE('',*,*,#1933,.F.);
#2054 = ORIENTED_EDGE('',*,*,#2055,.T.);
#2055 = EDGE_CURVE('',#1934,#1541,#2056,.T.);
#2056 = LINE('',#2057,#2058);
#2057 = CARTESIAN_POINT('',(-61.59795139492,74.5,52.));
#2058 = VECTOR('',#2059,1.);
#2059 = DIRECTION('',(1.,0.,0.));
#2060 = ORIENTED_EDGE('',*,*,#1540,.F.);
#2061 = PLANE('',#2062);
#2062 = AXIS2_PLACEMENT_3D('',#2063,#2064,#2065);
#2063 = CARTESIAN_POINT('',(-48.17090278985,74.5,26.));
#2064 = DIRECTION('',(0.,1.,0.));
#2065 = DIRECTION('',(0.,0.,1.));
#2066 = ADVANCED_FACE('',(#2067,#2078,#2089),#2100,.T.);
#2067 = FACE_BOUND('',#2068,.T.);
#2068 = EDGE_LOOP('',(#2069,#2070,#2071,#2072,#2073,#2074,#2075,#2076,
    #2077));
#2069 = ORIENTED_EDGE('',*,*,#1673,.F.);
#2070 = ORIENTED_EDGE('',*,*,#1548,.T.);
#2071 = ORIENTED_EDGE('',*,*,#2055,.F.);
#2072 = ORIENTED_EDGE('',*,*,#1941,.F.);
#2073 = ORIENTED_EDGE('',*,*,#1963,.F.);
#2074 = ORIENTED_EDGE('',*,*,#1989,.F.);
#2075 = ORIENTED_EDGE('',*,*,#2013,.F.);
#2076 = ORIENTED_EDGE('',*,*,#1588,.T.);
#2077 = ORIENTED_EDGE('',*,*,#1648,.T.);
#2078 = FACE_BOUND('',#2079,.T.);
#2079 = EDGE_LOOP('',(#2080));
#2080 = ORIENTED_EDGE('',*,*,#2081,.T.);
#2081 = EDGE_CURVE('',#2082,#2082,#2084,.T.);
#2082 = VERTEX_POINT('',#2083);
#2083 = CARTESIAN_POINT('',(-21.35,32.25,52.));
#2084 = CIRCLE('',#2085,2.65);
#2085 = AXIS2_PLACEMENT_3D('',#2086,#2087,#2088);
#2086 = CARTESIAN_POINT('',(-24.,32.25,52.));
#2087 = DIRECTION('',(0.,0.,-1.));
#2088 = DIRECTION('',(1.,0.,0.));
#2089 = FACE_BOUND('',#2090,.T.);
#2090 = EDGE_LOOP('',(#2091));
#2091 = ORIENTED_EDGE('',*,*,#2092,.T.);
#2092 = EDGE_CURVE('',#2093,#2093,#2095,.T.);
#2093 = VERTEX_POINT('',#2094);
#2094 = CARTESIAN_POINT('',(-20.85,65.,52.));
#2095 = CIRCLE('',#2096,2.65);
#2096 = AXIS2_PLACEMENT_3D('',#2097,#2098,#2099);
#2097 = CARTESIAN_POINT('',(-23.5,65.,52.));
#2098 = DIRECTION('',(0.,0.,-1.));
#2099 = DIRECTION('',(1.,0.,0.));
#2100 = PLANE('',#2101);
#2101 = AXIS2_PLACEMENT_3D('',#2102,#2103,#2104);
#2102 = CARTESIAN_POINT('',(0.117315988166,23.566046824554,52.));
#2103 = DIRECTION('',(0.,0.,1.));
#2104 = DIRECTION('',(1.,0.,0.));
#2105 = ADVANCED_FACE('',(#2106),#2124,.F.);
#2106 = FACE_BOUND('',#2107,.F.);
#2107 = EDGE_LOOP('',(#2108,#2109,#2116,#2123));
#2108 = ORIENTED_EDGE('',*,*,#1620,.T.);
#2109 = ORIENTED_EDGE('',*,*,#2110,.F.);
#2110 = EDGE_CURVE('',#2111,#1621,#2113,.T.);
#2111 = VERTEX_POINT('',#2112);
#2112 = CARTESIAN_POINT('',(52.,-22.,7.95));
#2113 = B_SPLINE_CURVE_WITH_KNOTS('',1,(#2114,#2115),.UNSPECIFIED.,.F.,
  .F.,(2,2),(-52.,-10.84290442795),.PIECEWISE_BEZIER_KNOTS.);
#2114 = CARTESIAN_POINT('',(52.,-22.,7.95));
#2115 = CARTESIAN_POINT('',(10.842904427951,-22.,7.95));
#2116 = ORIENTED_EDGE('',*,*,#2117,.T.);
#2117 = EDGE_CURVE('',#2111,#2111,#2118,.T.);
#2118 = CIRCLE('',#2119,3.);
#2119 = AXIS2_PLACEMENT_3D('',#2120,#2121,#2122);
#2120 = CARTESIAN_POINT('',(52.,-25.,7.95));
#2121 = DIRECTION('',(-1.,0.,0.));
#2122 = DIRECTION('',(0.,1.,0.));
#2123 = ORIENTED_EDGE('',*,*,#2110,.T.);
#2124 = CYLINDRICAL_SURFACE('',#2125,3.);
#2125 = AXIS2_PLACEMENT_3D('',#2126,#2127,#2128);
#2126 = CARTESIAN_POINT('',(0.,-25.,7.95));
#2127 = DIRECTION('',(-1.,0.,0.));
#2128 = DIRECTION('',(0.,1.,0.));
#2129 = ADVANCED_FACE('',(#2130),#2148,.F.);
#2130 = FACE_BOUND('',#2131,.F.);
#2131 = EDGE_LOOP('',(#2132,#2133,#2140,#2147));
#2132 = ORIENTED_EDGE('',*,*,#1631,.T.);
#2133 = ORIENTED_EDGE('',*,*,#2134,.F.);
#2134 = EDGE_CURVE('',#2135,#1632,#2137,.T.);
#2135 = VERTEX_POINT('',#2136);
#2136 = CARTESIAN_POINT('',(52.,-22.,32.95));
#2137 = B_SPLINE_CURVE_WITH_KNOTS('',1,(#2138,#2139),.UNSPECIFIED.,.F.,
  .F.,(2,2),(-52.,-10.84290442795),.PIECEWISE_BEZIER_KNOTS.);
#2138 = CARTESIAN_POINT('',(52.,-22.,32.95));
#2139 = CARTESIAN_POINT('',(10.842904427951,-22.,32.95));
#2140 = ORIENTED_EDGE('',*,*,#2141,.T.);
#2141 = EDGE_CURVE('',#2135,#2135,#2142,.T.);
#2142 = CIRCLE('',#2143,3.);
#2143 = AXIS2_PLACEMENT_3D('',#2144,#2145,#2146);
#2144 = CARTESIAN_POINT('',(52.,-25.,32.95));
#2145 = DIRECTION('',(-1.,0.,0.));
#2146 = DIRECTION('',(0.,1.,0.));
#2147 = ORIENTED_EDGE('',*,*,#2134,.T.);
#2148 = CYLINDRICAL_SURFACE('',#2149,3.);
#2149 = AXIS2_PLACEMENT_3D('',#2150,#2151,#2152);
#2150 = CARTESIAN_POINT('',(0.,-25.,32.95));
#2151 = DIRECTION('',(-1.,0.,0.));
#2152 = DIRECTION('',(0.,1.,0.));
#2153 = ADVANCED_FACE('',(#2154,#2157),#2160,.F.);
#2154 = FACE_BOUND('',#2155,.T.);
#2155 = EDGE_LOOP('',(#2156));
#2156 = ORIENTED_EDGE('',*,*,#1891,.T.);
#2157 = FACE_BOUND('',#2158,.T.);
#2158 = EDGE_LOOP('',(#2159));
#2159 = ORIENTED_EDGE('',*,*,#1704,.T.);
#2160 = PLANE('',#2161);
#2161 = AXIS2_PLACEMENT_3D('',#2162,#2163,#2164);
#2162 = CARTESIAN_POINT('',(52.,-37.5,20.45));
#2163 = DIRECTION('',(1.,0.,0.));
#2164 = DIRECTION('',(0.,0.,1.));
#2165 = ADVANCED_FACE('',(#2166,#2169),#2172,.F.);
#2166 = FACE_BOUND('',#2167,.T.);
#2167 = EDGE_LOOP('',(#2168));
#2168 = ORIENTED_EDGE('',*,*,#2117,.T.);
#2169 = FACE_BOUND('',#2170,.T.);
#2170 = EDGE_LOOP('',(#2171));
#2171 = ORIENTED_EDGE('',*,*,#1728,.T.);
#2172 = PLANE('',#2173);
#2173 = AXIS2_PLACEMENT_3D('',#2174,#2175,#2176);
#2174 = CARTESIAN_POINT('',(52.,-37.5,20.45));
#2175 = DIRECTION('',(1.,0.,0.));
#2176 = DIRECTION('',(0.,0.,1.));
#2177 = ADVANCED_FACE('',(#2178,#2181),#2184,.F.);
#2178 = FACE_BOUND('',#2179,.T.);
#2179 = EDGE_LOOP('',(#2180));
#2180 = ORIENTED_EDGE('',*,*,#1915,.T.);
#2181 = FACE_BOUND('',#2182,.T.);
#2182 = EDGE_LOOP('',(#2183));
#2183 = ORIENTED_EDGE('',*,*,#1752,.T.);
#2184 = PLANE('',#2185);
#2185 = AXIS2_PLACEMENT_3D('',#2186,#2187,#2188);
#2186 = CARTESIAN_POINT('',(52.,-37.5,20.45));
#2187 = DIRECTION('',(1.,0.,0.));
#2188 = DIRECTION('',(0.,0.,1.));
#2189 = ADVANCED_FACE('',(#2190,#2193),#2196,.F.);
#2190 = FACE_BOUND('',#2191,.T.);
#2191 = EDGE_LOOP('',(#2192));
#2192 = ORIENTED_EDGE('',*,*,#2141,.T.);
#2193 = FACE_BOUND('',#2194,.T.);
#2194 = EDGE_LOOP('',(#2195));
#2195 = ORIENTED_EDGE('',*,*,#1776,.T.);
#2196 = PLANE('',#2197);
#2197 = AXIS2_PLACEMENT_3D('',#2198,#2199,#2200);
#2198 = CARTESIAN_POINT('',(52.,-37.5,20.45));
#2199 = DIRECTION('',(1.,0.,0.));
#2200 = DIRECTION('',(0.,0.,1.));
#2201 = ADVANCED_FACE('',(#2202,#2205),#2216,.F.);
#2202 = FACE_BOUND('',#2203,.F.);
#2203 = EDGE_LOOP('',(#2204));
#2204 = ORIENTED_EDGE('',*,*,#2037,.F.);
#2205 = FACE_BOUND('',#2206,.F.);
#2206 = EDGE_LOOP('',(#2207));
#2207 = ORIENTED_EDGE('',*,*,#2208,.T.);
#2208 = EDGE_CURVE('',#2209,#2209,#2211,.T.);
#2209 = VERTEX_POINT('',#2210);
#2210 = CARTESIAN_POINT('',(-20.85,65.,35.));
#2211 = CIRCLE('',#2212,2.65);
#2212 = AXIS2_PLACEMENT_3D('',#2213,#2214,#2215);
#2213 = CARTESIAN_POINT('',(-23.5,65.,35.));
#2214 = DIRECTION('',(0.,0.,-1.));
#2215 = DIRECTION('',(1.,0.,0.));
#2216 = PLANE('',#2217);
#2217 = AXIS2_PLACEMENT_3D('',#2218,#2219,#2220);
#2218 = CARTESIAN_POINT('',(-23.75,48.625,35.));
#2219 = DIRECTION('',(0.,0.,1.));
#2220 = DIRECTION('',(1.,0.,0.));
#2221 = ADVANCED_FACE('',(#2222),#2241,.F.);
#2222 = FACE_BOUND('',#2223,.F.);
#2223 = EDGE_LOOP('',(#2224,#2233,#2239,#2240));
#2224 = ORIENTED_EDGE('',*,*,#2225,.F.);
#2225 = EDGE_CURVE('',#2226,#2226,#2228,.T.);
#2226 = VERTEX_POINT('',#2227);
#2227 = CARTESIAN_POINT('',(-21.35,32.25,35.));
#2228 = CIRCLE('',#2229,2.65);
#2229 = AXIS2_PLACEMENT_3D('',#2230,#2231,#2232);
#2230 = CARTESIAN_POINT('',(-24.,32.25,35.));
#2231 = DIRECTION('',(0.,0.,-1.));
#2232 = DIRECTION('',(1.,0.,0.));
#2233 = ORIENTED_EDGE('',*,*,#2234,.T.);
#2234 = EDGE_CURVE('',#2226,#2082,#2235,.T.);
#2235 = LINE('',#2236,#2237);
#2236 = CARTESIAN_POINT('',(-21.35,32.25,-1.342474102477E-16));
#2237 = VECTOR('',#2238,1.);
#2238 = DIRECTION('',(0.,0.,1.));
#2239 = ORIENTED_EDGE('',*,*,#2081,.T.);
#2240 = ORIENTED_EDGE('',*,*,#2234,.F.);
#2241 = CYLINDRICAL_SURFACE('',#2242,2.65);
#2242 = AXIS2_PLACEMENT_3D('',#2243,#2244,#2245);
#2243 = CARTESIAN_POINT('',(-24.,32.25,-1.342474102477E-16));
#2244 = DIRECTION('',(-0.,-0.,-1.));
#2245 = DIRECTION('',(1.,0.,0.));
#2246 = ADVANCED_FACE('',(#2247),#2258,.F.);
#2247 = FACE_BOUND('',#2248,.F.);
#2248 = EDGE_LOOP('',(#2249,#2250,#2256,#2257));
#2249 = ORIENTED_EDGE('',*,*,#2208,.F.);
#2250 = ORIENTED_EDGE('',*,*,#2251,.T.);
#2251 = EDGE_CURVE('',#2209,#2093,#2252,.T.);
#2252 = LINE('',#2253,#2254);
#2253 = CARTESIAN_POINT('',(-20.85,65.,-1.342474102477E-16));
#2254 = VECTOR('',#2255,1.);
#2255 = DIRECTION('',(0.,0.,1.));
#2256 = ORIENTED_EDGE('',*,*,#2092,.T.);
#2257 = ORIENTED_EDGE('',*,*,#2251,.F.);
#2258 = CYLINDRICAL_SURFACE('',#2259,2.65);
#2259 = AXIS2_PLACEMENT_3D('',#2260,#2261,#2262);
#2260 = CARTESIAN_POINT('',(-23.5,65.,-1.342474102477E-16));
#2261 = DIRECTION('',(-0.,-0.,-1.));
#2262 = DIRECTION('',(1.,0.,0.));
#2263 = ADVANCED_FACE('',(#2264,#2275),#2278,.F.);
#2264 = FACE_BOUND('',#2265,.F.);
#2265 = EDGE_LOOP('',(#2266));
#2266 = ORIENTED_EDGE('',*,*,#2267,.F.);
#2267 = EDGE_CURVE('',#2268,#2268,#2270,.T.);
#2268 = VERTEX_POINT('',#2269);
#2269 = CARTESIAN_POINT('',(-19.5,32.25,35.));
#2270 = CIRCLE('',#2271,4.5);
#2271 = AXIS2_PLACEMENT_3D('',#2272,#2273,#2274);
#2272 = CARTESIAN_POINT('',(-24.,32.25,35.));
#2273 = DIRECTION('',(0.,0.,-1.));
#2274 = DIRECTION('',(1.,0.,0.));
#2275 = FACE_BOUND('',#2276,.F.);
#2276 = EDGE_LOOP('',(#2277));
#2277 = ORIENTED_EDGE('',*,*,#2225,.T.);
#2278 = PLANE('',#2279);
#2279 = AXIS2_PLACEMENT_3D('',#2280,#2281,#2282);
#2280 = CARTESIAN_POINT('',(-23.75,48.625,35.));
#2281 = DIRECTION('',(0.,0.,1.));
#2282 = DIRECTION('',(1.,0.,0.));
#2283 = ADVANCED_FACE('',(#2284),#2294,.F.);
#2284 = FACE_BOUND('',#2285,.F.);
#2285 = EDGE_LOOP('',(#2286,#2287,#2292,#2293));
#2286 = ORIENTED_EDGE('',*,*,#1452,.F.);
#2287 = ORIENTED_EDGE('',*,*,#2288,.F.);
#2288 = EDGE_CURVE('',#2268,#1453,#2289,.T.);
#2289 = B_SPLINE_CURVE_WITH_KNOTS('',1,(#2290,#2291),.UNSPECIFIED.,.F.,
  .F.,(2,2),(-35.,-8.953846346288),.PIECEWISE_BEZIER_KNOTS.);
#2290 = CARTESIAN_POINT('',(-19.5,32.25,35.));
#2291 = CARTESIAN_POINT('',(-19.5,32.25,8.953846346288));
#2292 = ORIENTED_EDGE('',*,*,#2267,.T.);
#2293 = ORIENTED_EDGE('',*,*,#2288,.T.);
#2294 = CYLINDRICAL_SURFACE('',#2295,4.5);
#2295 = AXIS2_PLACEMENT_3D('',#2296,#2297,#2298);
#2296 = CARTESIAN_POINT('',(-24.,32.25,-1.342474102477E-16));
#2297 = DIRECTION('',(-0.,-0.,-1.));
#2298 = DIRECTION('',(1.,0.,0.));
#2299 = ( GEOMETRIC_REPRESENTATION_CONTEXT(3) 
GLOBAL_UNCERTAINTY_ASSIGNED_CONTEXT((#2303)) 
GLOBAL_UNIT_ASSIGNED_CONTEXT((#2300,#2301,#2302)) REPRESENTATION_CONTEXT
('Context #1','3D Context with UNIT and UNCERTAINTY') );
#2300 = ( LENGTH_UNIT() NAMED_UNIT(*) SI_UNIT(.MILLI.,.METRE.) );
#2301 = ( NAMED_UNIT(*) PLANE_ANGLE_UNIT() SI_UNIT($,.RADIAN.) );
#2302 = ( NAMED_UNIT(*) SI_UNIT($,.STERADIAN.) SOLID_ANGLE_UNIT() );
#2303 = UNCERTAINTY_MEASURE_WITH_UNIT(LENGTH_MEASURE(5.E-04),#2300,
  'distance_accuracy_value','confusion accuracy');
#2304 = PRODUCT_RELATED_PRODUCT_CATEGORY('part',$,(#7));
#2305 = MECHANICAL_DESIGN_GEOMETRIC_PRESENTATION_REPRESENTATION('',(
    #2306),#2299);
#2306 = STYLED_ITEM('color',(#2307),#15);
#2307 = PRESENTATION_STYLE_ASSIGNMENT((#2308,#2314));
#2308 = SURFACE_STYLE_USAGE(.BOTH.,#2309);
#2309 = SURFACE_SIDE_STYLE('',(#2310));
#2310 = SURFACE_STYLE_FILL_AREA(#2311);
#2311 = FILL_AREA_STYLE('',(#2312));
#2312 = FILL_AREA_STYLE_COLOUR('',#2313);
#2313 = COLOUR_RGB('',0.447058818107,0.474509808674,0.501960817233);
#2314 = CURVE_STYLE('',#2315,POSITIVE_LENGTH_MEASURE(0.1),#2316);
#2315 = DRAUGHTING_PRE_DEFINED_CURVE_FONT('continuous');
#2316 = COLOUR_RGB('',9.803921802644E-02,9.803921802644E-02,
  9.803921802644E-02);
ENDSEC;
END-ISO-10303-21;
