ISO-10303-21;
HEADER;
FILE_DESCRIPTION(('FreeCAD Model'),'2;1');
FILE_NAME('Open CASCADE Shape Model','2025-12-09T16:46:57',(''),(''),
  'Open CASCADE STEP processor 7.8','FreeCAD','Unknown');
FILE_SCHEMA(('AUTOMOTIVE_DESIGN { 1 0 10303 214 1 1 1 1 }'));
ENDSEC;
DATA;
#1 = APPLICATION_PROTOCOL_DEFINITION('international standard',
  'automotive_design',2000,#2);
#2 = APPLICATION_CONTEXT(
  'core data for automotive mechanical design processes');
#3 = SHAPE_DEFINITION_REPRESENTATION(#4,#10);
#4 = PRODUCT_DEFINITION_SHAPE('','',#5);
#5 = PRODUCT_DEFINITION('design','',#6,#9);
#6 = PRODUCT_DEFINITION_FORMATION('','',#7);
#7 = PRODUCT('flansza mocowania głowicy','flansza mocowania głowicy',
  '',(#8));
#8 = PRODUCT_CONTEXT('',#2,'mechanical');
#9 = PRODUCT_DEFINITION_CONTEXT('part definition',#2,'design');
#10 = ADVANCED_BREP_SHAPE_REPRESENTATION('',(#11,#15),#2640);
#11 = AXIS2_PLACEMENT_3D('',#12,#13,#14);
#12 = CARTESIAN_POINT('',(0.,0.,0.));
#13 = DIRECTION('',(0.,0.,1.));
#14 = DIRECTION('',(1.,0.,-0.));
#15 = MANIFOLD_SOLID_BREP('',#16);
#16 = CLOSED_SHELL('',(#17,#107,#165,#190,#214,#257,#337,#362,#386,#435,
    #452,#469,#510,#527,#544,#660,#684,#716,#764,#781,#863,#903,#920,
    #960,#972,#996,#1020,#1044,#1069,#1094,#1216,#1305,#1367,#1450,#1467
    ,#1498,#1520,#1537,#1549,#1580,#1597,#1614,#1626,#1635,#1660,#1702,
    #1729,#1754,#1796,#1823,#1855,#1929,#1954,#1985,#2010,#2035,#2060,
    #2085,#2110,#2135,#2152,#2219,#2231,#2298,#2307,#2318,#2327,#2338,
    #2350,#2392,#2417,#2434,#2463,#2483,#2503,#2523,#2543,#2560,#2577,
    #2594,#2611,#2628));
#17 = ADVANCED_FACE('',(#18,#68),#102,.F.);
#18 = FACE_BOUND('',#19,.F.);
#19 = EDGE_LOOP('',(#20,#30,#38,#46,#54,#62));
#20 = ORIENTED_EDGE('',*,*,#21,.F.);
#21 = EDGE_CURVE('',#22,#24,#26,.T.);
#22 = VERTEX_POINT('',#23);
#23 = CARTESIAN_POINT('',(30.5,3.75,-24.5));
#24 = VERTEX_POINT('',#25);
#25 = CARTESIAN_POINT('',(32.99,3.75,-24.5));
#26 = LINE('',#27,#28);
#27 = CARTESIAN_POINT('',(23.75,3.75,-24.5));
#28 = VECTOR('',#29,1.);
#29 = DIRECTION('',(1.,0.,0.));
#30 = ORIENTED_EDGE('',*,*,#31,.F.);
#31 = EDGE_CURVE('',#32,#22,#34,.T.);
#32 = VERTEX_POINT('',#33);
#33 = CARTESIAN_POINT('',(24.5,3.75,-24.5));
#34 = LINE('',#35,#36);
#35 = CARTESIAN_POINT('',(23.75,3.75,-24.5));
#36 = VECTOR('',#37,1.);
#37 = DIRECTION('',(1.,0.,0.));
#38 = ORIENTED_EDGE('',*,*,#39,.F.);
#39 = EDGE_CURVE('',#40,#32,#42,.T.);
#40 = VERTEX_POINT('',#41);
#41 = CARTESIAN_POINT('',(24.5,3.75,-14.5));
#42 = LINE('',#43,#44);
#43 = CARTESIAN_POINT('',(24.5,3.75,-13.25));
#44 = VECTOR('',#45,1.);
#45 = DIRECTION('',(0.,-7.E-17,-1.));
#46 = ORIENTED_EDGE('',*,*,#47,.F.);
#47 = EDGE_CURVE('',#48,#40,#50,.T.);
#48 = VERTEX_POINT('',#49);
#49 = CARTESIAN_POINT('',(30.5,3.75,-14.5));
#50 = LINE('',#51,#52);
#51 = CARTESIAN_POINT('',(26.75,3.75,-14.5));
#52 = VECTOR('',#53,1.);
#53 = DIRECTION('',(-1.,0.,0.));
#54 = ORIENTED_EDGE('',*,*,#55,.T.);
#55 = EDGE_CURVE('',#48,#56,#58,.T.);
#56 = VERTEX_POINT('',#57);
#57 = CARTESIAN_POINT('',(32.99,3.75,-14.5));
#58 = LINE('',#59,#60);
#59 = CARTESIAN_POINT('',(26.75,3.75,-14.5));
#60 = VECTOR('',#61,1.);
#61 = DIRECTION('',(1.,0.,0.));
#62 = ORIENTED_EDGE('',*,*,#63,.F.);
#63 = EDGE_CURVE('',#24,#56,#64,.T.);
#64 = LINE('',#65,#66);
#65 = CARTESIAN_POINT('',(32.99,3.75,-24.5));
#66 = VECTOR('',#67,1.);
#67 = DIRECTION('',(0.,7.E-17,1.));
#68 = FACE_BOUND('',#69,.F.);
#69 = EDGE_LOOP('',(#70,#80,#88,#96));
#70 = ORIENTED_EDGE('',*,*,#71,.T.);
#71 = EDGE_CURVE('',#72,#74,#76,.T.);
#72 = VERTEX_POINT('',#73);
#73 = CARTESIAN_POINT('',(23.,3.75,-12.24));
#74 = VERTEX_POINT('',#75);
#75 = CARTESIAN_POINT('',(23.,3.75,-28.));
#76 = LINE('',#77,#78);
#77 = CARTESIAN_POINT('',(23.,3.75,-12.));
#78 = VECTOR('',#79,1.);
#79 = DIRECTION('',(0.,-7.E-17,-1.));
#80 = ORIENTED_EDGE('',*,*,#81,.T.);
#81 = EDGE_CURVE('',#74,#82,#84,.T.);
#82 = VERTEX_POINT('',#83);
#83 = CARTESIAN_POINT('',(33.,3.75,-28.));
#84 = LINE('',#85,#86);
#85 = CARTESIAN_POINT('',(23.,3.75,-28.));
#86 = VECTOR('',#87,1.);
#87 = DIRECTION('',(1.,0.,0.));
#88 = ORIENTED_EDGE('',*,*,#89,.F.);
#89 = EDGE_CURVE('',#90,#82,#92,.T.);
#90 = VERTEX_POINT('',#91);
#91 = CARTESIAN_POINT('',(33.,3.75,-12.24));
#92 = LINE('',#93,#94);
#93 = CARTESIAN_POINT('',(33.,3.75,-12.));
#94 = VECTOR('',#95,1.);
#95 = DIRECTION('',(0.,-7.E-17,-1.));
#96 = ORIENTED_EDGE('',*,*,#97,.F.);
#97 = EDGE_CURVE('',#72,#90,#98,.T.);
#98 = LINE('',#99,#100);
#99 = CARTESIAN_POINT('',(23.,3.75,-12.24));
#100 = VECTOR('',#101,1.);
#101 = DIRECTION('',(1.,0.,0.));
#102 = PLANE('',#103);
#103 = AXIS2_PLACEMENT_3D('',#104,#105,#106);
#104 = CARTESIAN_POINT('',(23.,3.75,-12.));
#105 = DIRECTION('',(0.,-1.,7.E-17));
#106 = DIRECTION('',(1.,0.,0.));
#107 = ADVANCED_FACE('',(#108),#160,.F.);
#108 = FACE_BOUND('',#109,.F.);
#109 = EDGE_LOOP('',(#110,#120,#129,#137,#145,#151,#152,#153));
#110 = ORIENTED_EDGE('',*,*,#111,.F.);
#111 = EDGE_CURVE('',#112,#114,#116,.T.);
#112 = VERTEX_POINT('',#113);
#113 = CARTESIAN_POINT('',(30.5,-1.76,-24.5));
#114 = VERTEX_POINT('',#115);
#115 = CARTESIAN_POINT('',(30.5,1.26,-24.5));
#116 = LINE('',#117,#118);
#117 = CARTESIAN_POINT('',(30.5,-4.25,-24.5));
#118 = VECTOR('',#119,1.);
#119 = DIRECTION('',(0.,1.,-2.2E-16));
#120 = ORIENTED_EDGE('',*,*,#121,.F.);
#121 = EDGE_CURVE('',#122,#112,#124,.T.);
#122 = VERTEX_POINT('',#123);
#123 = CARTESIAN_POINT('',(32.99,-4.25,-24.5));
#124 = CIRCLE('',#125,2.49);
#125 = AXIS2_PLACEMENT_3D('',#126,#127,#128);
#126 = CARTESIAN_POINT('',(32.99,-1.76,-24.5));
#127 = DIRECTION('',(0.,-2.2E-16,-1.));
#128 = DIRECTION('',(0.,-1.,2.2E-16));
#129 = ORIENTED_EDGE('',*,*,#130,.F.);
#130 = EDGE_CURVE('',#131,#122,#133,.T.);
#131 = VERTEX_POINT('',#132);
#132 = CARTESIAN_POINT('',(30.5,-4.25,-24.5));
#133 = LINE('',#134,#135);
#134 = CARTESIAN_POINT('',(28.84,-4.25,-24.5));
#135 = VECTOR('',#136,1.);
#136 = DIRECTION('',(1.,0.,0.));
#137 = ORIENTED_EDGE('',*,*,#138,.F.);
#138 = EDGE_CURVE('',#139,#131,#141,.T.);
#139 = VERTEX_POINT('',#140);
#140 = CARTESIAN_POINT('',(24.5,-4.25,-24.5));
#141 = LINE('',#142,#143);
#142 = CARTESIAN_POINT('',(24.5,-4.25,-24.5));
#143 = VECTOR('',#144,1.);
#144 = DIRECTION('',(1.,0.,0.));
#145 = ORIENTED_EDGE('',*,*,#146,.T.);
#146 = EDGE_CURVE('',#139,#32,#147,.T.);
#147 = LINE('',#148,#149);
#148 = CARTESIAN_POINT('',(24.5,-4.25,-24.5));
#149 = VECTOR('',#150,1.);
#150 = DIRECTION('',(0.,1.,-2.2E-16));
#151 = ORIENTED_EDGE('',*,*,#31,.T.);
#152 = ORIENTED_EDGE('',*,*,#21,.T.);
#153 = ORIENTED_EDGE('',*,*,#154,.T.);
#154 = EDGE_CURVE('',#24,#114,#155,.T.);
#155 = CIRCLE('',#156,2.49);
#156 = AXIS2_PLACEMENT_3D('',#157,#158,#159);
#157 = CARTESIAN_POINT('',(32.99,1.26,-24.5));
#158 = DIRECTION('',(-0.,7.E-17,1.));
#159 = DIRECTION('',(0.,-1.,7.E-17));
#160 = PLANE('',#161);
#161 = AXIS2_PLACEMENT_3D('',#162,#163,#164);
#162 = CARTESIAN_POINT('',(24.5,-4.25,-24.5));
#163 = DIRECTION('',(0.,-2.2E-16,-1.));
#164 = DIRECTION('',(1.,0.,0.));
#165 = ADVANCED_FACE('',(#166),#185,.T.);
#166 = FACE_BOUND('',#167,.T.);
#167 = EDGE_LOOP('',(#168,#169,#177,#184));
#168 = ORIENTED_EDGE('',*,*,#154,.T.);
#169 = ORIENTED_EDGE('',*,*,#170,.T.);
#170 = EDGE_CURVE('',#114,#171,#173,.T.);
#171 = VERTEX_POINT('',#172);
#172 = CARTESIAN_POINT('',(30.5,1.26,-14.5));
#173 = LINE('',#174,#175);
#174 = CARTESIAN_POINT('',(30.5,1.26,-24.5));
#175 = VECTOR('',#176,1.);
#176 = DIRECTION('',(0.,7.E-17,1.));
#177 = ORIENTED_EDGE('',*,*,#178,.F.);
#178 = EDGE_CURVE('',#56,#171,#179,.T.);
#179 = CIRCLE('',#180,2.49);
#180 = AXIS2_PLACEMENT_3D('',#181,#182,#183);
#181 = CARTESIAN_POINT('',(32.99,1.26,-14.5));
#182 = DIRECTION('',(-0.,7.E-17,1.));
#183 = DIRECTION('',(0.,-1.,7.E-17));
#184 = ORIENTED_EDGE('',*,*,#63,.F.);
#185 = CYLINDRICAL_SURFACE('',#186,2.49);
#186 = AXIS2_PLACEMENT_3D('',#187,#188,#189);
#187 = CARTESIAN_POINT('',(32.99,1.26,-24.5));
#188 = DIRECTION('',(0.,7.E-17,1.));
#189 = DIRECTION('',(0.,1.,-7.E-17));
#190 = ADVANCED_FACE('',(#191),#209,.F.);
#191 = FACE_BOUND('',#192,.F.);
#192 = EDGE_LOOP('',(#193,#201,#207,#208));
#193 = ORIENTED_EDGE('',*,*,#194,.F.);
#194 = EDGE_CURVE('',#195,#139,#197,.T.);
#195 = VERTEX_POINT('',#196);
#196 = CARTESIAN_POINT('',(24.5,-4.25,-14.5));
#197 = LINE('',#198,#199);
#198 = CARTESIAN_POINT('',(24.5,-4.25,-14.5));
#199 = VECTOR('',#200,1.);
#200 = DIRECTION('',(0.,2.2E-16,-1.));
#201 = ORIENTED_EDGE('',*,*,#202,.T.);
#202 = EDGE_CURVE('',#195,#40,#203,.T.);
#203 = LINE('',#204,#205);
#204 = CARTESIAN_POINT('',(24.5,-4.25,-14.5));
#205 = VECTOR('',#206,1.);
#206 = DIRECTION('',(0.,1.,-2.2E-16));
#207 = ORIENTED_EDGE('',*,*,#39,.T.);
#208 = ORIENTED_EDGE('',*,*,#146,.F.);
#209 = PLANE('',#210);
#210 = AXIS2_PLACEMENT_3D('',#211,#212,#213);
#211 = CARTESIAN_POINT('',(24.5,-4.25,-14.5));
#212 = DIRECTION('',(-1.,0.,0.));
#213 = DIRECTION('',(0.,-2.2E-16,-1.));
#214 = ADVANCED_FACE('',(#215),#252,.F.);
#215 = FACE_BOUND('',#216,.F.);
#216 = EDGE_LOOP('',(#217,#225,#226,#227,#228,#229,#237,#245));
#217 = ORIENTED_EDGE('',*,*,#218,.T.);
#218 = EDGE_CURVE('',#219,#171,#221,.T.);
#219 = VERTEX_POINT('',#220);
#220 = CARTESIAN_POINT('',(30.5,-1.76,-14.5));
#221 = LINE('',#222,#223);
#222 = CARTESIAN_POINT('',(30.5,-4.25,-14.5));
#223 = VECTOR('',#224,1.);
#224 = DIRECTION('',(0.,1.,-2.2E-16));
#225 = ORIENTED_EDGE('',*,*,#178,.F.);
#226 = ORIENTED_EDGE('',*,*,#55,.F.);
#227 = ORIENTED_EDGE('',*,*,#47,.T.);
#228 = ORIENTED_EDGE('',*,*,#202,.F.);
#229 = ORIENTED_EDGE('',*,*,#230,.F.);
#230 = EDGE_CURVE('',#231,#195,#233,.T.);
#231 = VERTEX_POINT('',#232);
#232 = CARTESIAN_POINT('',(30.5,-4.25,-14.5));
#233 = LINE('',#234,#235);
#234 = CARTESIAN_POINT('',(30.5,-4.25,-14.5));
#235 = VECTOR('',#236,1.);
#236 = DIRECTION('',(-1.,0.,0.));
#237 = ORIENTED_EDGE('',*,*,#238,.T.);
#238 = EDGE_CURVE('',#231,#239,#241,.T.);
#239 = VERTEX_POINT('',#240);
#240 = CARTESIAN_POINT('',(32.99,-4.25,-14.5));
#241 = LINE('',#242,#243);
#242 = CARTESIAN_POINT('',(31.84,-4.25,-14.5));
#243 = VECTOR('',#244,1.);
#244 = DIRECTION('',(1.,0.,0.));
#245 = ORIENTED_EDGE('',*,*,#246,.T.);
#246 = EDGE_CURVE('',#239,#219,#247,.T.);
#247 = CIRCLE('',#248,2.49);
#248 = AXIS2_PLACEMENT_3D('',#249,#250,#251);
#249 = CARTESIAN_POINT('',(32.99,-1.76,-14.5));
#250 = DIRECTION('',(0.,-2.2E-16,-1.));
#251 = DIRECTION('',(0.,-1.,2.2E-16));
#252 = PLANE('',#253);
#253 = AXIS2_PLACEMENT_3D('',#254,#255,#256);
#254 = CARTESIAN_POINT('',(30.5,-4.25,-14.5));
#255 = DIRECTION('',(0.,2.2E-16,1.));
#256 = DIRECTION('',(-1.,0.,0.));
#257 = ADVANCED_FACE('',(#258),#332,.T.);
#258 = FACE_BOUND('',#259,.T.);
#259 = EDGE_LOOP('',(#260,#270,#277,#278,#286,#294,#302,#310,#318,#326)
  );
#260 = ORIENTED_EDGE('',*,*,#261,.T.);
#261 = EDGE_CURVE('',#262,#264,#266,.T.);
#262 = VERTEX_POINT('',#263);
#263 = CARTESIAN_POINT('',(23.,3.5,-12.));
#264 = VERTEX_POINT('',#265);
#265 = CARTESIAN_POINT('',(23.,3.51,-12.));
#266 = LINE('',#267,#268);
#267 = CARTESIAN_POINT('',(23.,3.5,-12.));
#268 = VECTOR('',#269,1.);
#269 = DIRECTION('',(0.,1.,-7.E-17));
#270 = ORIENTED_EDGE('',*,*,#271,.T.);
#271 = EDGE_CURVE('',#264,#72,#272,.T.);
#272 = CIRCLE('',#273,0.24);
#273 = AXIS2_PLACEMENT_3D('',#274,#275,#276);
#274 = CARTESIAN_POINT('',(23.,3.51,-12.24));
#275 = DIRECTION('',(-1.,-0.,0.));
#276 = DIRECTION('',(0.,-1.,-2.2E-16));
#277 = ORIENTED_EDGE('',*,*,#71,.T.);
#278 = ORIENTED_EDGE('',*,*,#279,.F.);
#279 = EDGE_CURVE('',#280,#74,#282,.T.);
#280 = VERTEX_POINT('',#281);
#281 = CARTESIAN_POINT('',(23.,-4.25,-28.));
#282 = LINE('',#283,#284);
#283 = CARTESIAN_POINT('',(23.,3.5,-28.));
#284 = VECTOR('',#285,1.);
#285 = DIRECTION('',(0.,1.,-7.E-17));
#286 = ORIENTED_EDGE('',*,*,#287,.F.);
#287 = EDGE_CURVE('',#288,#280,#290,.T.);
#288 = VERTEX_POINT('',#289);
#289 = CARTESIAN_POINT('',(23.,-4.25,-3.25));
#290 = LINE('',#291,#292);
#291 = CARTESIAN_POINT('',(23.,-4.25,-3.280989425216));
#292 = VECTOR('',#293,1.);
#293 = DIRECTION('',(0.,0.,-1.));
#294 = ORIENTED_EDGE('',*,*,#295,.T.);
#295 = EDGE_CURVE('',#288,#296,#298,.T.);
#296 = VERTEX_POINT('',#297);
#297 = CARTESIAN_POINT('',(23.,3.,-3.25));
#298 = LINE('',#299,#300);
#299 = CARTESIAN_POINT('',(23.,3.5,-3.25));
#300 = VECTOR('',#301,1.);
#301 = DIRECTION('',(0.,1.,-2.2E-16));
#302 = ORIENTED_EDGE('',*,*,#303,.T.);
#303 = EDGE_CURVE('',#296,#304,#306,.T.);
#304 = VERTEX_POINT('',#305);
#305 = CARTESIAN_POINT('',(23.,3.,-4.75));
#306 = LINE('',#307,#308);
#307 = CARTESIAN_POINT('',(23.,3.,-3.25));
#308 = VECTOR('',#309,1.);
#309 = DIRECTION('',(0.,0.,-1.));
#310 = ORIENTED_EDGE('',*,*,#311,.T.);
#311 = EDGE_CURVE('',#304,#312,#314,.T.);
#312 = VERTEX_POINT('',#313);
#313 = CARTESIAN_POINT('',(23.,5.5,-4.75));
#314 = LINE('',#315,#316);
#315 = CARTESIAN_POINT('',(23.,3.,-4.75));
#316 = VECTOR('',#317,1.);
#317 = DIRECTION('',(0.,1.,2.2E-16));
#318 = ORIENTED_EDGE('',*,*,#319,.T.);
#319 = EDGE_CURVE('',#312,#320,#322,.T.);
#320 = VERTEX_POINT('',#321);
#321 = CARTESIAN_POINT('',(23.,5.5,-10.));
#322 = LINE('',#323,#324);
#323 = CARTESIAN_POINT('',(23.,5.5,-4.75));
#324 = VECTOR('',#325,1.);
#325 = DIRECTION('',(0.,2.2E-16,-1.));
#326 = ORIENTED_EDGE('',*,*,#327,.T.);
#327 = EDGE_CURVE('',#320,#262,#328,.T.);
#328 = LINE('',#329,#330);
#329 = CARTESIAN_POINT('',(23.,2.285714285714,-13.21428571428));
#330 = VECTOR('',#331,1.);
#331 = DIRECTION('',(0.,-0.707106781187,-0.707106781187));
#332 = PLANE('',#333);
#333 = AXIS2_PLACEMENT_3D('',#334,#335,#336);
#334 = CARTESIAN_POINT('',(23.,8.657336792721E-02,-15.29360095563));
#335 = DIRECTION('',(-1.,-3.2E-16,-0.));
#336 = DIRECTION('',(-3.2E-16,1.,2.2E-16));
#337 = ADVANCED_FACE('',(#338),#357,.T.);
#338 = FACE_BOUND('',#339,.F.);
#339 = EDGE_LOOP('',(#340,#341,#342,#351));
#340 = ORIENTED_EDGE('',*,*,#271,.T.);
#341 = ORIENTED_EDGE('',*,*,#97,.T.);
#342 = ORIENTED_EDGE('',*,*,#343,.F.);
#343 = EDGE_CURVE('',#344,#90,#346,.T.);
#344 = VERTEX_POINT('',#345);
#345 = CARTESIAN_POINT('',(33.,3.51,-12.));
#346 = CIRCLE('',#347,0.24);
#347 = AXIS2_PLACEMENT_3D('',#348,#349,#350);
#348 = CARTESIAN_POINT('',(33.,3.51,-12.24));
#349 = DIRECTION('',(-1.,-0.,0.));
#350 = DIRECTION('',(0.,-1.,-2.2E-16));
#351 = ORIENTED_EDGE('',*,*,#352,.F.);
#352 = EDGE_CURVE('',#264,#344,#353,.T.);
#353 = LINE('',#354,#355);
#354 = CARTESIAN_POINT('',(23.,3.51,-12.));
#355 = VECTOR('',#356,1.);
#356 = DIRECTION('',(1.,0.,0.));
#357 = CYLINDRICAL_SURFACE('',#358,0.24);
#358 = AXIS2_PLACEMENT_3D('',#359,#360,#361);
#359 = CARTESIAN_POINT('',(23.,3.51,-12.24));
#360 = DIRECTION('',(1.,0.,0.));
#361 = DIRECTION('',(0.,7.E-17,1.));
#362 = ADVANCED_FACE('',(#363),#381,.T.);
#363 = FACE_BOUND('',#364,.T.);
#364 = EDGE_LOOP('',(#365,#373,#374,#375));
#365 = ORIENTED_EDGE('',*,*,#366,.F.);
#366 = EDGE_CURVE('',#280,#367,#369,.T.);
#367 = VERTEX_POINT('',#368);
#368 = CARTESIAN_POINT('',(33.,-4.25,-28.));
#369 = LINE('',#370,#371);
#370 = CARTESIAN_POINT('',(30.59,-4.25,-28.));
#371 = VECTOR('',#372,1.);
#372 = DIRECTION('',(1.,0.,0.));
#373 = ORIENTED_EDGE('',*,*,#279,.T.);
#374 = ORIENTED_EDGE('',*,*,#81,.T.);
#375 = ORIENTED_EDGE('',*,*,#376,.F.);
#376 = EDGE_CURVE('',#367,#82,#377,.T.);
#377 = LINE('',#378,#379);
#378 = CARTESIAN_POINT('',(33.,3.5,-28.));
#379 = VECTOR('',#380,1.);
#380 = DIRECTION('',(0.,1.,-7.E-17));
#381 = PLANE('',#382);
#382 = AXIS2_PLACEMENT_3D('',#383,#384,#385);
#383 = CARTESIAN_POINT('',(28.,-0.25,-28.));
#384 = DIRECTION('',(0.,-3.E-17,-1.));
#385 = DIRECTION('',(0.,1.,-3.E-17));
#386 = ADVANCED_FACE('',(#387),#430,.T.);
#387 = FACE_BOUND('',#388,.T.);
#388 = EDGE_LOOP('',(#389,#390,#391,#399,#407,#415,#423,#429));
#389 = ORIENTED_EDGE('',*,*,#89,.F.);
#390 = ORIENTED_EDGE('',*,*,#343,.F.);
#391 = ORIENTED_EDGE('',*,*,#392,.F.);
#392 = EDGE_CURVE('',#393,#344,#395,.T.);
#393 = VERTEX_POINT('',#394);
#394 = CARTESIAN_POINT('',(33.,3.5,-12.));
#395 = LINE('',#396,#397);
#396 = CARTESIAN_POINT('',(33.,3.5,-12.));
#397 = VECTOR('',#398,1.);
#398 = DIRECTION('',(0.,1.,-7.E-17));
#399 = ORIENTED_EDGE('',*,*,#400,.F.);
#400 = EDGE_CURVE('',#401,#393,#403,.T.);
#401 = VERTEX_POINT('',#402);
#402 = CARTESIAN_POINT('',(33.,5.5,-10.));
#403 = LINE('',#404,#405);
#404 = CARTESIAN_POINT('',(33.,3.789719626168,-11.71028037383));
#405 = VECTOR('',#406,1.);
#406 = DIRECTION('',(0.,-0.707106781187,-0.707106781187));
#407 = ORIENTED_EDGE('',*,*,#408,.T.);
#408 = EDGE_CURVE('',#401,#409,#411,.T.);
#409 = VERTEX_POINT('',#410);
#410 = CARTESIAN_POINT('',(33.,5.5,8.75));
#411 = LINE('',#412,#413);
#412 = CARTESIAN_POINT('',(33.,5.5,-3.25));
#413 = VECTOR('',#414,1.);
#414 = DIRECTION('',(2.2E-16,9.E-17,1.));
#415 = ORIENTED_EDGE('',*,*,#416,.T.);
#416 = EDGE_CURVE('',#409,#417,#419,.T.);
#417 = VERTEX_POINT('',#418);
#418 = CARTESIAN_POINT('',(33.,-4.25,8.75));
#419 = LINE('',#420,#421);
#420 = CARTESIAN_POINT('',(33.,5.,8.75));
#421 = VECTOR('',#422,1.);
#422 = DIRECTION('',(-9.E-17,-1.,9.E-17));
#423 = ORIENTED_EDGE('',*,*,#424,.F.);
#424 = EDGE_CURVE('',#367,#417,#425,.T.);
#425 = LINE('',#426,#427);
#426 = CARTESIAN_POINT('',(33.,-4.25,-0.258241585595));
#427 = VECTOR('',#428,1.);
#428 = DIRECTION('',(0.,0.,1.));
#429 = ORIENTED_EDGE('',*,*,#376,.T.);
#430 = PLANE('',#431);
#431 = AXIS2_PLACEMENT_3D('',#432,#433,#434);
#432 = CARTESIAN_POINT('',(33.,0.267148730131,-9.295487046613));
#433 = DIRECTION('',(1.,6.3E-16,0.));
#434 = DIRECTION('',(6.3E-16,-1.,-2.2E-16));
#435 = ADVANCED_FACE('',(#436),#447,.F.);
#436 = FACE_BOUND('',#437,.F.);
#437 = EDGE_LOOP('',(#438,#439,#445,#446));
#438 = ORIENTED_EDGE('',*,*,#218,.F.);
#439 = ORIENTED_EDGE('',*,*,#440,.F.);
#440 = EDGE_CURVE('',#112,#219,#441,.T.);
#441 = LINE('',#442,#443);
#442 = CARTESIAN_POINT('',(30.5,-1.76,-24.5));
#443 = VECTOR('',#444,1.);
#444 = DIRECTION('',(0.,2.2E-16,1.));
#445 = ORIENTED_EDGE('',*,*,#111,.T.);
#446 = ORIENTED_EDGE('',*,*,#170,.T.);
#447 = PLANE('',#448);
#448 = AXIS2_PLACEMENT_3D('',#449,#450,#451);
#449 = CARTESIAN_POINT('',(30.5,-4.25,-24.5));
#450 = DIRECTION('',(1.,0.,0.));
#451 = DIRECTION('',(0.,2.2E-16,1.));
#452 = ADVANCED_FACE('',(#453),#464,.T.);
#453 = FACE_BOUND('',#454,.F.);
#454 = EDGE_LOOP('',(#455,#456,#457,#458));
#455 = ORIENTED_EDGE('',*,*,#121,.T.);
#456 = ORIENTED_EDGE('',*,*,#440,.T.);
#457 = ORIENTED_EDGE('',*,*,#246,.F.);
#458 = ORIENTED_EDGE('',*,*,#459,.F.);
#459 = EDGE_CURVE('',#122,#239,#460,.T.);
#460 = LINE('',#461,#462);
#461 = CARTESIAN_POINT('',(32.99,-4.25,-24.5));
#462 = VECTOR('',#463,1.);
#463 = DIRECTION('',(0.,2.2E-16,1.));
#464 = CYLINDRICAL_SURFACE('',#465,2.49);
#465 = AXIS2_PLACEMENT_3D('',#466,#467,#468);
#466 = CARTESIAN_POINT('',(32.99,-1.76,-24.5));
#467 = DIRECTION('',(0.,2.2E-16,1.));
#468 = DIRECTION('',(0.,-1.,2.2E-16));
#469 = ADVANCED_FACE('',(#470,#478),#505,.F.);
#470 = FACE_BOUND('',#471,.F.);
#471 = EDGE_LOOP('',(#472,#473,#474,#475,#476,#477));
#472 = ORIENTED_EDGE('',*,*,#130,.T.);
#473 = ORIENTED_EDGE('',*,*,#459,.T.);
#474 = ORIENTED_EDGE('',*,*,#238,.F.);
#475 = ORIENTED_EDGE('',*,*,#230,.T.);
#476 = ORIENTED_EDGE('',*,*,#194,.T.);
#477 = ORIENTED_EDGE('',*,*,#138,.T.);
#478 = FACE_BOUND('',#479,.F.);
#479 = EDGE_LOOP('',(#480,#488,#489,#490,#491,#499));
#480 = ORIENTED_EDGE('',*,*,#481,.F.);
#481 = EDGE_CURVE('',#417,#482,#484,.T.);
#482 = VERTEX_POINT('',#483);
#483 = CARTESIAN_POINT('',(20.,-4.25,8.75));
#484 = LINE('',#485,#486);
#485 = CARTESIAN_POINT('',(33.18,-4.25,8.75));
#486 = VECTOR('',#487,1.);
#487 = DIRECTION('',(-1.,0.,0.));
#488 = ORIENTED_EDGE('',*,*,#424,.F.);
#489 = ORIENTED_EDGE('',*,*,#366,.F.);
#490 = ORIENTED_EDGE('',*,*,#287,.F.);
#491 = ORIENTED_EDGE('',*,*,#492,.F.);
#492 = EDGE_CURVE('',#493,#288,#495,.T.);
#493 = VERTEX_POINT('',#494);
#494 = CARTESIAN_POINT('',(20.,-4.25,-3.25));
#495 = LINE('',#496,#497);
#496 = CARTESIAN_POINT('',(19.816277372263,-4.25,-3.25));
#497 = VECTOR('',#498,1.);
#498 = DIRECTION('',(1.,0.,0.));
#499 = ORIENTED_EDGE('',*,*,#500,.F.);
#500 = EDGE_CURVE('',#482,#493,#501,.T.);
#501 = LINE('',#502,#503);
#502 = CARTESIAN_POINT('',(20.,-4.25,8.75));
#503 = VECTOR('',#504,1.);
#504 = DIRECTION('',(0.,0.,-1.));
#505 = PLANE('',#506);
#506 = AXIS2_PLACEMENT_3D('',#507,#508,#509);
#507 = CARTESIAN_POINT('',(33.18,-4.25,8.75));
#508 = DIRECTION('',(0.,1.,0.));
#509 = DIRECTION('',(-1.,0.,0.));
#510 = ADVANCED_FACE('',(#511),#522,.F.);
#511 = FACE_BOUND('',#512,.F.);
#512 = EDGE_LOOP('',(#513,#514,#515,#516));
#513 = ORIENTED_EDGE('',*,*,#261,.T.);
#514 = ORIENTED_EDGE('',*,*,#352,.T.);
#515 = ORIENTED_EDGE('',*,*,#392,.F.);
#516 = ORIENTED_EDGE('',*,*,#517,.F.);
#517 = EDGE_CURVE('',#262,#393,#518,.T.);
#518 = LINE('',#519,#520);
#519 = CARTESIAN_POINT('',(23.,3.5,-12.));
#520 = VECTOR('',#521,1.);
#521 = DIRECTION('',(1.,0.,0.));
#522 = PLANE('',#523);
#523 = AXIS2_PLACEMENT_3D('',#524,#525,#526);
#524 = CARTESIAN_POINT('',(23.,3.5,-12.));
#525 = DIRECTION('',(0.,-7.E-17,-1.));
#526 = DIRECTION('',(1.,0.,0.));
#527 = ADVANCED_FACE('',(#528),#539,.T.);
#528 = FACE_BOUND('',#529,.T.);
#529 = EDGE_LOOP('',(#530,#531,#537,#538));
#530 = ORIENTED_EDGE('',*,*,#327,.F.);
#531 = ORIENTED_EDGE('',*,*,#532,.T.);
#532 = EDGE_CURVE('',#320,#401,#533,.T.);
#533 = LINE('',#534,#535);
#534 = CARTESIAN_POINT('',(23.,5.5,-10.));
#535 = VECTOR('',#536,1.);
#536 = DIRECTION('',(1.,0.,0.));
#537 = ORIENTED_EDGE('',*,*,#400,.T.);
#538 = ORIENTED_EDGE('',*,*,#517,.F.);
#539 = PLANE('',#540);
#540 = AXIS2_PLACEMENT_3D('',#541,#542,#543);
#541 = CARTESIAN_POINT('',(23.,4.5,-11.));
#542 = DIRECTION('',(0.,0.707106781187,-0.707106781187));
#543 = DIRECTION('',(1.,0.,0.));
#544 = ADVANCED_FACE('',(#545,#644),#655,.T.);
#545 = FACE_BOUND('',#546,.T.);
#546 = EDGE_LOOP('',(#547,#557,#565,#573,#581,#589,#597,#605,#613,#619,
    #620,#621,#622,#630,#638));
#547 = ORIENTED_EDGE('',*,*,#548,.F.);
#548 = EDGE_CURVE('',#549,#551,#553,.T.);
#549 = VERTEX_POINT('',#550);
#550 = CARTESIAN_POINT('',(-18.,5.5,-3.25));
#551 = VERTEX_POINT('',#552);
#552 = CARTESIAN_POINT('',(20.,5.5,-3.25));
#553 = LINE('',#554,#555);
#554 = CARTESIAN_POINT('',(-20.,5.5,-3.25));
#555 = VECTOR('',#556,1.);
#556 = DIRECTION('',(1.,0.,0.));
#557 = ORIENTED_EDGE('',*,*,#558,.T.);
#558 = EDGE_CURVE('',#549,#559,#561,.T.);
#559 = VERTEX_POINT('',#560);
#560 = CARTESIAN_POINT('',(-18.,5.5,20.75));
#561 = LINE('',#562,#563);
#562 = CARTESIAN_POINT('',(-18.,5.5,-3.25));
#563 = VECTOR('',#564,1.);
#564 = DIRECTION('',(0.,-2.2E-16,1.));
#565 = ORIENTED_EDGE('',*,*,#566,.T.);
#566 = EDGE_CURVE('',#559,#567,#569,.T.);
#567 = VERTEX_POINT('',#568);
#568 = CARTESIAN_POINT('',(-17.,5.5,20.75));
#569 = LINE('',#570,#571);
#570 = CARTESIAN_POINT('',(-20.,5.5,20.75));
#571 = VECTOR('',#572,1.);
#572 = DIRECTION('',(1.,0.,0.));
#573 = ORIENTED_EDGE('',*,*,#574,.T.);
#574 = EDGE_CURVE('',#567,#575,#577,.T.);
#575 = VERTEX_POINT('',#576);
#576 = CARTESIAN_POINT('',(-17.,5.5,6.));
#577 = LINE('',#578,#579);
#578 = CARTESIAN_POINT('',(-17.,5.5,20.75));
#579 = VECTOR('',#580,1.);
#580 = DIRECTION('',(0.,2.2E-16,-1.));
#581 = ORIENTED_EDGE('',*,*,#582,.T.);
#582 = EDGE_CURVE('',#575,#583,#585,.T.);
#583 = VERTEX_POINT('',#584);
#584 = CARTESIAN_POINT('',(17.,5.5,6.));
#585 = LINE('',#586,#587);
#586 = CARTESIAN_POINT('',(-15.,5.5,6.));
#587 = VECTOR('',#588,1.);
#588 = DIRECTION('',(1.,0.,0.));
#589 = ORIENTED_EDGE('',*,*,#590,.T.);
#590 = EDGE_CURVE('',#583,#591,#593,.T.);
#591 = VERTEX_POINT('',#592);
#592 = CARTESIAN_POINT('',(17.,5.5,20.75));
#593 = LINE('',#594,#595);
#594 = CARTESIAN_POINT('',(17.,5.5,8.));
#595 = VECTOR('',#596,1.);
#596 = DIRECTION('',(0.,-2.2E-16,1.));
#597 = ORIENTED_EDGE('',*,*,#598,.T.);
#598 = EDGE_CURVE('',#591,#599,#601,.T.);
#599 = VERTEX_POINT('',#600);
#600 = CARTESIAN_POINT('',(20.,5.5,20.75));
#601 = LINE('',#602,#603);
#602 = CARTESIAN_POINT('',(15.,5.5,20.75));
#603 = VECTOR('',#604,1.);
#604 = DIRECTION('',(1.,0.,0.));
#605 = ORIENTED_EDGE('',*,*,#606,.T.);
#606 = EDGE_CURVE('',#599,#607,#609,.T.);
#607 = VERTEX_POINT('',#608);
#608 = CARTESIAN_POINT('',(20.,5.5,8.75));
#609 = LINE('',#610,#611);
#610 = CARTESIAN_POINT('',(20.,5.5,20.75));
#611 = VECTOR('',#612,1.);
#612 = DIRECTION('',(0.,2.2E-16,-1.));
#613 = ORIENTED_EDGE('',*,*,#614,.T.);
#614 = EDGE_CURVE('',#607,#409,#615,.T.);
#615 = LINE('',#616,#617);
#616 = CARTESIAN_POINT('',(20.,5.5,8.75));
#617 = VECTOR('',#618,1.);
#618 = DIRECTION('',(1.,-9.E-17,-2.2E-16));
#619 = ORIENTED_EDGE('',*,*,#408,.F.);
#620 = ORIENTED_EDGE('',*,*,#532,.F.);
#621 = ORIENTED_EDGE('',*,*,#319,.F.);
#622 = ORIENTED_EDGE('',*,*,#623,.F.);
#623 = EDGE_CURVE('',#624,#312,#626,.T.);
#624 = VERTEX_POINT('',#625);
#625 = CARTESIAN_POINT('',(21.,5.5,-4.75));
#626 = LINE('',#627,#628);
#627 = CARTESIAN_POINT('',(20.,5.5,-4.75));
#628 = VECTOR('',#629,1.);
#629 = DIRECTION('',(1.,0.,0.));
#630 = ORIENTED_EDGE('',*,*,#631,.F.);
#631 = EDGE_CURVE('',#632,#624,#634,.T.);
#632 = VERTEX_POINT('',#633);
#633 = CARTESIAN_POINT('',(20.,5.5,-3.75));
#634 = LINE('',#635,#636);
#635 = CARTESIAN_POINT('',(14.795209390863,5.5,1.454790609137));
#636 = VECTOR('',#637,1.);
#637 = DIRECTION('',(0.707106781187,1.6E-16,-0.707106781187));
#638 = ORIENTED_EDGE('',*,*,#639,.F.);
#639 = EDGE_CURVE('',#551,#632,#640,.T.);
#640 = LINE('',#641,#642);
#641 = CARTESIAN_POINT('',(20.,5.5,3.5));
#642 = VECTOR('',#643,1.);
#643 = DIRECTION('',(0.,2.2E-16,-1.));
#644 = FACE_BOUND('',#645,.T.);
#645 = EDGE_LOOP('',(#646));
#646 = ORIENTED_EDGE('',*,*,#647,.F.);
#647 = EDGE_CURVE('',#648,#648,#650,.T.);
#648 = VERTEX_POINT('',#649);
#649 = CARTESIAN_POINT('',(30.15,5.5,-7.05));
#650 = CIRCLE('',#651,2.15);
#651 = AXIS2_PLACEMENT_3D('',#652,#653,#654);
#652 = CARTESIAN_POINT('',(28.,5.5,-7.05));
#653 = DIRECTION('',(-0.,1.,2.2E-16));
#654 = DIRECTION('',(1.,0.,0.));
#655 = PLANE('',#656);
#656 = AXIS2_PLACEMENT_3D('',#657,#658,#659);
#657 = CARTESIAN_POINT('',(6.753807106599,5.5,4.822969543147));
#658 = DIRECTION('',(0.,1.,2.2E-16));
#659 = DIRECTION('',(-1.,0.,0.));
#660 = ADVANCED_FACE('',(#661),#679,.T.);
#661 = FACE_BOUND('',#662,.T.);
#662 = EDGE_LOOP('',(#663,#671,#677,#678));
#663 = ORIENTED_EDGE('',*,*,#664,.F.);
#664 = EDGE_CURVE('',#665,#304,#667,.T.);
#665 = VERTEX_POINT('',#666);
#666 = CARTESIAN_POINT('',(21.,3.,-4.75));
#667 = LINE('',#668,#669);
#668 = CARTESIAN_POINT('',(20.,3.,-4.75));
#669 = VECTOR('',#670,1.);
#670 = DIRECTION('',(1.,0.,0.));
#671 = ORIENTED_EDGE('',*,*,#672,.T.);
#672 = EDGE_CURVE('',#665,#624,#673,.T.);
#673 = LINE('',#674,#675);
#674 = CARTESIAN_POINT('',(21.,3.,-4.75));
#675 = VECTOR('',#676,1.);
#676 = DIRECTION('',(0.,1.,2.2E-16));
#677 = ORIENTED_EDGE('',*,*,#623,.T.);
#678 = ORIENTED_EDGE('',*,*,#311,.F.);
#679 = PLANE('',#680);
#680 = AXIS2_PLACEMENT_3D('',#681,#682,#683);
#681 = CARTESIAN_POINT('',(20.,3.,-4.75));
#682 = DIRECTION('',(0.,2.2E-16,-1.));
#683 = DIRECTION('',(1.,0.,0.));
#684 = ADVANCED_FACE('',(#685),#711,.F.);
#685 = FACE_BOUND('',#686,.F.);
#686 = EDGE_LOOP('',(#687,#697,#703,#704,#705));
#687 = ORIENTED_EDGE('',*,*,#688,.F.);
#688 = EDGE_CURVE('',#689,#691,#693,.T.);
#689 = VERTEX_POINT('',#690);
#690 = CARTESIAN_POINT('',(20.,3.,-3.25));
#691 = VERTEX_POINT('',#692);
#692 = CARTESIAN_POINT('',(20.,3.,-3.75));
#693 = LINE('',#694,#695);
#694 = CARTESIAN_POINT('',(20.,3.,3.5));
#695 = VECTOR('',#696,1.);
#696 = DIRECTION('',(0.,2.2E-16,-1.));
#697 = ORIENTED_EDGE('',*,*,#698,.T.);
#698 = EDGE_CURVE('',#689,#296,#699,.T.);
#699 = LINE('',#700,#701);
#700 = CARTESIAN_POINT('',(20.,3.,-3.25));
#701 = VECTOR('',#702,1.);
#702 = DIRECTION('',(1.,-9.E-17,-2.2E-16));
#703 = ORIENTED_EDGE('',*,*,#303,.T.);
#704 = ORIENTED_EDGE('',*,*,#664,.F.);
#705 = ORIENTED_EDGE('',*,*,#706,.F.);
#706 = EDGE_CURVE('',#691,#665,#707,.T.);
#707 = LINE('',#708,#709);
#708 = CARTESIAN_POINT('',(22.,3.,-5.75));
#709 = VECTOR('',#710,1.);
#710 = DIRECTION('',(0.707106781187,1.6E-16,-0.707106781187));
#711 = PLANE('',#712);
#712 = AXIS2_PLACEMENT_3D('',#713,#714,#715);
#713 = CARTESIAN_POINT('',(26.881578947368,3.,-3.868421052632));
#714 = DIRECTION('',(0.,1.,4.5E-16));
#715 = DIRECTION('',(0.,-4.5E-16,1.));
#716 = ADVANCED_FACE('',(#717),#759,.T.);
#717 = FACE_BOUND('',#718,.T.);
#718 = EDGE_LOOP('',(#719,#729,#737,#743,#744,#750,#751,#752,#753));
#719 = ORIENTED_EDGE('',*,*,#720,.F.);
#720 = EDGE_CURVE('',#721,#723,#725,.T.);
#721 = VERTEX_POINT('',#722);
#722 = CARTESIAN_POINT('',(-20.,-10.,-3.25));
#723 = VERTEX_POINT('',#724);
#724 = CARTESIAN_POINT('',(20.,-10.,-3.25));
#725 = LINE('',#726,#727);
#726 = CARTESIAN_POINT('',(-20.,-10.,-3.25));
#727 = VECTOR('',#728,1.);
#728 = DIRECTION('',(1.,0.,0.));
#729 = ORIENTED_EDGE('',*,*,#730,.T.);
#730 = EDGE_CURVE('',#721,#731,#733,.T.);
#731 = VERTEX_POINT('',#732);
#732 = CARTESIAN_POINT('',(-20.,3.5,-3.25));
#733 = LINE('',#734,#735);
#734 = CARTESIAN_POINT('',(-20.,5.58E-15,-3.25));
#735 = VECTOR('',#736,1.);
#736 = DIRECTION('',(0.,1.,2.2E-16));
#737 = ORIENTED_EDGE('',*,*,#738,.F.);
#738 = EDGE_CURVE('',#549,#731,#739,.T.);
#739 = LINE('',#740,#741);
#740 = CARTESIAN_POINT('',(-14.33622262773,9.163777372263,-3.25));
#741 = VECTOR('',#742,1.);
#742 = DIRECTION('',(-0.707106781187,-0.707106781187,2.E-17));
#743 = ORIENTED_EDGE('',*,*,#548,.T.);
#744 = ORIENTED_EDGE('',*,*,#745,.F.);
#745 = EDGE_CURVE('',#689,#551,#746,.T.);
#746 = LINE('',#747,#748);
#747 = CARTESIAN_POINT('',(20.,5.58E-15,-3.25));
#748 = VECTOR('',#749,1.);
#749 = DIRECTION('',(0.,1.,2.2E-16));
#750 = ORIENTED_EDGE('',*,*,#698,.T.);
#751 = ORIENTED_EDGE('',*,*,#295,.F.);
#752 = ORIENTED_EDGE('',*,*,#492,.F.);
#753 = ORIENTED_EDGE('',*,*,#754,.F.);
#754 = EDGE_CURVE('',#723,#493,#755,.T.);
#755 = LINE('',#756,#757);
#756 = CARTESIAN_POINT('',(20.,-3.273722627737,-3.25));
#757 = VECTOR('',#758,1.);
#758 = DIRECTION('',(0.,1.,-2.5E-16));
#759 = PLANE('',#760);
#760 = AXIS2_PLACEMENT_3D('',#761,#762,#763);
#761 = CARTESIAN_POINT('',(6.452554744526,-2.297445255474,-3.25));
#762 = DIRECTION('',(0.,-3.E-17,-1.));
#763 = DIRECTION('',(0.,1.,-3.E-17));
#764 = ADVANCED_FACE('',(#765),#776,.T.);
#765 = FACE_BOUND('',#766,.T.);
#766 = EDGE_LOOP('',(#767,#773,#774,#775));
#767 = ORIENTED_EDGE('',*,*,#768,.T.);
#768 = EDGE_CURVE('',#607,#482,#769,.T.);
#769 = LINE('',#770,#771);
#770 = CARTESIAN_POINT('',(20.,5.,8.75));
#771 = VECTOR('',#772,1.);
#772 = DIRECTION('',(-9.E-17,-1.,9.E-17));
#773 = ORIENTED_EDGE('',*,*,#481,.F.);
#774 = ORIENTED_EDGE('',*,*,#416,.F.);
#775 = ORIENTED_EDGE('',*,*,#614,.F.);
#776 = PLANE('',#777);
#777 = AXIS2_PLACEMENT_3D('',#778,#779,#780);
#778 = CARTESIAN_POINT('',(26.5,-2.25,8.75));
#779 = DIRECTION('',(2.6E-16,1.4E-16,1.));
#780 = DIRECTION('',(0.,-1.,1.4E-16));
#781 = ADVANCED_FACE('',(#782),#858,.T.);
#782 = FACE_BOUND('',#783,.T.);
#783 = EDGE_LOOP('',(#784,#792,#793,#794,#795,#796,#804,#812,#820,#828,
    #836,#844,#852));
#784 = ORIENTED_EDGE('',*,*,#785,.T.);
#785 = EDGE_CURVE('',#786,#723,#788,.T.);
#786 = VERTEX_POINT('',#787);
#787 = CARTESIAN_POINT('',(20.,-10.,31.));
#788 = LINE('',#789,#790);
#789 = CARTESIAN_POINT('',(20.,-10.,8.75));
#790 = VECTOR('',#791,1.);
#791 = DIRECTION('',(0.,0.,-1.));
#792 = ORIENTED_EDGE('',*,*,#754,.T.);
#793 = ORIENTED_EDGE('',*,*,#500,.F.);
#794 = ORIENTED_EDGE('',*,*,#768,.F.);
#795 = ORIENTED_EDGE('',*,*,#606,.F.);
#796 = ORIENTED_EDGE('',*,*,#797,.F.);
#797 = EDGE_CURVE('',#798,#599,#800,.T.);
#798 = VERTEX_POINT('',#799);
#799 = CARTESIAN_POINT('',(20.,0.,20.75));
#800 = LINE('',#801,#802);
#801 = CARTESIAN_POINT('',(20.,2.5E-16,20.75));
#802 = VECTOR('',#803,1.);
#803 = DIRECTION('',(0.,1.,2.2E-16));
#804 = ORIENTED_EDGE('',*,*,#805,.T.);
#805 = EDGE_CURVE('',#798,#806,#808,.T.);
#806 = VERTEX_POINT('',#807);
#807 = CARTESIAN_POINT('',(20.,-3.E-15,38.));
#808 = LINE('',#809,#810);
#809 = CARTESIAN_POINT('',(20.,7.2E-16,-3.25));
#810 = VECTOR('',#811,1.);
#811 = DIRECTION('',(0.,-2.2E-16,1.));
#812 = ORIENTED_EDGE('',*,*,#813,.T.);
#813 = EDGE_CURVE('',#806,#814,#816,.T.);
#814 = VERTEX_POINT('',#815);
#815 = CARTESIAN_POINT('',(20.,48.,38.));
#816 = LINE('',#817,#818);
#817 = CARTESIAN_POINT('',(20.,-3.58E-15,38.));
#818 = VECTOR('',#819,1.);
#819 = DIRECTION('',(0.,1.,2.2E-16));
#820 = ORIENTED_EDGE('',*,*,#821,.F.);
#821 = EDGE_CURVE('',#822,#814,#824,.T.);
#822 = VERTEX_POINT('',#823);
#823 = CARTESIAN_POINT('',(20.,48.,46.));
#824 = LINE('',#825,#826);
#825 = CARTESIAN_POINT('',(20.,48.,47.));
#826 = VECTOR('',#827,1.);
#827 = DIRECTION('',(0.,2.2E-16,-1.));
#828 = ORIENTED_EDGE('',*,*,#829,.T.);
#829 = EDGE_CURVE('',#822,#830,#832,.T.);
#830 = VERTEX_POINT('',#831);
#831 = CARTESIAN_POINT('',(20.,-7.,46.));
#832 = LINE('',#833,#834);
#833 = CARTESIAN_POINT('',(20.,48.,46.));
#834 = VECTOR('',#835,1.);
#835 = DIRECTION('',(0.,-1.,2.2E-16));
#836 = ORIENTED_EDGE('',*,*,#837,.F.);
#837 = EDGE_CURVE('',#838,#830,#840,.T.);
#838 = VERTEX_POINT('',#839);
#839 = CARTESIAN_POINT('',(20.,-7.,32.));
#840 = LINE('',#841,#842);
#841 = CARTESIAN_POINT('',(20.,-7.,32.));
#842 = VECTOR('',#843,1.);
#843 = DIRECTION('',(0.,-2.2E-16,1.));
#844 = ORIENTED_EDGE('',*,*,#845,.F.);
#845 = EDGE_CURVE('',#846,#838,#848,.T.);
#846 = VERTEX_POINT('',#847);
#847 = CARTESIAN_POINT('',(20.,-9.,32.));
#848 = LINE('',#849,#850);
#849 = CARTESIAN_POINT('',(20.,-10.,32.));
#850 = VECTOR('',#851,1.);
#851 = DIRECTION('',(0.,1.,-2.2E-16));
#852 = ORIENTED_EDGE('',*,*,#853,.F.);
#853 = EDGE_CURVE('',#786,#846,#854,.T.);
#854 = LINE('',#855,#856);
#855 = CARTESIAN_POINT('',(20.,-4.64842032967,36.35157967033));
#856 = VECTOR('',#857,1.);
#857 = DIRECTION('',(0.,0.707106781187,0.707106781187));
#858 = PLANE('',#859);
#859 = AXIS2_PLACEMENT_3D('',#860,#861,#862);
#860 = CARTESIAN_POINT('',(20.,9.731777002837,29.865765799421));
#861 = DIRECTION('',(1.,0.,0.));
#862 = DIRECTION('',(0.,-1.,-2.2E-16));
#863 = ADVANCED_FACE('',(#864),#898,.T.);
#864 = FACE_BOUND('',#865,.F.);
#865 = EDGE_LOOP('',(#866,#867,#868,#876,#884,#892));
#866 = ORIENTED_EDGE('',*,*,#738,.F.);
#867 = ORIENTED_EDGE('',*,*,#558,.T.);
#868 = ORIENTED_EDGE('',*,*,#869,.T.);
#869 = EDGE_CURVE('',#559,#870,#872,.T.);
#870 = VERTEX_POINT('',#871);
#871 = CARTESIAN_POINT('',(-20.,3.5,20.75));
#872 = LINE('',#873,#874);
#873 = CARTESIAN_POINT('',(-20.6875,2.8125,20.75));
#874 = VECTOR('',#875,1.);
#875 = DIRECTION('',(-0.707106781187,-0.707106781187,-3.5E-16));
#876 = ORIENTED_EDGE('',*,*,#877,.F.);
#877 = EDGE_CURVE('',#878,#870,#880,.T.);
#878 = VERTEX_POINT('',#879);
#879 = CARTESIAN_POINT('',(-20.,3.5,18.75));
#880 = LINE('',#881,#882);
#881 = CARTESIAN_POINT('',(-20.,3.5,-3.25));
#882 = VECTOR('',#883,1.);
#883 = DIRECTION('',(0.,-2.2E-16,1.));
#884 = ORIENTED_EDGE('',*,*,#885,.F.);
#885 = EDGE_CURVE('',#886,#878,#888,.T.);
#886 = VERTEX_POINT('',#887);
#887 = CARTESIAN_POINT('',(-20.,3.5,3.75));
#888 = LINE('',#889,#890);
#889 = CARTESIAN_POINT('',(-20.,3.5,-3.25));
#890 = VECTOR('',#891,1.);
#891 = DIRECTION('',(0.,-2.2E-16,1.));
#892 = ORIENTED_EDGE('',*,*,#893,.F.);
#893 = EDGE_CURVE('',#731,#886,#894,.T.);
#894 = LINE('',#895,#896);
#895 = CARTESIAN_POINT('',(-20.,3.5,-3.25));
#896 = VECTOR('',#897,1.);
#897 = DIRECTION('',(0.,-2.2E-16,1.));
#898 = PLANE('',#899);
#899 = AXIS2_PLACEMENT_3D('',#900,#901,#902);
#900 = CARTESIAN_POINT('',(-19.,4.5,-3.25));
#901 = DIRECTION('',(-0.707106781187,0.707106781187,1.6E-16));
#902 = DIRECTION('',(-3.137084989848E-18,2.231370849898E-16,-1.));
#903 = ADVANCED_FACE('',(#904),#915,.T.);
#904 = FACE_BOUND('',#905,.T.);
#905 = EDGE_LOOP('',(#906,#907,#908,#909));
#906 = ORIENTED_EDGE('',*,*,#688,.F.);
#907 = ORIENTED_EDGE('',*,*,#745,.T.);
#908 = ORIENTED_EDGE('',*,*,#639,.T.);
#909 = ORIENTED_EDGE('',*,*,#910,.F.);
#910 = EDGE_CURVE('',#691,#632,#911,.T.);
#911 = LINE('',#912,#913);
#912 = CARTESIAN_POINT('',(20.,3.,-3.75));
#913 = VECTOR('',#914,1.);
#914 = DIRECTION('',(0.,1.,2.2E-16));
#915 = PLANE('',#916);
#916 = AXIS2_PLACEMENT_3D('',#917,#918,#919);
#917 = CARTESIAN_POINT('',(20.,3.,3.5));
#918 = DIRECTION('',(-1.,0.,0.));
#919 = DIRECTION('',(0.,2.2E-16,-1.));
#920 = ADVANCED_FACE('',(#921),#955,.T.);
#921 = FACE_BOUND('',#922,.T.);
#922 = EDGE_LOOP('',(#923,#933,#939,#940,#941,#949));
#923 = ORIENTED_EDGE('',*,*,#924,.T.);
#924 = EDGE_CURVE('',#925,#927,#929,.T.);
#925 = VERTEX_POINT('',#926);
#926 = CARTESIAN_POINT('',(-15.,0.,20.75));
#927 = VERTEX_POINT('',#928);
#928 = CARTESIAN_POINT('',(-15.,3.5,20.75));
#929 = LINE('',#930,#931);
#930 = CARTESIAN_POINT('',(-15.,2.5E-16,20.75));
#931 = VECTOR('',#932,1.);
#932 = DIRECTION('',(0.,1.,2.2E-16));
#933 = ORIENTED_EDGE('',*,*,#934,.F.);
#934 = EDGE_CURVE('',#567,#927,#935,.T.);
#935 = LINE('',#936,#937);
#936 = CARTESIAN_POINT('',(-16.65292553191,5.152925531915,20.75));
#937 = VECTOR('',#938,1.);
#938 = DIRECTION('',(0.707106781187,-0.707106781187,3.E-17));
#939 = ORIENTED_EDGE('',*,*,#566,.F.);
#940 = ORIENTED_EDGE('',*,*,#869,.T.);
#941 = ORIENTED_EDGE('',*,*,#942,.T.);
#942 = EDGE_CURVE('',#870,#943,#945,.T.);
#943 = VERTEX_POINT('',#944);
#944 = CARTESIAN_POINT('',(-20.,0.,20.75));
#945 = LINE('',#946,#947);
#946 = CARTESIAN_POINT('',(-20.,5.60993102642,20.75));
#947 = VECTOR('',#948,1.);
#948 = DIRECTION('',(0.,-1.,0.));
#949 = ORIENTED_EDGE('',*,*,#950,.T.);
#950 = EDGE_CURVE('',#943,#925,#951,.T.);
#951 = LINE('',#952,#953);
#952 = CARTESIAN_POINT('',(-20.,3.9E-16,20.75));
#953 = VECTOR('',#954,1.);
#954 = DIRECTION('',(1.,0.,0.));
#955 = PLANE('',#956);
#956 = AXIS2_PLACEMENT_3D('',#957,#958,#959);
#957 = CARTESIAN_POINT('',(-22.18085106383,0.93085106383,20.75));
#958 = DIRECTION('',(-2.8E-16,-2.2E-16,1.));
#959 = DIRECTION('',(1.,0.,2.8E-16));
#960 = ADVANCED_FACE('',(#961),#967,.T.);
#961 = FACE_BOUND('',#962,.T.);
#962 = EDGE_LOOP('',(#963,#964,#965,#966));
#963 = ORIENTED_EDGE('',*,*,#706,.F.);
#964 = ORIENTED_EDGE('',*,*,#910,.T.);
#965 = ORIENTED_EDGE('',*,*,#631,.T.);
#966 = ORIENTED_EDGE('',*,*,#672,.F.);
#967 = PLANE('',#968);
#968 = AXIS2_PLACEMENT_3D('',#969,#970,#971);
#969 = CARTESIAN_POINT('',(20.5,3.,-4.25));
#970 = DIRECTION('',(-0.707106781187,1.6E-16,-0.707106781187));
#971 = DIRECTION('',(3.137084989848E-18,1.,2.231370849898E-16));
#972 = ADVANCED_FACE('',(#973),#991,.F.);
#973 = FACE_BOUND('',#974,.F.);
#974 = EDGE_LOOP('',(#975,#976,#977,#985));
#975 = ORIENTED_EDGE('',*,*,#934,.F.);
#976 = ORIENTED_EDGE('',*,*,#574,.T.);
#977 = ORIENTED_EDGE('',*,*,#978,.T.);
#978 = EDGE_CURVE('',#575,#979,#981,.T.);
#979 = VERTEX_POINT('',#980);
#980 = CARTESIAN_POINT('',(-15.,3.5,8.));
#981 = LINE('',#982,#983);
#982 = CARTESIAN_POINT('',(-13.54166666666,2.041666666667,9.458333333333
    ));
#983 = VECTOR('',#984,1.);
#984 = DIRECTION('',(0.57735026919,-0.57735026919,0.57735026919));
#985 = ORIENTED_EDGE('',*,*,#986,.F.);
#986 = EDGE_CURVE('',#927,#979,#987,.T.);
#987 = LINE('',#988,#989);
#988 = CARTESIAN_POINT('',(-15.,3.5,20.75));
#989 = VECTOR('',#990,1.);
#990 = DIRECTION('',(0.,2.2E-16,-1.));
#991 = PLANE('',#992);
#992 = AXIS2_PLACEMENT_3D('',#993,#994,#995);
#993 = CARTESIAN_POINT('',(-16.,4.5,20.75));
#994 = DIRECTION('',(-0.707106781187,-0.707106781187,-1.6E-16));
#995 = DIRECTION('',(3.137084989848E-18,2.231370849898E-16,-1.));
#996 = ADVANCED_FACE('',(#997),#1015,.F.);
#997 = FACE_BOUND('',#998,.F.);
#998 = EDGE_LOOP('',(#999,#1000,#1001,#1009));
#999 = ORIENTED_EDGE('',*,*,#978,.F.);
#1000 = ORIENTED_EDGE('',*,*,#582,.T.);
#1001 = ORIENTED_EDGE('',*,*,#1002,.T.);
#1002 = EDGE_CURVE('',#583,#1003,#1005,.T.);
#1003 = VERTEX_POINT('',#1004);
#1004 = CARTESIAN_POINT('',(15.,3.5,8.));
#1005 = LINE('',#1006,#1007);
#1006 = CARTESIAN_POINT('',(10.666666666667,-0.833333333333,
    12.333333333333));
#1007 = VECTOR('',#1008,1.);
#1008 = DIRECTION('',(-0.57735026919,-0.57735026919,0.57735026919));
#1009 = ORIENTED_EDGE('',*,*,#1010,.F.);
#1010 = EDGE_CURVE('',#979,#1003,#1011,.T.);
#1011 = LINE('',#1012,#1013);
#1012 = CARTESIAN_POINT('',(-15.,3.5,8.));
#1013 = VECTOR('',#1014,1.);
#1014 = DIRECTION('',(1.,0.,0.));
#1015 = PLANE('',#1016);
#1016 = AXIS2_PLACEMENT_3D('',#1017,#1018,#1019);
#1017 = CARTESIAN_POINT('',(-15.,4.5,7.));
#1018 = DIRECTION('',(0.,-0.707106781187,-0.707106781187));
#1019 = DIRECTION('',(1.,0.,0.));
#1020 = ADVANCED_FACE('',(#1021),#1039,.F.);
#1021 = FACE_BOUND('',#1022,.F.);
#1022 = EDGE_LOOP('',(#1023,#1024,#1025,#1033));
#1023 = ORIENTED_EDGE('',*,*,#1002,.F.);
#1024 = ORIENTED_EDGE('',*,*,#590,.T.);
#1025 = ORIENTED_EDGE('',*,*,#1026,.T.);
#1026 = EDGE_CURVE('',#591,#1027,#1029,.T.);
#1027 = VERTEX_POINT('',#1028);
#1028 = CARTESIAN_POINT('',(15.,3.5,20.75));
#1029 = LINE('',#1030,#1031);
#1030 = CARTESIAN_POINT('',(14.625,3.125,20.75));
#1031 = VECTOR('',#1032,1.);
#1032 = DIRECTION('',(-0.707106781187,-0.707106781187,-1.6E-16));
#1033 = ORIENTED_EDGE('',*,*,#1034,.F.);
#1034 = EDGE_CURVE('',#1003,#1027,#1035,.T.);
#1035 = LINE('',#1036,#1037);
#1036 = CARTESIAN_POINT('',(15.,3.5,8.));
#1037 = VECTOR('',#1038,1.);
#1038 = DIRECTION('',(0.,-2.2E-16,1.));
#1039 = PLANE('',#1040);
#1040 = AXIS2_PLACEMENT_3D('',#1041,#1042,#1043);
#1041 = CARTESIAN_POINT('',(16.,4.5,8.));
#1042 = DIRECTION('',(0.707106781187,-0.707106781187,-1.6E-16));
#1043 = DIRECTION('',(3.137084989848E-18,-2.231370849898E-16,1.));
#1044 = ADVANCED_FACE('',(#1045),#1064,.F.);
#1045 = FACE_BOUND('',#1046,.F.);
#1046 = EDGE_LOOP('',(#1047,#1055,#1056,#1057,#1058));
#1047 = ORIENTED_EDGE('',*,*,#1048,.T.);
#1048 = EDGE_CURVE('',#1049,#1027,#1051,.T.);
#1049 = VERTEX_POINT('',#1050);
#1050 = CARTESIAN_POINT('',(15.,0.,20.75));
#1051 = LINE('',#1052,#1053);
#1052 = CARTESIAN_POINT('',(15.,2.5E-16,20.75));
#1053 = VECTOR('',#1054,1.);
#1054 = DIRECTION('',(0.,1.,2.2E-16));
#1055 = ORIENTED_EDGE('',*,*,#1026,.F.);
#1056 = ORIENTED_EDGE('',*,*,#598,.T.);
#1057 = ORIENTED_EDGE('',*,*,#797,.F.);
#1058 = ORIENTED_EDGE('',*,*,#1059,.F.);
#1059 = EDGE_CURVE('',#1049,#798,#1060,.T.);
#1060 = LINE('',#1061,#1062);
#1061 = CARTESIAN_POINT('',(15.,3.9E-16,20.75));
#1062 = VECTOR('',#1063,1.);
#1063 = DIRECTION('',(1.,0.,0.));
#1064 = PLANE('',#1065);
#1065 = AXIS2_PLACEMENT_3D('',#1066,#1067,#1068);
#1066 = CARTESIAN_POINT('',(15.,2.5E-16,20.75));
#1067 = DIRECTION('',(0.,2.2E-16,-1.));
#1068 = DIRECTION('',(1.,0.,0.));
#1069 = ADVANCED_FACE('',(#1070),#1089,.F.);
#1070 = FACE_BOUND('',#1071,.F.);
#1071 = EDGE_LOOP('',(#1072,#1080,#1087,#1088));
#1072 = ORIENTED_EDGE('',*,*,#1073,.T.);
#1073 = EDGE_CURVE('',#648,#1074,#1076,.T.);
#1074 = VERTEX_POINT('',#1075);
#1075 = CARTESIAN_POINT('',(30.15,-1.,-7.05));
#1076 = LINE('',#1077,#1078);
#1077 = CARTESIAN_POINT('',(30.15,5.5,-7.05));
#1078 = VECTOR('',#1079,1.);
#1079 = DIRECTION('',(0.,-1.,-2.2E-16));
#1080 = ORIENTED_EDGE('',*,*,#1081,.T.);
#1081 = EDGE_CURVE('',#1074,#1074,#1082,.T.);
#1082 = CIRCLE('',#1083,2.15);
#1083 = AXIS2_PLACEMENT_3D('',#1084,#1085,#1086);
#1084 = CARTESIAN_POINT('',(28.,-1.,-7.05));
#1085 = DIRECTION('',(-0.,1.,2.2E-16));
#1086 = DIRECTION('',(1.,0.,0.));
#1087 = ORIENTED_EDGE('',*,*,#1073,.F.);
#1088 = ORIENTED_EDGE('',*,*,#647,.F.);
#1089 = CYLINDRICAL_SURFACE('',#1090,2.15);
#1090 = AXIS2_PLACEMENT_3D('',#1091,#1092,#1093);
#1091 = CARTESIAN_POINT('',(28.,5.5,-7.05));
#1092 = DIRECTION('',(0.,1.,2.2E-16));
#1093 = DIRECTION('',(1.,0.,0.));
#1094 = ADVANCED_FACE('',(#1095,#1113,#1124,#1162,#1173),#1211,.T.);
#1095 = FACE_BOUND('',#1096,.T.);
#1096 = EDGE_LOOP('',(#1097,#1105,#1111,#1112));
#1097 = ORIENTED_EDGE('',*,*,#1098,.F.);
#1098 = EDGE_CURVE('',#1099,#786,#1101,.T.);
#1099 = VERTEX_POINT('',#1100);
#1100 = CARTESIAN_POINT('',(-20.,-10.,31.));
#1101 = LINE('',#1102,#1103);
#1102 = CARTESIAN_POINT('',(-20.,-10.,31.));
#1103 = VECTOR('',#1104,1.);
#1104 = DIRECTION('',(1.,0.,0.));
#1105 = ORIENTED_EDGE('',*,*,#1106,.T.);
#1106 = EDGE_CURVE('',#1099,#721,#1107,.T.);
#1107 = LINE('',#1108,#1109);
#1108 = CARTESIAN_POINT('',(-20.,-10.,47.));
#1109 = VECTOR('',#1110,1.);
#1110 = DIRECTION('',(0.,2.2E-16,-1.));
#1111 = ORIENTED_EDGE('',*,*,#720,.T.);
#1112 = ORIENTED_EDGE('',*,*,#785,.F.);
#1113 = FACE_BOUND('',#1114,.T.);
#1114 = EDGE_LOOP('',(#1115));
#1115 = ORIENTED_EDGE('',*,*,#1116,.F.);
#1116 = EDGE_CURVE('',#1117,#1117,#1119,.T.);
#1117 = VERTEX_POINT('',#1118);
#1118 = CARTESIAN_POINT('',(12.15,-10.,0.5));
#1119 = CIRCLE('',#1120,2.15);
#1120 = AXIS2_PLACEMENT_3D('',#1121,#1122,#1123);
#1121 = CARTESIAN_POINT('',(10.,-10.,0.5));
#1122 = DIRECTION('',(0.,-1.,-2.2E-16));
#1123 = DIRECTION('',(1.,0.,0.));
#1124 = FACE_BOUND('',#1125,.T.);
#1125 = EDGE_LOOP('',(#1126,#1137,#1146,#1155));
#1126 = ORIENTED_EDGE('',*,*,#1127,.F.);
#1127 = EDGE_CURVE('',#1128,#1130,#1132,.T.);
#1128 = VERTEX_POINT('',#1129);
#1129 = CARTESIAN_POINT('',(11.318442815809,-10.,22.198295775606));
#1130 = VERTEX_POINT('',#1131);
#1131 = CARTESIAN_POINT('',(12.15,-10.,20.5));
#1132 = CIRCLE('',#1133,2.15);
#1133 = AXIS2_PLACEMENT_3D('',#1134,#1135,#1136);
#1134 = CARTESIAN_POINT('',(10.,-10.,20.5));
#1135 = DIRECTION('',(0.,-1.,-2.2E-16));
#1136 = DIRECTION('',(1.,0.,0.));
#1137 = ORIENTED_EDGE('',*,*,#1138,.T.);
#1138 = EDGE_CURVE('',#1128,#1139,#1141,.T.);
#1139 = VERTEX_POINT('',#1140);
#1140 = CARTESIAN_POINT('',(14.15,-10.,23.35));
#1141 = CIRCLE('',#1142,1.65);
#1142 = AXIS2_PLACEMENT_3D('',#1143,#1144,#1145);
#1143 = CARTESIAN_POINT('',(12.5,-10.,23.35));
#1144 = DIRECTION('',(0.,1.,-2.2E-16));
#1145 = DIRECTION('',(1.,0.,0.));
#1146 = ORIENTED_EDGE('',*,*,#1147,.T.);
#1147 = EDGE_CURVE('',#1139,#1148,#1150,.T.);
#1148 = VERTEX_POINT('',#1149);
#1149 = CARTESIAN_POINT('',(11.512049443714,-10.,22.028465400251));
#1150 = CIRCLE('',#1151,1.65);
#1151 = AXIS2_PLACEMENT_3D('',#1152,#1153,#1154);
#1152 = CARTESIAN_POINT('',(12.5,-10.,23.35));
#1153 = DIRECTION('',(0.,1.,-2.2E-16));
#1154 = DIRECTION('',(1.,0.,0.));
#1155 = ORIENTED_EDGE('',*,*,#1156,.F.);
#1156 = EDGE_CURVE('',#1130,#1148,#1157,.T.);
#1157 = CIRCLE('',#1158,2.15);
#1158 = AXIS2_PLACEMENT_3D('',#1159,#1160,#1161);
#1159 = CARTESIAN_POINT('',(10.,-10.,20.5));
#1160 = DIRECTION('',(0.,-1.,-2.2E-16));
#1161 = DIRECTION('',(1.,0.,0.));
#1162 = FACE_BOUND('',#1163,.T.);
#1163 = EDGE_LOOP('',(#1164));
#1164 = ORIENTED_EDGE('',*,*,#1165,.F.);
#1165 = EDGE_CURVE('',#1166,#1166,#1168,.T.);
#1166 = VERTEX_POINT('',#1167);
#1167 = CARTESIAN_POINT('',(-7.83749217772,-10.,0.5));
#1168 = CIRCLE('',#1169,2.15);
#1169 = AXIS2_PLACEMENT_3D('',#1170,#1171,#1172);
#1170 = CARTESIAN_POINT('',(-9.98749217772,-10.,0.5));
#1171 = DIRECTION('',(0.,-1.,-2.2E-16));
#1172 = DIRECTION('',(1.,0.,0.));
#1173 = FACE_BOUND('',#1174,.T.);
#1174 = EDGE_LOOP('',(#1175,#1186,#1195,#1204));
#1175 = ORIENTED_EDGE('',*,*,#1176,.F.);
#1176 = EDGE_CURVE('',#1177,#1179,#1181,.T.);
#1177 = VERTEX_POINT('',#1178);
#1178 = CARTESIAN_POINT('',(-11.51204944371,-10.,22.028465400251));
#1179 = VERTEX_POINT('',#1180);
#1180 = CARTESIAN_POINT('',(-7.85,-10.,20.5));
#1181 = CIRCLE('',#1182,2.15);
#1182 = AXIS2_PLACEMENT_3D('',#1183,#1184,#1185);
#1183 = CARTESIAN_POINT('',(-10.,-10.,20.5));
#1184 = DIRECTION('',(0.,-1.,-2.2E-16));
#1185 = DIRECTION('',(1.,0.,0.));
#1186 = ORIENTED_EDGE('',*,*,#1187,.T.);
#1187 = EDGE_CURVE('',#1177,#1188,#1190,.T.);
#1188 = VERTEX_POINT('',#1189);
#1189 = CARTESIAN_POINT('',(-10.85,-10.,23.35));
#1190 = CIRCLE('',#1191,1.65);
#1191 = AXIS2_PLACEMENT_3D('',#1192,#1193,#1194);
#1192 = CARTESIAN_POINT('',(-12.5,-10.,23.35));
#1193 = DIRECTION('',(0.,1.,-2.2E-16));
#1194 = DIRECTION('',(1.,0.,0.));
#1195 = ORIENTED_EDGE('',*,*,#1196,.T.);
#1196 = EDGE_CURVE('',#1188,#1197,#1199,.T.);
#1197 = VERTEX_POINT('',#1198);
#1198 = CARTESIAN_POINT('',(-11.3184428158,-10.,22.198295775606));
#1199 = CIRCLE('',#1200,1.65);
#1200 = AXIS2_PLACEMENT_3D('',#1201,#1202,#1203);
#1201 = CARTESIAN_POINT('',(-12.5,-10.,23.35));
#1202 = DIRECTION('',(0.,1.,-2.2E-16));
#1203 = DIRECTION('',(1.,0.,0.));
#1204 = ORIENTED_EDGE('',*,*,#1205,.F.);
#1205 = EDGE_CURVE('',#1179,#1197,#1206,.T.);
#1206 = CIRCLE('',#1207,2.15);
#1207 = AXIS2_PLACEMENT_3D('',#1208,#1209,#1210);
#1208 = CARTESIAN_POINT('',(-10.,-10.,20.5));
#1209 = DIRECTION('',(0.,-1.,-2.2E-16));
#1210 = DIRECTION('',(1.,0.,0.));
#1211 = PLANE('',#1212);
#1212 = AXIS2_PLACEMENT_3D('',#1213,#1214,#1215);
#1213 = CARTESIAN_POINT('',(9.225,-10.,5.225));
#1214 = DIRECTION('',(0.,-1.,2.8E-16));
#1215 = DIRECTION('',(0.,2.8E-16,1.));
#1216 = ADVANCED_FACE('',(#1217),#1300,.T.);
#1217 = FACE_BOUND('',#1218,.T.);
#1218 = EDGE_LOOP('',(#1219,#1220,#1228,#1236,#1244,#1252,#1260,#1268,
    #1274,#1275,#1276,#1284,#1292,#1298,#1299));
#1219 = ORIENTED_EDGE('',*,*,#1106,.F.);
#1220 = ORIENTED_EDGE('',*,*,#1221,.T.);
#1221 = EDGE_CURVE('',#1099,#1222,#1224,.T.);
#1222 = VERTEX_POINT('',#1223);
#1223 = CARTESIAN_POINT('',(-20.,-9.,32.));
#1224 = LINE('',#1225,#1226);
#1225 = CARTESIAN_POINT('',(-20.,-4.991277472527,36.008722527473));
#1226 = VECTOR('',#1227,1.);
#1227 = DIRECTION('',(0.,0.707106781187,0.707106781187));
#1228 = ORIENTED_EDGE('',*,*,#1229,.T.);
#1229 = EDGE_CURVE('',#1222,#1230,#1232,.T.);
#1230 = VERTEX_POINT('',#1231);
#1231 = CARTESIAN_POINT('',(-20.,-7.,32.));
#1232 = LINE('',#1233,#1234);
#1233 = CARTESIAN_POINT('',(-20.,-10.,32.));
#1234 = VECTOR('',#1235,1.);
#1235 = DIRECTION('',(0.,1.,-2.2E-16));
#1236 = ORIENTED_EDGE('',*,*,#1237,.F.);
#1237 = EDGE_CURVE('',#1238,#1230,#1240,.T.);
#1238 = VERTEX_POINT('',#1239);
#1239 = CARTESIAN_POINT('',(-20.,-7.,46.));
#1240 = LINE('',#1241,#1242);
#1241 = CARTESIAN_POINT('',(-20.,-7.,47.));
#1242 = VECTOR('',#1243,1.);
#1243 = DIRECTION('',(0.,2.2E-16,-1.));
#1244 = ORIENTED_EDGE('',*,*,#1245,.T.);
#1245 = EDGE_CURVE('',#1238,#1246,#1248,.T.);
#1246 = VERTEX_POINT('',#1247);
#1247 = CARTESIAN_POINT('',(-20.,48.,46.));
#1248 = LINE('',#1249,#1250);
#1249 = CARTESIAN_POINT('',(-20.,-7.,46.));
#1250 = VECTOR('',#1251,1.);
#1251 = DIRECTION('',(0.,1.,2.2E-16));
#1252 = ORIENTED_EDGE('',*,*,#1253,.F.);
#1253 = EDGE_CURVE('',#1254,#1246,#1256,.T.);
#1254 = VERTEX_POINT('',#1255);
#1255 = CARTESIAN_POINT('',(-20.,48.,38.));
#1256 = LINE('',#1257,#1258);
#1257 = CARTESIAN_POINT('',(-20.,48.,38.));
#1258 = VECTOR('',#1259,1.);
#1259 = DIRECTION('',(0.,-2.2E-16,1.));
#1260 = ORIENTED_EDGE('',*,*,#1261,.F.);
#1261 = EDGE_CURVE('',#1262,#1254,#1264,.T.);
#1262 = VERTEX_POINT('',#1263);
#1263 = CARTESIAN_POINT('',(-20.,-3.E-15,38.));
#1264 = LINE('',#1265,#1266);
#1265 = CARTESIAN_POINT('',(-20.,-3.58E-15,38.));
#1266 = VECTOR('',#1267,1.);
#1267 = DIRECTION('',(0.,1.,2.2E-16));
#1268 = ORIENTED_EDGE('',*,*,#1269,.T.);
#1269 = EDGE_CURVE('',#1262,#943,#1270,.T.);
#1270 = LINE('',#1271,#1272);
#1271 = CARTESIAN_POINT('',(-20.,0.,47.));
#1272 = VECTOR('',#1273,1.);
#1273 = DIRECTION('',(0.,0.,-1.));
#1274 = ORIENTED_EDGE('',*,*,#942,.F.);
#1275 = ORIENTED_EDGE('',*,*,#877,.F.);
#1276 = ORIENTED_EDGE('',*,*,#1277,.F.);
#1277 = EDGE_CURVE('',#1278,#878,#1280,.T.);
#1278 = VERTEX_POINT('',#1279);
#1279 = CARTESIAN_POINT('',(-20.,-4.25,18.75));
#1280 = LINE('',#1281,#1282);
#1281 = CARTESIAN_POINT('',(-20.,-4.25,18.75));
#1282 = VECTOR('',#1283,1.);
#1283 = DIRECTION('',(2.2E-16,1.,2.2E-16));
#1284 = ORIENTED_EDGE('',*,*,#1285,.F.);
#1285 = EDGE_CURVE('',#1286,#1278,#1288,.T.);
#1286 = VERTEX_POINT('',#1287);
#1287 = CARTESIAN_POINT('',(-20.,-4.25,3.75));
#1288 = LINE('',#1289,#1290);
#1289 = CARTESIAN_POINT('',(-20.,-4.25,3.75));
#1290 = VECTOR('',#1291,1.);
#1291 = DIRECTION('',(-2.2E-16,-2.2E-16,1.));
#1292 = ORIENTED_EDGE('',*,*,#1293,.F.);
#1293 = EDGE_CURVE('',#886,#1286,#1294,.T.);
#1294 = LINE('',#1295,#1296);
#1295 = CARTESIAN_POINT('',(-20.,3.75,3.75));
#1296 = VECTOR('',#1297,1.);
#1297 = DIRECTION('',(-2.2E-16,-1.,-2.2E-16));
#1298 = ORIENTED_EDGE('',*,*,#893,.F.);
#1299 = ORIENTED_EDGE('',*,*,#730,.F.);
#1300 = PLANE('',#1301);
#1301 = AXIS2_PLACEMENT_3D('',#1302,#1303,#1304);
#1302 = CARTESIAN_POINT('',(-20.,10.138845007024,29.718482669569));
#1303 = DIRECTION('',(-1.,0.,0.));
#1304 = DIRECTION('',(0.,1.,2.2E-16));
#1305 = ADVANCED_FACE('',(#1306,#1340,#1351),#1362,.T.);
#1306 = FACE_BOUND('',#1307,.T.);
#1307 = EDGE_LOOP('',(#1308,#1314,#1315,#1316,#1324,#1332,#1338,#1339));
#1308 = ORIENTED_EDGE('',*,*,#1309,.F.);
#1309 = EDGE_CURVE('',#806,#1262,#1310,.T.);
#1310 = LINE('',#1311,#1312);
#1311 = CARTESIAN_POINT('',(20.,-3.44E-15,38.));
#1312 = VECTOR('',#1313,1.);
#1313 = DIRECTION('',(-1.,0.,-0.));
#1314 = ORIENTED_EDGE('',*,*,#805,.F.);
#1315 = ORIENTED_EDGE('',*,*,#1059,.F.);
#1316 = ORIENTED_EDGE('',*,*,#1317,.F.);
#1317 = EDGE_CURVE('',#1318,#1049,#1320,.T.);
#1318 = VERTEX_POINT('',#1319);
#1319 = CARTESIAN_POINT('',(15.,3.E-15,8.));
#1320 = LINE('',#1321,#1322);
#1321 = CARTESIAN_POINT('',(15.,3.22E-15,8.));
#1322 = VECTOR('',#1323,1.);
#1323 = DIRECTION('',(0.,-2.2E-16,1.));
#1324 = ORIENTED_EDGE('',*,*,#1325,.F.);
#1325 = EDGE_CURVE('',#1326,#1318,#1328,.T.);
#1326 = VERTEX_POINT('',#1327);
#1327 = CARTESIAN_POINT('',(-15.,3.E-15,8.));
#1328 = LINE('',#1329,#1330);
#1329 = CARTESIAN_POINT('',(-15.,3.22E-15,8.));
#1330 = VECTOR('',#1331,1.);
#1331 = DIRECTION('',(1.,0.,0.));
#1332 = ORIENTED_EDGE('',*,*,#1333,.F.);
#1333 = EDGE_CURVE('',#925,#1326,#1334,.T.);
#1334 = LINE('',#1335,#1336);
#1335 = CARTESIAN_POINT('',(-15.,3.9E-16,20.75));
#1336 = VECTOR('',#1337,1.);
#1337 = DIRECTION('',(0.,2.2E-16,-1.));
#1338 = ORIENTED_EDGE('',*,*,#950,.F.);
#1339 = ORIENTED_EDGE('',*,*,#1269,.F.);
#1340 = FACE_BOUND('',#1341,.T.);
#1341 = EDGE_LOOP('',(#1342));
#1342 = ORIENTED_EDGE('',*,*,#1343,.F.);
#1343 = EDGE_CURVE('',#1344,#1344,#1346,.T.);
#1344 = VERTEX_POINT('',#1345);
#1345 = CARTESIAN_POINT('',(-10.85,1.E-14,23.35));
#1346 = CIRCLE('',#1347,1.65);
#1347 = AXIS2_PLACEMENT_3D('',#1348,#1349,#1350);
#1348 = CARTESIAN_POINT('',(-12.5,-1.8E-16,23.35));
#1349 = DIRECTION('',(-0.,1.,2.2E-16));
#1350 = DIRECTION('',(1.,0.,0.));
#1351 = FACE_BOUND('',#1352,.T.);
#1352 = EDGE_LOOP('',(#1353));
#1353 = ORIENTED_EDGE('',*,*,#1354,.F.);
#1354 = EDGE_CURVE('',#1355,#1355,#1357,.T.);
#1355 = VERTEX_POINT('',#1356);
#1356 = CARTESIAN_POINT('',(14.15,1.E-14,23.35));
#1357 = CIRCLE('',#1358,1.65);
#1358 = AXIS2_PLACEMENT_3D('',#1359,#1360,#1361);
#1359 = CARTESIAN_POINT('',(12.5,-1.8E-16,23.35));
#1360 = DIRECTION('',(-0.,1.,2.2E-16));
#1361 = DIRECTION('',(1.,0.,0.));
#1362 = PLANE('',#1363);
#1363 = AXIS2_PLACEMENT_3D('',#1364,#1365,#1366);
#1364 = CARTESIAN_POINT('',(-3.78E-15,0.,21.875));
#1365 = DIRECTION('',(0.,1.,2.2E-16));
#1366 = DIRECTION('',(0.,-2.2E-16,1.));
#1367 = ADVANCED_FACE('',(#1368,#1379,#1390,#1401,#1412,#1423,#1434),
  #1445,.F.);
#1368 = FACE_BOUND('',#1369,.F.);
#1369 = EDGE_LOOP('',(#1370,#1371,#1377,#1378));
#1370 = ORIENTED_EDGE('',*,*,#813,.T.);
#1371 = ORIENTED_EDGE('',*,*,#1372,.T.);
#1372 = EDGE_CURVE('',#814,#1254,#1373,.T.);
#1373 = LINE('',#1374,#1375);
#1374 = CARTESIAN_POINT('',(20.,48.,38.));
#1375 = VECTOR('',#1376,1.);
#1376 = DIRECTION('',(-1.,0.,-0.));
#1377 = ORIENTED_EDGE('',*,*,#1261,.F.);
#1378 = ORIENTED_EDGE('',*,*,#1309,.F.);
#1379 = FACE_BOUND('',#1380,.F.);
#1380 = EDGE_LOOP('',(#1381));
#1381 = ORIENTED_EDGE('',*,*,#1382,.F.);
#1382 = EDGE_CURVE('',#1383,#1383,#1385,.T.);
#1383 = VERTEX_POINT('',#1384);
#1384 = CARTESIAN_POINT('',(7.85,40.,38.));
#1385 = CIRCLE('',#1386,2.15);
#1386 = AXIS2_PLACEMENT_3D('',#1387,#1388,#1389);
#1387 = CARTESIAN_POINT('',(10.,40.,38.));
#1388 = DIRECTION('',(0.,-0.,1.));
#1389 = DIRECTION('',(-1.,1.2E-16,0.));
#1390 = FACE_BOUND('',#1391,.F.);
#1391 = EDGE_LOOP('',(#1392));
#1392 = ORIENTED_EDGE('',*,*,#1393,.F.);
#1393 = EDGE_CURVE('',#1394,#1394,#1396,.T.);
#1394 = VERTEX_POINT('',#1395);
#1395 = CARTESIAN_POINT('',(10.35,28.85,38.));
#1396 = CIRCLE('',#1397,2.15);
#1397 = AXIS2_PLACEMENT_3D('',#1398,#1399,#1400);
#1398 = CARTESIAN_POINT('',(12.5,28.85,38.));
#1399 = DIRECTION('',(0.,0.,1.));
#1400 = DIRECTION('',(-1.,0.,0.));
#1401 = FACE_BOUND('',#1402,.F.);
#1402 = EDGE_LOOP('',(#1403));
#1403 = ORIENTED_EDGE('',*,*,#1404,.F.);
#1404 = EDGE_CURVE('',#1405,#1405,#1407,.T.);
#1405 = VERTEX_POINT('',#1406);
#1406 = CARTESIAN_POINT('',(-12.15,40.,38.));
#1407 = CIRCLE('',#1408,2.15);
#1408 = AXIS2_PLACEMENT_3D('',#1409,#1410,#1411);
#1409 = CARTESIAN_POINT('',(-10.,40.,38.));
#1410 = DIRECTION('',(0.,-0.,1.));
#1411 = DIRECTION('',(-1.,1.2E-16,0.));
#1412 = FACE_BOUND('',#1413,.F.);
#1413 = EDGE_LOOP('',(#1414));
#1414 = ORIENTED_EDGE('',*,*,#1415,.F.);
#1415 = EDGE_CURVE('',#1416,#1416,#1418,.T.);
#1416 = VERTEX_POINT('',#1417);
#1417 = CARTESIAN_POINT('',(-14.65,28.85,38.));
#1418 = CIRCLE('',#1419,2.15);
#1419 = AXIS2_PLACEMENT_3D('',#1420,#1421,#1422);
#1420 = CARTESIAN_POINT('',(-12.5,28.85,38.));
#1421 = DIRECTION('',(0.,0.,1.));
#1422 = DIRECTION('',(-1.,0.,0.));
#1423 = FACE_BOUND('',#1424,.F.);
#1424 = EDGE_LOOP('',(#1425));
#1425 = ORIENTED_EDGE('',*,*,#1426,.F.);
#1426 = EDGE_CURVE('',#1427,#1427,#1429,.T.);
#1427 = VERTEX_POINT('',#1428);
#1428 = CARTESIAN_POINT('',(10.35,3.85,38.));
#1429 = CIRCLE('',#1430,2.15);
#1430 = AXIS2_PLACEMENT_3D('',#1431,#1432,#1433);
#1431 = CARTESIAN_POINT('',(12.5,3.85,38.));
#1432 = DIRECTION('',(0.,0.,1.));
#1433 = DIRECTION('',(-1.,0.,0.));
#1434 = FACE_BOUND('',#1435,.F.);
#1435 = EDGE_LOOP('',(#1436));
#1436 = ORIENTED_EDGE('',*,*,#1437,.F.);
#1437 = EDGE_CURVE('',#1438,#1438,#1440,.T.);
#1438 = VERTEX_POINT('',#1439);
#1439 = CARTESIAN_POINT('',(-14.65,3.85,38.));
#1440 = CIRCLE('',#1441,2.15);
#1441 = AXIS2_PLACEMENT_3D('',#1442,#1443,#1444);
#1442 = CARTESIAN_POINT('',(-12.5,3.85,38.));
#1443 = DIRECTION('',(0.,0.,1.));
#1444 = DIRECTION('',(-1.,0.,0.));
#1445 = PLANE('',#1446);
#1446 = AXIS2_PLACEMENT_3D('',#1447,#1448,#1449);
#1447 = CARTESIAN_POINT('',(20.,-3.58E-15,38.));
#1448 = DIRECTION('',(0.,-2.2E-16,1.));
#1449 = DIRECTION('',(-1.,0.,0.));
#1450 = ADVANCED_FACE('',(#1451),#1462,.T.);
#1451 = FACE_BOUND('',#1452,.T.);
#1452 = EDGE_LOOP('',(#1453,#1454,#1455,#1456));
#1453 = ORIENTED_EDGE('',*,*,#821,.T.);
#1454 = ORIENTED_EDGE('',*,*,#1372,.T.);
#1455 = ORIENTED_EDGE('',*,*,#1253,.T.);
#1456 = ORIENTED_EDGE('',*,*,#1457,.T.);
#1457 = EDGE_CURVE('',#1246,#822,#1458,.T.);
#1458 = LINE('',#1459,#1460);
#1459 = CARTESIAN_POINT('',(-20.,48.,46.));
#1460 = VECTOR('',#1461,1.);
#1461 = DIRECTION('',(1.,0.,0.));
#1462 = PLANE('',#1463);
#1463 = AXIS2_PLACEMENT_3D('',#1464,#1465,#1466);
#1464 = CARTESIAN_POINT('',(0.,48.,42.5));
#1465 = DIRECTION('',(0.,1.,2.2E-16));
#1466 = DIRECTION('',(0.,-2.2E-16,1.));
#1467 = ADVANCED_FACE('',(#1468),#1493,.T.);
#1468 = FACE_BOUND('',#1469,.F.);
#1469 = EDGE_LOOP('',(#1470,#1478,#1479,#1487));
#1470 = ORIENTED_EDGE('',*,*,#1471,.T.);
#1471 = EDGE_CURVE('',#1472,#822,#1474,.T.);
#1472 = VERTEX_POINT('',#1473);
#1473 = CARTESIAN_POINT('',(19.,47.,47.));
#1474 = LINE('',#1475,#1476);
#1475 = CARTESIAN_POINT('',(13.,41.,53.));
#1476 = VECTOR('',#1477,1.);
#1477 = DIRECTION('',(0.57735026919,0.57735026919,-0.57735026919));
#1478 = ORIENTED_EDGE('',*,*,#829,.T.);
#1479 = ORIENTED_EDGE('',*,*,#1480,.T.);
#1480 = EDGE_CURVE('',#830,#1481,#1483,.T.);
#1481 = VERTEX_POINT('',#1482);
#1482 = CARTESIAN_POINT('',(19.,-6.,47.));
#1483 = LINE('',#1484,#1485);
#1484 = CARTESIAN_POINT('',(10.5,2.5,55.5));
#1485 = VECTOR('',#1486,1.);
#1486 = DIRECTION('',(-0.57735026919,0.57735026919,0.57735026919));
#1487 = ORIENTED_EDGE('',*,*,#1488,.F.);
#1488 = EDGE_CURVE('',#1472,#1481,#1489,.T.);
#1489 = LINE('',#1490,#1491);
#1490 = CARTESIAN_POINT('',(19.,48.,47.));
#1491 = VECTOR('',#1492,1.);
#1492 = DIRECTION('',(0.,-1.,2.2E-16));
#1493 = PLANE('',#1494);
#1494 = AXIS2_PLACEMENT_3D('',#1495,#1496,#1497);
#1495 = CARTESIAN_POINT('',(19.5,48.,46.5));
#1496 = DIRECTION('',(0.707106781187,-1.6E-16,0.707106781187));
#1497 = DIRECTION('',(2.231370849898E-16,1.,3.137084989848E-18));
#1498 = ADVANCED_FACE('',(#1499),#1515,.F.);
#1499 = FACE_BOUND('',#1500,.F.);
#1500 = EDGE_LOOP('',(#1501,#1502,#1508,#1509));
#1501 = ORIENTED_EDGE('',*,*,#1237,.F.);
#1502 = ORIENTED_EDGE('',*,*,#1503,.F.);
#1503 = EDGE_CURVE('',#830,#1238,#1504,.T.);
#1504 = LINE('',#1505,#1506);
#1505 = CARTESIAN_POINT('',(20.,-7.,46.));
#1506 = VECTOR('',#1507,1.);
#1507 = DIRECTION('',(-1.,0.,0.));
#1508 = ORIENTED_EDGE('',*,*,#837,.F.);
#1509 = ORIENTED_EDGE('',*,*,#1510,.F.);
#1510 = EDGE_CURVE('',#1230,#838,#1511,.T.);
#1511 = LINE('',#1512,#1513);
#1512 = CARTESIAN_POINT('',(-20.,-7.,32.));
#1513 = VECTOR('',#1514,1.);
#1514 = DIRECTION('',(1.,0.,0.));
#1515 = PLANE('',#1516);
#1516 = AXIS2_PLACEMENT_3D('',#1517,#1518,#1519);
#1517 = CARTESIAN_POINT('',(0.,-7.,39.5));
#1518 = DIRECTION('',(0.,1.,-2.E-17));
#1519 = DIRECTION('',(0.,2.E-17,1.));
#1520 = ADVANCED_FACE('',(#1521),#1532,.F.);
#1521 = FACE_BOUND('',#1522,.F.);
#1522 = EDGE_LOOP('',(#1523,#1524,#1525,#1526));
#1523 = ORIENTED_EDGE('',*,*,#1229,.T.);
#1524 = ORIENTED_EDGE('',*,*,#1510,.T.);
#1525 = ORIENTED_EDGE('',*,*,#845,.F.);
#1526 = ORIENTED_EDGE('',*,*,#1527,.F.);
#1527 = EDGE_CURVE('',#1222,#846,#1528,.T.);
#1528 = LINE('',#1529,#1530);
#1529 = CARTESIAN_POINT('',(-20.,-9.,32.));
#1530 = VECTOR('',#1531,1.);
#1531 = DIRECTION('',(1.,0.,0.));
#1532 = PLANE('',#1533);
#1533 = AXIS2_PLACEMENT_3D('',#1534,#1535,#1536);
#1534 = CARTESIAN_POINT('',(-20.,-10.,32.));
#1535 = DIRECTION('',(0.,-2.2E-16,-1.));
#1536 = DIRECTION('',(1.,0.,0.));
#1537 = ADVANCED_FACE('',(#1538),#1544,.F.);
#1538 = FACE_BOUND('',#1539,.T.);
#1539 = EDGE_LOOP('',(#1540,#1541,#1542,#1543));
#1540 = ORIENTED_EDGE('',*,*,#1221,.F.);
#1541 = ORIENTED_EDGE('',*,*,#1098,.T.);
#1542 = ORIENTED_EDGE('',*,*,#853,.T.);
#1543 = ORIENTED_EDGE('',*,*,#1527,.F.);
#1544 = PLANE('',#1545);
#1545 = AXIS2_PLACEMENT_3D('',#1546,#1547,#1548);
#1546 = CARTESIAN_POINT('',(-20.,-9.5,31.5));
#1547 = DIRECTION('',(0.,0.707106781187,-0.707106781187));
#1548 = DIRECTION('',(-1.,-0.,-0.));
#1549 = ADVANCED_FACE('',(#1550),#1575,.T.);
#1550 = FACE_BOUND('',#1551,.T.);
#1551 = EDGE_LOOP('',(#1552,#1560,#1561,#1569));
#1552 = ORIENTED_EDGE('',*,*,#1553,.F.);
#1553 = EDGE_CURVE('',#878,#1554,#1556,.T.);
#1554 = VERTEX_POINT('',#1555);
#1555 = CARTESIAN_POINT('',(-20.,3.75,18.75));
#1556 = LINE('',#1557,#1558);
#1557 = CARTESIAN_POINT('',(-20.,-4.25,18.75));
#1558 = VECTOR('',#1559,1.);
#1559 = DIRECTION('',(2.2E-16,1.,2.2E-16));
#1560 = ORIENTED_EDGE('',*,*,#885,.F.);
#1561 = ORIENTED_EDGE('',*,*,#1562,.F.);
#1562 = EDGE_CURVE('',#1563,#886,#1565,.T.);
#1563 = VERTEX_POINT('',#1564);
#1564 = CARTESIAN_POINT('',(-20.,3.75,3.75));
#1565 = LINE('',#1566,#1567);
#1566 = CARTESIAN_POINT('',(-20.,3.75,3.75));
#1567 = VECTOR('',#1568,1.);
#1568 = DIRECTION('',(-2.2E-16,-1.,-2.2E-16));
#1569 = ORIENTED_EDGE('',*,*,#1570,.F.);
#1570 = EDGE_CURVE('',#1554,#1563,#1571,.T.);
#1571 = LINE('',#1572,#1573);
#1572 = CARTESIAN_POINT('',(-20.,3.75,18.75));
#1573 = VECTOR('',#1574,1.);
#1574 = DIRECTION('',(2.2E-16,2.2E-16,-1.));
#1575 = PLANE('',#1576);
#1576 = AXIS2_PLACEMENT_3D('',#1577,#1578,#1579);
#1577 = CARTESIAN_POINT('',(-20.,-0.25,11.25));
#1578 = DIRECTION('',(1.,0.,2.4E-16));
#1579 = DIRECTION('',(-2.4E-16,-2.2E-16,1.));
#1580 = ADVANCED_FACE('',(#1581),#1592,.F.);
#1581 = FACE_BOUND('',#1582,.F.);
#1582 = EDGE_LOOP('',(#1583,#1584,#1585,#1591));
#1583 = ORIENTED_EDGE('',*,*,#924,.T.);
#1584 = ORIENTED_EDGE('',*,*,#986,.T.);
#1585 = ORIENTED_EDGE('',*,*,#1586,.F.);
#1586 = EDGE_CURVE('',#1326,#979,#1587,.T.);
#1587 = LINE('',#1588,#1589);
#1588 = CARTESIAN_POINT('',(-15.,3.08E-15,8.));
#1589 = VECTOR('',#1590,1.);
#1590 = DIRECTION('',(0.,1.,2.2E-16));
#1591 = ORIENTED_EDGE('',*,*,#1333,.F.);
#1592 = PLANE('',#1593);
#1593 = AXIS2_PLACEMENT_3D('',#1594,#1595,#1596);
#1594 = CARTESIAN_POINT('',(-15.,2.5E-16,20.75));
#1595 = DIRECTION('',(-1.,0.,0.));
#1596 = DIRECTION('',(0.,2.2E-16,-1.));
#1597 = ADVANCED_FACE('',(#1598),#1609,.F.);
#1598 = FACE_BOUND('',#1599,.F.);
#1599 = EDGE_LOOP('',(#1600,#1601,#1602,#1608));
#1600 = ORIENTED_EDGE('',*,*,#1586,.T.);
#1601 = ORIENTED_EDGE('',*,*,#1010,.T.);
#1602 = ORIENTED_EDGE('',*,*,#1603,.F.);
#1603 = EDGE_CURVE('',#1318,#1003,#1604,.T.);
#1604 = LINE('',#1605,#1606);
#1605 = CARTESIAN_POINT('',(15.,3.08E-15,8.));
#1606 = VECTOR('',#1607,1.);
#1607 = DIRECTION('',(0.,1.,2.2E-16));
#1608 = ORIENTED_EDGE('',*,*,#1325,.F.);
#1609 = PLANE('',#1610);
#1610 = AXIS2_PLACEMENT_3D('',#1611,#1612,#1613);
#1611 = CARTESIAN_POINT('',(-15.,3.08E-15,8.));
#1612 = DIRECTION('',(0.,2.2E-16,-1.));
#1613 = DIRECTION('',(1.,0.,0.));
#1614 = ADVANCED_FACE('',(#1615),#1621,.F.);
#1615 = FACE_BOUND('',#1616,.F.);
#1616 = EDGE_LOOP('',(#1617,#1618,#1619,#1620));
#1617 = ORIENTED_EDGE('',*,*,#1603,.T.);
#1618 = ORIENTED_EDGE('',*,*,#1034,.T.);
#1619 = ORIENTED_EDGE('',*,*,#1048,.F.);
#1620 = ORIENTED_EDGE('',*,*,#1317,.F.);
#1621 = PLANE('',#1622);
#1622 = AXIS2_PLACEMENT_3D('',#1623,#1624,#1625);
#1623 = CARTESIAN_POINT('',(15.,3.08E-15,8.));
#1624 = DIRECTION('',(1.,0.,0.));
#1625 = DIRECTION('',(0.,-2.2E-16,1.));
#1626 = ADVANCED_FACE('',(#1627),#1630,.T.);
#1627 = FACE_BOUND('',#1628,.T.);
#1628 = EDGE_LOOP('',(#1629));
#1629 = ORIENTED_EDGE('',*,*,#1081,.T.);
#1630 = PLANE('',#1631);
#1631 = AXIS2_PLACEMENT_3D('',#1632,#1633,#1634);
#1632 = CARTESIAN_POINT('',(28.,-1.,-7.05));
#1633 = DIRECTION('',(0.,1.,4.6E-16));
#1634 = DIRECTION('',(0.,-4.6E-16,1.));
#1635 = ADVANCED_FACE('',(#1636),#1655,.F.);
#1636 = FACE_BOUND('',#1637,.F.);
#1637 = EDGE_LOOP('',(#1638,#1646,#1653,#1654));
#1638 = ORIENTED_EDGE('',*,*,#1639,.T.);
#1639 = EDGE_CURVE('',#1117,#1640,#1642,.T.);
#1640 = VERTEX_POINT('',#1641);
#1641 = CARTESIAN_POINT('',(12.15,-4.5,0.5));
#1642 = LINE('',#1643,#1644);
#1643 = CARTESIAN_POINT('',(12.15,-10.,0.5));
#1644 = VECTOR('',#1645,1.);
#1645 = DIRECTION('',(0.,1.,-2.2E-16));
#1646 = ORIENTED_EDGE('',*,*,#1647,.T.);
#1647 = EDGE_CURVE('',#1640,#1640,#1648,.T.);
#1648 = CIRCLE('',#1649,2.15);
#1649 = AXIS2_PLACEMENT_3D('',#1650,#1651,#1652);
#1650 = CARTESIAN_POINT('',(10.,-4.5,0.5));
#1651 = DIRECTION('',(0.,-1.,-2.2E-16));
#1652 = DIRECTION('',(1.,0.,0.));
#1653 = ORIENTED_EDGE('',*,*,#1639,.F.);
#1654 = ORIENTED_EDGE('',*,*,#1116,.F.);
#1655 = CYLINDRICAL_SURFACE('',#1656,2.15);
#1656 = AXIS2_PLACEMENT_3D('',#1657,#1658,#1659);
#1657 = CARTESIAN_POINT('',(10.,-10.,0.5));
#1658 = DIRECTION('',(0.,-1.,2.2E-16));
#1659 = DIRECTION('',(1.,0.,0.));
#1660 = ADVANCED_FACE('',(#1661),#1697,.F.);
#1661 = FACE_BOUND('',#1662,.F.);
#1662 = EDGE_LOOP('',(#1663,#1671,#1672,#1673,#1681,#1690));
#1663 = ORIENTED_EDGE('',*,*,#1664,.T.);
#1664 = EDGE_CURVE('',#1665,#1148,#1667,.T.);
#1665 = VERTEX_POINT('',#1666);
#1666 = CARTESIAN_POINT('',(11.512049443714,-4.5,22.028465400251));
#1667 = LINE('',#1668,#1669);
#1668 = CARTESIAN_POINT('',(11.512049443714,-10.,22.028465400251));
#1669 = VECTOR('',#1670,1.);
#1670 = DIRECTION('',(0.,-1.,2.2E-16));
#1671 = ORIENTED_EDGE('',*,*,#1156,.F.);
#1672 = ORIENTED_EDGE('',*,*,#1127,.F.);
#1673 = ORIENTED_EDGE('',*,*,#1674,.F.);
#1674 = EDGE_CURVE('',#1675,#1128,#1677,.T.);
#1675 = VERTEX_POINT('',#1676);
#1676 = CARTESIAN_POINT('',(11.318442815809,-4.5,22.198295775606));
#1677 = LINE('',#1678,#1679);
#1678 = CARTESIAN_POINT('',(11.318442815809,-10.,22.198295775606));
#1679 = VECTOR('',#1680,1.);
#1680 = DIRECTION('',(0.,-1.,2.2E-16));
#1681 = ORIENTED_EDGE('',*,*,#1682,.T.);
#1682 = EDGE_CURVE('',#1675,#1683,#1685,.T.);
#1683 = VERTEX_POINT('',#1684);
#1684 = CARTESIAN_POINT('',(12.15,-4.5,20.5));
#1685 = CIRCLE('',#1686,2.15);
#1686 = AXIS2_PLACEMENT_3D('',#1687,#1688,#1689);
#1687 = CARTESIAN_POINT('',(10.,-4.5,20.5));
#1688 = DIRECTION('',(0.,-1.,-2.2E-16));
#1689 = DIRECTION('',(1.,0.,0.));
#1690 = ORIENTED_EDGE('',*,*,#1691,.T.);
#1691 = EDGE_CURVE('',#1683,#1665,#1692,.T.);
#1692 = CIRCLE('',#1693,2.15);
#1693 = AXIS2_PLACEMENT_3D('',#1694,#1695,#1696);
#1694 = CARTESIAN_POINT('',(10.,-4.5,20.5));
#1695 = DIRECTION('',(0.,-1.,-2.2E-16));
#1696 = DIRECTION('',(1.,0.,0.));
#1697 = CYLINDRICAL_SURFACE('',#1698,2.15);
#1698 = AXIS2_PLACEMENT_3D('',#1699,#1700,#1701);
#1699 = CARTESIAN_POINT('',(10.,-10.,20.5));
#1700 = DIRECTION('',(0.,-1.,2.2E-16));
#1701 = DIRECTION('',(1.,0.,0.));
#1702 = ADVANCED_FACE('',(#1703),#1724,.F.);
#1703 = FACE_BOUND('',#1704,.F.);
#1704 = EDGE_LOOP('',(#1705,#1706,#1712,#1713,#1714,#1721,#1722,#1723));
#1705 = ORIENTED_EDGE('',*,*,#1354,.F.);
#1706 = ORIENTED_EDGE('',*,*,#1707,.T.);
#1707 = EDGE_CURVE('',#1355,#1139,#1708,.T.);
#1708 = LINE('',#1709,#1710);
#1709 = CARTESIAN_POINT('',(14.15,1.009E-14,23.35));
#1710 = VECTOR('',#1711,1.);
#1711 = DIRECTION('',(0.,-1.,0.));
#1712 = ORIENTED_EDGE('',*,*,#1147,.T.);
#1713 = ORIENTED_EDGE('',*,*,#1664,.F.);
#1714 = ORIENTED_EDGE('',*,*,#1715,.T.);
#1715 = EDGE_CURVE('',#1665,#1675,#1716,.T.);
#1716 = CIRCLE('',#1717,1.65);
#1717 = AXIS2_PLACEMENT_3D('',#1718,#1719,#1720);
#1718 = CARTESIAN_POINT('',(12.5,-4.5,23.35));
#1719 = DIRECTION('',(0.,1.,-2.2E-16));
#1720 = DIRECTION('',(1.,0.,0.));
#1721 = ORIENTED_EDGE('',*,*,#1674,.T.);
#1722 = ORIENTED_EDGE('',*,*,#1138,.T.);
#1723 = ORIENTED_EDGE('',*,*,#1707,.F.);
#1724 = CYLINDRICAL_SURFACE('',#1725,1.65);
#1725 = AXIS2_PLACEMENT_3D('',#1726,#1727,#1728);
#1726 = CARTESIAN_POINT('',(12.5,1.009E-14,23.35));
#1727 = DIRECTION('',(0.,1.,-2.2E-16));
#1728 = DIRECTION('',(1.,0.,0.));
#1729 = ADVANCED_FACE('',(#1730),#1749,.F.);
#1730 = FACE_BOUND('',#1731,.F.);
#1731 = EDGE_LOOP('',(#1732,#1740,#1747,#1748));
#1732 = ORIENTED_EDGE('',*,*,#1733,.T.);
#1733 = EDGE_CURVE('',#1166,#1734,#1736,.T.);
#1734 = VERTEX_POINT('',#1735);
#1735 = CARTESIAN_POINT('',(-7.83749217772,-4.5,0.5));
#1736 = LINE('',#1737,#1738);
#1737 = CARTESIAN_POINT('',(-7.83749217772,-10.,0.5));
#1738 = VECTOR('',#1739,1.);
#1739 = DIRECTION('',(0.,1.,-2.2E-16));
#1740 = ORIENTED_EDGE('',*,*,#1741,.T.);
#1741 = EDGE_CURVE('',#1734,#1734,#1742,.T.);
#1742 = CIRCLE('',#1743,2.15);
#1743 = AXIS2_PLACEMENT_3D('',#1744,#1745,#1746);
#1744 = CARTESIAN_POINT('',(-9.98749217772,-4.5,0.5));
#1745 = DIRECTION('',(0.,-1.,-2.2E-16));
#1746 = DIRECTION('',(1.,0.,0.));
#1747 = ORIENTED_EDGE('',*,*,#1733,.F.);
#1748 = ORIENTED_EDGE('',*,*,#1165,.F.);
#1749 = CYLINDRICAL_SURFACE('',#1750,2.15);
#1750 = AXIS2_PLACEMENT_3D('',#1751,#1752,#1753);
#1751 = CARTESIAN_POINT('',(-9.98749217772,-10.,0.5));
#1752 = DIRECTION('',(0.,-1.,2.2E-16));
#1753 = DIRECTION('',(1.,0.,0.));
#1754 = ADVANCED_FACE('',(#1755),#1791,.F.);
#1755 = FACE_BOUND('',#1756,.F.);
#1756 = EDGE_LOOP('',(#1757,#1765,#1766,#1767,#1775,#1784));
#1757 = ORIENTED_EDGE('',*,*,#1758,.T.);
#1758 = EDGE_CURVE('',#1759,#1197,#1761,.T.);
#1759 = VERTEX_POINT('',#1760);
#1760 = CARTESIAN_POINT('',(-11.3184428158,-4.5,22.198295775606));
#1761 = LINE('',#1762,#1763);
#1762 = CARTESIAN_POINT('',(-11.3184428158,-10.,22.198295775606));
#1763 = VECTOR('',#1764,1.);
#1764 = DIRECTION('',(0.,-1.,2.2E-16));
#1765 = ORIENTED_EDGE('',*,*,#1205,.F.);
#1766 = ORIENTED_EDGE('',*,*,#1176,.F.);
#1767 = ORIENTED_EDGE('',*,*,#1768,.F.);
#1768 = EDGE_CURVE('',#1769,#1177,#1771,.T.);
#1769 = VERTEX_POINT('',#1770);
#1770 = CARTESIAN_POINT('',(-11.51204944371,-4.5,22.028465400251));
#1771 = LINE('',#1772,#1773);
#1772 = CARTESIAN_POINT('',(-11.51204944371,-10.,22.028465400251));
#1773 = VECTOR('',#1774,1.);
#1774 = DIRECTION('',(0.,-1.,2.2E-16));
#1775 = ORIENTED_EDGE('',*,*,#1776,.T.);
#1776 = EDGE_CURVE('',#1769,#1777,#1779,.T.);
#1777 = VERTEX_POINT('',#1778);
#1778 = CARTESIAN_POINT('',(-7.85,-4.5,20.5));
#1779 = CIRCLE('',#1780,2.15);
#1780 = AXIS2_PLACEMENT_3D('',#1781,#1782,#1783);
#1781 = CARTESIAN_POINT('',(-10.,-4.5,20.5));
#1782 = DIRECTION('',(0.,-1.,-2.2E-16));
#1783 = DIRECTION('',(1.,0.,0.));
#1784 = ORIENTED_EDGE('',*,*,#1785,.T.);
#1785 = EDGE_CURVE('',#1777,#1759,#1786,.T.);
#1786 = CIRCLE('',#1787,2.15);
#1787 = AXIS2_PLACEMENT_3D('',#1788,#1789,#1790);
#1788 = CARTESIAN_POINT('',(-10.,-4.5,20.5));
#1789 = DIRECTION('',(0.,-1.,-2.2E-16));
#1790 = DIRECTION('',(1.,0.,0.));
#1791 = CYLINDRICAL_SURFACE('',#1792,2.15);
#1792 = AXIS2_PLACEMENT_3D('',#1793,#1794,#1795);
#1793 = CARTESIAN_POINT('',(-10.,-10.,20.5));
#1794 = DIRECTION('',(0.,-1.,2.2E-16));
#1795 = DIRECTION('',(1.,0.,0.));
#1796 = ADVANCED_FACE('',(#1797),#1818,.F.);
#1797 = FACE_BOUND('',#1798,.F.);
#1798 = EDGE_LOOP('',(#1799,#1800,#1806,#1807,#1808,#1815,#1816,#1817));
#1799 = ORIENTED_EDGE('',*,*,#1343,.F.);
#1800 = ORIENTED_EDGE('',*,*,#1801,.T.);
#1801 = EDGE_CURVE('',#1344,#1188,#1802,.T.);
#1802 = LINE('',#1803,#1804);
#1803 = CARTESIAN_POINT('',(-10.85,1.009E-14,23.35));
#1804 = VECTOR('',#1805,1.);
#1805 = DIRECTION('',(0.,-1.,0.));
#1806 = ORIENTED_EDGE('',*,*,#1196,.T.);
#1807 = ORIENTED_EDGE('',*,*,#1758,.F.);
#1808 = ORIENTED_EDGE('',*,*,#1809,.T.);
#1809 = EDGE_CURVE('',#1759,#1769,#1810,.T.);
#1810 = CIRCLE('',#1811,1.65);
#1811 = AXIS2_PLACEMENT_3D('',#1812,#1813,#1814);
#1812 = CARTESIAN_POINT('',(-12.5,-4.5,23.35));
#1813 = DIRECTION('',(0.,1.,-2.2E-16));
#1814 = DIRECTION('',(1.,0.,0.));
#1815 = ORIENTED_EDGE('',*,*,#1768,.T.);
#1816 = ORIENTED_EDGE('',*,*,#1187,.T.);
#1817 = ORIENTED_EDGE('',*,*,#1801,.F.);
#1818 = CYLINDRICAL_SURFACE('',#1819,1.65);
#1819 = AXIS2_PLACEMENT_3D('',#1820,#1821,#1822);
#1820 = CARTESIAN_POINT('',(-12.5,1.009E-14,23.35));
#1821 = DIRECTION('',(0.,1.,-2.2E-16));
#1822 = DIRECTION('',(1.,0.,0.));
#1823 = ADVANCED_FACE('',(#1824),#1850,.F.);
#1824 = FACE_BOUND('',#1825,.F.);
#1825 = EDGE_LOOP('',(#1826,#1834,#1842,#1848,#1849));
#1826 = ORIENTED_EDGE('',*,*,#1827,.T.);
#1827 = EDGE_CURVE('',#1563,#1828,#1830,.T.);
#1828 = VERTEX_POINT('',#1829);
#1829 = CARTESIAN_POINT('',(-30.,3.75,3.75));
#1830 = LINE('',#1831,#1832);
#1831 = CARTESIAN_POINT('',(-20.,3.75,3.75));
#1832 = VECTOR('',#1833,1.);
#1833 = DIRECTION('',(-1.,0.,-2.2E-16));
#1834 = ORIENTED_EDGE('',*,*,#1835,.T.);
#1835 = EDGE_CURVE('',#1828,#1836,#1838,.T.);
#1836 = VERTEX_POINT('',#1837);
#1837 = CARTESIAN_POINT('',(-30.,-4.25,3.75));
#1838 = LINE('',#1839,#1840);
#1839 = CARTESIAN_POINT('',(-30.,3.75,3.75));
#1840 = VECTOR('',#1841,1.);
#1841 = DIRECTION('',(-2.2E-16,-1.,-2.2E-16));
#1842 = ORIENTED_EDGE('',*,*,#1843,.F.);
#1843 = EDGE_CURVE('',#1286,#1836,#1844,.T.);
#1844 = LINE('',#1845,#1846);
#1845 = CARTESIAN_POINT('',(-20.,-4.25,3.75));
#1846 = VECTOR('',#1847,1.);
#1847 = DIRECTION('',(-1.,0.,-2.2E-16));
#1848 = ORIENTED_EDGE('',*,*,#1293,.F.);
#1849 = ORIENTED_EDGE('',*,*,#1562,.F.);
#1850 = PLANE('',#1851);
#1851 = AXIS2_PLACEMENT_3D('',#1852,#1853,#1854);
#1852 = CARTESIAN_POINT('',(-20.,3.75,3.75));
#1853 = DIRECTION('',(-2.2E-16,0.,1.));
#1854 = DIRECTION('',(0.,-1.,0.));
#1855 = ADVANCED_FACE('',(#1856,#1906),#1924,.F.);
#1856 = FACE_BOUND('',#1857,.F.);
#1857 = EDGE_LOOP('',(#1858,#1868,#1876,#1884,#1892,#1900));
#1858 = ORIENTED_EDGE('',*,*,#1859,.T.);
#1859 = EDGE_CURVE('',#1860,#1862,#1864,.T.);
#1860 = VERTEX_POINT('',#1861);
#1861 = CARTESIAN_POINT('',(-27.5,-4.25,16.25));
#1862 = VERTEX_POINT('',#1863);
#1863 = CARTESIAN_POINT('',(-29.99,-4.25,16.25));
#1864 = LINE('',#1865,#1866);
#1865 = CARTESIAN_POINT('',(-20.75,-4.25,16.25));
#1866 = VECTOR('',#1867,1.);
#1867 = DIRECTION('',(-1.,0.,0.));
#1868 = ORIENTED_EDGE('',*,*,#1869,.T.);
#1869 = EDGE_CURVE('',#1862,#1870,#1872,.T.);
#1870 = VERTEX_POINT('',#1871);
#1871 = CARTESIAN_POINT('',(-29.99,-4.25,6.25));
#1872 = LINE('',#1873,#1874);
#1873 = CARTESIAN_POINT('',(-29.99,-4.25,16.25));
#1874 = VECTOR('',#1875,1.);
#1875 = DIRECTION('',(0.,-2.2E-16,-1.));
#1876 = ORIENTED_EDGE('',*,*,#1877,.F.);
#1877 = EDGE_CURVE('',#1878,#1870,#1880,.T.);
#1878 = VERTEX_POINT('',#1879);
#1879 = CARTESIAN_POINT('',(-27.5,-4.25,6.25));
#1880 = LINE('',#1881,#1882);
#1881 = CARTESIAN_POINT('',(-23.75,-4.25,6.25));
#1882 = VECTOR('',#1883,1.);
#1883 = DIRECTION('',(-1.,0.,-0.));
#1884 = ORIENTED_EDGE('',*,*,#1885,.T.);
#1885 = EDGE_CURVE('',#1878,#1886,#1888,.T.);
#1886 = VERTEX_POINT('',#1887);
#1887 = CARTESIAN_POINT('',(-21.5,-4.25,6.25));
#1888 = LINE('',#1889,#1890);
#1889 = CARTESIAN_POINT('',(-27.5,-4.25,6.25));
#1890 = VECTOR('',#1891,1.);
#1891 = DIRECTION('',(1.,0.,0.));
#1892 = ORIENTED_EDGE('',*,*,#1893,.T.);
#1893 = EDGE_CURVE('',#1886,#1894,#1896,.T.);
#1894 = VERTEX_POINT('',#1895);
#1895 = CARTESIAN_POINT('',(-21.5,-4.25,16.25));
#1896 = LINE('',#1897,#1898);
#1897 = CARTESIAN_POINT('',(-21.5,-4.25,6.25));
#1898 = VECTOR('',#1899,1.);
#1899 = DIRECTION('',(0.,-2.2E-16,1.));
#1900 = ORIENTED_EDGE('',*,*,#1901,.T.);
#1901 = EDGE_CURVE('',#1894,#1860,#1902,.T.);
#1902 = LINE('',#1903,#1904);
#1903 = CARTESIAN_POINT('',(-21.5,-4.25,16.25));
#1904 = VECTOR('',#1905,1.);
#1905 = DIRECTION('',(-1.,0.,0.));
#1906 = FACE_BOUND('',#1907,.F.);
#1907 = EDGE_LOOP('',(#1908,#1909,#1917,#1923));
#1908 = ORIENTED_EDGE('',*,*,#1843,.T.);
#1909 = ORIENTED_EDGE('',*,*,#1910,.T.);
#1910 = EDGE_CURVE('',#1836,#1911,#1913,.T.);
#1911 = VERTEX_POINT('',#1912);
#1912 = CARTESIAN_POINT('',(-30.,-4.25,18.75));
#1913 = LINE('',#1914,#1915);
#1914 = CARTESIAN_POINT('',(-30.,-4.25,3.75));
#1915 = VECTOR('',#1916,1.);
#1916 = DIRECTION('',(-2.2E-16,-2.2E-16,1.));
#1917 = ORIENTED_EDGE('',*,*,#1918,.F.);
#1918 = EDGE_CURVE('',#1278,#1911,#1919,.T.);
#1919 = LINE('',#1920,#1921);
#1920 = CARTESIAN_POINT('',(-20.,-4.25,18.75));
#1921 = VECTOR('',#1922,1.);
#1922 = DIRECTION('',(-1.,0.,-2.2E-16));
#1923 = ORIENTED_EDGE('',*,*,#1285,.F.);
#1924 = PLANE('',#1925);
#1925 = AXIS2_PLACEMENT_3D('',#1926,#1927,#1928);
#1926 = CARTESIAN_POINT('',(-20.,-4.25,3.75));
#1927 = DIRECTION('',(0.,1.,0.));
#1928 = DIRECTION('',(-2.2E-16,0.,1.));
#1929 = ADVANCED_FACE('',(#1930),#1949,.F.);
#1930 = FACE_BOUND('',#1931,.F.);
#1931 = EDGE_LOOP('',(#1932,#1933,#1941,#1947,#1948));
#1932 = ORIENTED_EDGE('',*,*,#1918,.T.);
#1933 = ORIENTED_EDGE('',*,*,#1934,.T.);
#1934 = EDGE_CURVE('',#1911,#1935,#1937,.T.);
#1935 = VERTEX_POINT('',#1936);
#1936 = CARTESIAN_POINT('',(-30.,3.75,18.75));
#1937 = LINE('',#1938,#1939);
#1938 = CARTESIAN_POINT('',(-30.,-4.25,18.75));
#1939 = VECTOR('',#1940,1.);
#1940 = DIRECTION('',(2.2E-16,1.,2.2E-16));
#1941 = ORIENTED_EDGE('',*,*,#1942,.F.);
#1942 = EDGE_CURVE('',#1554,#1935,#1943,.T.);
#1943 = LINE('',#1944,#1945);
#1944 = CARTESIAN_POINT('',(-20.,3.75,18.75));
#1945 = VECTOR('',#1946,1.);
#1946 = DIRECTION('',(-1.,0.,-2.2E-16));
#1947 = ORIENTED_EDGE('',*,*,#1553,.F.);
#1948 = ORIENTED_EDGE('',*,*,#1277,.F.);
#1949 = PLANE('',#1950);
#1950 = AXIS2_PLACEMENT_3D('',#1951,#1952,#1953);
#1951 = CARTESIAN_POINT('',(-20.,-4.25,18.75));
#1952 = DIRECTION('',(2.2E-16,0.,-1.));
#1953 = DIRECTION('',(0.,1.,0.));
#1954 = ADVANCED_FACE('',(#1955),#1980,.T.);
#1955 = FACE_BOUND('',#1956,.F.);
#1956 = EDGE_LOOP('',(#1957,#1965,#1966,#1974));
#1957 = ORIENTED_EDGE('',*,*,#1958,.F.);
#1958 = EDGE_CURVE('',#1238,#1959,#1961,.T.);
#1959 = VERTEX_POINT('',#1960);
#1960 = CARTESIAN_POINT('',(-19.,-6.,47.));
#1961 = LINE('',#1962,#1963);
#1962 = CARTESIAN_POINT('',(-13.,1.177E-14,53.));
#1963 = VECTOR('',#1964,1.);
#1964 = DIRECTION('',(0.57735026919,0.57735026919,0.57735026919));
#1965 = ORIENTED_EDGE('',*,*,#1245,.T.);
#1966 = ORIENTED_EDGE('',*,*,#1967,.T.);
#1967 = EDGE_CURVE('',#1246,#1968,#1970,.T.);
#1968 = VERTEX_POINT('',#1969);
#1969 = CARTESIAN_POINT('',(-19.,47.,47.));
#1970 = LINE('',#1971,#1972);
#1971 = CARTESIAN_POINT('',(-10.5,38.5,55.5));
#1972 = VECTOR('',#1973,1.);
#1973 = DIRECTION('',(0.57735026919,-0.57735026919,0.57735026919));
#1974 = ORIENTED_EDGE('',*,*,#1975,.F.);
#1975 = EDGE_CURVE('',#1959,#1968,#1976,.T.);
#1976 = LINE('',#1977,#1978);
#1977 = CARTESIAN_POINT('',(-19.,-7.,47.));
#1978 = VECTOR('',#1979,1.);
#1979 = DIRECTION('',(0.,1.,2.2E-16));
#1980 = PLANE('',#1981);
#1981 = AXIS2_PLACEMENT_3D('',#1982,#1983,#1984);
#1982 = CARTESIAN_POINT('',(-19.5,-7.,46.5));
#1983 = DIRECTION('',(-0.707106781187,-1.6E-16,0.707106781187));
#1984 = DIRECTION('',(3.137084989848E-18,-1.,-2.231370849898E-16));
#1985 = ADVANCED_FACE('',(#1986),#2005,.F.);
#1986 = FACE_BOUND('',#1987,.F.);
#1987 = EDGE_LOOP('',(#1988,#1997,#2003,#2004));
#1988 = ORIENTED_EDGE('',*,*,#1989,.F.);
#1989 = EDGE_CURVE('',#1990,#1990,#1992,.T.);
#1990 = VERTEX_POINT('',#1991);
#1991 = CARTESIAN_POINT('',(7.85,40.,47.));
#1992 = CIRCLE('',#1993,2.15);
#1993 = AXIS2_PLACEMENT_3D('',#1994,#1995,#1996);
#1994 = CARTESIAN_POINT('',(10.,40.,47.));
#1995 = DIRECTION('',(0.,-2.2E-16,1.));
#1996 = DIRECTION('',(-1.,0.,0.));
#1997 = ORIENTED_EDGE('',*,*,#1998,.T.);
#1998 = EDGE_CURVE('',#1990,#1383,#1999,.T.);
#1999 = LINE('',#2000,#2001);
#2000 = CARTESIAN_POINT('',(7.85,40.,47.));
#2001 = VECTOR('',#2002,1.);
#2002 = DIRECTION('',(0.,0.,-1.));
#2003 = ORIENTED_EDGE('',*,*,#1382,.T.);
#2004 = ORIENTED_EDGE('',*,*,#1998,.F.);
#2005 = CYLINDRICAL_SURFACE('',#2006,2.15);
#2006 = AXIS2_PLACEMENT_3D('',#2007,#2008,#2009);
#2007 = CARTESIAN_POINT('',(10.,40.,47.));
#2008 = DIRECTION('',(0.,0.,1.));
#2009 = DIRECTION('',(-1.,1.2E-16,0.));
#2010 = ADVANCED_FACE('',(#2011),#2030,.F.);
#2011 = FACE_BOUND('',#2012,.F.);
#2012 = EDGE_LOOP('',(#2013,#2022,#2028,#2029));
#2013 = ORIENTED_EDGE('',*,*,#2014,.F.);
#2014 = EDGE_CURVE('',#2015,#2015,#2017,.T.);
#2015 = VERTEX_POINT('',#2016);
#2016 = CARTESIAN_POINT('',(10.35,28.85,42.));
#2017 = CIRCLE('',#2018,2.15);
#2018 = AXIS2_PLACEMENT_3D('',#2019,#2020,#2021);
#2019 = CARTESIAN_POINT('',(12.5,28.85,42.));
#2020 = DIRECTION('',(0.,0.,1.));
#2021 = DIRECTION('',(-1.,0.,0.));
#2022 = ORIENTED_EDGE('',*,*,#2023,.T.);
#2023 = EDGE_CURVE('',#2015,#1394,#2024,.T.);
#2024 = LINE('',#2025,#2026);
#2025 = CARTESIAN_POINT('',(10.35,28.85,47.));
#2026 = VECTOR('',#2027,1.);
#2027 = DIRECTION('',(0.,0.,-1.));
#2028 = ORIENTED_EDGE('',*,*,#1393,.T.);
#2029 = ORIENTED_EDGE('',*,*,#2023,.F.);
#2030 = CYLINDRICAL_SURFACE('',#2031,2.15);
#2031 = AXIS2_PLACEMENT_3D('',#2032,#2033,#2034);
#2032 = CARTESIAN_POINT('',(12.5,28.85,47.));
#2033 = DIRECTION('',(0.,0.,1.));
#2034 = DIRECTION('',(-1.,0.,0.));
#2035 = ADVANCED_FACE('',(#2036),#2055,.F.);
#2036 = FACE_BOUND('',#2037,.F.);
#2037 = EDGE_LOOP('',(#2038,#2047,#2053,#2054));
#2038 = ORIENTED_EDGE('',*,*,#2039,.F.);
#2039 = EDGE_CURVE('',#2040,#2040,#2042,.T.);
#2040 = VERTEX_POINT('',#2041);
#2041 = CARTESIAN_POINT('',(-12.15,40.,47.));
#2042 = CIRCLE('',#2043,2.15);
#2043 = AXIS2_PLACEMENT_3D('',#2044,#2045,#2046);
#2044 = CARTESIAN_POINT('',(-10.,40.,47.));
#2045 = DIRECTION('',(0.,-2.2E-16,1.));
#2046 = DIRECTION('',(-1.,0.,0.));
#2047 = ORIENTED_EDGE('',*,*,#2048,.T.);
#2048 = EDGE_CURVE('',#2040,#1405,#2049,.T.);
#2049 = LINE('',#2050,#2051);
#2050 = CARTESIAN_POINT('',(-12.15,40.,47.));
#2051 = VECTOR('',#2052,1.);
#2052 = DIRECTION('',(0.,0.,-1.));
#2053 = ORIENTED_EDGE('',*,*,#1404,.T.);
#2054 = ORIENTED_EDGE('',*,*,#2048,.F.);
#2055 = CYLINDRICAL_SURFACE('',#2056,2.15);
#2056 = AXIS2_PLACEMENT_3D('',#2057,#2058,#2059);
#2057 = CARTESIAN_POINT('',(-10.,40.,47.));
#2058 = DIRECTION('',(0.,0.,1.));
#2059 = DIRECTION('',(-1.,1.2E-16,0.));
#2060 = ADVANCED_FACE('',(#2061),#2080,.F.);
#2061 = FACE_BOUND('',#2062,.F.);
#2062 = EDGE_LOOP('',(#2063,#2072,#2078,#2079));
#2063 = ORIENTED_EDGE('',*,*,#2064,.F.);
#2064 = EDGE_CURVE('',#2065,#2065,#2067,.T.);
#2065 = VERTEX_POINT('',#2066);
#2066 = CARTESIAN_POINT('',(-14.65,28.85,42.));
#2067 = CIRCLE('',#2068,2.15);
#2068 = AXIS2_PLACEMENT_3D('',#2069,#2070,#2071);
#2069 = CARTESIAN_POINT('',(-12.5,28.85,42.));
#2070 = DIRECTION('',(0.,0.,1.));
#2071 = DIRECTION('',(-1.,0.,0.));
#2072 = ORIENTED_EDGE('',*,*,#2073,.T.);
#2073 = EDGE_CURVE('',#2065,#1416,#2074,.T.);
#2074 = LINE('',#2075,#2076);
#2075 = CARTESIAN_POINT('',(-14.65,28.85,47.));
#2076 = VECTOR('',#2077,1.);
#2077 = DIRECTION('',(0.,0.,-1.));
#2078 = ORIENTED_EDGE('',*,*,#1415,.T.);
#2079 = ORIENTED_EDGE('',*,*,#2073,.F.);
#2080 = CYLINDRICAL_SURFACE('',#2081,2.15);
#2081 = AXIS2_PLACEMENT_3D('',#2082,#2083,#2084);
#2082 = CARTESIAN_POINT('',(-12.5,28.85,47.));
#2083 = DIRECTION('',(0.,0.,1.));
#2084 = DIRECTION('',(-1.,0.,0.));
#2085 = ADVANCED_FACE('',(#2086),#2105,.F.);
#2086 = FACE_BOUND('',#2087,.F.);
#2087 = EDGE_LOOP('',(#2088,#2097,#2103,#2104));
#2088 = ORIENTED_EDGE('',*,*,#2089,.F.);
#2089 = EDGE_CURVE('',#2090,#2090,#2092,.T.);
#2090 = VERTEX_POINT('',#2091);
#2091 = CARTESIAN_POINT('',(10.35,3.85,42.));
#2092 = CIRCLE('',#2093,2.15);
#2093 = AXIS2_PLACEMENT_3D('',#2094,#2095,#2096);
#2094 = CARTESIAN_POINT('',(12.5,3.85,42.));
#2095 = DIRECTION('',(0.,0.,1.));
#2096 = DIRECTION('',(-1.,0.,0.));
#2097 = ORIENTED_EDGE('',*,*,#2098,.T.);
#2098 = EDGE_CURVE('',#2090,#1427,#2099,.T.);
#2099 = LINE('',#2100,#2101);
#2100 = CARTESIAN_POINT('',(10.35,3.85,47.));
#2101 = VECTOR('',#2102,1.);
#2102 = DIRECTION('',(0.,0.,-1.));
#2103 = ORIENTED_EDGE('',*,*,#1426,.T.);
#2104 = ORIENTED_EDGE('',*,*,#2098,.F.);
#2105 = CYLINDRICAL_SURFACE('',#2106,2.15);
#2106 = AXIS2_PLACEMENT_3D('',#2107,#2108,#2109);
#2107 = CARTESIAN_POINT('',(12.5,3.85,47.));
#2108 = DIRECTION('',(0.,0.,1.));
#2109 = DIRECTION('',(-1.,0.,0.));
#2110 = ADVANCED_FACE('',(#2111),#2130,.F.);
#2111 = FACE_BOUND('',#2112,.F.);
#2112 = EDGE_LOOP('',(#2113,#2122,#2128,#2129));
#2113 = ORIENTED_EDGE('',*,*,#2114,.F.);
#2114 = EDGE_CURVE('',#2115,#2115,#2117,.T.);
#2115 = VERTEX_POINT('',#2116);
#2116 = CARTESIAN_POINT('',(-14.65,3.85,42.));
#2117 = CIRCLE('',#2118,2.15);
#2118 = AXIS2_PLACEMENT_3D('',#2119,#2120,#2121);
#2119 = CARTESIAN_POINT('',(-12.5,3.85,42.));
#2120 = DIRECTION('',(0.,0.,1.));
#2121 = DIRECTION('',(-1.,0.,0.));
#2122 = ORIENTED_EDGE('',*,*,#2123,.T.);
#2123 = EDGE_CURVE('',#2115,#1438,#2124,.T.);
#2124 = LINE('',#2125,#2126);
#2125 = CARTESIAN_POINT('',(-14.65,3.85,47.));
#2126 = VECTOR('',#2127,1.);
#2127 = DIRECTION('',(0.,0.,-1.));
#2128 = ORIENTED_EDGE('',*,*,#1437,.T.);
#2129 = ORIENTED_EDGE('',*,*,#2123,.F.);
#2130 = CYLINDRICAL_SURFACE('',#2131,2.15);
#2131 = AXIS2_PLACEMENT_3D('',#2132,#2133,#2134);
#2132 = CARTESIAN_POINT('',(-12.5,3.85,47.));
#2133 = DIRECTION('',(0.,0.,1.));
#2134 = DIRECTION('',(-1.,0.,0.));
#2135 = ADVANCED_FACE('',(#2136),#2147,.T.);
#2136 = FACE_BOUND('',#2137,.T.);
#2137 = EDGE_LOOP('',(#2138,#2139,#2145,#2146));
#2138 = ORIENTED_EDGE('',*,*,#1967,.T.);
#2139 = ORIENTED_EDGE('',*,*,#2140,.T.);
#2140 = EDGE_CURVE('',#1968,#1472,#2141,.T.);
#2141 = LINE('',#2142,#2143);
#2142 = CARTESIAN_POINT('',(-20.,47.,47.));
#2143 = VECTOR('',#2144,1.);
#2144 = DIRECTION('',(1.,0.,0.));
#2145 = ORIENTED_EDGE('',*,*,#1471,.T.);
#2146 = ORIENTED_EDGE('',*,*,#1457,.F.);
#2147 = PLANE('',#2148);
#2148 = AXIS2_PLACEMENT_3D('',#2149,#2150,#2151);
#2149 = CARTESIAN_POINT('',(-20.,47.5,46.5));
#2150 = DIRECTION('',(0.,0.707106781187,0.707106781187));
#2151 = DIRECTION('',(1.,0.,0.));
#2152 = ADVANCED_FACE('',(#2153,#2164,#2167,#2178,#2189,#2192,#2203),
  #2214,.T.);
#2153 = FACE_BOUND('',#2154,.T.);
#2154 = EDGE_LOOP('',(#2155,#2161,#2162,#2163));
#2155 = ORIENTED_EDGE('',*,*,#2156,.F.);
#2156 = EDGE_CURVE('',#1481,#1959,#2157,.T.);
#2157 = LINE('',#2158,#2159);
#2158 = CARTESIAN_POINT('',(20.,-6.,47.));
#2159 = VECTOR('',#2160,1.);
#2160 = DIRECTION('',(-1.,0.,0.));
#2161 = ORIENTED_EDGE('',*,*,#1488,.F.);
#2162 = ORIENTED_EDGE('',*,*,#2140,.F.);
#2163 = ORIENTED_EDGE('',*,*,#1975,.F.);
#2164 = FACE_BOUND('',#2165,.T.);
#2165 = EDGE_LOOP('',(#2166));
#2166 = ORIENTED_EDGE('',*,*,#2039,.F.);
#2167 = FACE_BOUND('',#2168,.T.);
#2168 = EDGE_LOOP('',(#2169));
#2169 = ORIENTED_EDGE('',*,*,#2170,.F.);
#2170 = EDGE_CURVE('',#2171,#2171,#2173,.T.);
#2171 = VERTEX_POINT('',#2172);
#2172 = CARTESIAN_POINT('',(-15.5,28.85,47.));
#2173 = CIRCLE('',#2174,3.);
#2174 = AXIS2_PLACEMENT_3D('',#2175,#2176,#2177);
#2175 = CARTESIAN_POINT('',(-12.5,28.85,47.));
#2176 = DIRECTION('',(0.,-2.2E-16,1.));
#2177 = DIRECTION('',(-1.,0.,0.));
#2178 = FACE_BOUND('',#2179,.T.);
#2179 = EDGE_LOOP('',(#2180));
#2180 = ORIENTED_EDGE('',*,*,#2181,.F.);
#2181 = EDGE_CURVE('',#2182,#2182,#2184,.T.);
#2182 = VERTEX_POINT('',#2183);
#2183 = CARTESIAN_POINT('',(-15.5,3.85,47.));
#2184 = CIRCLE('',#2185,3.);
#2185 = AXIS2_PLACEMENT_3D('',#2186,#2187,#2188);
#2186 = CARTESIAN_POINT('',(-12.5,3.85,47.));
#2187 = DIRECTION('',(0.,-2.2E-16,1.));
#2188 = DIRECTION('',(-1.,0.,0.));
#2189 = FACE_BOUND('',#2190,.T.);
#2190 = EDGE_LOOP('',(#2191));
#2191 = ORIENTED_EDGE('',*,*,#1989,.F.);
#2192 = FACE_BOUND('',#2193,.T.);
#2193 = EDGE_LOOP('',(#2194));
#2194 = ORIENTED_EDGE('',*,*,#2195,.F.);
#2195 = EDGE_CURVE('',#2196,#2196,#2198,.T.);
#2196 = VERTEX_POINT('',#2197);
#2197 = CARTESIAN_POINT('',(9.5,28.85,47.));
#2198 = CIRCLE('',#2199,3.);
#2199 = AXIS2_PLACEMENT_3D('',#2200,#2201,#2202);
#2200 = CARTESIAN_POINT('',(12.5,28.85,47.));
#2201 = DIRECTION('',(0.,-2.2E-16,1.));
#2202 = DIRECTION('',(-1.,0.,0.));
#2203 = FACE_BOUND('',#2204,.T.);
#2204 = EDGE_LOOP('',(#2205));
#2205 = ORIENTED_EDGE('',*,*,#2206,.F.);
#2206 = EDGE_CURVE('',#2207,#2207,#2209,.T.);
#2207 = VERTEX_POINT('',#2208);
#2208 = CARTESIAN_POINT('',(9.5,3.85,47.));
#2209 = CIRCLE('',#2210,3.);
#2210 = AXIS2_PLACEMENT_3D('',#2211,#2212,#2213);
#2211 = CARTESIAN_POINT('',(12.5,3.85,47.));
#2212 = DIRECTION('',(0.,-2.2E-16,1.));
#2213 = DIRECTION('',(-1.,0.,0.));
#2214 = PLANE('',#2215);
#2215 = AXIS2_PLACEMENT_3D('',#2216,#2217,#2218);
#2216 = CARTESIAN_POINT('',(-8.7E-16,19.,47.));
#2217 = DIRECTION('',(0.,-2.2E-16,1.));
#2218 = DIRECTION('',(0.,-1.,-2.2E-16));
#2219 = ADVANCED_FACE('',(#2220),#2226,.F.);
#2220 = FACE_BOUND('',#2221,.F.);
#2221 = EDGE_LOOP('',(#2222,#2223,#2224,#2225));
#2222 = ORIENTED_EDGE('',*,*,#1480,.F.);
#2223 = ORIENTED_EDGE('',*,*,#1503,.T.);
#2224 = ORIENTED_EDGE('',*,*,#1958,.T.);
#2225 = ORIENTED_EDGE('',*,*,#2156,.F.);
#2226 = PLANE('',#2227);
#2227 = AXIS2_PLACEMENT_3D('',#2228,#2229,#2230);
#2228 = CARTESIAN_POINT('',(20.,-6.5,46.5));
#2229 = DIRECTION('',(1.E-17,0.707106781187,-0.707106781187));
#2230 = DIRECTION('',(-1.,7.071067811865E-18,-7.071067811865E-18));
#2231 = ADVANCED_FACE('',(#2232,#2282),#2293,.F.);
#2232 = FACE_BOUND('',#2233,.F.);
#2233 = EDGE_LOOP('',(#2234,#2244,#2252,#2260,#2268,#2276));
#2234 = ORIENTED_EDGE('',*,*,#2235,.F.);
#2235 = EDGE_CURVE('',#2236,#2238,#2240,.T.);
#2236 = VERTEX_POINT('',#2237);
#2237 = CARTESIAN_POINT('',(-27.5,3.75,16.25));
#2238 = VERTEX_POINT('',#2239);
#2239 = CARTESIAN_POINT('',(-29.99,3.75,16.25));
#2240 = LINE('',#2241,#2242);
#2241 = CARTESIAN_POINT('',(-20.75,3.75,16.25));
#2242 = VECTOR('',#2243,1.);
#2243 = DIRECTION('',(-1.,-0.,0.));
#2244 = ORIENTED_EDGE('',*,*,#2245,.F.);
#2245 = EDGE_CURVE('',#2246,#2236,#2248,.T.);
#2246 = VERTEX_POINT('',#2247);
#2247 = CARTESIAN_POINT('',(-21.5,3.75,16.25));
#2248 = LINE('',#2249,#2250);
#2249 = CARTESIAN_POINT('',(-20.75,3.75,16.25));
#2250 = VECTOR('',#2251,1.);
#2251 = DIRECTION('',(-1.,0.,0.));
#2252 = ORIENTED_EDGE('',*,*,#2253,.F.);
#2253 = EDGE_CURVE('',#2254,#2246,#2256,.T.);
#2254 = VERTEX_POINT('',#2255);
#2255 = CARTESIAN_POINT('',(-21.5,3.75,6.25));
#2256 = LINE('',#2257,#2258);
#2257 = CARTESIAN_POINT('',(-21.5,3.75,12.5));
#2258 = VECTOR('',#2259,1.);
#2259 = DIRECTION('',(0.,0.,1.));
#2260 = ORIENTED_EDGE('',*,*,#2261,.F.);
#2261 = EDGE_CURVE('',#2262,#2254,#2264,.T.);
#2262 = VERTEX_POINT('',#2263);
#2263 = CARTESIAN_POINT('',(-27.5,3.75,6.25));
#2264 = LINE('',#2265,#2266);
#2265 = CARTESIAN_POINT('',(-23.75,3.75,6.25));
#2266 = VECTOR('',#2267,1.);
#2267 = DIRECTION('',(1.,0.,0.));
#2268 = ORIENTED_EDGE('',*,*,#2269,.T.);
#2269 = EDGE_CURVE('',#2262,#2270,#2272,.T.);
#2270 = VERTEX_POINT('',#2271);
#2271 = CARTESIAN_POINT('',(-29.99,3.75,6.25));
#2272 = LINE('',#2273,#2274);
#2273 = CARTESIAN_POINT('',(-23.75,3.75,6.25));
#2274 = VECTOR('',#2275,1.);
#2275 = DIRECTION('',(-1.,0.,-0.));
#2276 = ORIENTED_EDGE('',*,*,#2277,.F.);
#2277 = EDGE_CURVE('',#2238,#2270,#2278,.T.);
#2278 = LINE('',#2279,#2280);
#2279 = CARTESIAN_POINT('',(-29.99,3.75,16.25));
#2280 = VECTOR('',#2281,1.);
#2281 = DIRECTION('',(0.,0.,-1.));
#2282 = FACE_BOUND('',#2283,.F.);
#2283 = EDGE_LOOP('',(#2284,#2285,#2291,#2292));
#2284 = ORIENTED_EDGE('',*,*,#1942,.T.);
#2285 = ORIENTED_EDGE('',*,*,#2286,.T.);
#2286 = EDGE_CURVE('',#1935,#1828,#2287,.T.);
#2287 = LINE('',#2288,#2289);
#2288 = CARTESIAN_POINT('',(-30.,3.75,18.75));
#2289 = VECTOR('',#2290,1.);
#2290 = DIRECTION('',(2.2E-16,2.2E-16,-1.));
#2291 = ORIENTED_EDGE('',*,*,#1827,.F.);
#2292 = ORIENTED_EDGE('',*,*,#1570,.F.);
#2293 = PLANE('',#2294);
#2294 = AXIS2_PLACEMENT_3D('',#2295,#2296,#2297);
#2295 = CARTESIAN_POINT('',(-20.,3.75,18.75));
#2296 = DIRECTION('',(0.,-1.,0.));
#2297 = DIRECTION('',(2.2E-16,0.,-1.));
#2298 = ADVANCED_FACE('',(#2299),#2302,.F.);
#2299 = FACE_BOUND('',#2300,.T.);
#2300 = EDGE_LOOP('',(#2301));
#2301 = ORIENTED_EDGE('',*,*,#1647,.T.);
#2302 = PLANE('',#2303);
#2303 = AXIS2_PLACEMENT_3D('',#2304,#2305,#2306);
#2304 = CARTESIAN_POINT('',(3.126955570099E-03,-4.5,10.5));
#2305 = DIRECTION('',(0.,1.,-2.E-17));
#2306 = DIRECTION('',(0.,2.E-17,1.));
#2307 = ADVANCED_FACE('',(#2308),#2313,.F.);
#2308 = FACE_BOUND('',#2309,.F.);
#2309 = EDGE_LOOP('',(#2310,#2311,#2312));
#2310 = ORIENTED_EDGE('',*,*,#1691,.F.);
#2311 = ORIENTED_EDGE('',*,*,#1682,.F.);
#2312 = ORIENTED_EDGE('',*,*,#1715,.F.);
#2313 = PLANE('',#2314);
#2314 = AXIS2_PLACEMENT_3D('',#2315,#2316,#2317);
#2315 = CARTESIAN_POINT('',(3.126955570099E-03,-4.5,10.5));
#2316 = DIRECTION('',(0.,1.,-2.E-17));
#2317 = DIRECTION('',(0.,2.E-17,1.));
#2318 = ADVANCED_FACE('',(#2319),#2322,.F.);
#2319 = FACE_BOUND('',#2320,.T.);
#2320 = EDGE_LOOP('',(#2321));
#2321 = ORIENTED_EDGE('',*,*,#1741,.T.);
#2322 = PLANE('',#2323);
#2323 = AXIS2_PLACEMENT_3D('',#2324,#2325,#2326);
#2324 = CARTESIAN_POINT('',(3.126955570099E-03,-4.5,10.5));
#2325 = DIRECTION('',(0.,1.,-2.E-17));
#2326 = DIRECTION('',(0.,2.E-17,1.));
#2327 = ADVANCED_FACE('',(#2328),#2333,.F.);
#2328 = FACE_BOUND('',#2329,.F.);
#2329 = EDGE_LOOP('',(#2330,#2331,#2332));
#2330 = ORIENTED_EDGE('',*,*,#1785,.F.);
#2331 = ORIENTED_EDGE('',*,*,#1776,.F.);
#2332 = ORIENTED_EDGE('',*,*,#1809,.F.);
#2333 = PLANE('',#2334);
#2334 = AXIS2_PLACEMENT_3D('',#2335,#2336,#2337);
#2335 = CARTESIAN_POINT('',(3.126955570099E-03,-4.5,10.5));
#2336 = DIRECTION('',(0.,1.,-2.E-17));
#2337 = DIRECTION('',(0.,2.E-17,1.));
#2338 = ADVANCED_FACE('',(#2339),#2345,.F.);
#2339 = FACE_BOUND('',#2340,.T.);
#2340 = EDGE_LOOP('',(#2341,#2342,#2343,#2344));
#2341 = ORIENTED_EDGE('',*,*,#1934,.T.);
#2342 = ORIENTED_EDGE('',*,*,#2286,.T.);
#2343 = ORIENTED_EDGE('',*,*,#1835,.T.);
#2344 = ORIENTED_EDGE('',*,*,#1910,.T.);
#2345 = PLANE('',#2346);
#2346 = AXIS2_PLACEMENT_3D('',#2347,#2348,#2349);
#2347 = CARTESIAN_POINT('',(-30.,-0.25,11.25));
#2348 = DIRECTION('',(1.,0.,2.4E-16));
#2349 = DIRECTION('',(-2.4E-16,-2.2E-16,1.));
#2350 = ADVANCED_FACE('',(#2351),#2387,.F.);
#2351 = FACE_BOUND('',#2352,.F.);
#2352 = EDGE_LOOP('',(#2353,#2363,#2370,#2371,#2372,#2378,#2379,#2380));
#2353 = ORIENTED_EDGE('',*,*,#2354,.F.);
#2354 = EDGE_CURVE('',#2355,#2357,#2359,.T.);
#2355 = VERTEX_POINT('',#2356);
#2356 = CARTESIAN_POINT('',(-27.5,-1.76,16.25));
#2357 = VERTEX_POINT('',#2358);
#2358 = CARTESIAN_POINT('',(-27.5,1.26,16.25));
#2359 = LINE('',#2360,#2361);
#2360 = CARTESIAN_POINT('',(-27.5,-4.25,16.25));
#2361 = VECTOR('',#2362,1.);
#2362 = DIRECTION('',(0.,1.,-2.2E-16));
#2363 = ORIENTED_EDGE('',*,*,#2364,.F.);
#2364 = EDGE_CURVE('',#1862,#2355,#2365,.T.);
#2365 = CIRCLE('',#2366,2.49);
#2366 = AXIS2_PLACEMENT_3D('',#2367,#2368,#2369);
#2367 = CARTESIAN_POINT('',(-29.99,-1.76,16.25));
#2368 = DIRECTION('',(0.,2.2E-16,1.));
#2369 = DIRECTION('',(0.,1.,-2.2E-16));
#2370 = ORIENTED_EDGE('',*,*,#1859,.F.);
#2371 = ORIENTED_EDGE('',*,*,#1901,.F.);
#2372 = ORIENTED_EDGE('',*,*,#2373,.T.);
#2373 = EDGE_CURVE('',#1894,#2246,#2374,.T.);
#2374 = LINE('',#2375,#2376);
#2375 = CARTESIAN_POINT('',(-21.5,-4.25,16.25));
#2376 = VECTOR('',#2377,1.);
#2377 = DIRECTION('',(0.,1.,-2.2E-16));
#2378 = ORIENTED_EDGE('',*,*,#2245,.T.);
#2379 = ORIENTED_EDGE('',*,*,#2235,.T.);
#2380 = ORIENTED_EDGE('',*,*,#2381,.T.);
#2381 = EDGE_CURVE('',#2238,#2357,#2382,.T.);
#2382 = CIRCLE('',#2383,2.49);
#2383 = AXIS2_PLACEMENT_3D('',#2384,#2385,#2386);
#2384 = CARTESIAN_POINT('',(-29.99,1.26,16.25));
#2385 = DIRECTION('',(0.,0.,-1.));
#2386 = DIRECTION('',(0.,1.,0.));
#2387 = PLANE('',#2388);
#2388 = AXIS2_PLACEMENT_3D('',#2389,#2390,#2391);
#2389 = CARTESIAN_POINT('',(-21.5,-4.25,16.25));
#2390 = DIRECTION('',(0.,2.2E-16,1.));
#2391 = DIRECTION('',(-1.,0.,0.));
#2392 = ADVANCED_FACE('',(#2393),#2412,.T.);
#2393 = FACE_BOUND('',#2394,.F.);
#2394 = EDGE_LOOP('',(#2395,#2396,#2404,#2411));
#2395 = ORIENTED_EDGE('',*,*,#2364,.T.);
#2396 = ORIENTED_EDGE('',*,*,#2397,.T.);
#2397 = EDGE_CURVE('',#2355,#2398,#2400,.T.);
#2398 = VERTEX_POINT('',#2399);
#2399 = CARTESIAN_POINT('',(-27.5,-1.76,6.25));
#2400 = LINE('',#2401,#2402);
#2401 = CARTESIAN_POINT('',(-27.5,-1.76,16.25));
#2402 = VECTOR('',#2403,1.);
#2403 = DIRECTION('',(0.,-2.2E-16,-1.));
#2404 = ORIENTED_EDGE('',*,*,#2405,.F.);
#2405 = EDGE_CURVE('',#1870,#2398,#2406,.T.);
#2406 = CIRCLE('',#2407,2.49);
#2407 = AXIS2_PLACEMENT_3D('',#2408,#2409,#2410);
#2408 = CARTESIAN_POINT('',(-29.99,-1.76,6.25));
#2409 = DIRECTION('',(0.,2.2E-16,1.));
#2410 = DIRECTION('',(0.,1.,-2.2E-16));
#2411 = ORIENTED_EDGE('',*,*,#1869,.F.);
#2412 = CYLINDRICAL_SURFACE('',#2413,2.49);
#2413 = AXIS2_PLACEMENT_3D('',#2414,#2415,#2416);
#2414 = CARTESIAN_POINT('',(-29.99,-1.76,16.25));
#2415 = DIRECTION('',(0.,-2.2E-16,-1.));
#2416 = DIRECTION('',(0.,-1.,2.2E-16));
#2417 = ADVANCED_FACE('',(#2418),#2429,.F.);
#2418 = FACE_BOUND('',#2419,.F.);
#2419 = EDGE_LOOP('',(#2420,#2421,#2427,#2428));
#2420 = ORIENTED_EDGE('',*,*,#1893,.F.);
#2421 = ORIENTED_EDGE('',*,*,#2422,.T.);
#2422 = EDGE_CURVE('',#1886,#2254,#2423,.T.);
#2423 = LINE('',#2424,#2425);
#2424 = CARTESIAN_POINT('',(-21.5,-4.25,6.25));
#2425 = VECTOR('',#2426,1.);
#2426 = DIRECTION('',(0.,1.,-2.2E-16));
#2427 = ORIENTED_EDGE('',*,*,#2253,.T.);
#2428 = ORIENTED_EDGE('',*,*,#2373,.F.);
#2429 = PLANE('',#2430);
#2430 = AXIS2_PLACEMENT_3D('',#2431,#2432,#2433);
#2431 = CARTESIAN_POINT('',(-21.5,-4.25,6.25));
#2432 = DIRECTION('',(1.,0.,0.));
#2433 = DIRECTION('',(0.,2.2E-16,1.));
#2434 = ADVANCED_FACE('',(#2435),#2458,.F.);
#2435 = FACE_BOUND('',#2436,.F.);
#2436 = EDGE_LOOP('',(#2437,#2445,#2452,#2453,#2454,#2455,#2456,#2457));
#2437 = ORIENTED_EDGE('',*,*,#2438,.T.);
#2438 = EDGE_CURVE('',#2398,#2439,#2441,.T.);
#2439 = VERTEX_POINT('',#2440);
#2440 = CARTESIAN_POINT('',(-27.5,1.26,6.25));
#2441 = LINE('',#2442,#2443);
#2442 = CARTESIAN_POINT('',(-27.5,-4.25,6.25));
#2443 = VECTOR('',#2444,1.);
#2444 = DIRECTION('',(0.,1.,-2.2E-16));
#2445 = ORIENTED_EDGE('',*,*,#2446,.F.);
#2446 = EDGE_CURVE('',#2270,#2439,#2447,.T.);
#2447 = CIRCLE('',#2448,2.49);
#2448 = AXIS2_PLACEMENT_3D('',#2449,#2450,#2451);
#2449 = CARTESIAN_POINT('',(-29.99,1.26,6.25));
#2450 = DIRECTION('',(0.,0.,-1.));
#2451 = DIRECTION('',(0.,1.,0.));
#2452 = ORIENTED_EDGE('',*,*,#2269,.F.);
#2453 = ORIENTED_EDGE('',*,*,#2261,.T.);
#2454 = ORIENTED_EDGE('',*,*,#2422,.F.);
#2455 = ORIENTED_EDGE('',*,*,#1885,.F.);
#2456 = ORIENTED_EDGE('',*,*,#1877,.T.);
#2457 = ORIENTED_EDGE('',*,*,#2405,.T.);
#2458 = PLANE('',#2459);
#2459 = AXIS2_PLACEMENT_3D('',#2460,#2461,#2462);
#2460 = CARTESIAN_POINT('',(-27.5,-4.25,6.25));
#2461 = DIRECTION('',(0.,-2.2E-16,-1.));
#2462 = DIRECTION('',(1.,0.,0.));
#2463 = ADVANCED_FACE('',(#2464,#2475),#2478,.T.);
#2464 = FACE_BOUND('',#2465,.T.);
#2465 = EDGE_LOOP('',(#2466));
#2466 = ORIENTED_EDGE('',*,*,#2467,.T.);
#2467 = EDGE_CURVE('',#2468,#2468,#2470,.T.);
#2468 = VERTEX_POINT('',#2469);
#2469 = CARTESIAN_POINT('',(9.5,28.85,42.));
#2470 = CIRCLE('',#2471,3.);
#2471 = AXIS2_PLACEMENT_3D('',#2472,#2473,#2474);
#2472 = CARTESIAN_POINT('',(12.5,28.85,42.));
#2473 = DIRECTION('',(0.,-2.2E-16,1.));
#2474 = DIRECTION('',(-1.,0.,0.));
#2475 = FACE_BOUND('',#2476,.T.);
#2476 = EDGE_LOOP('',(#2477));
#2477 = ORIENTED_EDGE('',*,*,#2014,.F.);
#2478 = PLANE('',#2479);
#2479 = AXIS2_PLACEMENT_3D('',#2480,#2481,#2482);
#2480 = CARTESIAN_POINT('',(2.11E-15,16.35,42.));
#2481 = DIRECTION('',(0.,-2.2E-16,1.));
#2482 = DIRECTION('',(1.,0.,0.));
#2483 = ADVANCED_FACE('',(#2484,#2495),#2498,.T.);
#2484 = FACE_BOUND('',#2485,.T.);
#2485 = EDGE_LOOP('',(#2486));
#2486 = ORIENTED_EDGE('',*,*,#2487,.T.);
#2487 = EDGE_CURVE('',#2488,#2488,#2490,.T.);
#2488 = VERTEX_POINT('',#2489);
#2489 = CARTESIAN_POINT('',(-15.5,28.85,42.));
#2490 = CIRCLE('',#2491,3.);
#2491 = AXIS2_PLACEMENT_3D('',#2492,#2493,#2494);
#2492 = CARTESIAN_POINT('',(-12.5,28.85,42.));
#2493 = DIRECTION('',(0.,-2.2E-16,1.));
#2494 = DIRECTION('',(-1.,0.,0.));
#2495 = FACE_BOUND('',#2496,.T.);
#2496 = EDGE_LOOP('',(#2497));
#2497 = ORIENTED_EDGE('',*,*,#2064,.F.);
#2498 = PLANE('',#2499);
#2499 = AXIS2_PLACEMENT_3D('',#2500,#2501,#2502);
#2500 = CARTESIAN_POINT('',(2.11E-15,16.35,42.));
#2501 = DIRECTION('',(0.,-2.2E-16,1.));
#2502 = DIRECTION('',(1.,0.,0.));
#2503 = ADVANCED_FACE('',(#2504,#2515),#2518,.T.);
#2504 = FACE_BOUND('',#2505,.T.);
#2505 = EDGE_LOOP('',(#2506));
#2506 = ORIENTED_EDGE('',*,*,#2507,.T.);
#2507 = EDGE_CURVE('',#2508,#2508,#2510,.T.);
#2508 = VERTEX_POINT('',#2509);
#2509 = CARTESIAN_POINT('',(9.5,3.85,42.));
#2510 = CIRCLE('',#2511,3.);
#2511 = AXIS2_PLACEMENT_3D('',#2512,#2513,#2514);
#2512 = CARTESIAN_POINT('',(12.5,3.85,42.));
#2513 = DIRECTION('',(0.,-2.2E-16,1.));
#2514 = DIRECTION('',(-1.,0.,0.));
#2515 = FACE_BOUND('',#2516,.T.);
#2516 = EDGE_LOOP('',(#2517));
#2517 = ORIENTED_EDGE('',*,*,#2089,.F.);
#2518 = PLANE('',#2519);
#2519 = AXIS2_PLACEMENT_3D('',#2520,#2521,#2522);
#2520 = CARTESIAN_POINT('',(2.11E-15,16.35,42.));
#2521 = DIRECTION('',(0.,-2.2E-16,1.));
#2522 = DIRECTION('',(1.,0.,0.));
#2523 = ADVANCED_FACE('',(#2524,#2535),#2538,.T.);
#2524 = FACE_BOUND('',#2525,.T.);
#2525 = EDGE_LOOP('',(#2526));
#2526 = ORIENTED_EDGE('',*,*,#2527,.T.);
#2527 = EDGE_CURVE('',#2528,#2528,#2530,.T.);
#2528 = VERTEX_POINT('',#2529);
#2529 = CARTESIAN_POINT('',(-15.5,3.85,42.));
#2530 = CIRCLE('',#2531,3.);
#2531 = AXIS2_PLACEMENT_3D('',#2532,#2533,#2534);
#2532 = CARTESIAN_POINT('',(-12.5,3.85,42.));
#2533 = DIRECTION('',(0.,-2.2E-16,1.));
#2534 = DIRECTION('',(-1.,0.,0.));
#2535 = FACE_BOUND('',#2536,.T.);
#2536 = EDGE_LOOP('',(#2537));
#2537 = ORIENTED_EDGE('',*,*,#2114,.F.);
#2538 = PLANE('',#2539);
#2539 = AXIS2_PLACEMENT_3D('',#2540,#2541,#2542);
#2540 = CARTESIAN_POINT('',(2.11E-15,16.35,42.));
#2541 = DIRECTION('',(0.,-2.2E-16,1.));
#2542 = DIRECTION('',(1.,0.,0.));
#2543 = ADVANCED_FACE('',(#2544),#2555,.F.);
#2544 = FACE_BOUND('',#2545,.F.);
#2545 = EDGE_LOOP('',(#2546,#2552,#2553,#2554));
#2546 = ORIENTED_EDGE('',*,*,#2547,.T.);
#2547 = EDGE_CURVE('',#2171,#2488,#2548,.T.);
#2548 = LINE('',#2549,#2550);
#2549 = CARTESIAN_POINT('',(-15.5,28.85,47.));
#2550 = VECTOR('',#2551,1.);
#2551 = DIRECTION('',(0.,0.,-1.));
#2552 = ORIENTED_EDGE('',*,*,#2487,.T.);
#2553 = ORIENTED_EDGE('',*,*,#2547,.F.);
#2554 = ORIENTED_EDGE('',*,*,#2170,.F.);
#2555 = CYLINDRICAL_SURFACE('',#2556,3.);
#2556 = AXIS2_PLACEMENT_3D('',#2557,#2558,#2559);
#2557 = CARTESIAN_POINT('',(-12.5,28.85,47.));
#2558 = DIRECTION('',(0.,0.,1.));
#2559 = DIRECTION('',(-1.,1.2E-16,0.));
#2560 = ADVANCED_FACE('',(#2561),#2572,.F.);
#2561 = FACE_BOUND('',#2562,.F.);
#2562 = EDGE_LOOP('',(#2563,#2569,#2570,#2571));
#2563 = ORIENTED_EDGE('',*,*,#2564,.T.);
#2564 = EDGE_CURVE('',#2182,#2528,#2565,.T.);
#2565 = LINE('',#2566,#2567);
#2566 = CARTESIAN_POINT('',(-15.5,3.85,47.));
#2567 = VECTOR('',#2568,1.);
#2568 = DIRECTION('',(0.,0.,-1.));
#2569 = ORIENTED_EDGE('',*,*,#2527,.T.);
#2570 = ORIENTED_EDGE('',*,*,#2564,.F.);
#2571 = ORIENTED_EDGE('',*,*,#2181,.F.);
#2572 = CYLINDRICAL_SURFACE('',#2573,3.);
#2573 = AXIS2_PLACEMENT_3D('',#2574,#2575,#2576);
#2574 = CARTESIAN_POINT('',(-12.5,3.85,47.));
#2575 = DIRECTION('',(0.,0.,1.));
#2576 = DIRECTION('',(-1.,1.2E-16,0.));
#2577 = ADVANCED_FACE('',(#2578),#2589,.F.);
#2578 = FACE_BOUND('',#2579,.F.);
#2579 = EDGE_LOOP('',(#2580,#2586,#2587,#2588));
#2580 = ORIENTED_EDGE('',*,*,#2581,.T.);
#2581 = EDGE_CURVE('',#2196,#2468,#2582,.T.);
#2582 = LINE('',#2583,#2584);
#2583 = CARTESIAN_POINT('',(9.5,28.85,47.));
#2584 = VECTOR('',#2585,1.);
#2585 = DIRECTION('',(0.,0.,-1.));
#2586 = ORIENTED_EDGE('',*,*,#2467,.T.);
#2587 = ORIENTED_EDGE('',*,*,#2581,.F.);
#2588 = ORIENTED_EDGE('',*,*,#2195,.F.);
#2589 = CYLINDRICAL_SURFACE('',#2590,3.);
#2590 = AXIS2_PLACEMENT_3D('',#2591,#2592,#2593);
#2591 = CARTESIAN_POINT('',(12.5,28.85,47.));
#2592 = DIRECTION('',(0.,0.,1.));
#2593 = DIRECTION('',(-1.,1.2E-16,0.));
#2594 = ADVANCED_FACE('',(#2595),#2606,.F.);
#2595 = FACE_BOUND('',#2596,.F.);
#2596 = EDGE_LOOP('',(#2597,#2603,#2604,#2605));
#2597 = ORIENTED_EDGE('',*,*,#2598,.T.);
#2598 = EDGE_CURVE('',#2207,#2508,#2599,.T.);
#2599 = LINE('',#2600,#2601);
#2600 = CARTESIAN_POINT('',(9.5,3.85,47.));
#2601 = VECTOR('',#2602,1.);
#2602 = DIRECTION('',(0.,0.,-1.));
#2603 = ORIENTED_EDGE('',*,*,#2507,.T.);
#2604 = ORIENTED_EDGE('',*,*,#2598,.F.);
#2605 = ORIENTED_EDGE('',*,*,#2206,.F.);
#2606 = CYLINDRICAL_SURFACE('',#2607,3.);
#2607 = AXIS2_PLACEMENT_3D('',#2608,#2609,#2610);
#2608 = CARTESIAN_POINT('',(12.5,3.85,47.));
#2609 = DIRECTION('',(0.,0.,1.));
#2610 = DIRECTION('',(-1.,1.2E-16,0.));
#2611 = ADVANCED_FACE('',(#2612),#2623,.T.);
#2612 = FACE_BOUND('',#2613,.T.);
#2613 = EDGE_LOOP('',(#2614,#2615,#2621,#2622));
#2614 = ORIENTED_EDGE('',*,*,#2381,.T.);
#2615 = ORIENTED_EDGE('',*,*,#2616,.T.);
#2616 = EDGE_CURVE('',#2357,#2439,#2617,.T.);
#2617 = LINE('',#2618,#2619);
#2618 = CARTESIAN_POINT('',(-27.5,1.26,16.25));
#2619 = VECTOR('',#2620,1.);
#2620 = DIRECTION('',(0.,0.,-1.));
#2621 = ORIENTED_EDGE('',*,*,#2446,.F.);
#2622 = ORIENTED_EDGE('',*,*,#2277,.F.);
#2623 = CYLINDRICAL_SURFACE('',#2624,2.49);
#2624 = AXIS2_PLACEMENT_3D('',#2625,#2626,#2627);
#2625 = CARTESIAN_POINT('',(-29.99,1.26,16.25));
#2626 = DIRECTION('',(0.,0.,-1.));
#2627 = DIRECTION('',(0.,1.,0.));
#2628 = ADVANCED_FACE('',(#2629),#2635,.F.);
#2629 = FACE_BOUND('',#2630,.F.);
#2630 = EDGE_LOOP('',(#2631,#2632,#2633,#2634));
#2631 = ORIENTED_EDGE('',*,*,#2438,.F.);
#2632 = ORIENTED_EDGE('',*,*,#2397,.F.);
#2633 = ORIENTED_EDGE('',*,*,#2354,.T.);
#2634 = ORIENTED_EDGE('',*,*,#2616,.T.);
#2635 = PLANE('',#2636);
#2636 = AXIS2_PLACEMENT_3D('',#2637,#2638,#2639);
#2637 = CARTESIAN_POINT('',(-27.5,-4.25,16.25));
#2638 = DIRECTION('',(-1.,0.,0.));
#2639 = DIRECTION('',(0.,-2.2E-16,-1.));
#2640 = ( GEOMETRIC_REPRESENTATION_CONTEXT(3) 
GLOBAL_UNCERTAINTY_ASSIGNED_CONTEXT((#2644)) 
GLOBAL_UNIT_ASSIGNED_CONTEXT((#2641,#2642,#2643)) REPRESENTATION_CONTEXT
('Context #1','3D Context with UNIT and UNCERTAINTY') );
#2641 = ( LENGTH_UNIT() NAMED_UNIT(*) SI_UNIT(.MILLI.,.METRE.) );
#2642 = ( NAMED_UNIT(*) PLANE_ANGLE_UNIT() SI_UNIT($,.RADIAN.) );
#2643 = ( NAMED_UNIT(*) SI_UNIT($,.STERADIAN.) SOLID_ANGLE_UNIT() );
#2644 = UNCERTAINTY_MEASURE_WITH_UNIT(LENGTH_MEASURE(1.E-04),#2641,
  'distance_accuracy_value','confusion accuracy');
#2645 = PRODUCT_RELATED_PRODUCT_CATEGORY('part',$,(#7));
#2646 = MECHANICAL_DESIGN_GEOMETRIC_PRESENTATION_REPRESENTATION('',(
    #2647),#2640);
#2647 = STYLED_ITEM('color',(#2648),#15);
#2648 = PRESENTATION_STYLE_ASSIGNMENT((#2649,#2655));
#2649 = SURFACE_STYLE_USAGE(.BOTH.,#2650);
#2650 = SURFACE_SIDE_STYLE('',(#2651));
#2651 = SURFACE_STYLE_FILL_AREA(#2652);
#2652 = FILL_AREA_STYLE('',(#2653));
#2653 = FILL_AREA_STYLE_COLOUR('',#2654);
#2654 = COLOUR_RGB('',0.447058818107,0.474509808674,0.501960817233);
#2655 = CURVE_STYLE('',#2656,POSITIVE_LENGTH_MEASURE(0.1),#2657);
#2656 = DRAUGHTING_PRE_DEFINED_CURVE_FONT('continuous');
#2657 = COLOUR_RGB('',9.803921802644E-02,9.803921802644E-02,
  9.803921802644E-02);
ENDSEC;
END-ISO-10303-21;
