ISO-10303-21;
HEADER;
FILE_DESCRIPTION(('FreeCAD Model'),'2;1');
FILE_NAME('Open CASCADE Shape Model','2025-12-09T16:25:21',(''),(''),
  'Open CASCADE STEP processor 7.8','FreeCAD','Unknown');
FILE_SCHEMA(('AUTOMOTIVE_DESIGN { 1 0 10303 214 1 1 1 1 }'));
ENDSEC;
DATA;
#1 = APPLICATION_PROTOCOL_DEFINITION('international standard',
  'automotive_design',2000,#2);
#2 = APPLICATION_CONTEXT(
  'core data for automotive mechanical design processes');
#3 = SHAPE_DEFINITION_REPRESENTATION(#4,#10);
#4 = PRODUCT_DEFINITION_SHAPE('','',#5);
#5 = PRODUCT_DEFINITION('design','',#6,#9);
#6 = PRODUCT_DEFINITION_FORMATION('','',#7);
#7 = PRODUCT('mocowanie głowicy tyl','mocowanie głowicy tyl','',(#8));
#8 = PRODUCT_CONTEXT('',#2,'mechanical');
#9 = PRODUCT_DEFINITION_CONTEXT('part definition',#2,'design');
#10 = ADVANCED_BREP_SHAPE_REPRESENTATION('',(#11,#15),#3767);
#11 = AXIS2_PLACEMENT_3D('',#12,#13,#14);
#12 = CARTESIAN_POINT('',(0.,0.,0.));
#13 = DIRECTION('',(0.,0.,1.));
#14 = DIRECTION('',(1.,0.,-0.));
#15 = MANIFOLD_SOLID_BREP('',#16);
#16 = CLOSED_SHELL('',(#17,#91,#136,#168,#373,#410,#459,#484,#508,#542,
    #615,#639,#670,#743,#767,#804,#841,#869,#900,#924,#948,#972,#1003,
    #1027,#1067,#1107,#1131,#1193,#1217,#1257,#1288,#1312,#1343,#1383,
    #1406,#1417,#1434,#1446,#1476,#1499,#1529,#1584,#1639,#1705,#1721,
    #1796,#1850,#1900,#1924,#1941,#1981,#2000,#2024,#2048,#2104,#2120,
    #2185,#2234,#2264,#2280,#2302,#2314,#2331,#2348,#2373,#2398,#2422,
    #2446,#2477,#2499,#2516,#2540,#2598,#2623,#2648,#2687,#2705,#2722,
    #2734,#2746,#2771,#2795,#2826,#2856,#2868,#2880,#2962,#2979,#2996,
    #3040,#3062,#3073,#3089,#3100,#3117,#3137,#3168,#3182,#3240,#3270,
    #3279,#3288,#3347,#3377,#3401,#3425,#3443,#3455,#3471,#3519,#3559,
    #3576,#3611,#3628,#3683,#3700,#3755));
#17 = ADVANCED_FACE('',(#18,#52),#86,.F.);
#18 = FACE_BOUND('',#19,.F.);
#19 = EDGE_LOOP('',(#20,#30,#38,#46));
#20 = ORIENTED_EDGE('',*,*,#21,.T.);
#21 = EDGE_CURVE('',#22,#24,#26,.T.);
#22 = VERTEX_POINT('',#23);
#23 = CARTESIAN_POINT('',(-23.,-3.35,-0.6));
#24 = VERTEX_POINT('',#25);
#25 = CARTESIAN_POINT('',(-32.51,-3.35,-0.6));
#26 = LINE('',#27,#28);
#27 = CARTESIAN_POINT('',(-23.,-3.35,-0.6));
#28 = VECTOR('',#29,1.);
#29 = DIRECTION('',(-1.,0.,0.));
#30 = ORIENTED_EDGE('',*,*,#31,.T.);
#31 = EDGE_CURVE('',#24,#32,#34,.T.);
#32 = VERTEX_POINT('',#33);
#33 = CARTESIAN_POINT('',(-32.51,-3.35,-14.4));
#34 = LINE('',#35,#36);
#35 = CARTESIAN_POINT('',(-32.51,-3.35,-0.6));
#36 = VECTOR('',#37,1.);
#37 = DIRECTION('',(0.,0.,-1.));
#38 = ORIENTED_EDGE('',*,*,#39,.F.);
#39 = EDGE_CURVE('',#40,#32,#42,.T.);
#40 = VERTEX_POINT('',#41);
#41 = CARTESIAN_POINT('',(-23.,-3.35,-14.4));
#42 = LINE('',#43,#44);
#43 = CARTESIAN_POINT('',(-23.,-3.35,-14.4));
#44 = VECTOR('',#45,1.);
#45 = DIRECTION('',(-1.,0.,0.));
#46 = ORIENTED_EDGE('',*,*,#47,.F.);
#47 = EDGE_CURVE('',#22,#40,#48,.T.);
#48 = LINE('',#49,#50);
#49 = CARTESIAN_POINT('',(-23.,-3.35,0.));
#50 = VECTOR('',#51,1.);
#51 = DIRECTION('',(0.,0.,-1.));
#52 = FACE_BOUND('',#53,.F.);
#53 = EDGE_LOOP('',(#54,#64,#72,#80));
#54 = ORIENTED_EDGE('',*,*,#55,.T.);
#55 = EDGE_CURVE('',#56,#58,#60,.T.);
#56 = VERTEX_POINT('',#57);
#57 = CARTESIAN_POINT('',(-25.,-3.35,-12.5));
#58 = VERTEX_POINT('',#59);
#59 = CARTESIAN_POINT('',(-32.5,-3.35,-12.5));
#60 = LINE('',#61,#62);
#61 = CARTESIAN_POINT('',(-24.,-3.35,-12.5));
#62 = VECTOR('',#63,1.);
#63 = DIRECTION('',(-1.,-0.,-0.));
#64 = ORIENTED_EDGE('',*,*,#65,.T.);
#65 = EDGE_CURVE('',#58,#66,#68,.T.);
#66 = VERTEX_POINT('',#67);
#67 = CARTESIAN_POINT('',(-32.5,-3.35,-2.5));
#68 = LINE('',#69,#70);
#69 = CARTESIAN_POINT('',(-32.5,-3.35,-12.5));
#70 = VECTOR('',#71,1.);
#71 = DIRECTION('',(0.,2.22044604925E-16,1.));
#72 = ORIENTED_EDGE('',*,*,#73,.T.);
#73 = EDGE_CURVE('',#66,#74,#76,.T.);
#74 = VERTEX_POINT('',#75);
#75 = CARTESIAN_POINT('',(-25.,-3.35,-2.5));
#76 = LINE('',#77,#78);
#77 = CARTESIAN_POINT('',(-30.,-3.35,-2.5));
#78 = VECTOR('',#79,1.);
#79 = DIRECTION('',(1.,0.,0.));
#80 = ORIENTED_EDGE('',*,*,#81,.T.);
#81 = EDGE_CURVE('',#74,#56,#82,.T.);
#82 = LINE('',#83,#84);
#83 = CARTESIAN_POINT('',(-25.,-3.35,-2.5));
#84 = VECTOR('',#85,1.);
#85 = DIRECTION('',(0.,-2.22044604925E-16,-1.));
#86 = PLANE('',#87);
#87 = AXIS2_PLACEMENT_3D('',#88,#89,#90);
#88 = CARTESIAN_POINT('',(-23.,-3.35,0.));
#89 = DIRECTION('',(-0.,-1.,-0.));
#90 = DIRECTION('',(0.,0.,-1.));
#91 = ADVANCED_FACE('',(#92),#131,.T.);
#92 = FACE_BOUND('',#93,.F.);
#93 = EDGE_LOOP('',(#94,#95,#104,#112));
#94 = ORIENTED_EDGE('',*,*,#21,.F.);
#95 = ORIENTED_EDGE('',*,*,#96,.T.);
#96 = EDGE_CURVE('',#22,#97,#99,.T.);
#97 = VERTEX_POINT('',#98);
#98 = CARTESIAN_POINT('',(-23.,-3.95,1.110223024625E-16));
#99 = CIRCLE('',#100,0.6);
#100 = AXIS2_PLACEMENT_3D('',#101,#102,#103);
#101 = CARTESIAN_POINT('',(-23.,-3.95,-0.6));
#102 = DIRECTION('',(1.,-0.,0.));
#103 = DIRECTION('',(0.,0.,-1.));
#104 = ORIENTED_EDGE('',*,*,#105,.T.);
#105 = EDGE_CURVE('',#97,#106,#108,.T.);
#106 = VERTEX_POINT('',#107);
#107 = CARTESIAN_POINT('',(-32.4,-3.95,1.110223024625E-16));
#108 = LINE('',#109,#110);
#109 = CARTESIAN_POINT('',(-23.,-3.95,1.110223024625E-16));
#110 = VECTOR('',#111,1.);
#111 = DIRECTION('',(-1.,0.,0.));
#112 = ORIENTED_EDGE('',*,*,#113,.T.);
#113 = EDGE_CURVE('',#106,#24,#114,.T.);
#114 = ( BOUNDED_CURVE() B_SPLINE_CURVE(8,(#115,#116,#117,#118,#119,#120
    ,#121,#122,#123,#124,#125,#126,#127,#128,#129,#130),.UNSPECIFIED.,
.F.,.F.) B_SPLINE_CURVE_WITH_KNOTS((9,7,9),(0.,0.573029668356,
1.146059336711),.UNSPECIFIED.) CURVE() GEOMETRIC_REPRESENTATION_ITEM() 
RATIONAL_B_SPLINE_CURVE((1.,1.,1.,1.,1.,1.,1.,1.,1.,1.,1.,1.,1.,1.,1.,1.
)) REPRESENTATION_ITEM('') );
#115 = CARTESIAN_POINT('',(-32.4,-3.95,1.110223024625E-16));
#116 = CARTESIAN_POINT('',(-32.41825212728,-3.850442942091,
    -2.22044604925E-16));
#117 = CARTESIAN_POINT('',(-32.43656587811,-3.750830507503,
    -1.881671929463E-02));
#118 = CARTESIAN_POINT('',(-32.45284759707,-3.656286537205,
    -5.68334654278E-02));
#119 = CARTESIAN_POINT('',(-32.46622959115,-3.570909563609,
    -0.111255664656));
#120 = CARTESIAN_POINT('',(-32.47426238757,-3.499824190735,
    -0.179884469214));
#121 = CARTESIAN_POINT('',(-32.47603033173,-3.446855903189,
    -0.256218535129));
#122 = CARTESIAN_POINT('',(-32.47488949531,-3.411465744832,
    -0.327624727752));
#123 = CARTESIAN_POINT('',(-32.47416423368,-3.365696871167,
    -0.44901229667));
#124 = CARTESIAN_POINT('',(-32.47449923386,-3.355371447579,
    -0.499102945849));
#125 = CARTESIAN_POINT('',(-32.47876124832,-3.353466157682,
    -0.532182041897));
#126 = CARTESIAN_POINT('',(-32.48990132927,-3.351329184245,
    -0.550258044736));
#127 = CARTESIAN_POINT('',(-32.49886941443,-3.35070739879,
    -0.566633287498));
#128 = CARTESIAN_POINT('',(-32.5064019084,-3.350217252049,
    -0.578308140232));
#129 = CARTESIAN_POINT('',(-32.51,-3.35,-0.589200824691));
#130 = CARTESIAN_POINT('',(-32.51,-3.35,-0.6));
#131 = CYLINDRICAL_SURFACE('',#132,0.6);
#132 = AXIS2_PLACEMENT_3D('',#133,#134,#135);
#133 = CARTESIAN_POINT('',(-23.,-3.95,-0.6));
#134 = DIRECTION('',(-1.,0.,0.));
#135 = DIRECTION('',(0.,1.,0.));
#136 = ADVANCED_FACE('',(#137),#163,.T.);
#137 = FACE_BOUND('',#138,.F.);
#138 = EDGE_LOOP('',(#139,#147,#155,#162));
#139 = ORIENTED_EDGE('',*,*,#140,.T.);
#140 = EDGE_CURVE('',#24,#141,#143,.T.);
#141 = VERTEX_POINT('',#142);
#142 = CARTESIAN_POINT('',(-33.,-3.84,-0.6));
#143 = ( BOUNDED_CURVE() B_SPLINE_CURVE(2,(#144,#145,#146),
.UNSPECIFIED.,.F.,.F.) B_SPLINE_CURVE_WITH_KNOTS((3,3),(0.,
1.146059336711),.PIECEWISE_BEZIER_KNOTS.) CURVE() 
GEOMETRIC_REPRESENTATION_ITEM() RATIONAL_B_SPLINE_CURVE((1.,
0.707106781187,1.)) REPRESENTATION_ITEM('') );
#144 = CARTESIAN_POINT('',(-32.51,-3.35,-0.6));
#145 = CARTESIAN_POINT('',(-33.,-3.35,-0.6));
#146 = CARTESIAN_POINT('',(-33.,-3.84,-0.6));
#147 = ORIENTED_EDGE('',*,*,#148,.T.);
#148 = EDGE_CURVE('',#141,#149,#151,.T.);
#149 = VERTEX_POINT('',#150);
#150 = CARTESIAN_POINT('',(-33.,-3.84,-14.4));
#151 = LINE('',#152,#153);
#152 = CARTESIAN_POINT('',(-33.,-3.84,-0.6));
#153 = VECTOR('',#154,1.);
#154 = DIRECTION('',(0.,0.,-1.));
#155 = ORIENTED_EDGE('',*,*,#156,.F.);
#156 = EDGE_CURVE('',#32,#149,#157,.T.);
#157 = CIRCLE('',#158,0.49);
#158 = AXIS2_PLACEMENT_3D('',#159,#160,#161);
#159 = CARTESIAN_POINT('',(-32.51,-3.84,-14.4));
#160 = DIRECTION('',(0.,-0.,1.));
#161 = DIRECTION('',(0.,1.,0.));
#162 = ORIENTED_EDGE('',*,*,#31,.F.);
#163 = CYLINDRICAL_SURFACE('',#164,0.49);
#164 = AXIS2_PLACEMENT_3D('',#165,#166,#167);
#165 = CARTESIAN_POINT('',(-32.51,-3.84,-0.6));
#166 = DIRECTION('',(0.,0.,-1.));
#167 = DIRECTION('',(0.,1.,0.));
#168 = ADVANCED_FACE('',(#169,#222),#368,.T.);
#169 = FACE_BOUND('',#170,.T.);
#170 = EDGE_LOOP('',(#171,#172,#173,#181,#190,#198,#207,#215));
#171 = ORIENTED_EDGE('',*,*,#47,.F.);
#172 = ORIENTED_EDGE('',*,*,#96,.T.);
#173 = ORIENTED_EDGE('',*,*,#174,.F.);
#174 = EDGE_CURVE('',#175,#97,#177,.T.);
#175 = VERTEX_POINT('',#176);
#176 = CARTESIAN_POINT('',(-23.,-10.75,1.110223024625E-16));
#177 = LINE('',#178,#179);
#178 = CARTESIAN_POINT('',(-23.,-11.35,0.));
#179 = VECTOR('',#180,1.);
#180 = DIRECTION('',(0.,1.,0.));
#181 = ORIENTED_EDGE('',*,*,#182,.F.);
#182 = EDGE_CURVE('',#183,#175,#185,.T.);
#183 = VERTEX_POINT('',#184);
#184 = CARTESIAN_POINT('',(-23.,-11.35,-0.6));
#185 = CIRCLE('',#186,0.6);
#186 = AXIS2_PLACEMENT_3D('',#187,#188,#189);
#187 = CARTESIAN_POINT('',(-23.,-10.75,-0.6));
#188 = DIRECTION('',(-1.,0.,0.));
#189 = DIRECTION('',(0.,0.,-1.));
#190 = ORIENTED_EDGE('',*,*,#191,.F.);
#191 = EDGE_CURVE('',#192,#183,#194,.T.);
#192 = VERTEX_POINT('',#193);
#193 = CARTESIAN_POINT('',(-23.,-11.35,-14.4));
#194 = LINE('',#195,#196);
#195 = CARTESIAN_POINT('',(-23.,-11.35,-15.));
#196 = VECTOR('',#197,1.);
#197 = DIRECTION('',(0.,0.,1.));
#198 = ORIENTED_EDGE('',*,*,#199,.F.);
#199 = EDGE_CURVE('',#200,#192,#202,.T.);
#200 = VERTEX_POINT('',#201);
#201 = CARTESIAN_POINT('',(-23.,-10.75,-15.));
#202 = CIRCLE('',#203,0.6);
#203 = AXIS2_PLACEMENT_3D('',#204,#205,#206);
#204 = CARTESIAN_POINT('',(-23.,-10.75,-14.4));
#205 = DIRECTION('',(-1.,0.,0.));
#206 = DIRECTION('',(0.,0.,-1.));
#207 = ORIENTED_EDGE('',*,*,#208,.F.);
#208 = EDGE_CURVE('',#209,#200,#211,.T.);
#209 = VERTEX_POINT('',#210);
#210 = CARTESIAN_POINT('',(-23.,-3.95,-15.));
#211 = LINE('',#212,#213);
#212 = CARTESIAN_POINT('',(-23.,-3.35,-15.));
#213 = VECTOR('',#214,1.);
#214 = DIRECTION('',(0.,-1.,0.));
#215 = ORIENTED_EDGE('',*,*,#216,.F.);
#216 = EDGE_CURVE('',#40,#209,#217,.T.);
#217 = CIRCLE('',#218,0.6);
#218 = AXIS2_PLACEMENT_3D('',#219,#220,#221);
#219 = CARTESIAN_POINT('',(-23.,-3.95,-14.4));
#220 = DIRECTION('',(-1.,0.,0.));
#221 = DIRECTION('',(0.,0.,-1.));
#222 = FACE_BOUND('',#223,.T.);
#223 = EDGE_LOOP('',(#224,#234,#242,#250,#258,#266,#274,#282,#290,#298,
    #306,#314,#322,#330,#338,#346,#354,#362));
#224 = ORIENTED_EDGE('',*,*,#225,.T.);
#225 = EDGE_CURVE('',#226,#228,#230,.T.);
#226 = VERTEX_POINT('',#227);
#227 = CARTESIAN_POINT('',(-23.,-6.25,-17.));
#228 = VERTEX_POINT('',#229);
#229 = CARTESIAN_POINT('',(-23.,-6.26,-17.01));
#230 = LINE('',#231,#232);
#231 = CARTESIAN_POINT('',(-23.,-4.8175,-15.5675));
#232 = VECTOR('',#233,1.);
#233 = DIRECTION('',(0.,-0.707106781187,-0.707106781187));
#234 = ORIENTED_EDGE('',*,*,#235,.T.);
#235 = EDGE_CURVE('',#228,#236,#238,.T.);
#236 = VERTEX_POINT('',#237);
#237 = CARTESIAN_POINT('',(-23.,-12.24,-17.01));
#238 = LINE('',#239,#240);
#239 = CARTESIAN_POINT('',(-23.,-7.25,-17.01));
#240 = VECTOR('',#241,1.);
#241 = DIRECTION('',(0.,-1.,0.));
#242 = ORIENTED_EDGE('',*,*,#243,.T.);
#243 = EDGE_CURVE('',#236,#244,#246,.T.);
#244 = VERTEX_POINT('',#245);
#245 = CARTESIAN_POINT('',(-23.,-12.25,-17.));
#246 = LINE('',#247,#248);
#247 = CARTESIAN_POINT('',(-23.,-13.6225,-15.6275));
#248 = VECTOR('',#249,1.);
#249 = DIRECTION('',(0.,-0.707106781187,0.707106781187));
#250 = ORIENTED_EDGE('',*,*,#251,.T.);
#251 = EDGE_CURVE('',#244,#252,#254,.T.);
#252 = VERTEX_POINT('',#253);
#253 = CARTESIAN_POINT('',(-23.,-47.5,-17.));
#254 = LINE('',#255,#256);
#255 = CARTESIAN_POINT('',(-23.,-12.25,-17.));
#256 = VECTOR('',#257,1.);
#257 = DIRECTION('',(0.,-1.,2.22044604925E-16));
#258 = ORIENTED_EDGE('',*,*,#259,.F.);
#259 = EDGE_CURVE('',#260,#252,#262,.T.);
#260 = VERTEX_POINT('',#261);
#261 = CARTESIAN_POINT('',(-23.,-47.5,-14.));
#262 = LINE('',#263,#264);
#263 = CARTESIAN_POINT('',(-23.,-47.5,-13.15));
#264 = VECTOR('',#265,1.);
#265 = DIRECTION('',(0.,-2.22044604925E-16,-1.));
#266 = ORIENTED_EDGE('',*,*,#267,.F.);
#267 = EDGE_CURVE('',#268,#260,#270,.T.);
#268 = VERTEX_POINT('',#269);
#269 = CARTESIAN_POINT('',(-23.,-12.25,-14.));
#270 = LINE('',#271,#272);
#271 = CARTESIAN_POINT('',(-23.,-7.5,-14.));
#272 = VECTOR('',#273,1.);
#273 = DIRECTION('',(0.,-1.,2.22044604925E-16));
#274 = ORIENTED_EDGE('',*,*,#275,.T.);
#275 = EDGE_CURVE('',#268,#276,#278,.T.);
#276 = VERTEX_POINT('',#277);
#277 = CARTESIAN_POINT('',(-23.,-12.25,2.));
#278 = LINE('',#279,#280);
#279 = CARTESIAN_POINT('',(-23.,-12.25,-6.712123287671));
#280 = VECTOR('',#281,1.);
#281 = DIRECTION('',(0.,0.,1.));
#282 = ORIENTED_EDGE('',*,*,#283,.F.);
#283 = EDGE_CURVE('',#284,#276,#286,.T.);
#284 = VERTEX_POINT('',#285);
#285 = CARTESIAN_POINT('',(-23.,-11.25,3.));
#286 = LINE('',#287,#288);
#287 = CARTESIAN_POINT('',(-23.,-13.5675,0.6825));
#288 = VECTOR('',#289,1.);
#289 = DIRECTION('',(0.,-0.707106781187,-0.707106781187));
#290 = ORIENTED_EDGE('',*,*,#291,.T.);
#291 = EDGE_CURVE('',#284,#292,#294,.T.);
#292 = VERTEX_POINT('',#293);
#293 = CARTESIAN_POINT('',(-23.,-7.25,3.));
#294 = LINE('',#295,#296);
#295 = CARTESIAN_POINT('',(-23.,-9.753508064516,3.));
#296 = VECTOR('',#297,1.);
#297 = DIRECTION('',(0.,1.,0.));
#298 = ORIENTED_EDGE('',*,*,#299,.F.);
#299 = EDGE_CURVE('',#300,#292,#302,.T.);
#300 = VERTEX_POINT('',#301);
#301 = CARTESIAN_POINT('',(-23.,-6.5,2.25));
#302 = LINE('',#303,#304);
#303 = CARTESIAN_POINT('',(-23.,-4.8725,0.6225));
#304 = VECTOR('',#305,1.);
#305 = DIRECTION('',(0.,-0.707106781187,0.707106781187));
#306 = ORIENTED_EDGE('',*,*,#307,.F.);
#307 = EDGE_CURVE('',#308,#300,#310,.T.);
#308 = VERTEX_POINT('',#309);
#309 = CARTESIAN_POINT('',(-23.,-6.5,9.8));
#310 = LINE('',#311,#312);
#311 = CARTESIAN_POINT('',(-23.,-6.5,8.8));
#312 = VECTOR('',#313,1.);
#313 = DIRECTION('',(0.,0.,-1.));
#314 = ORIENTED_EDGE('',*,*,#315,.T.);
#315 = EDGE_CURVE('',#308,#316,#318,.T.);
#316 = VERTEX_POINT('',#317);
#317 = CARTESIAN_POINT('',(-23.,-12.,9.8));
#318 = LINE('',#319,#320);
#319 = CARTESIAN_POINT('',(-23.,-7.5,9.8));
#320 = VECTOR('',#321,1.);
#321 = DIRECTION('',(0.,-1.,2.22044604925E-16));
#322 = ORIENTED_EDGE('',*,*,#323,.F.);
#323 = EDGE_CURVE('',#324,#316,#326,.T.);
#324 = VERTEX_POINT('',#325);
#325 = CARTESIAN_POINT('',(-23.,-12.,19.05));
#326 = LINE('',#327,#328);
#327 = CARTESIAN_POINT('',(-23.,-12.,20.05));
#328 = VECTOR('',#329,1.);
#329 = DIRECTION('',(0.,-2.22044604925E-16,-1.));
#330 = ORIENTED_EDGE('',*,*,#331,.F.);
#331 = EDGE_CURVE('',#332,#324,#334,.T.);
#332 = VERTEX_POINT('',#333);
#333 = CARTESIAN_POINT('',(-23.,-6.5,19.05));
#334 = LINE('',#335,#336);
#335 = CARTESIAN_POINT('',(-23.,-7.5,19.05));
#336 = VECTOR('',#337,1.);
#337 = DIRECTION('',(0.,-1.,2.22044604925E-16));
#338 = ORIENTED_EDGE('',*,*,#339,.F.);
#339 = EDGE_CURVE('',#340,#332,#342,.T.);
#340 = VERTEX_POINT('',#341);
#341 = CARTESIAN_POINT('',(-23.,-6.5,47.));
#342 = LINE('',#343,#344);
#343 = CARTESIAN_POINT('',(-23.,-6.5,47.));
#344 = VECTOR('',#345,1.);
#345 = DIRECTION('',(0.,0.,-1.));
#346 = ORIENTED_EDGE('',*,*,#347,.F.);
#347 = EDGE_CURVE('',#348,#340,#350,.T.);
#348 = VERTEX_POINT('',#349);
#349 = CARTESIAN_POINT('',(-23.,6.5,47.));
#350 = LINE('',#351,#352);
#351 = CARTESIAN_POINT('',(-23.,7.5,47.));
#352 = VECTOR('',#353,1.);
#353 = DIRECTION('',(0.,-1.,0.));
#354 = ORIENTED_EDGE('',*,*,#355,.F.);
#355 = EDGE_CURVE('',#356,#348,#358,.T.);
#356 = VERTEX_POINT('',#357);
#357 = CARTESIAN_POINT('',(-23.,6.5,-17.));
#358 = LINE('',#359,#360);
#359 = CARTESIAN_POINT('',(-23.,6.5,-18.));
#360 = VECTOR('',#361,1.);
#361 = DIRECTION('',(0.,0.,1.));
#362 = ORIENTED_EDGE('',*,*,#363,.T.);
#363 = EDGE_CURVE('',#356,#226,#364,.T.);
#364 = LINE('',#365,#366);
#365 = CARTESIAN_POINT('',(-23.,7.5,-17.));
#366 = VECTOR('',#367,1.);
#367 = DIRECTION('',(-1.110223024625E-16,-1.,-2.22044604925E-16));
#368 = PLANE('',#369);
#369 = AXIS2_PLACEMENT_3D('',#370,#371,#372);
#370 = CARTESIAN_POINT('',(-23.,-10.44958218423,5.14075341632));
#371 = DIRECTION('',(-1.,-0.,-0.));
#372 = DIRECTION('',(0.,0.,-1.));
#373 = ADVANCED_FACE('',(#374),#405,.T.);
#374 = FACE_BOUND('',#375,.T.);
#375 = EDGE_LOOP('',(#376,#377,#378,#386));
#376 = ORIENTED_EDGE('',*,*,#39,.F.);
#377 = ORIENTED_EDGE('',*,*,#216,.T.);
#378 = ORIENTED_EDGE('',*,*,#379,.T.);
#379 = EDGE_CURVE('',#209,#380,#382,.T.);
#380 = VERTEX_POINT('',#381);
#381 = CARTESIAN_POINT('',(-32.4,-3.95,-15.));
#382 = LINE('',#383,#384);
#383 = CARTESIAN_POINT('',(-23.,-3.95,-15.));
#384 = VECTOR('',#385,1.);
#385 = DIRECTION('',(-1.,0.,0.));
#386 = ORIENTED_EDGE('',*,*,#387,.F.);
#387 = EDGE_CURVE('',#32,#380,#388,.T.);
#388 = ( BOUNDED_CURVE() B_SPLINE_CURVE(8,(#389,#390,#391,#392,#393,#394
    ,#395,#396,#397,#398,#399,#400,#401,#402,#403,#404),.UNSPECIFIED.,
.F.,.F.) B_SPLINE_CURVE_WITH_KNOTS((9,7,9),(14.946059336711,
15.519089005067,16.092118673422),.UNSPECIFIED.) CURVE() 
GEOMETRIC_REPRESENTATION_ITEM() RATIONAL_B_SPLINE_CURVE((1.,1.,1.,1.,1.,
1.,1.,1.,1.,1.,1.,1.,1.,1.,1.,1.)) REPRESENTATION_ITEM('') );
#389 = CARTESIAN_POINT('',(-32.51,-3.35,-14.4));
#390 = CARTESIAN_POINT('',(-32.51,-3.35,-14.4107991753));
#391 = CARTESIAN_POINT('',(-32.5064019084,-3.350217252049,
    -14.42169185976));
#392 = CARTESIAN_POINT('',(-32.49886941443,-3.35070739879,-14.4333667125
    ));
#393 = CARTESIAN_POINT('',(-32.48990132927,-3.351329184245,
    -14.44974195526));
#394 = CARTESIAN_POINT('',(-32.47876124832,-3.353466157682,
    -14.4678179581));
#395 = CARTESIAN_POINT('',(-32.47449923386,-3.355371447579,
    -14.50089705415));
#396 = CARTESIAN_POINT('',(-32.47416423368,-3.365696871167,
    -14.55098770333));
#397 = CARTESIAN_POINT('',(-32.47488949531,-3.411465744832,
    -14.67237527224));
#398 = CARTESIAN_POINT('',(-32.47603033173,-3.446855903189,
    -14.74378146487));
#399 = CARTESIAN_POINT('',(-32.47426238757,-3.499824190735,
    -14.82011553078));
#400 = CARTESIAN_POINT('',(-32.46622959115,-3.570909563609,
    -14.88874433534));
#401 = CARTESIAN_POINT('',(-32.45284759707,-3.656286537205,
    -14.94316653457));
#402 = CARTESIAN_POINT('',(-32.43656587811,-3.750830507503,
    -14.9811832807));
#403 = CARTESIAN_POINT('',(-32.41825212728,-3.850442942091,-15.));
#404 = CARTESIAN_POINT('',(-32.4,-3.95,-15.));
#405 = CYLINDRICAL_SURFACE('',#406,0.6);
#406 = AXIS2_PLACEMENT_3D('',#407,#408,#409);
#407 = CARTESIAN_POINT('',(-23.,-3.95,-14.4));
#408 = DIRECTION('',(-1.,0.,0.));
#409 = DIRECTION('',(0.,1.,0.));
#410 = ADVANCED_FACE('',(#411),#454,.F.);
#411 = FACE_BOUND('',#412,.F.);
#412 = EDGE_LOOP('',(#413,#423,#430,#431,#439,#447));
#413 = ORIENTED_EDGE('',*,*,#414,.F.);
#414 = EDGE_CURVE('',#415,#417,#419,.T.);
#415 = VERTEX_POINT('',#416);
#416 = CARTESIAN_POINT('',(-30.,-5.85,-12.5));
#417 = VERTEX_POINT('',#418);
#418 = CARTESIAN_POINT('',(-30.,-8.85,-12.5));
#419 = LINE('',#420,#421);
#420 = CARTESIAN_POINT('',(-30.,-3.35,-12.5));
#421 = VECTOR('',#422,1.);
#422 = DIRECTION('',(0.,-1.,2.22044604925E-16));
#423 = ORIENTED_EDGE('',*,*,#424,.F.);
#424 = EDGE_CURVE('',#58,#415,#425,.T.);
#425 = CIRCLE('',#426,2.5);
#426 = AXIS2_PLACEMENT_3D('',#427,#428,#429);
#427 = CARTESIAN_POINT('',(-32.5,-5.85,-12.5));
#428 = DIRECTION('',(-0.,-2.22044604925E-16,-1.));
#429 = DIRECTION('',(0.,-1.,2.22044604925E-16));
#430 = ORIENTED_EDGE('',*,*,#55,.F.);
#431 = ORIENTED_EDGE('',*,*,#432,.T.);
#432 = EDGE_CURVE('',#56,#433,#435,.T.);
#433 = VERTEX_POINT('',#434);
#434 = CARTESIAN_POINT('',(-25.,-11.35,-12.5));
#435 = LINE('',#436,#437);
#436 = CARTESIAN_POINT('',(-25.,-3.35,-12.5));
#437 = VECTOR('',#438,1.);
#438 = DIRECTION('',(0.,-1.,2.22044604925E-16));
#439 = ORIENTED_EDGE('',*,*,#440,.T.);
#440 = EDGE_CURVE('',#433,#441,#443,.T.);
#441 = VERTEX_POINT('',#442);
#442 = CARTESIAN_POINT('',(-32.5,-11.35,-12.5));
#443 = LINE('',#444,#445);
#444 = CARTESIAN_POINT('',(-24.,-11.35,-12.5));
#445 = VECTOR('',#446,1.);
#446 = DIRECTION('',(-1.,0.,0.));
#447 = ORIENTED_EDGE('',*,*,#448,.T.);
#448 = EDGE_CURVE('',#441,#417,#449,.T.);
#449 = CIRCLE('',#450,2.5);
#450 = AXIS2_PLACEMENT_3D('',#451,#452,#453);
#451 = CARTESIAN_POINT('',(-32.5,-8.85,-12.5));
#452 = DIRECTION('',(-0.,0.,1.));
#453 = DIRECTION('',(0.,-1.,0.));
#454 = PLANE('',#455);
#455 = AXIS2_PLACEMENT_3D('',#456,#457,#458);
#456 = CARTESIAN_POINT('',(-25.,-3.35,-12.5));
#457 = DIRECTION('',(-0.,-2.22044604925E-16,-1.));
#458 = DIRECTION('',(-1.,0.,0.));
#459 = ADVANCED_FACE('',(#460),#479,.T.);
#460 = FACE_BOUND('',#461,.F.);
#461 = EDGE_LOOP('',(#462,#463,#471,#478));
#462 = ORIENTED_EDGE('',*,*,#424,.T.);
#463 = ORIENTED_EDGE('',*,*,#464,.T.);
#464 = EDGE_CURVE('',#415,#465,#467,.T.);
#465 = VERTEX_POINT('',#466);
#466 = CARTESIAN_POINT('',(-30.,-5.85,-2.5));
#467 = LINE('',#468,#469);
#468 = CARTESIAN_POINT('',(-30.,-5.85,-12.5));
#469 = VECTOR('',#470,1.);
#470 = DIRECTION('',(0.,2.22044604925E-16,1.));
#471 = ORIENTED_EDGE('',*,*,#472,.F.);
#472 = EDGE_CURVE('',#66,#465,#473,.T.);
#473 = CIRCLE('',#474,2.5);
#474 = AXIS2_PLACEMENT_3D('',#475,#476,#477);
#475 = CARTESIAN_POINT('',(-32.5,-5.85,-2.5));
#476 = DIRECTION('',(-0.,-2.22044604925E-16,-1.));
#477 = DIRECTION('',(0.,-1.,2.22044604925E-16));
#478 = ORIENTED_EDGE('',*,*,#65,.F.);
#479 = CYLINDRICAL_SURFACE('',#480,2.5);
#480 = AXIS2_PLACEMENT_3D('',#481,#482,#483);
#481 = CARTESIAN_POINT('',(-32.5,-5.85,-12.5));
#482 = DIRECTION('',(0.,2.22044604925E-16,1.));
#483 = DIRECTION('',(0.,1.,-2.22044604925E-16));
#484 = ADVANCED_FACE('',(#485),#503,.F.);
#485 = FACE_BOUND('',#486,.F.);
#486 = EDGE_LOOP('',(#487,#488,#496,#502));
#487 = ORIENTED_EDGE('',*,*,#81,.F.);
#488 = ORIENTED_EDGE('',*,*,#489,.T.);
#489 = EDGE_CURVE('',#74,#490,#492,.T.);
#490 = VERTEX_POINT('',#491);
#491 = CARTESIAN_POINT('',(-25.,-11.35,-2.5));
#492 = LINE('',#493,#494);
#493 = CARTESIAN_POINT('',(-25.,-3.35,-2.5));
#494 = VECTOR('',#495,1.);
#495 = DIRECTION('',(0.,-1.,2.22044604925E-16));
#496 = ORIENTED_EDGE('',*,*,#497,.T.);
#497 = EDGE_CURVE('',#490,#433,#498,.T.);
#498 = LINE('',#499,#500);
#499 = CARTESIAN_POINT('',(-25.,-11.35,-8.75));
#500 = VECTOR('',#501,1.);
#501 = DIRECTION('',(0.,0.,-1.));
#502 = ORIENTED_EDGE('',*,*,#432,.F.);
#503 = PLANE('',#504);
#504 = AXIS2_PLACEMENT_3D('',#505,#506,#507);
#505 = CARTESIAN_POINT('',(-25.,-3.35,-2.5));
#506 = DIRECTION('',(1.,0.,0.));
#507 = DIRECTION('',(0.,-2.22044604925E-16,-1.));
#508 = ADVANCED_FACE('',(#509),#537,.F.);
#509 = FACE_BOUND('',#510,.F.);
#510 = EDGE_LOOP('',(#511,#519,#528,#534,#535,#536));
#511 = ORIENTED_EDGE('',*,*,#512,.T.);
#512 = EDGE_CURVE('',#465,#513,#515,.T.);
#513 = VERTEX_POINT('',#514);
#514 = CARTESIAN_POINT('',(-30.,-8.85,-2.5));
#515 = LINE('',#516,#517);
#516 = CARTESIAN_POINT('',(-30.,-3.35,-2.5));
#517 = VECTOR('',#518,1.);
#518 = DIRECTION('',(0.,-1.,2.22044604925E-16));
#519 = ORIENTED_EDGE('',*,*,#520,.F.);
#520 = EDGE_CURVE('',#521,#513,#523,.T.);
#521 = VERTEX_POINT('',#522);
#522 = CARTESIAN_POINT('',(-32.5,-11.35,-2.5));
#523 = CIRCLE('',#524,2.5);
#524 = AXIS2_PLACEMENT_3D('',#525,#526,#527);
#525 = CARTESIAN_POINT('',(-32.5,-8.85,-2.5));
#526 = DIRECTION('',(-0.,0.,1.));
#527 = DIRECTION('',(0.,-1.,0.));
#528 = ORIENTED_EDGE('',*,*,#529,.F.);
#529 = EDGE_CURVE('',#490,#521,#530,.T.);
#530 = LINE('',#531,#532);
#531 = CARTESIAN_POINT('',(-26.5,-11.35,-2.5));
#532 = VECTOR('',#533,1.);
#533 = DIRECTION('',(-1.,-0.,-0.));
#534 = ORIENTED_EDGE('',*,*,#489,.F.);
#535 = ORIENTED_EDGE('',*,*,#73,.F.);
#536 = ORIENTED_EDGE('',*,*,#472,.T.);
#537 = PLANE('',#538);
#538 = AXIS2_PLACEMENT_3D('',#539,#540,#541);
#539 = CARTESIAN_POINT('',(-30.,-3.35,-2.5));
#540 = DIRECTION('',(0.,2.22044604925E-16,1.));
#541 = DIRECTION('',(1.,0.,0.));
#542 = ADVANCED_FACE('',(#543),#566,.F.);
#543 = FACE_BOUND('',#544,.F.);
#544 = EDGE_LOOP('',(#545,#564,#565));
#545 = ORIENTED_EDGE('',*,*,#546,.T.);
#546 = EDGE_CURVE('',#106,#141,#547,.T.);
#547 = ( BOUNDED_CURVE() B_SPLINE_CURVE(8,(#548,#549,#550,#551,#552,#553
    ,#554,#555,#556,#557,#558,#559,#560,#561,#562,#563),.UNSPECIFIED.,
.F.,.F.) B_SPLINE_CURVE_WITH_KNOTS((9,7,9),(0.,0.573029668356,
1.146059336711),.UNSPECIFIED.) CURVE() GEOMETRIC_REPRESENTATION_ITEM() 
RATIONAL_B_SPLINE_CURVE((1.,1.,1.,1.,1.,1.,1.,1.,1.,1.,1.,1.,1.,1.,1.,1.
)) REPRESENTATION_ITEM('') );
#548 = CARTESIAN_POINT('',(-32.4,-3.95,1.110223024625E-16));
#549 = CARTESIAN_POINT('',(-32.4995570579,-3.931747872717,
    -3.330669073875E-16));
#550 = CARTESIAN_POINT('',(-32.59916949249,-3.913434121882,
    -1.881671929463E-02));
#551 = CARTESIAN_POINT('',(-32.69371346279,-3.897152402921,
    -5.68334654278E-02));
#552 = CARTESIAN_POINT('',(-32.77909043639,-3.883770408843,
    -0.111255664656));
#553 = CARTESIAN_POINT('',(-32.85017580926,-3.875737612427,
    -0.179884469214));
#554 = CARTESIAN_POINT('',(-32.90314409681,-3.873969668268,
    -0.256218535129));
#555 = CARTESIAN_POINT('',(-32.93853425516,-3.875110504686,
    -0.327624727752));
#556 = CARTESIAN_POINT('',(-32.98430312883,-3.875835766313,
    -0.44901229667));
#557 = CARTESIAN_POINT('',(-32.99462855242,-3.875500766137,
    -0.499102945849));
#558 = CARTESIAN_POINT('',(-32.99653384231,-3.871238751674,
    -0.532182041897));
#559 = CARTESIAN_POINT('',(-32.99867081575,-3.860098670726,
    -0.550258044736));
#560 = CARTESIAN_POINT('',(-32.99929260121,-3.851130585562,
    -0.566633287498));
#561 = CARTESIAN_POINT('',(-32.99978274795,-3.843598091591,
    -0.578308140232));
#562 = CARTESIAN_POINT('',(-33.,-3.84,-0.589200824691));
#563 = CARTESIAN_POINT('',(-33.,-3.84,-0.6));
#564 = ORIENTED_EDGE('',*,*,#140,.F.);
#565 = ORIENTED_EDGE('',*,*,#113,.F.);
#566 = ( BOUNDED_SURFACE() B_SPLINE_SURFACE(2,8,(
    (#567,#568,#569,#570,#571,#572,#573,#574,#575,#576,#577,#578,#579
      ,#580,#581,#582)
    ,(#583,#584,#585,#586,#587,#588,#589,#590,#591,#592,#593,#594,#595
      ,#596,#597,#598)
    ,(#599,#600,#601,#602,#603,#604,#605,#606,#607,#608,#609,#610,#611
      ,#612,#613,#614
)),.UNSPECIFIED.,.F.,.F.,.F.) B_SPLINE_SURFACE_WITH_KNOTS((3,3),(9,7,9),
  (0.,1.146059336711),(0.,0.573029668356,1.146059336711),.UNSPECIFIED.) 
GEOMETRIC_REPRESENTATION_ITEM() RATIONAL_B_SPLINE_SURFACE((
    (1.,1.,1.,1.,1.,1.,1.,1.,1.,1.,1.,1.,1.,1.,1.,1.)
    ,(1.,1.,0.984356015514,0.95252867457,0.907869790288,0.852424958064
      ,0.79323220924,0.744689502578,0.678438167075,0.660533644684
      ,0.663719900308,0.680656305453,0.691607515014,0.702328814239
      ,0.707106781187,0.707106781187)
    ,(1.,1.,1.,1.,1.,1.,1.,1.,1.,1.,1.,1.,1.,1.,1.,1.
))) REPRESENTATION_ITEM('') SURFACE() );
#567 = CARTESIAN_POINT('',(-32.4,-3.95,1.110223024625E-16));
#568 = CARTESIAN_POINT('',(-32.41825212728,-3.850442942091,
    -2.22044604925E-16));
#569 = CARTESIAN_POINT('',(-32.43656587811,-3.750830507503,
    -1.881671929463E-02));
#570 = CARTESIAN_POINT('',(-32.45284759707,-3.656286537205,
    -5.68334654278E-02));
#571 = CARTESIAN_POINT('',(-32.46622959115,-3.570909563609,
    -0.111255664656));
#572 = CARTESIAN_POINT('',(-32.47426238757,-3.499824190735,
    -0.179884469214));
#573 = CARTESIAN_POINT('',(-32.47603033173,-3.446855903189,
    -0.256218535129));
#574 = CARTESIAN_POINT('',(-32.47488949531,-3.411465744832,
    -0.327624727752));
#575 = CARTESIAN_POINT('',(-32.47416423368,-3.365696871167,
    -0.44901229667));
#576 = CARTESIAN_POINT('',(-32.47449923386,-3.355371447579,
    -0.499102945849));
#577 = CARTESIAN_POINT('',(-32.47876124832,-3.353466157682,
    -0.532182041897));
#578 = CARTESIAN_POINT('',(-32.48990132927,-3.351329184245,
    -0.550258044736));
#579 = CARTESIAN_POINT('',(-32.49886941443,-3.35070739879,
    -0.566633287498));
#580 = CARTESIAN_POINT('',(-32.5064019084,-3.350217252049,
    -0.578308140232));
#581 = CARTESIAN_POINT('',(-32.51,-3.35,-0.589200824691));
#582 = CARTESIAN_POINT('',(-32.51,-3.35,-0.6));
#583 = CARTESIAN_POINT('',(-32.4,-3.95,1.110223024625E-16));
#584 = CARTESIAN_POINT('',(-32.45890459259,-3.891095407404,
    -1.33226762955E-15));
#585 = CARTESIAN_POINT('',(-32.51970289273,-3.830297107264,
    -3.619468812709E-03));
#586 = CARTESIAN_POINT('',(-32.581297334,-3.768702665994,
    -1.058902216706E-02));
#587 = CARTESIAN_POINT('',(-32.64221684612,-3.707783153871,
    -2.223137652733E-02));
#588 = CARTESIAN_POINT('',(-32.70082700039,-3.649172999602,
    -3.547386503198E-02));
#589 = CARTESIAN_POINT('',(-32.75686726064,-3.593132739356,
    -4.962118367924E-02));
#590 = CARTESIAN_POINT('',(-32.80980380242,-3.540196197578,
    -7.306527716618E-02));
#591 = CARTESIAN_POINT('',(-32.90830154452,-3.441698455474,
    -0.15210240428));
#592 = CARTESIAN_POINT('',(-32.94863056479,-3.401369435207,
    -0.207006860437));
#593 = CARTESIAN_POINT('',(-32.97310083719,-3.376899162805,
    -0.275831468712));
#594 = CARTESIAN_POINT('',(-32.98461466188,-3.365385338119,
    -0.351841370253));
#595 = CARTESIAN_POINT('',(-32.99359070073,-3.356409299262,
    -0.418126071909));
#596 = CARTESIAN_POINT('',(-32.99770988487,-3.35229011513,
    -0.481433853806));
#597 = CARTESIAN_POINT('',(-33.,-3.35,-0.541095407404));
#598 = CARTESIAN_POINT('',(-33.,-3.35,-0.6));
#599 = CARTESIAN_POINT('',(-32.4,-3.95,1.110223024625E-16));
#600 = CARTESIAN_POINT('',(-32.4995570579,-3.931747872717,
    -3.330669073875E-16));
#601 = CARTESIAN_POINT('',(-32.59916949249,-3.913434121882,
    -1.881671929463E-02));
#602 = CARTESIAN_POINT('',(-32.69371346279,-3.897152402921,
    -5.68334654278E-02));
#603 = CARTESIAN_POINT('',(-32.77909043639,-3.883770408843,
    -0.111255664656));
#604 = CARTESIAN_POINT('',(-32.85017580926,-3.875737612427,
    -0.179884469214));
#605 = CARTESIAN_POINT('',(-32.90314409681,-3.873969668268,
    -0.256218535129));
#606 = CARTESIAN_POINT('',(-32.93853425516,-3.875110504686,
    -0.327624727752));
#607 = CARTESIAN_POINT('',(-32.98430312883,-3.875835766313,
    -0.44901229667));
#608 = CARTESIAN_POINT('',(-32.99462855242,-3.875500766137,
    -0.499102945849));
#609 = CARTESIAN_POINT('',(-32.99653384231,-3.871238751674,
    -0.532182041897));
#610 = CARTESIAN_POINT('',(-32.99867081575,-3.860098670726,
    -0.550258044736));
#611 = CARTESIAN_POINT('',(-32.99929260121,-3.851130585562,
    -0.566633287498));
#612 = CARTESIAN_POINT('',(-32.99978274795,-3.843598091591,
    -0.578308140232));
#613 = CARTESIAN_POINT('',(-33.,-3.84,-0.589200824691));
#614 = CARTESIAN_POINT('',(-33.,-3.84,-0.6));
#615 = ADVANCED_FACE('',(#616),#634,.F.);
#616 = FACE_BOUND('',#617,.F.);
#617 = EDGE_LOOP('',(#618,#619,#627,#633));
#618 = ORIENTED_EDGE('',*,*,#174,.F.);
#619 = ORIENTED_EDGE('',*,*,#620,.T.);
#620 = EDGE_CURVE('',#175,#621,#623,.T.);
#621 = VERTEX_POINT('',#622);
#622 = CARTESIAN_POINT('',(-32.4,-10.75,1.110223024625E-16));
#623 = LINE('',#624,#625);
#624 = CARTESIAN_POINT('',(-23.,-10.75,1.110223024625E-16));
#625 = VECTOR('',#626,1.);
#626 = DIRECTION('',(-1.,0.,0.));
#627 = ORIENTED_EDGE('',*,*,#628,.T.);
#628 = EDGE_CURVE('',#621,#106,#629,.T.);
#629 = LINE('',#630,#631);
#630 = CARTESIAN_POINT('',(-32.4,-11.35,1.110223024625E-16));
#631 = VECTOR('',#632,1.);
#632 = DIRECTION('',(0.,1.,0.));
#633 = ORIENTED_EDGE('',*,*,#105,.F.);
#634 = PLANE('',#635);
#635 = AXIS2_PLACEMENT_3D('',#636,#637,#638);
#636 = CARTESIAN_POINT('',(-23.,-11.35,0.));
#637 = DIRECTION('',(0.,0.,-1.));
#638 = DIRECTION('',(0.,1.,0.));
#639 = ADVANCED_FACE('',(#640),#665,.F.);
#640 = FACE_BOUND('',#641,.F.);
#641 = EDGE_LOOP('',(#642,#650,#658,#664));
#642 = ORIENTED_EDGE('',*,*,#643,.F.);
#643 = EDGE_CURVE('',#644,#141,#646,.T.);
#644 = VERTEX_POINT('',#645);
#645 = CARTESIAN_POINT('',(-33.,-10.86,-0.6));
#646 = LINE('',#647,#648);
#647 = CARTESIAN_POINT('',(-33.,-11.35,-0.6));
#648 = VECTOR('',#649,1.);
#649 = DIRECTION('',(0.,1.,0.));
#650 = ORIENTED_EDGE('',*,*,#651,.F.);
#651 = EDGE_CURVE('',#652,#644,#654,.T.);
#652 = VERTEX_POINT('',#653);
#653 = CARTESIAN_POINT('',(-33.,-10.86,-14.4));
#654 = LINE('',#655,#656);
#655 = CARTESIAN_POINT('',(-33.,-10.86,-14.4));
#656 = VECTOR('',#657,1.);
#657 = DIRECTION('',(0.,0.,1.));
#658 = ORIENTED_EDGE('',*,*,#659,.F.);
#659 = EDGE_CURVE('',#149,#652,#660,.T.);
#660 = LINE('',#661,#662);
#661 = CARTESIAN_POINT('',(-33.,-3.35,-14.4));
#662 = VECTOR('',#663,1.);
#663 = DIRECTION('',(0.,-1.,0.));
#664 = ORIENTED_EDGE('',*,*,#148,.F.);
#665 = PLANE('',#666);
#666 = AXIS2_PLACEMENT_3D('',#667,#668,#669);
#667 = CARTESIAN_POINT('',(-33.,-7.35,-7.5));
#668 = DIRECTION('',(1.,0.,0.));
#669 = DIRECTION('',(0.,0.,1.));
#670 = ADVANCED_FACE('',(#671),#694,.F.);
#671 = FACE_BOUND('',#672,.F.);
#672 = EDGE_LOOP('',(#673,#674,#693));
#673 = ORIENTED_EDGE('',*,*,#156,.T.);
#674 = ORIENTED_EDGE('',*,*,#675,.T.);
#675 = EDGE_CURVE('',#149,#380,#676,.T.);
#676 = ( BOUNDED_CURVE() B_SPLINE_CURVE(8,(#677,#678,#679,#680,#681,#682
    ,#683,#684,#685,#686,#687,#688,#689,#690,#691,#692),.UNSPECIFIED.,
.F.,.F.) B_SPLINE_CURVE_WITH_KNOTS((9,7,9),(14.946059336711,
15.519089005067,16.092118673422),.UNSPECIFIED.) CURVE() 
GEOMETRIC_REPRESENTATION_ITEM() RATIONAL_B_SPLINE_CURVE((1.,1.,1.,1.,1.,
1.,1.,1.,1.,1.,1.,1.,1.,1.,1.,1.)) REPRESENTATION_ITEM('') );
#677 = CARTESIAN_POINT('',(-33.,-3.84,-14.4));
#678 = CARTESIAN_POINT('',(-33.,-3.84,-14.4107991753));
#679 = CARTESIAN_POINT('',(-32.99978274795,-3.843598091591,
    -14.42169185976));
#680 = CARTESIAN_POINT('',(-32.99929260121,-3.851130585562,
    -14.4333667125));
#681 = CARTESIAN_POINT('',(-32.99867081575,-3.860098670726,
    -14.44974195526));
#682 = CARTESIAN_POINT('',(-32.99653384231,-3.871238751674,
    -14.4678179581));
#683 = CARTESIAN_POINT('',(-32.99462855242,-3.875500766137,
    -14.50089705415));
#684 = CARTESIAN_POINT('',(-32.98430312883,-3.875835766313,
    -14.55098770333));
#685 = CARTESIAN_POINT('',(-32.93853425516,-3.875110504686,
    -14.67237527224));
#686 = CARTESIAN_POINT('',(-32.90314409681,-3.873969668268,
    -14.74378146487));
#687 = CARTESIAN_POINT('',(-32.85017580926,-3.875737612427,
    -14.82011553078));
#688 = CARTESIAN_POINT('',(-32.77909043639,-3.883770408843,
    -14.88874433534));
#689 = CARTESIAN_POINT('',(-32.69371346279,-3.897152402921,
    -14.94316653457));
#690 = CARTESIAN_POINT('',(-32.59916949249,-3.913434121882,
    -14.9811832807));
#691 = CARTESIAN_POINT('',(-32.4995570579,-3.931747872717,-15.));
#692 = CARTESIAN_POINT('',(-32.4,-3.95,-15.));
#693 = ORIENTED_EDGE('',*,*,#387,.F.);
#694 = ( BOUNDED_SURFACE() B_SPLINE_SURFACE(2,8,(
    (#695,#696,#697,#698,#699,#700,#701,#702,#703,#704,#705,#706,#707
      ,#708,#709,#710)
    ,(#711,#712,#713,#714,#715,#716,#717,#718,#719,#720,#721,#722,#723
      ,#724,#725,#726)
    ,(#727,#728,#729,#730,#731,#732,#733,#734,#735,#736,#737,#738,#739
      ,#740,#741,#742
)),.UNSPECIFIED.,.F.,.F.,.F.) B_SPLINE_SURFACE_WITH_KNOTS((3,3),(9,7,9),
  (0.,1.146059336711),(14.946059336711,15.519089005067,16.092118673422),
.UNSPECIFIED.) GEOMETRIC_REPRESENTATION_ITEM() RATIONAL_B_SPLINE_SURFACE
((
    (1.,1.,1.,1.,1.,1.,1.,1.,1.,1.,1.,1.,1.,1.,1.,1.)
    ,(0.707106781187,0.707106781187,0.702328814239,0.691607515014
      ,0.680656305453,0.663719900308,0.660533644684,0.678438167075
      ,0.744689502578,0.79323220924,0.852424958064,0.907869790288
      ,0.95252867457,0.984356015514,1.,1.)
    ,(1.,1.,1.,1.,1.,1.,1.,1.,1.,1.,1.,1.,1.,1.,1.,1.
))) REPRESENTATION_ITEM('') SURFACE() );
#695 = CARTESIAN_POINT('',(-32.51,-3.35,-14.4));
#696 = CARTESIAN_POINT('',(-32.51,-3.35,-14.4107991753));
#697 = CARTESIAN_POINT('',(-32.5064019084,-3.350217252049,
    -14.42169185976));
#698 = CARTESIAN_POINT('',(-32.49886941443,-3.35070739879,-14.4333667125
    ));
#699 = CARTESIAN_POINT('',(-32.48990132927,-3.351329184245,
    -14.44974195526));
#700 = CARTESIAN_POINT('',(-32.47876124832,-3.353466157682,
    -14.4678179581));
#701 = CARTESIAN_POINT('',(-32.47449923386,-3.355371447579,
    -14.50089705415));
#702 = CARTESIAN_POINT('',(-32.47416423368,-3.365696871167,
    -14.55098770333));
#703 = CARTESIAN_POINT('',(-32.47488949531,-3.411465744832,
    -14.67237527224));
#704 = CARTESIAN_POINT('',(-32.47603033173,-3.446855903189,
    -14.74378146487));
#705 = CARTESIAN_POINT('',(-32.47426238757,-3.499824190735,
    -14.82011553078));
#706 = CARTESIAN_POINT('',(-32.46622959115,-3.570909563609,
    -14.88874433534));
#707 = CARTESIAN_POINT('',(-32.45284759707,-3.656286537205,
    -14.94316653457));
#708 = CARTESIAN_POINT('',(-32.43656587811,-3.750830507503,
    -14.9811832807));
#709 = CARTESIAN_POINT('',(-32.41825212728,-3.850442942091,-15.));
#710 = CARTESIAN_POINT('',(-32.4,-3.95,-15.));
#711 = CARTESIAN_POINT('',(-33.,-3.35,-14.4));
#712 = CARTESIAN_POINT('',(-33.,-3.35,-14.45890459259));
#713 = CARTESIAN_POINT('',(-32.99770988487,-3.35229011513,
    -14.51856614619));
#714 = CARTESIAN_POINT('',(-32.99359070073,-3.356409299262,
    -14.58187392809));
#715 = CARTESIAN_POINT('',(-32.98461466188,-3.365385338119,
    -14.64815862974));
#716 = CARTESIAN_POINT('',(-32.97310083719,-3.376899162805,
    -14.72416853128));
#717 = CARTESIAN_POINT('',(-32.94863056479,-3.401369435207,
    -14.79299313956));
#718 = CARTESIAN_POINT('',(-32.90830154452,-3.441698455474,
    -14.84789759572));
#719 = CARTESIAN_POINT('',(-32.80980380242,-3.540196197578,
    -14.92693472283));
#720 = CARTESIAN_POINT('',(-32.75686726064,-3.593132739356,
    -14.95037881632));
#721 = CARTESIAN_POINT('',(-32.70082700039,-3.649172999602,
    -14.96452613496));
#722 = CARTESIAN_POINT('',(-32.64221684612,-3.707783153871,
    -14.97776862347));
#723 = CARTESIAN_POINT('',(-32.581297334,-3.768702665994,-14.98941097783
    ));
#724 = CARTESIAN_POINT('',(-32.51970289273,-3.830297107264,
    -14.99638053118));
#725 = CARTESIAN_POINT('',(-32.45890459259,-3.891095407404,-15.));
#726 = CARTESIAN_POINT('',(-32.4,-3.95,-15.));
#727 = CARTESIAN_POINT('',(-33.,-3.84,-14.4));
#728 = CARTESIAN_POINT('',(-33.,-3.84,-14.4107991753));
#729 = CARTESIAN_POINT('',(-32.99978274795,-3.843598091591,
    -14.42169185976));
#730 = CARTESIAN_POINT('',(-32.99929260121,-3.851130585562,
    -14.4333667125));
#731 = CARTESIAN_POINT('',(-32.99867081575,-3.860098670726,
    -14.44974195526));
#732 = CARTESIAN_POINT('',(-32.99653384231,-3.871238751674,
    -14.4678179581));
#733 = CARTESIAN_POINT('',(-32.99462855242,-3.875500766137,
    -14.50089705415));
#734 = CARTESIAN_POINT('',(-32.98430312883,-3.875835766313,
    -14.55098770333));
#735 = CARTESIAN_POINT('',(-32.93853425516,-3.875110504686,
    -14.67237527224));
#736 = CARTESIAN_POINT('',(-32.90314409681,-3.873969668268,
    -14.74378146487));
#737 = CARTESIAN_POINT('',(-32.85017580926,-3.875737612427,
    -14.82011553078));
#738 = CARTESIAN_POINT('',(-32.77909043639,-3.883770408843,
    -14.88874433534));
#739 = CARTESIAN_POINT('',(-32.69371346279,-3.897152402921,
    -14.94316653457));
#740 = CARTESIAN_POINT('',(-32.59916949249,-3.913434121882,
    -14.9811832807));
#741 = CARTESIAN_POINT('',(-32.4995570579,-3.931747872717,-15.));
#742 = CARTESIAN_POINT('',(-32.4,-3.95,-15.));
#743 = ADVANCED_FACE('',(#744),#762,.F.);
#744 = FACE_BOUND('',#745,.F.);
#745 = EDGE_LOOP('',(#746,#747,#748,#756));
#746 = ORIENTED_EDGE('',*,*,#208,.F.);
#747 = ORIENTED_EDGE('',*,*,#379,.T.);
#748 = ORIENTED_EDGE('',*,*,#749,.T.);
#749 = EDGE_CURVE('',#380,#750,#752,.T.);
#750 = VERTEX_POINT('',#751);
#751 = CARTESIAN_POINT('',(-32.4,-10.75,-15.));
#752 = LINE('',#753,#754);
#753 = CARTESIAN_POINT('',(-32.4,-3.35,-15.));
#754 = VECTOR('',#755,1.);
#755 = DIRECTION('',(0.,-1.,0.));
#756 = ORIENTED_EDGE('',*,*,#757,.F.);
#757 = EDGE_CURVE('',#200,#750,#758,.T.);
#758 = LINE('',#759,#760);
#759 = CARTESIAN_POINT('',(-23.,-10.75,-15.));
#760 = VECTOR('',#761,1.);
#761 = DIRECTION('',(-1.,0.,0.));
#762 = PLANE('',#763);
#763 = AXIS2_PLACEMENT_3D('',#764,#765,#766);
#764 = CARTESIAN_POINT('',(-23.,-3.35,-15.));
#765 = DIRECTION('',(0.,0.,1.));
#766 = DIRECTION('',(0.,-1.,0.));
#767 = ADVANCED_FACE('',(#768),#799,.T.);
#768 = FACE_BOUND('',#769,.T.);
#769 = EDGE_LOOP('',(#770,#778,#779,#780));
#770 = ORIENTED_EDGE('',*,*,#771,.F.);
#771 = EDGE_CURVE('',#183,#772,#774,.T.);
#772 = VERTEX_POINT('',#773);
#773 = CARTESIAN_POINT('',(-32.51,-11.35,-0.6));
#774 = LINE('',#775,#776);
#775 = CARTESIAN_POINT('',(-23.,-11.35,-0.6));
#776 = VECTOR('',#777,1.);
#777 = DIRECTION('',(-1.,0.,0.));
#778 = ORIENTED_EDGE('',*,*,#182,.T.);
#779 = ORIENTED_EDGE('',*,*,#620,.T.);
#780 = ORIENTED_EDGE('',*,*,#781,.F.);
#781 = EDGE_CURVE('',#772,#621,#782,.T.);
#782 = ( BOUNDED_CURVE() B_SPLINE_CURVE(8,(#783,#784,#785,#786,#787,#788
    ,#789,#790,#791,#792,#793,#794,#795,#796,#797,#798),.UNSPECIFIED.,
.F.,.F.) B_SPLINE_CURVE_WITH_KNOTS((9,7,9),(14.946059336711,
15.519089005067,16.092118673422),.UNSPECIFIED.) CURVE() 
GEOMETRIC_REPRESENTATION_ITEM() RATIONAL_B_SPLINE_CURVE((1.,1.,1.,1.,1.,
1.,1.,1.,1.,1.,1.,1.,1.,1.,1.,1.)) REPRESENTATION_ITEM('') );
#783 = CARTESIAN_POINT('',(-32.51,-11.35,-0.6));
#784 = CARTESIAN_POINT('',(-32.51,-11.35,-0.589200824691));
#785 = CARTESIAN_POINT('',(-32.5064019084,-11.34978274795,
    -0.578308140232));
#786 = CARTESIAN_POINT('',(-32.49886941443,-11.34929260121,
    -0.566633287498));
#787 = CARTESIAN_POINT('',(-32.48990132927,-11.34867081575,
    -0.550258044735));
#788 = CARTESIAN_POINT('',(-32.47876124832,-11.34653384231,
    -0.532182041897));
#789 = CARTESIAN_POINT('',(-32.47449923386,-11.34462855242,
    -0.499102945848));
#790 = CARTESIAN_POINT('',(-32.47416423368,-11.33430312883,
    -0.44901229667));
#791 = CARTESIAN_POINT('',(-32.47488949531,-11.28853425516,
    -0.327624727752));
#792 = CARTESIAN_POINT('',(-32.47603033173,-11.25314409681,
    -0.256218535129));
#793 = CARTESIAN_POINT('',(-32.47426238757,-11.20017580926,
    -0.179884469214));
#794 = CARTESIAN_POINT('',(-32.46622959115,-11.12909043639,
    -0.111255664656));
#795 = CARTESIAN_POINT('',(-32.45284759707,-11.04371346279,
    -5.683346542776E-02));
#796 = CARTESIAN_POINT('',(-32.43656587811,-10.94916949249,
    -1.881671929464E-02));
#797 = CARTESIAN_POINT('',(-32.41825212728,-10.8495570579,
    -2.775557561563E-16));
#798 = CARTESIAN_POINT('',(-32.4,-10.75,1.110223024625E-16));
#799 = CYLINDRICAL_SURFACE('',#800,0.6);
#800 = AXIS2_PLACEMENT_3D('',#801,#802,#803);
#801 = CARTESIAN_POINT('',(-23.,-10.75,-0.6));
#802 = DIRECTION('',(-1.,0.,0.));
#803 = DIRECTION('',(-0.,-1.,-0.));
#804 = ADVANCED_FACE('',(#805),#836,.T.);
#805 = FACE_BOUND('',#806,.T.);
#806 = EDGE_LOOP('',(#807,#815,#834,#835));
#807 = ORIENTED_EDGE('',*,*,#808,.T.);
#808 = EDGE_CURVE('',#192,#809,#811,.T.);
#809 = VERTEX_POINT('',#810);
#810 = CARTESIAN_POINT('',(-32.51,-11.35,-14.4));
#811 = LINE('',#812,#813);
#812 = CARTESIAN_POINT('',(-23.,-11.35,-14.4));
#813 = VECTOR('',#814,1.);
#814 = DIRECTION('',(-1.,0.,0.));
#815 = ORIENTED_EDGE('',*,*,#816,.F.);
#816 = EDGE_CURVE('',#750,#809,#817,.T.);
#817 = ( BOUNDED_CURVE() B_SPLINE_CURVE(8,(#818,#819,#820,#821,#822,#823
    ,#824,#825,#826,#827,#828,#829,#830,#831,#832,#833),.UNSPECIFIED.,
.F.,.F.) B_SPLINE_CURVE_WITH_KNOTS((9,7,9),(0.,0.573029668356,
1.146059336711),.UNSPECIFIED.) CURVE() GEOMETRIC_REPRESENTATION_ITEM() 
RATIONAL_B_SPLINE_CURVE((1.,1.,1.,1.,1.,1.,1.,1.,1.,1.,1.,1.,1.,1.,1.,1.
)) REPRESENTATION_ITEM('') );
#818 = CARTESIAN_POINT('',(-32.4,-10.75,-15.));
#819 = CARTESIAN_POINT('',(-32.41825212728,-10.8495570579,-15.));
#820 = CARTESIAN_POINT('',(-32.43656587811,-10.94916949249,
    -14.9811832807));
#821 = CARTESIAN_POINT('',(-32.45284759707,-11.04371346279,
    -14.94316653457));
#822 = CARTESIAN_POINT('',(-32.46622959115,-11.12909043639,
    -14.88874433534));
#823 = CARTESIAN_POINT('',(-32.47426238757,-11.20017580926,
    -14.82011553078));
#824 = CARTESIAN_POINT('',(-32.47603033173,-11.25314409681,
    -14.74378146487));
#825 = CARTESIAN_POINT('',(-32.47488949531,-11.28853425516,
    -14.67237527224));
#826 = CARTESIAN_POINT('',(-32.47416423368,-11.33430312883,
    -14.55098770333));
#827 = CARTESIAN_POINT('',(-32.47449923386,-11.34462855242,
    -14.50089705415));
#828 = CARTESIAN_POINT('',(-32.47876124832,-11.34653384231,
    -14.4678179581));
#829 = CARTESIAN_POINT('',(-32.48990132927,-11.34867081575,
    -14.44974195526));
#830 = CARTESIAN_POINT('',(-32.49886941443,-11.3492926012,-14.4333667125
    ));
#831 = CARTESIAN_POINT('',(-32.5064019084,-11.34978274795,
    -14.42169185976));
#832 = CARTESIAN_POINT('',(-32.51,-11.35,-14.4107991753));
#833 = CARTESIAN_POINT('',(-32.51,-11.35,-14.4));
#834 = ORIENTED_EDGE('',*,*,#757,.F.);
#835 = ORIENTED_EDGE('',*,*,#199,.T.);
#836 = CYLINDRICAL_SURFACE('',#837,0.6);
#837 = AXIS2_PLACEMENT_3D('',#838,#839,#840);
#838 = CARTESIAN_POINT('',(-23.,-10.75,-14.4));
#839 = DIRECTION('',(-1.,0.,0.));
#840 = DIRECTION('',(0.,0.,-1.));
#841 = ADVANCED_FACE('',(#842,#853),#864,.F.);
#842 = FACE_BOUND('',#843,.F.);
#843 = EDGE_LOOP('',(#844,#845,#851,#852));
#844 = ORIENTED_EDGE('',*,*,#808,.T.);
#845 = ORIENTED_EDGE('',*,*,#846,.T.);
#846 = EDGE_CURVE('',#809,#772,#847,.T.);
#847 = LINE('',#848,#849);
#848 = CARTESIAN_POINT('',(-32.51,-11.35,-14.4));
#849 = VECTOR('',#850,1.);
#850 = DIRECTION('',(0.,0.,1.));
#851 = ORIENTED_EDGE('',*,*,#771,.F.);
#852 = ORIENTED_EDGE('',*,*,#191,.F.);
#853 = FACE_BOUND('',#854,.F.);
#854 = EDGE_LOOP('',(#855,#856,#857,#858));
#855 = ORIENTED_EDGE('',*,*,#440,.F.);
#856 = ORIENTED_EDGE('',*,*,#497,.F.);
#857 = ORIENTED_EDGE('',*,*,#529,.T.);
#858 = ORIENTED_EDGE('',*,*,#859,.F.);
#859 = EDGE_CURVE('',#441,#521,#860,.T.);
#860 = LINE('',#861,#862);
#861 = CARTESIAN_POINT('',(-32.5,-11.35,-12.5));
#862 = VECTOR('',#863,1.);
#863 = DIRECTION('',(0.,0.,1.));
#864 = PLANE('',#865);
#865 = AXIS2_PLACEMENT_3D('',#866,#867,#868);
#866 = CARTESIAN_POINT('',(-23.,-11.35,-15.));
#867 = DIRECTION('',(0.,1.,0.));
#868 = DIRECTION('',(0.,0.,1.));
#869 = ADVANCED_FACE('',(#870),#895,.T.);
#870 = FACE_BOUND('',#871,.T.);
#871 = EDGE_LOOP('',(#872,#873,#881,#889));
#872 = ORIENTED_EDGE('',*,*,#225,.F.);
#873 = ORIENTED_EDGE('',*,*,#874,.T.);
#874 = EDGE_CURVE('',#226,#875,#877,.T.);
#875 = VERTEX_POINT('',#876);
#876 = CARTESIAN_POINT('',(-22.,-7.25,-18.));
#877 = LINE('',#878,#879);
#878 = CARTESIAN_POINT('',(-24.79166666666,-4.458333333333,
    -15.20833333333));
#879 = VECTOR('',#880,1.);
#880 = DIRECTION('',(0.57735026919,-0.57735026919,-0.57735026919));
#881 = ORIENTED_EDGE('',*,*,#882,.T.);
#882 = EDGE_CURVE('',#875,#883,#885,.T.);
#883 = VERTEX_POINT('',#884);
#884 = CARTESIAN_POINT('',(-22.01,-7.25,-18.));
#885 = LINE('',#886,#887);
#886 = CARTESIAN_POINT('',(-23.,-7.25,-18.));
#887 = VECTOR('',#888,1.);
#888 = DIRECTION('',(-1.,1.110223024625E-16,-1.110223024625E-16));
#889 = ORIENTED_EDGE('',*,*,#890,.T.);
#890 = EDGE_CURVE('',#883,#228,#891,.T.);
#891 = LINE('',#892,#893);
#892 = CARTESIAN_POINT('',(-23.17333333333,-6.086666666667,
    -16.83666666666));
#893 = VECTOR('',#894,1.);
#894 = DIRECTION('',(-0.57735026919,0.57735026919,0.57735026919));
#895 = PLANE('',#896);
#896 = AXIS2_PLACEMENT_3D('',#897,#898,#899);
#897 = CARTESIAN_POINT('',(-27.,-6.75,-17.5));
#898 = DIRECTION('',(0.,0.707106781187,-0.707106781187));
#899 = DIRECTION('',(0.,-0.707106781187,-0.707106781187));
#900 = ADVANCED_FACE('',(#901),#919,.T.);
#901 = FACE_BOUND('',#902,.T.);
#902 = EDGE_LOOP('',(#903,#904,#912,#918));
#903 = ORIENTED_EDGE('',*,*,#890,.F.);
#904 = ORIENTED_EDGE('',*,*,#905,.T.);
#905 = EDGE_CURVE('',#883,#906,#908,.T.);
#906 = VERTEX_POINT('',#907);
#907 = CARTESIAN_POINT('',(-22.01,-11.25,-18.));
#908 = LINE('',#909,#910);
#909 = CARTESIAN_POINT('',(-22.01,-7.25,-18.));
#910 = VECTOR('',#911,1.);
#911 = DIRECTION('',(0.,-1.,0.));
#912 = ORIENTED_EDGE('',*,*,#913,.T.);
#913 = EDGE_CURVE('',#906,#236,#914,.T.);
#914 = LINE('',#915,#916);
#915 = CARTESIAN_POINT('',(-22.50666666666,-11.74666666666,
    -17.50333333333));
#916 = VECTOR('',#917,1.);
#917 = DIRECTION('',(-0.57735026919,-0.57735026919,0.57735026919));
#918 = ORIENTED_EDGE('',*,*,#235,.F.);
#919 = PLANE('',#920);
#920 = AXIS2_PLACEMENT_3D('',#921,#922,#923);
#921 = CARTESIAN_POINT('',(-22.505,-7.25,-17.505));
#922 = DIRECTION('',(-0.707106781187,0.,-0.707106781187));
#923 = DIRECTION('',(0.,-1.,0.));
#924 = ADVANCED_FACE('',(#925),#943,.T.);
#925 = FACE_BOUND('',#926,.F.);
#926 = EDGE_LOOP('',(#927,#928,#936,#942));
#927 = ORIENTED_EDGE('',*,*,#874,.T.);
#928 = ORIENTED_EDGE('',*,*,#929,.F.);
#929 = EDGE_CURVE('',#930,#875,#932,.T.);
#930 = VERTEX_POINT('',#931);
#931 = CARTESIAN_POINT('',(-22.,6.5,-18.));
#932 = LINE('',#933,#934);
#933 = CARTESIAN_POINT('',(-22.,7.5,-18.));
#934 = VECTOR('',#935,1.);
#935 = DIRECTION('',(-1.110223024625E-16,-1.,-2.22044604925E-16));
#936 = ORIENTED_EDGE('',*,*,#937,.T.);
#937 = EDGE_CURVE('',#930,#356,#938,.T.);
#938 = LINE('',#939,#940);
#939 = CARTESIAN_POINT('',(-22.5,6.5,-17.5));
#940 = VECTOR('',#941,1.);
#941 = DIRECTION('',(-0.707106781187,-1.249925746149E-15,0.707106781187)
  );
#942 = ORIENTED_EDGE('',*,*,#363,.T.);
#943 = PLANE('',#944);
#944 = AXIS2_PLACEMENT_3D('',#945,#946,#947);
#945 = CARTESIAN_POINT('',(-22.5,7.5,-17.5));
#946 = DIRECTION('',(-0.707106781187,0.,-0.707106781187));
#947 = DIRECTION('',(-5.551115123126E-17,1.,5.551115123126E-17));
#948 = ADVANCED_FACE('',(#949),#967,.T.);
#949 = FACE_BOUND('',#950,.T.);
#950 = EDGE_LOOP('',(#951,#959,#965,#966));
#951 = ORIENTED_EDGE('',*,*,#952,.F.);
#952 = EDGE_CURVE('',#953,#906,#955,.T.);
#953 = VERTEX_POINT('',#954);
#954 = CARTESIAN_POINT('',(-22.,-11.25,-18.));
#955 = LINE('',#956,#957);
#956 = CARTESIAN_POINT('',(-22.,-11.25,-18.));
#957 = VECTOR('',#958,1.);
#958 = DIRECTION('',(-1.,3.378939125202E-16,-7.523441740633E-32));
#959 = ORIENTED_EDGE('',*,*,#960,.F.);
#960 = EDGE_CURVE('',#244,#953,#961,.T.);
#961 = LINE('',#962,#963);
#962 = CARTESIAN_POINT('',(-22.5,-11.75,-17.5));
#963 = VECTOR('',#964,1.);
#964 = DIRECTION('',(0.57735026919,0.57735026919,-0.57735026919));
#965 = ORIENTED_EDGE('',*,*,#243,.F.);
#966 = ORIENTED_EDGE('',*,*,#913,.F.);
#967 = PLANE('',#968);
#968 = AXIS2_PLACEMENT_3D('',#969,#970,#971);
#969 = CARTESIAN_POINT('',(-27.,-11.75,-17.5));
#970 = DIRECTION('',(-0.,-0.707106781187,-0.707106781187));
#971 = DIRECTION('',(0.,0.707106781187,-0.707106781187));
#972 = ADVANCED_FACE('',(#973),#998,.T.);
#973 = FACE_BOUND('',#974,.F.);
#974 = EDGE_LOOP('',(#975,#983,#991,#997));
#975 = ORIENTED_EDGE('',*,*,#976,.F.);
#976 = EDGE_CURVE('',#977,#356,#979,.T.);
#977 = VERTEX_POINT('',#978);
#978 = CARTESIAN_POINT('',(-22.,7.5,-17.));
#979 = LINE('',#980,#981);
#980 = CARTESIAN_POINT('',(-22.25,7.25,-17.));
#981 = VECTOR('',#982,1.);
#982 = DIRECTION('',(-0.707106781187,-0.707106781187,1.922962686384E-15)
  );
#983 = ORIENTED_EDGE('',*,*,#984,.T.);
#984 = EDGE_CURVE('',#977,#985,#987,.T.);
#985 = VERTEX_POINT('',#986);
#986 = CARTESIAN_POINT('',(-22.,7.5,48.));
#987 = LINE('',#988,#989);
#988 = CARTESIAN_POINT('',(-22.,7.5,-18.));
#989 = VECTOR('',#990,1.);
#990 = DIRECTION('',(0.,0.,1.));
#991 = ORIENTED_EDGE('',*,*,#992,.T.);
#992 = EDGE_CURVE('',#985,#348,#993,.T.);
#993 = LINE('',#994,#995);
#994 = CARTESIAN_POINT('',(-33.,-3.5,37.));
#995 = VECTOR('',#996,1.);
#996 = DIRECTION('',(-0.57735026919,-0.57735026919,-0.57735026919));
#997 = ORIENTED_EDGE('',*,*,#355,.F.);
#998 = PLANE('',#999);
#999 = AXIS2_PLACEMENT_3D('',#1000,#1001,#1002);
#1000 = CARTESIAN_POINT('',(-22.5,7.,-18.));
#1001 = DIRECTION('',(-0.707106781187,0.707106781187,0.));
#1002 = DIRECTION('',(-0.,-0.,-1.));
#1003 = ADVANCED_FACE('',(#1004),#1022,.T.);
#1004 = FACE_BOUND('',#1005,.T.);
#1005 = EDGE_LOOP('',(#1006,#1007,#1015,#1021));
#1006 = ORIENTED_EDGE('',*,*,#960,.T.);
#1007 = ORIENTED_EDGE('',*,*,#1008,.T.);
#1008 = EDGE_CURVE('',#953,#1009,#1011,.T.);
#1009 = VERTEX_POINT('',#1010);
#1010 = CARTESIAN_POINT('',(-22.,-48.5,-18.));
#1011 = LINE('',#1012,#1013);
#1012 = CARTESIAN_POINT('',(-22.,-12.25,-18.));
#1013 = VECTOR('',#1014,1.);
#1014 = DIRECTION('',(0.,-1.,2.22044604925E-16));
#1015 = ORIENTED_EDGE('',*,*,#1016,.T.);
#1016 = EDGE_CURVE('',#1009,#252,#1017,.T.);
#1017 = LINE('',#1018,#1019);
#1018 = CARTESIAN_POINT('',(-28.68333333333,-41.81666666666,
    -11.31666666666));
#1019 = VECTOR('',#1020,1.);
#1020 = DIRECTION('',(-0.57735026919,0.57735026919,0.57735026919));
#1021 = ORIENTED_EDGE('',*,*,#251,.F.);
#1022 = PLANE('',#1023);
#1023 = AXIS2_PLACEMENT_3D('',#1024,#1025,#1026);
#1024 = CARTESIAN_POINT('',(-22.5,-12.25,-17.5));
#1025 = DIRECTION('',(-0.707106781187,-2.663016943473E-16,
    -0.707106781187));
#1026 = DIRECTION('',(7.728143145191E-17,-1.,2.993260363769E-16));
#1027 = ADVANCED_FACE('',(#1028),#1062,.T.);
#1028 = FACE_BOUND('',#1029,.T.);
#1029 = EDGE_LOOP('',(#1030,#1038,#1039,#1040,#1048,#1056));
#1030 = ORIENTED_EDGE('',*,*,#1031,.F.);
#1031 = EDGE_CURVE('',#985,#1032,#1034,.T.);
#1032 = VERTEX_POINT('',#1033);
#1033 = CARTESIAN_POINT('',(-20.,7.5,50.));
#1034 = LINE('',#1035,#1036);
#1035 = CARTESIAN_POINT('',(-23.94354838709,7.5,46.056451612903));
#1036 = VECTOR('',#1037,1.);
#1037 = DIRECTION('',(0.707106781187,0.,0.707106781187));
#1038 = ORIENTED_EDGE('',*,*,#992,.T.);
#1039 = ORIENTED_EDGE('',*,*,#347,.T.);
#1040 = ORIENTED_EDGE('',*,*,#1041,.T.);
#1041 = EDGE_CURVE('',#340,#1042,#1044,.T.);
#1042 = VERTEX_POINT('',#1043);
#1043 = CARTESIAN_POINT('',(-22.,-7.5,48.));
#1044 = LINE('',#1045,#1046);
#1045 = CARTESIAN_POINT('',(-24.66666666666,-4.833333333333,
    45.333333333333));
#1046 = VECTOR('',#1047,1.);
#1047 = DIRECTION('',(0.57735026919,-0.57735026919,0.57735026919));
#1048 = ORIENTED_EDGE('',*,*,#1049,.T.);
#1049 = EDGE_CURVE('',#1042,#1050,#1052,.T.);
#1050 = VERTEX_POINT('',#1051);
#1051 = CARTESIAN_POINT('',(-20.,-7.5,50.));
#1052 = LINE('',#1053,#1054);
#1053 = CARTESIAN_POINT('',(-24.01875,-7.5,45.98125));
#1054 = VECTOR('',#1055,1.);
#1055 = DIRECTION('',(0.707106781187,0.,0.707106781187));
#1056 = ORIENTED_EDGE('',*,*,#1057,.F.);
#1057 = EDGE_CURVE('',#1032,#1050,#1058,.T.);
#1058 = LINE('',#1059,#1060);
#1059 = CARTESIAN_POINT('',(-20.,7.5,50.));
#1060 = VECTOR('',#1061,1.);
#1061 = DIRECTION('',(0.,-1.,0.));
#1062 = PLANE('',#1063);
#1063 = AXIS2_PLACEMENT_3D('',#1064,#1065,#1066);
#1064 = CARTESIAN_POINT('',(-21.5,7.5,48.5));
#1065 = DIRECTION('',(-0.707106781187,0.,0.707106781187));
#1066 = DIRECTION('',(0.,-1.,0.));
#1067 = ADVANCED_FACE('',(#1068),#1102,.T.);
#1068 = FACE_BOUND('',#1069,.T.);
#1069 = EDGE_LOOP('',(#1070,#1080,#1086,#1087,#1088,#1096));
#1070 = ORIENTED_EDGE('',*,*,#1071,.F.);
#1071 = EDGE_CURVE('',#1072,#1074,#1076,.T.);
#1072 = VERTEX_POINT('',#1073);
#1073 = CARTESIAN_POINT('',(-19.,-51.5,-14.));
#1074 = VERTEX_POINT('',#1075);
#1075 = CARTESIAN_POINT('',(-19.,-51.5,-17.));
#1076 = LINE('',#1077,#1078);
#1077 = CARTESIAN_POINT('',(-19.,-51.5,-13.15));
#1078 = VECTOR('',#1079,1.);
#1079 = DIRECTION('',(0.,-2.22044604925E-16,-1.));
#1080 = ORIENTED_EDGE('',*,*,#1081,.F.);
#1081 = EDGE_CURVE('',#260,#1072,#1082,.T.);
#1082 = LINE('',#1083,#1084);
#1083 = CARTESIAN_POINT('',(-20.90625,-49.59375,-14.));
#1084 = VECTOR('',#1085,1.);
#1085 = DIRECTION('',(0.707106781187,-0.707106781187,0.));
#1086 = ORIENTED_EDGE('',*,*,#259,.T.);
#1087 = ORIENTED_EDGE('',*,*,#1016,.F.);
#1088 = ORIENTED_EDGE('',*,*,#1089,.T.);
#1089 = EDGE_CURVE('',#1009,#1090,#1092,.T.);
#1090 = VERTEX_POINT('',#1091);
#1091 = CARTESIAN_POINT('',(-20.,-50.5,-18.));
#1092 = LINE('',#1093,#1094);
#1093 = CARTESIAN_POINT('',(-24.25520833333,-46.24479166666,-18.));
#1094 = VECTOR('',#1095,1.);
#1095 = DIRECTION('',(0.707106781187,-0.707106781187,1.574422170848E-16)
  );
#1096 = ORIENTED_EDGE('',*,*,#1097,.T.);
#1097 = EDGE_CURVE('',#1090,#1074,#1098,.T.);
#1098 = LINE('',#1099,#1100);
#1099 = CARTESIAN_POINT('',(-19.19166666666,-51.30833333333,
    -17.19166666666));
#1100 = VECTOR('',#1101,1.);
#1101 = DIRECTION('',(0.57735026919,-0.57735026919,0.57735026919));
#1102 = PLANE('',#1103);
#1103 = AXIS2_PLACEMENT_3D('',#1104,#1105,#1106);
#1104 = CARTESIAN_POINT('',(-21.,-49.5,-13.15));
#1105 = DIRECTION('',(-0.707106781187,-0.707106781187,1.498770243398E-15
    ));
#1106 = DIRECTION('',(-9.48768300085E-16,-1.17081290501E-15,-1.));
#1107 = ADVANCED_FACE('',(#1108),#1126,.T.);
#1108 = FACE_BOUND('',#1109,.T.);
#1109 = EDGE_LOOP('',(#1110,#1111,#1112,#1120));
#1110 = ORIENTED_EDGE('',*,*,#1041,.F.);
#1111 = ORIENTED_EDGE('',*,*,#339,.T.);
#1112 = ORIENTED_EDGE('',*,*,#1113,.T.);
#1113 = EDGE_CURVE('',#332,#1114,#1116,.T.);
#1114 = VERTEX_POINT('',#1115);
#1115 = CARTESIAN_POINT('',(-22.,-7.5,20.05));
#1116 = LINE('',#1117,#1118);
#1117 = CARTESIAN_POINT('',(-17.84166666666,-11.65833333333,
    24.208333333333));
#1118 = VECTOR('',#1119,1.);
#1119 = DIRECTION('',(0.57735026919,-0.57735026919,0.57735026919));
#1120 = ORIENTED_EDGE('',*,*,#1121,.F.);
#1121 = EDGE_CURVE('',#1042,#1114,#1122,.T.);
#1122 = LINE('',#1123,#1124);
#1123 = CARTESIAN_POINT('',(-22.,-7.5,47.));
#1124 = VECTOR('',#1125,1.);
#1125 = DIRECTION('',(0.,0.,-1.));
#1126 = PLANE('',#1127);
#1127 = AXIS2_PLACEMENT_3D('',#1128,#1129,#1130);
#1128 = CARTESIAN_POINT('',(-22.5,-7.,47.));
#1129 = DIRECTION('',(-0.707106781187,-0.707106781187,0.));
#1130 = DIRECTION('',(0.,0.,-1.));
#1131 = ADVANCED_FACE('',(#1132,#1166,#1177),#1188,.T.);
#1132 = FACE_BOUND('',#1133,.T.);
#1133 = EDGE_LOOP('',(#1134,#1144,#1150,#1151,#1152,#1160));
#1134 = ORIENTED_EDGE('',*,*,#1135,.T.);
#1135 = EDGE_CURVE('',#1136,#1138,#1140,.T.);
#1136 = VERTEX_POINT('',#1137);
#1137 = CARTESIAN_POINT('',(17.,-47.5,-14.));
#1138 = VERTEX_POINT('',#1139);
#1139 = CARTESIAN_POINT('',(17.,-12.25,-14.));
#1140 = LINE('',#1141,#1142);
#1141 = CARTESIAN_POINT('',(17.,-14.25,-14.));
#1142 = VECTOR('',#1143,1.);
#1143 = DIRECTION('',(5.094112708054E-16,1.,0.));
#1144 = ORIENTED_EDGE('',*,*,#1145,.F.);
#1145 = EDGE_CURVE('',#268,#1138,#1146,.T.);
#1146 = LINE('',#1147,#1148);
#1147 = CARTESIAN_POINT('',(-23.,-12.25,-14.));
#1148 = VECTOR('',#1149,1.);
#1149 = DIRECTION('',(1.,-5.329070518201E-16,2.537652627715E-16));
#1150 = ORIENTED_EDGE('',*,*,#267,.T.);
#1151 = ORIENTED_EDGE('',*,*,#1081,.T.);
#1152 = ORIENTED_EDGE('',*,*,#1153,.F.);
#1153 = EDGE_CURVE('',#1154,#1072,#1156,.T.);
#1154 = VERTEX_POINT('',#1155);
#1155 = CARTESIAN_POINT('',(13.,-51.5,-14.));
#1156 = LINE('',#1157,#1158);
#1157 = CARTESIAN_POINT('',(20.,-51.5,-14.));
#1158 = VECTOR('',#1159,1.);
#1159 = DIRECTION('',(-1.,0.,0.));
#1160 = ORIENTED_EDGE('',*,*,#1161,.F.);
#1161 = EDGE_CURVE('',#1136,#1154,#1162,.T.);
#1162 = LINE('',#1163,#1164);
#1163 = CARTESIAN_POINT('',(14.90625,-49.59375,-14.));
#1164 = VECTOR('',#1165,1.);
#1165 = DIRECTION('',(-0.707106781187,-0.707106781187,0.));
#1166 = FACE_BOUND('',#1167,.T.);
#1167 = EDGE_LOOP('',(#1168));
#1168 = ORIENTED_EDGE('',*,*,#1169,.T.);
#1169 = EDGE_CURVE('',#1170,#1170,#1172,.T.);
#1170 = VERTEX_POINT('',#1171);
#1171 = CARTESIAN_POINT('',(-17.25,-40.8,-14.));
#1172 = CIRCLE('',#1173,1.75);
#1173 = AXIS2_PLACEMENT_3D('',#1174,#1175,#1176);
#1174 = CARTESIAN_POINT('',(-19.,-40.8,-14.));
#1175 = DIRECTION('',(0.,0.,-1.));
#1176 = DIRECTION('',(1.,0.,0.));
#1177 = FACE_BOUND('',#1178,.T.);
#1178 = EDGE_LOOP('',(#1179));
#1179 = ORIENTED_EDGE('',*,*,#1180,.T.);
#1180 = EDGE_CURVE('',#1181,#1181,#1183,.T.);
#1181 = VERTEX_POINT('',#1182);
#1182 = CARTESIAN_POINT('',(14.75,-40.8,-14.));
#1183 = CIRCLE('',#1184,1.75);
#1184 = AXIS2_PLACEMENT_3D('',#1185,#1186,#1187);
#1185 = CARTESIAN_POINT('',(13.,-40.8,-14.));
#1186 = DIRECTION('',(0.,0.,-1.));
#1187 = DIRECTION('',(1.,0.,0.));
#1188 = PLANE('',#1189);
#1189 = AXIS2_PLACEMENT_3D('',#1190,#1191,#1192);
#1190 = CARTESIAN_POINT('',(-3.,-31.875,-14.));
#1191 = DIRECTION('',(0.,0.,1.));
#1192 = DIRECTION('',(1.,0.,0.));
#1193 = ADVANCED_FACE('',(#1194),#1212,.F.);
#1194 = FACE_BOUND('',#1195,.T.);
#1195 = EDGE_LOOP('',(#1196,#1197,#1198,#1206));
#1196 = ORIENTED_EDGE('',*,*,#1113,.F.);
#1197 = ORIENTED_EDGE('',*,*,#331,.T.);
#1198 = ORIENTED_EDGE('',*,*,#1199,.T.);
#1199 = EDGE_CURVE('',#324,#1200,#1202,.T.);
#1200 = VERTEX_POINT('',#1201);
#1201 = CARTESIAN_POINT('',(-22.,-12.,20.05));
#1202 = LINE('',#1203,#1204);
#1203 = CARTESIAN_POINT('',(-22.5,-12.,19.55));
#1204 = VECTOR('',#1205,1.);
#1205 = DIRECTION('',(0.707106781187,0.,0.707106781187));
#1206 = ORIENTED_EDGE('',*,*,#1207,.F.);
#1207 = EDGE_CURVE('',#1114,#1200,#1208,.T.);
#1208 = LINE('',#1209,#1210);
#1209 = CARTESIAN_POINT('',(-22.,-7.5,20.05));
#1210 = VECTOR('',#1211,1.);
#1211 = DIRECTION('',(0.,-1.,2.22044604925E-16));
#1212 = PLANE('',#1213);
#1213 = AXIS2_PLACEMENT_3D('',#1214,#1215,#1216);
#1214 = CARTESIAN_POINT('',(-22.5,-7.5,19.55));
#1215 = DIRECTION('',(0.707106781187,-2.382699370476E-16,-0.707106781187
    ));
#1216 = DIRECTION('',(5.74599857767E-17,1.,-2.795045907017E-16));
#1217 = ADVANCED_FACE('',(#1218),#1252,.T.);
#1218 = FACE_BOUND('',#1219,.T.);
#1219 = EDGE_LOOP('',(#1220,#1228,#1229,#1230,#1238,#1246));
#1220 = ORIENTED_EDGE('',*,*,#1221,.T.);
#1221 = EDGE_CURVE('',#1222,#276,#1224,.T.);
#1222 = VERTEX_POINT('',#1223);
#1223 = CARTESIAN_POINT('',(20.,-12.25,2.));
#1224 = LINE('',#1225,#1226);
#1225 = CARTESIAN_POINT('',(20.,-12.25,2.));
#1226 = VECTOR('',#1227,1.);
#1227 = DIRECTION('',(-1.,1.110223024625E-16,-1.110223024625E-16));
#1228 = ORIENTED_EDGE('',*,*,#275,.F.);
#1229 = ORIENTED_EDGE('',*,*,#1145,.T.);
#1230 = ORIENTED_EDGE('',*,*,#1231,.T.);
#1231 = EDGE_CURVE('',#1138,#1232,#1234,.T.);
#1232 = VERTEX_POINT('',#1233);
#1233 = CARTESIAN_POINT('',(17.,-12.25,-1.189524669241E-17));
#1234 = LINE('',#1235,#1236);
#1235 = CARTESIAN_POINT('',(17.,-12.25,-18.));
#1236 = VECTOR('',#1237,1.);
#1237 = DIRECTION('',(-2.22044604925E-16,-2.22044604925E-16,1.));
#1238 = ORIENTED_EDGE('',*,*,#1239,.F.);
#1239 = EDGE_CURVE('',#1240,#1232,#1242,.T.);
#1240 = VERTEX_POINT('',#1241);
#1241 = CARTESIAN_POINT('',(20.,-12.25,7.49400541622E-16));
#1242 = LINE('',#1243,#1244);
#1243 = CARTESIAN_POINT('',(20.,-12.25,7.49400541622E-16));
#1244 = VECTOR('',#1245,1.);
#1245 = DIRECTION('',(-1.,5.329070518201E-16,-2.537652627715E-16));
#1246 = ORIENTED_EDGE('',*,*,#1247,.T.);
#1247 = EDGE_CURVE('',#1240,#1222,#1248,.T.);
#1248 = LINE('',#1249,#1250);
#1249 = CARTESIAN_POINT('',(20.,-12.25,-18.));
#1250 = VECTOR('',#1251,1.);
#1251 = DIRECTION('',(-2.22044604925E-16,-2.22044604925E-16,1.));
#1252 = PLANE('',#1253);
#1253 = AXIS2_PLACEMENT_3D('',#1254,#1255,#1256);
#1254 = CARTESIAN_POINT('',(-7.465753424658,-12.25,-6.034246575342));
#1255 = DIRECTION('',(-3.378939125202E-16,-1.,-0.));
#1256 = DIRECTION('',(-1.,3.378939125202E-16,0.));
#1257 = ADVANCED_FACE('',(#1258),#1283,.F.);
#1258 = FACE_BOUND('',#1259,.F.);
#1259 = EDGE_LOOP('',(#1260,#1268,#1276,#1282));
#1260 = ORIENTED_EDGE('',*,*,#1261,.F.);
#1261 = EDGE_CURVE('',#1262,#324,#1264,.T.);
#1262 = VERTEX_POINT('',#1263);
#1263 = CARTESIAN_POINT('',(-22.,-13.,19.05));
#1264 = LINE('',#1265,#1266);
#1265 = CARTESIAN_POINT('',(-22.25,-12.75,19.05));
#1266 = VECTOR('',#1267,1.);
#1267 = DIRECTION('',(-0.707106781187,0.707106781187,0.));
#1268 = ORIENTED_EDGE('',*,*,#1269,.T.);
#1269 = EDGE_CURVE('',#1262,#1270,#1272,.T.);
#1270 = VERTEX_POINT('',#1271);
#1271 = CARTESIAN_POINT('',(-22.,-13.,9.8));
#1272 = LINE('',#1273,#1274);
#1273 = CARTESIAN_POINT('',(-22.,-13.,20.05));
#1274 = VECTOR('',#1275,1.);
#1275 = DIRECTION('',(0.,-2.22044604925E-16,-1.));
#1276 = ORIENTED_EDGE('',*,*,#1277,.T.);
#1277 = EDGE_CURVE('',#1270,#316,#1278,.T.);
#1278 = LINE('',#1279,#1280);
#1279 = CARTESIAN_POINT('',(-22.25,-12.75,9.8));
#1280 = VECTOR('',#1281,1.);
#1281 = DIRECTION('',(-0.707106781187,0.707106781187,2.595999626618E-15)
  );
#1282 = ORIENTED_EDGE('',*,*,#323,.F.);
#1283 = PLANE('',#1284);
#1284 = AXIS2_PLACEMENT_3D('',#1285,#1286,#1287);
#1285 = CARTESIAN_POINT('',(-22.5,-12.5,20.05));
#1286 = DIRECTION('',(0.707106781187,0.707106781187,-1.121270291989E-16)
  );
#1287 = DIRECTION('',(3.173651976171E-17,-1.903080851633E-16,-1.));
#1288 = ADVANCED_FACE('',(#1289),#1307,.T.);
#1289 = FACE_BOUND('',#1290,.F.);
#1290 = EDGE_LOOP('',(#1291,#1299,#1305,#1306));
#1291 = ORIENTED_EDGE('',*,*,#1292,.F.);
#1292 = EDGE_CURVE('',#1293,#284,#1295,.T.);
#1293 = VERTEX_POINT('',#1294);
#1294 = CARTESIAN_POINT('',(20.,-11.25,3.));
#1295 = LINE('',#1296,#1297);
#1296 = CARTESIAN_POINT('',(20.,-11.25,3.));
#1297 = VECTOR('',#1298,1.);
#1298 = DIRECTION('',(-1.,1.110223024625E-16,-1.110223024625E-16));
#1299 = ORIENTED_EDGE('',*,*,#1300,.F.);
#1300 = EDGE_CURVE('',#1222,#1293,#1301,.T.);
#1301 = LINE('',#1302,#1303);
#1302 = CARTESIAN_POINT('',(20.,-13.44467857142,0.805321428571));
#1303 = VECTOR('',#1304,1.);
#1304 = DIRECTION('',(0.,0.707106781187,0.707106781187));
#1305 = ORIENTED_EDGE('',*,*,#1221,.T.);
#1306 = ORIENTED_EDGE('',*,*,#283,.F.);
#1307 = PLANE('',#1308);
#1308 = AXIS2_PLACEMENT_3D('',#1309,#1310,#1311);
#1309 = CARTESIAN_POINT('',(20.,-11.75,2.5));
#1310 = DIRECTION('',(-4.064604808458E-16,-0.707106781187,0.707106781187
    ));
#1311 = DIRECTION('',(1.,-2.874109622904E-16,2.874109622904E-16));
#1312 = ADVANCED_FACE('',(#1313),#1338,.F.);
#1313 = FACE_BOUND('',#1314,.T.);
#1314 = EDGE_LOOP('',(#1315,#1323,#1331,#1337));
#1315 = ORIENTED_EDGE('',*,*,#1316,.F.);
#1316 = EDGE_CURVE('',#1317,#308,#1319,.T.);
#1317 = VERTEX_POINT('',#1318);
#1318 = CARTESIAN_POINT('',(-22.,-7.5,8.8));
#1319 = LINE('',#1320,#1321);
#1320 = CARTESIAN_POINT('',(-22.33333333333,-7.166666666667,
    9.133333333333));
#1321 = VECTOR('',#1322,1.);
#1322 = DIRECTION('',(-0.57735026919,0.57735026919,0.57735026919));
#1323 = ORIENTED_EDGE('',*,*,#1324,.T.);
#1324 = EDGE_CURVE('',#1317,#1325,#1327,.T.);
#1325 = VERTEX_POINT('',#1326);
#1326 = CARTESIAN_POINT('',(-22.,-12.,8.8));
#1327 = LINE('',#1328,#1329);
#1328 = CARTESIAN_POINT('',(-22.,-7.5,8.8));
#1329 = VECTOR('',#1330,1.);
#1330 = DIRECTION('',(0.,-1.,2.22044604925E-16));
#1331 = ORIENTED_EDGE('',*,*,#1332,.F.);
#1332 = EDGE_CURVE('',#316,#1325,#1333,.T.);
#1333 = LINE('',#1334,#1335);
#1334 = CARTESIAN_POINT('',(-22.5,-12.,9.3));
#1335 = VECTOR('',#1336,1.);
#1336 = DIRECTION('',(0.707106781187,-3.845925372767E-15,-0.707106781187
    ));
#1337 = ORIENTED_EDGE('',*,*,#315,.F.);
#1338 = PLANE('',#1339);
#1339 = AXIS2_PLACEMENT_3D('',#1340,#1341,#1342);
#1340 = CARTESIAN_POINT('',(-22.5,-7.5,9.3));
#1341 = DIRECTION('',(0.707106781187,2.382699370476E-16,0.707106781187)
  );
#1342 = DIRECTION('',(-5.74599857767E-17,1.,-2.795045907017E-16));
#1343 = ADVANCED_FACE('',(#1344),#1378,.T.);
#1344 = FACE_BOUND('',#1345,.T.);
#1345 = EDGE_LOOP('',(#1346,#1347,#1355,#1363,#1371,#1377));
#1346 = ORIENTED_EDGE('',*,*,#1292,.F.);
#1347 = ORIENTED_EDGE('',*,*,#1348,.T.);
#1348 = EDGE_CURVE('',#1293,#1349,#1351,.T.);
#1349 = VERTEX_POINT('',#1350);
#1350 = CARTESIAN_POINT('',(20.,-7.5,3.));
#1351 = LINE('',#1352,#1353);
#1352 = CARTESIAN_POINT('',(20.,-14.25,3.));
#1353 = VECTOR('',#1354,1.);
#1354 = DIRECTION('',(4.440892098501E-16,1.,2.22044604925E-16));
#1355 = ORIENTED_EDGE('',*,*,#1356,.F.);
#1356 = EDGE_CURVE('',#1357,#1349,#1359,.T.);
#1357 = VERTEX_POINT('',#1358);
#1358 = CARTESIAN_POINT('',(-22.,-7.5,3.));
#1359 = LINE('',#1360,#1361);
#1360 = CARTESIAN_POINT('',(-23.,-7.5,3.));
#1361 = VECTOR('',#1362,1.);
#1362 = DIRECTION('',(1.,-5.329070518201E-16,2.537652627715E-16));
#1363 = ORIENTED_EDGE('',*,*,#1364,.T.);
#1364 = EDGE_CURVE('',#1357,#1365,#1367,.T.);
#1365 = VERTEX_POINT('',#1366);
#1366 = CARTESIAN_POINT('',(-22.25,-7.25,3.));
#1367 = LINE('',#1368,#1369);
#1368 = CARTESIAN_POINT('',(-17.8125,-11.6875,3.));
#1369 = VECTOR('',#1370,1.);
#1370 = DIRECTION('',(-0.707106781187,0.707106781187,-1.742315433838E-16
    ));
#1371 = ORIENTED_EDGE('',*,*,#1372,.T.);
#1372 = EDGE_CURVE('',#1365,#292,#1373,.T.);
#1373 = LINE('',#1374,#1375);
#1374 = CARTESIAN_POINT('',(-23.,-7.25,3.));
#1375 = VECTOR('',#1376,1.);
#1376 = DIRECTION('',(-1.,1.110223024625E-16,-1.110223024625E-16));
#1377 = ORIENTED_EDGE('',*,*,#291,.F.);
#1378 = PLANE('',#1379);
#1379 = AXIS2_PLACEMENT_3D('',#1380,#1381,#1382);
#1380 = CARTESIAN_POINT('',(-7.127016129032,-10.37701612903,3.));
#1381 = DIRECTION('',(-2.464006116465E-16,0.,1.));
#1382 = DIRECTION('',(1.,0.,2.464006116465E-16));
#1383 = ADVANCED_FACE('',(#1384),#1401,.T.);
#1384 = FACE_BOUND('',#1385,.F.);
#1385 = EDGE_LOOP('',(#1386,#1387,#1388,#1394,#1395));
#1386 = ORIENTED_EDGE('',*,*,#307,.F.);
#1387 = ORIENTED_EDGE('',*,*,#1316,.F.);
#1388 = ORIENTED_EDGE('',*,*,#1389,.T.);
#1389 = EDGE_CURVE('',#1317,#1357,#1390,.T.);
#1390 = LINE('',#1391,#1392);
#1391 = CARTESIAN_POINT('',(-22.,-7.5,8.8));
#1392 = VECTOR('',#1393,1.);
#1393 = DIRECTION('',(0.,0.,-1.));
#1394 = ORIENTED_EDGE('',*,*,#1364,.T.);
#1395 = ORIENTED_EDGE('',*,*,#1396,.T.);
#1396 = EDGE_CURVE('',#1365,#300,#1397,.T.);
#1397 = LINE('',#1398,#1399);
#1398 = CARTESIAN_POINT('',(-21.65833333333,-7.841666666667,
    3.591666666667));
#1399 = VECTOR('',#1400,1.);
#1400 = DIRECTION('',(-0.57735026919,0.57735026919,-0.57735026919));
#1401 = PLANE('',#1402);
#1402 = AXIS2_PLACEMENT_3D('',#1403,#1404,#1405);
#1403 = CARTESIAN_POINT('',(-22.5,-7.,8.8));
#1404 = DIRECTION('',(-0.707106781187,-0.707106781187,0.));
#1405 = DIRECTION('',(0.,0.,1.));
#1406 = ADVANCED_FACE('',(#1407),#1412,.F.);
#1407 = FACE_BOUND('',#1408,.F.);
#1408 = EDGE_LOOP('',(#1409,#1410,#1411));
#1409 = ORIENTED_EDGE('',*,*,#1396,.F.);
#1410 = ORIENTED_EDGE('',*,*,#1372,.T.);
#1411 = ORIENTED_EDGE('',*,*,#299,.F.);
#1412 = PLANE('',#1413);
#1413 = AXIS2_PLACEMENT_3D('',#1414,#1415,#1416);
#1414 = CARTESIAN_POINT('',(-23.,-6.75,2.5));
#1415 = DIRECTION('',(9.811115054899E-17,-0.707106781187,-0.707106781187
    ));
#1416 = DIRECTION('',(-1.,4.164724259931E-17,-1.803973623257E-16));
#1417 = ADVANCED_FACE('',(#1418),#1429,.F.);
#1418 = FACE_BOUND('',#1419,.F.);
#1419 = EDGE_LOOP('',(#1420,#1421,#1422,#1423));
#1420 = ORIENTED_EDGE('',*,*,#512,.F.);
#1421 = ORIENTED_EDGE('',*,*,#464,.F.);
#1422 = ORIENTED_EDGE('',*,*,#414,.T.);
#1423 = ORIENTED_EDGE('',*,*,#1424,.T.);
#1424 = EDGE_CURVE('',#417,#513,#1425,.T.);
#1425 = LINE('',#1426,#1427);
#1426 = CARTESIAN_POINT('',(-30.,-8.85,-12.5));
#1427 = VECTOR('',#1428,1.);
#1428 = DIRECTION('',(0.,0.,1.));
#1429 = PLANE('',#1430);
#1430 = AXIS2_PLACEMENT_3D('',#1431,#1432,#1433);
#1431 = CARTESIAN_POINT('',(-30.,-3.35,-12.5));
#1432 = DIRECTION('',(-1.,0.,0.));
#1433 = DIRECTION('',(0.,2.22044604925E-16,1.));
#1434 = ADVANCED_FACE('',(#1435),#1441,.T.);
#1435 = FACE_BOUND('',#1436,.T.);
#1436 = EDGE_LOOP('',(#1437,#1438,#1439,#1440));
#1437 = ORIENTED_EDGE('',*,*,#448,.T.);
#1438 = ORIENTED_EDGE('',*,*,#1424,.T.);
#1439 = ORIENTED_EDGE('',*,*,#520,.F.);
#1440 = ORIENTED_EDGE('',*,*,#859,.F.);
#1441 = CYLINDRICAL_SURFACE('',#1442,2.5);
#1442 = AXIS2_PLACEMENT_3D('',#1443,#1444,#1445);
#1443 = CARTESIAN_POINT('',(-32.5,-8.85,-12.5));
#1444 = DIRECTION('',(0.,0.,1.));
#1445 = DIRECTION('',(0.,-1.,0.));
#1446 = ADVANCED_FACE('',(#1447),#1471,.T.);
#1447 = FACE_BOUND('',#1448,.F.);
#1448 = EDGE_LOOP('',(#1449,#1450,#1451,#1452));
#1449 = ORIENTED_EDGE('',*,*,#643,.T.);
#1450 = ORIENTED_EDGE('',*,*,#546,.F.);
#1451 = ORIENTED_EDGE('',*,*,#628,.F.);
#1452 = ORIENTED_EDGE('',*,*,#1453,.F.);
#1453 = EDGE_CURVE('',#644,#621,#1454,.T.);
#1454 = ( BOUNDED_CURVE() B_SPLINE_CURVE(8,(#1455,#1456,#1457,#1458,
    #1459,#1460,#1461,#1462,#1463,#1464,#1465,#1466,#1467,#1468,#1469,
#1470),.UNSPECIFIED.,.F.,.F.) B_SPLINE_CURVE_WITH_KNOTS((9,7,9),(
    14.946059336711,15.519089005067,16.092118673422),.UNSPECIFIED.) 
CURVE() GEOMETRIC_REPRESENTATION_ITEM() RATIONAL_B_SPLINE_CURVE((1.,1.,
1.,1.,1.,1.,1.,1.,1.,1.,1.,1.,1.,1.,1.,1.)) REPRESENTATION_ITEM('') );
#1455 = CARTESIAN_POINT('',(-33.,-10.86,-0.6));
#1456 = CARTESIAN_POINT('',(-33.,-10.86,-0.589200824691));
#1457 = CARTESIAN_POINT('',(-32.99978274795,-10.8564019084,
    -0.578308140232));
#1458 = CARTESIAN_POINT('',(-32.99929260121,-10.84886941443,
    -0.566633287498));
#1459 = CARTESIAN_POINT('',(-32.99867081575,-10.83990132927,
    -0.550258044735));
#1460 = CARTESIAN_POINT('',(-32.99653384231,-10.82876124832,
    -0.532182041897));
#1461 = CARTESIAN_POINT('',(-32.99462855242,-10.82449923386,
    -0.499102945848));
#1462 = CARTESIAN_POINT('',(-32.98430312883,-10.82416423368,
    -0.44901229667));
#1463 = CARTESIAN_POINT('',(-32.93853425516,-10.82488949531,
    -0.327624727752));
#1464 = CARTESIAN_POINT('',(-32.90314409681,-10.82603033173,
    -0.256218535129));
#1465 = CARTESIAN_POINT('',(-32.85017580926,-10.82426238757,
    -0.179884469214));
#1466 = CARTESIAN_POINT('',(-32.77909043639,-10.81622959115,
    -0.111255664656));
#1467 = CARTESIAN_POINT('',(-32.69371346279,-10.80284759707,
    -5.683346542775E-02));
#1468 = CARTESIAN_POINT('',(-32.59916949249,-10.78656587811,
    -1.881671929464E-02));
#1469 = CARTESIAN_POINT('',(-32.4995570579,-10.76825212728,
    9.992007221626E-16));
#1470 = CARTESIAN_POINT('',(-32.4,-10.75,1.110223024625E-16));
#1471 = CYLINDRICAL_SURFACE('',#1472,0.6);
#1472 = AXIS2_PLACEMENT_3D('',#1473,#1474,#1475);
#1473 = CARTESIAN_POINT('',(-32.4,-11.35,-0.6));
#1474 = DIRECTION('',(0.,1.,0.));
#1475 = DIRECTION('',(0.,0.,1.));
#1476 = ADVANCED_FACE('',(#1477),#1494,.T.);
#1477 = FACE_BOUND('',#1478,.F.);
#1478 = EDGE_LOOP('',(#1479,#1485,#1486,#1493));
#1479 = ORIENTED_EDGE('',*,*,#1480,.T.);
#1480 = EDGE_CURVE('',#809,#652,#1481,.T.);
#1481 = ( BOUNDED_CURVE() B_SPLINE_CURVE(2,(#1482,#1483,#1484),
.UNSPECIFIED.,.F.,.F.) B_SPLINE_CURVE_WITH_KNOTS((3,3),(0.,
1.146059336711),.PIECEWISE_BEZIER_KNOTS.) CURVE() 
GEOMETRIC_REPRESENTATION_ITEM() RATIONAL_B_SPLINE_CURVE((1.,
0.707106781187,1.)) REPRESENTATION_ITEM('') );
#1482 = CARTESIAN_POINT('',(-32.51,-11.35,-14.4));
#1483 = CARTESIAN_POINT('',(-33.,-11.35,-14.4));
#1484 = CARTESIAN_POINT('',(-33.,-10.86,-14.4));
#1485 = ORIENTED_EDGE('',*,*,#651,.T.);
#1486 = ORIENTED_EDGE('',*,*,#1487,.F.);
#1487 = EDGE_CURVE('',#772,#644,#1488,.T.);
#1488 = CIRCLE('',#1489,0.49);
#1489 = AXIS2_PLACEMENT_3D('',#1490,#1491,#1492);
#1490 = CARTESIAN_POINT('',(-32.51,-10.86,-0.6));
#1491 = DIRECTION('',(-0.,-0.,-1.));
#1492 = DIRECTION('',(0.,-1.,0.));
#1493 = ORIENTED_EDGE('',*,*,#846,.F.);
#1494 = CYLINDRICAL_SURFACE('',#1495,0.49);
#1495 = AXIS2_PLACEMENT_3D('',#1496,#1497,#1498);
#1496 = CARTESIAN_POINT('',(-32.51,-10.86,-14.4));
#1497 = DIRECTION('',(0.,0.,1.));
#1498 = DIRECTION('',(0.,-1.,0.));
#1499 = ADVANCED_FACE('',(#1500),#1524,.T.);
#1500 = FACE_BOUND('',#1501,.F.);
#1501 = EDGE_LOOP('',(#1502,#1503,#1522,#1523));
#1502 = ORIENTED_EDGE('',*,*,#659,.T.);
#1503 = ORIENTED_EDGE('',*,*,#1504,.F.);
#1504 = EDGE_CURVE('',#750,#652,#1505,.T.);
#1505 = ( BOUNDED_CURVE() B_SPLINE_CURVE(8,(#1506,#1507,#1508,#1509,
    #1510,#1511,#1512,#1513,#1514,#1515,#1516,#1517,#1518,#1519,#1520,
#1521),.UNSPECIFIED.,.F.,.F.) B_SPLINE_CURVE_WITH_KNOTS((9,7,9),(0.,
0.573029668356,1.146059336711),.UNSPECIFIED.) CURVE() 
GEOMETRIC_REPRESENTATION_ITEM() RATIONAL_B_SPLINE_CURVE((1.,1.,1.,1.,1.,
1.,1.,1.,1.,1.,1.,1.,1.,1.,1.,1.)) REPRESENTATION_ITEM('') );
#1506 = CARTESIAN_POINT('',(-32.4,-10.75,-15.));
#1507 = CARTESIAN_POINT('',(-32.4995570579,-10.76825212728,-15.));
#1508 = CARTESIAN_POINT('',(-32.59916949249,-10.78656587811,
    -14.9811832807));
#1509 = CARTESIAN_POINT('',(-32.69371346279,-10.80284759707,
    -14.94316653457));
#1510 = CARTESIAN_POINT('',(-32.77909043639,-10.81622959115,
    -14.88874433534));
#1511 = CARTESIAN_POINT('',(-32.85017580926,-10.82426238757,
    -14.82011553078));
#1512 = CARTESIAN_POINT('',(-32.90314409681,-10.82603033173,
    -14.74378146487));
#1513 = CARTESIAN_POINT('',(-32.93853425516,-10.82488949531,
    -14.67237527224));
#1514 = CARTESIAN_POINT('',(-32.98430312883,-10.82416423368,
    -14.55098770333));
#1515 = CARTESIAN_POINT('',(-32.99462855242,-10.82449923386,
    -14.50089705415));
#1516 = CARTESIAN_POINT('',(-32.99653384231,-10.82876124832,
    -14.4678179581));
#1517 = CARTESIAN_POINT('',(-32.99867081575,-10.83990132927,
    -14.44974195526));
#1518 = CARTESIAN_POINT('',(-32.99929260121,-10.84886941443,
    -14.4333667125));
#1519 = CARTESIAN_POINT('',(-32.99978274795,-10.8564019084,
    -14.42169185976));
#1520 = CARTESIAN_POINT('',(-33.,-10.86,-14.4107991753));
#1521 = CARTESIAN_POINT('',(-33.,-10.86,-14.4));
#1522 = ORIENTED_EDGE('',*,*,#749,.F.);
#1523 = ORIENTED_EDGE('',*,*,#675,.F.);
#1524 = CYLINDRICAL_SURFACE('',#1525,0.6);
#1525 = AXIS2_PLACEMENT_3D('',#1526,#1527,#1528);
#1526 = CARTESIAN_POINT('',(-32.4,-3.35,-14.4));
#1527 = DIRECTION('',(0.,-1.,0.));
#1528 = DIRECTION('',(0.,0.,-1.));
#1529 = ADVANCED_FACE('',(#1530),#1535,.F.);
#1530 = FACE_BOUND('',#1531,.F.);
#1531 = EDGE_LOOP('',(#1532,#1533,#1534));
#1532 = ORIENTED_EDGE('',*,*,#1487,.T.);
#1533 = ORIENTED_EDGE('',*,*,#1453,.T.);
#1534 = ORIENTED_EDGE('',*,*,#781,.F.);
#1535 = ( BOUNDED_SURFACE() B_SPLINE_SURFACE(2,8,(
    (#1536,#1537,#1538,#1539,#1540,#1541,#1542,#1543,#1544,#1545,#1546
      ,#1547,#1548,#1549,#1550,#1551)
    ,(#1552,#1553,#1554,#1555,#1556,#1557,#1558,#1559,#1560,#1561,#1562
      ,#1563,#1564,#1565,#1566,#1567)
    ,(#1568,#1569,#1570,#1571,#1572,#1573,#1574,#1575,#1576,#1577,#1578
      ,#1579,#1580,#1581,#1582,#1583
)),.UNSPECIFIED.,.F.,.F.,.F.) B_SPLINE_SURFACE_WITH_KNOTS((3,3),(9,7,9),
  (0.,1.146059336711),(14.946059336711,15.519089005067,16.092118673422),
.UNSPECIFIED.) GEOMETRIC_REPRESENTATION_ITEM() RATIONAL_B_SPLINE_SURFACE
((
    (1.,1.,1.,1.,1.,1.,1.,1.,1.,1.,1.,1.,1.,1.,1.,1.)
    ,(0.707106781187,0.707106781187,0.702328814239,0.691607515014
      ,0.680656305453,0.663719900308,0.660533644684,0.678438167075
      ,0.744689502578,0.79323220924,0.852424958064,0.907869790288
      ,0.95252867457,0.984356015514,1.,1.)
    ,(1.,1.,1.,1.,1.,1.,1.,1.,1.,1.,1.,1.,1.,1.,1.,1.
))) REPRESENTATION_ITEM('') SURFACE() );
#1536 = CARTESIAN_POINT('',(-32.51,-11.35,-0.6));
#1537 = CARTESIAN_POINT('',(-32.51,-11.35,-0.589200824691));
#1538 = CARTESIAN_POINT('',(-32.5064019084,-11.34978274795,
    -0.578308140232));
#1539 = CARTESIAN_POINT('',(-32.49886941443,-11.34929260121,
    -0.566633287498));
#1540 = CARTESIAN_POINT('',(-32.48990132927,-11.34867081575,
    -0.550258044735));
#1541 = CARTESIAN_POINT('',(-32.47876124832,-11.34653384231,
    -0.532182041897));
#1542 = CARTESIAN_POINT('',(-32.47449923386,-11.34462855242,
    -0.499102945848));
#1543 = CARTESIAN_POINT('',(-32.47416423368,-11.33430312883,
    -0.44901229667));
#1544 = CARTESIAN_POINT('',(-32.47488949531,-11.28853425516,
    -0.327624727752));
#1545 = CARTESIAN_POINT('',(-32.47603033173,-11.25314409681,
    -0.256218535129));
#1546 = CARTESIAN_POINT('',(-32.47426238757,-11.20017580926,
    -0.179884469214));
#1547 = CARTESIAN_POINT('',(-32.46622959115,-11.12909043639,
    -0.111255664656));
#1548 = CARTESIAN_POINT('',(-32.45284759707,-11.04371346279,
    -5.683346542776E-02));
#1549 = CARTESIAN_POINT('',(-32.43656587811,-10.94916949249,
    -1.881671929464E-02));
#1550 = CARTESIAN_POINT('',(-32.41825212728,-10.8495570579,
    -2.775557561563E-16));
#1551 = CARTESIAN_POINT('',(-32.4,-10.75,1.110223024625E-16));
#1552 = CARTESIAN_POINT('',(-33.,-11.35,-0.6));
#1553 = CARTESIAN_POINT('',(-33.,-11.35,-0.541095407404));
#1554 = CARTESIAN_POINT('',(-32.99770988487,-11.34770988487,
    -0.481433853806));
#1555 = CARTESIAN_POINT('',(-32.99359070073,-11.34359070073,
    -0.418126071909));
#1556 = CARTESIAN_POINT('',(-32.98461466188,-11.33461466188,
    -0.351841370253));
#1557 = CARTESIAN_POINT('',(-32.97310083719,-11.32310083719,
    -0.275831468712));
#1558 = CARTESIAN_POINT('',(-32.94863056479,-11.29863056479,
    -0.207006860437));
#1559 = CARTESIAN_POINT('',(-32.90830154452,-11.25830154452,
    -0.15210240428));
#1560 = CARTESIAN_POINT('',(-32.80980380242,-11.15980380242,
    -7.306527716616E-02));
#1561 = CARTESIAN_POINT('',(-32.75686726064,-11.10686726064,
    -4.962118367924E-02));
#1562 = CARTESIAN_POINT('',(-32.70082700039,-11.05082700039,
    -3.547386503196E-02));
#1563 = CARTESIAN_POINT('',(-32.64221684612,-10.99221684612,
    -2.223137652735E-02));
#1564 = CARTESIAN_POINT('',(-32.581297334,-10.931297334,
    -1.058902216705E-02));
#1565 = CARTESIAN_POINT('',(-32.51970289273,-10.86970289273,
    -3.619468812714E-03));
#1566 = CARTESIAN_POINT('',(-32.45890459259,-10.80890459259,
    6.106226635438E-16));
#1567 = CARTESIAN_POINT('',(-32.4,-10.75,1.110223024625E-16));
#1568 = CARTESIAN_POINT('',(-33.,-10.86,-0.6));
#1569 = CARTESIAN_POINT('',(-33.,-10.86,-0.589200824691));
#1570 = CARTESIAN_POINT('',(-32.99978274795,-10.8564019084,
    -0.578308140232));
#1571 = CARTESIAN_POINT('',(-32.99929260121,-10.84886941443,
    -0.566633287498));
#1572 = CARTESIAN_POINT('',(-32.99867081575,-10.83990132927,
    -0.550258044735));
#1573 = CARTESIAN_POINT('',(-32.99653384231,-10.82876124832,
    -0.532182041897));
#1574 = CARTESIAN_POINT('',(-32.99462855242,-10.82449923386,
    -0.499102945848));
#1575 = CARTESIAN_POINT('',(-32.98430312883,-10.82416423368,
    -0.44901229667));
#1576 = CARTESIAN_POINT('',(-32.93853425516,-10.82488949531,
    -0.327624727752));
#1577 = CARTESIAN_POINT('',(-32.90314409681,-10.82603033173,
    -0.256218535129));
#1578 = CARTESIAN_POINT('',(-32.85017580926,-10.82426238757,
    -0.179884469214));
#1579 = CARTESIAN_POINT('',(-32.77909043639,-10.81622959115,
    -0.111255664656));
#1580 = CARTESIAN_POINT('',(-32.69371346279,-10.80284759707,
    -5.683346542775E-02));
#1581 = CARTESIAN_POINT('',(-32.59916949249,-10.78656587811,
    -1.881671929464E-02));
#1582 = CARTESIAN_POINT('',(-32.4995570579,-10.76825212728,
    9.992007221626E-16));
#1583 = CARTESIAN_POINT('',(-32.4,-10.75,1.110223024625E-16));
#1584 = ADVANCED_FACE('',(#1585),#1590,.F.);
#1585 = FACE_BOUND('',#1586,.F.);
#1586 = EDGE_LOOP('',(#1587,#1588,#1589));
#1587 = ORIENTED_EDGE('',*,*,#1504,.T.);
#1588 = ORIENTED_EDGE('',*,*,#1480,.F.);
#1589 = ORIENTED_EDGE('',*,*,#816,.F.);
#1590 = ( BOUNDED_SURFACE() B_SPLINE_SURFACE(2,8,(
    (#1591,#1592,#1593,#1594,#1595,#1596,#1597,#1598,#1599,#1600,#1601
      ,#1602,#1603,#1604,#1605,#1606)
    ,(#1607,#1608,#1609,#1610,#1611,#1612,#1613,#1614,#1615,#1616,#1617
      ,#1618,#1619,#1620,#1621,#1622)
    ,(#1623,#1624,#1625,#1626,#1627,#1628,#1629,#1630,#1631,#1632,#1633
      ,#1634,#1635,#1636,#1637,#1638
)),.UNSPECIFIED.,.F.,.F.,.F.) B_SPLINE_SURFACE_WITH_KNOTS((3,3),(9,7,9),
  (0.,1.146059336711),(0.,0.573029668356,1.146059336711),.UNSPECIFIED.) 
GEOMETRIC_REPRESENTATION_ITEM() RATIONAL_B_SPLINE_SURFACE((
    (1.,1.,1.,1.,1.,1.,1.,1.,1.,1.,1.,1.,1.,1.,1.,1.)
    ,(1.,1.,0.984356015514,0.95252867457,0.907869790288,0.852424958064
      ,0.79323220924,0.744689502578,0.678438167075,0.660533644684
      ,0.663719900308,0.680656305453,0.691607515015,0.702328814239
      ,0.707106781187,0.707106781187)
    ,(1.,1.,1.,1.,1.,1.,1.,1.,1.,1.,1.,1.,1.,1.,1.,1.
))) REPRESENTATION_ITEM('') SURFACE() );
#1591 = CARTESIAN_POINT('',(-32.4,-10.75,-15.));
#1592 = CARTESIAN_POINT('',(-32.41825212728,-10.8495570579,-15.));
#1593 = CARTESIAN_POINT('',(-32.43656587811,-10.94916949249,
    -14.9811832807));
#1594 = CARTESIAN_POINT('',(-32.45284759707,-11.04371346279,
    -14.94316653457));
#1595 = CARTESIAN_POINT('',(-32.46622959115,-11.12909043639,
    -14.88874433534));
#1596 = CARTESIAN_POINT('',(-32.47426238757,-11.20017580926,
    -14.82011553078));
#1597 = CARTESIAN_POINT('',(-32.47603033173,-11.25314409681,
    -14.74378146487));
#1598 = CARTESIAN_POINT('',(-32.47488949531,-11.28853425516,
    -14.67237527224));
#1599 = CARTESIAN_POINT('',(-32.47416423368,-11.33430312883,
    -14.55098770333));
#1600 = CARTESIAN_POINT('',(-32.47449923386,-11.34462855242,
    -14.50089705415));
#1601 = CARTESIAN_POINT('',(-32.47876124832,-11.34653384231,
    -14.4678179581));
#1602 = CARTESIAN_POINT('',(-32.48990132927,-11.34867081575,
    -14.44974195526));
#1603 = CARTESIAN_POINT('',(-32.49886941443,-11.3492926012,
    -14.4333667125));
#1604 = CARTESIAN_POINT('',(-32.5064019084,-11.34978274795,
    -14.42169185976));
#1605 = CARTESIAN_POINT('',(-32.51,-11.35,-14.4107991753));
#1606 = CARTESIAN_POINT('',(-32.51,-11.35,-14.4));
#1607 = CARTESIAN_POINT('',(-32.4,-10.75,-15.));
#1608 = CARTESIAN_POINT('',(-32.45890459259,-10.80890459259,-15.));
#1609 = CARTESIAN_POINT('',(-32.51970289273,-10.86970289273,
    -14.99638053118));
#1610 = CARTESIAN_POINT('',(-32.581297334,-10.931297334,-14.98941097783)
  );
#1611 = CARTESIAN_POINT('',(-32.64221684612,-10.99221684612,
    -14.97776862347));
#1612 = CARTESIAN_POINT('',(-32.70082700039,-11.05082700039,
    -14.96452613496));
#1613 = CARTESIAN_POINT('',(-32.75686726064,-11.10686726064,
    -14.95037881632));
#1614 = CARTESIAN_POINT('',(-32.80980380242,-11.15980380242,
    -14.92693472283));
#1615 = CARTESIAN_POINT('',(-32.90830154452,-11.25830154452,
    -14.84789759572));
#1616 = CARTESIAN_POINT('',(-32.94863056479,-11.29863056479,
    -14.79299313956));
#1617 = CARTESIAN_POINT('',(-32.97310083719,-11.32310083719,
    -14.72416853128));
#1618 = CARTESIAN_POINT('',(-32.98461466188,-11.33461466188,
    -14.64815862974));
#1619 = CARTESIAN_POINT('',(-32.99359070073,-11.34359070073,
    -14.58187392809));
#1620 = CARTESIAN_POINT('',(-32.99770988487,-11.34770988487,
    -14.51856614619));
#1621 = CARTESIAN_POINT('',(-33.,-11.35,-14.45890459259));
#1622 = CARTESIAN_POINT('',(-33.,-11.35,-14.4));
#1623 = CARTESIAN_POINT('',(-32.4,-10.75,-15.));
#1624 = CARTESIAN_POINT('',(-32.4995570579,-10.76825212728,-15.));
#1625 = CARTESIAN_POINT('',(-32.59916949249,-10.78656587811,
    -14.9811832807));
#1626 = CARTESIAN_POINT('',(-32.69371346279,-10.80284759707,
    -14.94316653457));
#1627 = CARTESIAN_POINT('',(-32.77909043639,-10.81622959115,
    -14.88874433534));
#1628 = CARTESIAN_POINT('',(-32.85017580926,-10.82426238757,
    -14.82011553078));
#1629 = CARTESIAN_POINT('',(-32.90314409681,-10.82603033173,
    -14.74378146487));
#1630 = CARTESIAN_POINT('',(-32.93853425516,-10.82488949531,
    -14.67237527224));
#1631 = CARTESIAN_POINT('',(-32.98430312883,-10.82416423368,
    -14.55098770333));
#1632 = CARTESIAN_POINT('',(-32.99462855242,-10.82449923386,
    -14.50089705415));
#1633 = CARTESIAN_POINT('',(-32.99653384231,-10.82876124832,
    -14.4678179581));
#1634 = CARTESIAN_POINT('',(-32.99867081575,-10.83990132927,
    -14.44974195526));
#1635 = CARTESIAN_POINT('',(-32.99929260121,-10.84886941443,
    -14.4333667125));
#1636 = CARTESIAN_POINT('',(-32.99978274795,-10.8564019084,
    -14.42169185976));
#1637 = CARTESIAN_POINT('',(-33.,-10.86,-14.4107991753));
#1638 = CARTESIAN_POINT('',(-33.,-10.86,-14.4));
#1639 = ADVANCED_FACE('',(#1640,#1678,#1689),#1700,.T.);
#1640 = FACE_BOUND('',#1641,.T.);
#1641 = EDGE_LOOP('',(#1642,#1643,#1644,#1652,#1660,#1668,#1674,#1675,
    #1676,#1677));
#1642 = ORIENTED_EDGE('',*,*,#882,.F.);
#1643 = ORIENTED_EDGE('',*,*,#929,.F.);
#1644 = ORIENTED_EDGE('',*,*,#1645,.T.);
#1645 = EDGE_CURVE('',#930,#1646,#1648,.T.);
#1646 = VERTEX_POINT('',#1647);
#1647 = CARTESIAN_POINT('',(16.,6.5,-18.));
#1648 = LINE('',#1649,#1650);
#1649 = CARTESIAN_POINT('',(-23.,6.5,-18.));
#1650 = VECTOR('',#1651,1.);
#1651 = DIRECTION('',(1.,0.,0.));
#1652 = ORIENTED_EDGE('',*,*,#1653,.T.);
#1653 = EDGE_CURVE('',#1646,#1654,#1656,.T.);
#1654 = VERTEX_POINT('',#1655);
#1655 = CARTESIAN_POINT('',(16.,-48.5,-18.));
#1656 = LINE('',#1657,#1658);
#1657 = CARTESIAN_POINT('',(16.,7.5,-18.));
#1658 = VECTOR('',#1659,1.);
#1659 = DIRECTION('',(0.,-1.,2.22044604925E-16));
#1660 = ORIENTED_EDGE('',*,*,#1661,.T.);
#1661 = EDGE_CURVE('',#1654,#1662,#1664,.T.);
#1662 = VERTEX_POINT('',#1663);
#1663 = CARTESIAN_POINT('',(14.,-50.5,-18.));
#1664 = LINE('',#1665,#1666);
#1665 = CARTESIAN_POINT('',(17.026041666667,-47.47395833333,-18.));
#1666 = VECTOR('',#1667,1.);
#1667 = DIRECTION('',(-0.707106781187,-0.707106781187,1.574422170848E-16
    ));
#1668 = ORIENTED_EDGE('',*,*,#1669,.F.);
#1669 = EDGE_CURVE('',#1090,#1662,#1670,.T.);
#1670 = LINE('',#1671,#1672);
#1671 = CARTESIAN_POINT('',(-19.,-50.5,-18.));
#1672 = VECTOR('',#1673,1.);
#1673 = DIRECTION('',(1.,0.,0.));
#1674 = ORIENTED_EDGE('',*,*,#1089,.F.);
#1675 = ORIENTED_EDGE('',*,*,#1008,.F.);
#1676 = ORIENTED_EDGE('',*,*,#952,.T.);
#1677 = ORIENTED_EDGE('',*,*,#905,.F.);
#1678 = FACE_BOUND('',#1679,.T.);
#1679 = EDGE_LOOP('',(#1680));
#1680 = ORIENTED_EDGE('',*,*,#1681,.F.);
#1681 = EDGE_CURVE('',#1682,#1682,#1684,.T.);
#1682 = VERTEX_POINT('',#1683);
#1683 = CARTESIAN_POINT('',(15.5,-40.8,-18.));
#1684 = CIRCLE('',#1685,2.5);
#1685 = AXIS2_PLACEMENT_3D('',#1686,#1687,#1688);
#1686 = CARTESIAN_POINT('',(13.,-40.8,-18.));
#1687 = DIRECTION('',(0.,0.,-1.));
#1688 = DIRECTION('',(1.,0.,0.));
#1689 = FACE_BOUND('',#1690,.T.);
#1690 = EDGE_LOOP('',(#1691));
#1691 = ORIENTED_EDGE('',*,*,#1692,.F.);
#1692 = EDGE_CURVE('',#1693,#1693,#1695,.T.);
#1693 = VERTEX_POINT('',#1694);
#1694 = CARTESIAN_POINT('',(-16.5,-40.8,-18.));
#1695 = CIRCLE('',#1696,2.5);
#1696 = AXIS2_PLACEMENT_3D('',#1697,#1698,#1699);
#1697 = CARTESIAN_POINT('',(-19.,-40.8,-18.));
#1698 = DIRECTION('',(0.,0.,-1.));
#1699 = DIRECTION('',(1.,0.,0.));
#1700 = PLANE('',#1701);
#1701 = AXIS2_PLACEMENT_3D('',#1702,#1703,#1704);
#1702 = CARTESIAN_POINT('',(-5.458333333333,-20.9375,-18.));
#1703 = DIRECTION('',(-0.,-2.226569186914E-16,-1.));
#1704 = DIRECTION('',(0.,-1.,2.226569186914E-16));
#1705 = ADVANCED_FACE('',(#1706),#1716,.F.);
#1706 = FACE_BOUND('',#1707,.F.);
#1707 = EDGE_LOOP('',(#1708,#1714,#1715));
#1708 = ORIENTED_EDGE('',*,*,#1709,.F.);
#1709 = EDGE_CURVE('',#977,#930,#1710,.T.);
#1710 = LINE('',#1711,#1712);
#1711 = CARTESIAN_POINT('',(-22.,7.25,-17.25));
#1712 = VECTOR('',#1713,1.);
#1713 = DIRECTION('',(6.730369402342E-16,-0.707106781187,-0.707106781187
    ));
#1714 = ORIENTED_EDGE('',*,*,#976,.T.);
#1715 = ORIENTED_EDGE('',*,*,#937,.F.);
#1716 = PLANE('',#1717);
#1717 = AXIS2_PLACEMENT_3D('',#1718,#1719,#1720);
#1718 = CARTESIAN_POINT('',(-22.,7.5,-17.));
#1719 = DIRECTION('',(0.57735026919,-0.57735026919,0.57735026919));
#1720 = DIRECTION('',(-0.707106781187,1.276756478319E-15,0.707106781187)
  );
#1721 = ADVANCED_FACE('',(#1722,#1780),#1791,.T.);
#1722 = FACE_BOUND('',#1723,.T.);
#1723 = EDGE_LOOP('',(#1724,#1732,#1740,#1748,#1756,#1764,#1772,#1778,
    #1779));
#1724 = ORIENTED_EDGE('',*,*,#1725,.F.);
#1725 = EDGE_CURVE('',#1726,#1032,#1728,.T.);
#1726 = VERTEX_POINT('',#1727);
#1727 = CARTESIAN_POINT('',(19.,7.5,50.));
#1728 = LINE('',#1729,#1730);
#1729 = CARTESIAN_POINT('',(-20.,7.5,50.));
#1730 = VECTOR('',#1731,1.);
#1731 = DIRECTION('',(-1.,-0.,-0.));
#1732 = ORIENTED_EDGE('',*,*,#1733,.F.);
#1733 = EDGE_CURVE('',#1734,#1726,#1736,.T.);
#1734 = VERTEX_POINT('',#1735);
#1735 = CARTESIAN_POINT('',(19.,7.5,11.));
#1736 = LINE('',#1737,#1738);
#1737 = CARTESIAN_POINT('',(19.,7.5,12.));
#1738 = VECTOR('',#1739,1.);
#1739 = DIRECTION('',(0.,0.,1.));
#1740 = ORIENTED_EDGE('',*,*,#1741,.T.);
#1741 = EDGE_CURVE('',#1734,#1742,#1744,.T.);
#1742 = VERTEX_POINT('',#1743);
#1743 = CARTESIAN_POINT('',(32.,7.5,11.));
#1744 = LINE('',#1745,#1746);
#1745 = CARTESIAN_POINT('',(20.,7.5,11.));
#1746 = VECTOR('',#1747,1.);
#1747 = DIRECTION('',(1.,0.,0.));
#1748 = ORIENTED_EDGE('',*,*,#1749,.F.);
#1749 = EDGE_CURVE('',#1750,#1742,#1752,.T.);
#1750 = VERTEX_POINT('',#1751);
#1751 = CARTESIAN_POINT('',(32.,7.5,1.));
#1752 = LINE('',#1753,#1754);
#1753 = CARTESIAN_POINT('',(32.,7.5,0.));
#1754 = VECTOR('',#1755,1.);
#1755 = DIRECTION('',(0.,0.,1.));
#1756 = ORIENTED_EDGE('',*,*,#1757,.F.);
#1757 = EDGE_CURVE('',#1758,#1750,#1760,.T.);
#1758 = VERTEX_POINT('',#1759);
#1759 = CARTESIAN_POINT('',(16.,7.5,1.));
#1760 = LINE('',#1761,#1762);
#1761 = CARTESIAN_POINT('',(17.,7.5,1.));
#1762 = VECTOR('',#1763,1.);
#1763 = DIRECTION('',(1.,0.,0.));
#1764 = ORIENTED_EDGE('',*,*,#1765,.T.);
#1765 = EDGE_CURVE('',#1758,#1766,#1768,.T.);
#1766 = VERTEX_POINT('',#1767);
#1767 = CARTESIAN_POINT('',(16.,7.5,-17.));
#1768 = LINE('',#1769,#1770);
#1769 = CARTESIAN_POINT('',(16.,7.5,1.33226762955E-15));
#1770 = VECTOR('',#1771,1.);
#1771 = DIRECTION('',(0.,0.,-1.));
#1772 = ORIENTED_EDGE('',*,*,#1773,.F.);
#1773 = EDGE_CURVE('',#977,#1766,#1774,.T.);
#1774 = LINE('',#1775,#1776);
#1775 = CARTESIAN_POINT('',(-23.,7.5,-17.));
#1776 = VECTOR('',#1777,1.);
#1777 = DIRECTION('',(1.,0.,0.));
#1778 = ORIENTED_EDGE('',*,*,#984,.T.);
#1779 = ORIENTED_EDGE('',*,*,#1031,.T.);
#1780 = FACE_BOUND('',#1781,.T.);
#1781 = EDGE_LOOP('',(#1782));
#1782 = ORIENTED_EDGE('',*,*,#1783,.F.);
#1783 = EDGE_CURVE('',#1784,#1784,#1786,.T.);
#1784 = VERTEX_POINT('',#1785);
#1785 = CARTESIAN_POINT('',(25.55,7.5,5.));
#1786 = CIRCLE('',#1787,2.5);
#1787 = AXIS2_PLACEMENT_3D('',#1788,#1789,#1790);
#1788 = CARTESIAN_POINT('',(28.05,7.5,5.));
#1789 = DIRECTION('',(0.,1.,-2.22044604925E-16));
#1790 = DIRECTION('',(-1.,0.,0.));
#1791 = PLANE('',#1792);
#1792 = AXIS2_PLACEMENT_3D('',#1793,#1794,#1795);
#1793 = CARTESIAN_POINT('',(1.951612903226,7.5,15.274193548387));
#1794 = DIRECTION('',(0.,1.,0.));
#1795 = DIRECTION('',(0.,0.,1.));
#1796 = ADVANCED_FACE('',(#1797,#1823,#1834),#1845,.T.);
#1797 = FACE_BOUND('',#1798,.T.);
#1798 = EDGE_LOOP('',(#1799,#1800,#1801,#1809,#1817));
#1799 = ORIENTED_EDGE('',*,*,#1725,.T.);
#1800 = ORIENTED_EDGE('',*,*,#1057,.T.);
#1801 = ORIENTED_EDGE('',*,*,#1802,.F.);
#1802 = EDGE_CURVE('',#1803,#1050,#1805,.T.);
#1803 = VERTEX_POINT('',#1804);
#1804 = CARTESIAN_POINT('',(20.,-7.5,50.));
#1805 = LINE('',#1806,#1807);
#1806 = CARTESIAN_POINT('',(-20.,-7.5,50.));
#1807 = VECTOR('',#1808,1.);
#1808 = DIRECTION('',(-1.,-0.,-0.));
#1809 = ORIENTED_EDGE('',*,*,#1810,.T.);
#1810 = EDGE_CURVE('',#1803,#1811,#1813,.T.);
#1811 = VERTEX_POINT('',#1812);
#1812 = CARTESIAN_POINT('',(20.,6.5,50.));
#1813 = LINE('',#1814,#1815);
#1814 = CARTESIAN_POINT('',(20.,-7.5,50.));
#1815 = VECTOR('',#1816,1.);
#1816 = DIRECTION('',(0.,1.,0.));
#1817 = ORIENTED_EDGE('',*,*,#1818,.F.);
#1818 = EDGE_CURVE('',#1726,#1811,#1819,.T.);
#1819 = LINE('',#1820,#1821);
#1820 = CARTESIAN_POINT('',(16.,10.5,50.));
#1821 = VECTOR('',#1822,1.);
#1822 = DIRECTION('',(0.707106781187,-0.707106781187,0.));
#1823 = FACE_BOUND('',#1824,.T.);
#1824 = EDGE_LOOP('',(#1825));
#1825 = ORIENTED_EDGE('',*,*,#1826,.F.);
#1826 = EDGE_CURVE('',#1827,#1827,#1829,.T.);
#1827 = VERTEX_POINT('',#1828);
#1828 = CARTESIAN_POINT('',(-7.85,-0.45,50.));
#1829 = CIRCLE('',#1830,2.15);
#1830 = AXIS2_PLACEMENT_3D('',#1831,#1832,#1833);
#1831 = CARTESIAN_POINT('',(-10.,-0.45,50.));
#1832 = DIRECTION('',(0.,0.,1.));
#1833 = DIRECTION('',(1.,0.,0.));
#1834 = FACE_BOUND('',#1835,.T.);
#1835 = EDGE_LOOP('',(#1836));
#1836 = ORIENTED_EDGE('',*,*,#1837,.F.);
#1837 = EDGE_CURVE('',#1838,#1838,#1840,.T.);
#1838 = VERTEX_POINT('',#1839);
#1839 = CARTESIAN_POINT('',(12.15,-0.45,50.));
#1840 = CIRCLE('',#1841,2.15);
#1841 = AXIS2_PLACEMENT_3D('',#1842,#1843,#1844);
#1842 = CARTESIAN_POINT('',(10.,-0.45,50.));
#1843 = DIRECTION('',(0.,0.,1.));
#1844 = DIRECTION('',(1.,0.,0.));
#1845 = PLANE('',#1846);
#1846 = AXIS2_PLACEMENT_3D('',#1847,#1848,#1849);
#1847 = CARTESIAN_POINT('',(-1.5,0.,50.));
#1848 = DIRECTION('',(0.,0.,1.));
#1849 = DIRECTION('',(1.,0.,0.));
#1850 = ADVANCED_FACE('',(#1851),#1895,.T.);
#1851 = FACE_BOUND('',#1852,.T.);
#1852 = EDGE_LOOP('',(#1853,#1863,#1872,#1878,#1879,#1880,#1881,#1889));
#1853 = ORIENTED_EDGE('',*,*,#1854,.F.);
#1854 = EDGE_CURVE('',#1855,#1857,#1859,.T.);
#1855 = VERTEX_POINT('',#1856);
#1856 = CARTESIAN_POINT('',(19.26,-7.5,31.5));
#1857 = VERTEX_POINT('',#1858);
#1858 = CARTESIAN_POINT('',(15.,-7.5,31.5));
#1859 = LINE('',#1860,#1861);
#1860 = CARTESIAN_POINT('',(20.,-7.5,31.5));
#1861 = VECTOR('',#1862,1.);
#1862 = DIRECTION('',(-1.,0.,0.));
#1863 = ORIENTED_EDGE('',*,*,#1864,.F.);
#1864 = EDGE_CURVE('',#1865,#1855,#1867,.T.);
#1865 = VERTEX_POINT('',#1866);
#1866 = CARTESIAN_POINT('',(20.,-7.5,30.76));
#1867 = CIRCLE('',#1868,0.74);
#1868 = AXIS2_PLACEMENT_3D('',#1869,#1870,#1871);
#1869 = CARTESIAN_POINT('',(19.26,-7.5,30.76));
#1870 = DIRECTION('',(0.,-1.,0.));
#1871 = DIRECTION('',(0.,0.,1.));
#1872 = ORIENTED_EDGE('',*,*,#1873,.F.);
#1873 = EDGE_CURVE('',#1803,#1865,#1874,.T.);
#1874 = LINE('',#1875,#1876);
#1875 = CARTESIAN_POINT('',(20.,-7.5,24.282945944578));
#1876 = VECTOR('',#1877,1.);
#1877 = DIRECTION('',(0.,0.,-1.));
#1878 = ORIENTED_EDGE('',*,*,#1802,.T.);
#1879 = ORIENTED_EDGE('',*,*,#1049,.F.);
#1880 = ORIENTED_EDGE('',*,*,#1121,.T.);
#1881 = ORIENTED_EDGE('',*,*,#1882,.F.);
#1882 = EDGE_CURVE('',#1883,#1114,#1885,.T.);
#1883 = VERTEX_POINT('',#1884);
#1884 = CARTESIAN_POINT('',(15.,-7.5,20.05));
#1885 = LINE('',#1886,#1887);
#1886 = CARTESIAN_POINT('',(20.,-7.5,20.05));
#1887 = VECTOR('',#1888,1.);
#1888 = DIRECTION('',(-1.,0.,0.));
#1889 = ORIENTED_EDGE('',*,*,#1890,.T.);
#1890 = EDGE_CURVE('',#1883,#1857,#1891,.T.);
#1891 = LINE('',#1892,#1893);
#1892 = CARTESIAN_POINT('',(15.,-7.5,0.));
#1893 = VECTOR('',#1894,1.);
#1894 = DIRECTION('',(0.,0.,1.));
#1895 = PLANE('',#1896);
#1896 = AXIS2_PLACEMENT_3D('',#1897,#1898,#1899);
#1897 = CARTESIAN_POINT('',(-1.685821950071,-7.5,18.610821950071));
#1898 = DIRECTION('',(-0.,-1.,-0.));
#1899 = DIRECTION('',(0.,0.,-1.));
#1900 = ADVANCED_FACE('',(#1901),#1919,.T.);
#1901 = FACE_BOUND('',#1902,.T.);
#1902 = EDGE_LOOP('',(#1903,#1904,#1912,#1918));
#1903 = ORIENTED_EDGE('',*,*,#1071,.T.);
#1904 = ORIENTED_EDGE('',*,*,#1905,.T.);
#1905 = EDGE_CURVE('',#1074,#1906,#1908,.T.);
#1906 = VERTEX_POINT('',#1907);
#1907 = CARTESIAN_POINT('',(13.,-51.5,-17.));
#1908 = LINE('',#1909,#1910);
#1909 = CARTESIAN_POINT('',(-19.,-51.5,-17.));
#1910 = VECTOR('',#1911,1.);
#1911 = DIRECTION('',(1.,0.,0.));
#1912 = ORIENTED_EDGE('',*,*,#1913,.T.);
#1913 = EDGE_CURVE('',#1906,#1154,#1914,.T.);
#1914 = LINE('',#1915,#1916);
#1915 = CARTESIAN_POINT('',(13.,-51.5,-18.));
#1916 = VECTOR('',#1917,1.);
#1917 = DIRECTION('',(0.,2.22044604925E-16,1.));
#1918 = ORIENTED_EDGE('',*,*,#1153,.T.);
#1919 = PLANE('',#1920);
#1920 = AXIS2_PLACEMENT_3D('',#1921,#1922,#1923);
#1921 = CARTESIAN_POINT('',(-3.,-51.5,-15.575));
#1922 = DIRECTION('',(0.,-1.,1.465036568578E-15));
#1923 = DIRECTION('',(0.,-1.465036568578E-15,-1.));
#1924 = ADVANCED_FACE('',(#1925),#1936,.T.);
#1925 = FACE_BOUND('',#1926,.T.);
#1926 = EDGE_LOOP('',(#1927,#1928,#1929,#1935));
#1927 = ORIENTED_EDGE('',*,*,#1097,.F.);
#1928 = ORIENTED_EDGE('',*,*,#1669,.T.);
#1929 = ORIENTED_EDGE('',*,*,#1930,.T.);
#1930 = EDGE_CURVE('',#1662,#1906,#1931,.T.);
#1931 = LINE('',#1932,#1933);
#1932 = CARTESIAN_POINT('',(8.666666666667,-55.83333333333,
    -12.66666666666));
#1933 = VECTOR('',#1934,1.);
#1934 = DIRECTION('',(-0.57735026919,-0.57735026919,0.57735026919));
#1935 = ORIENTED_EDGE('',*,*,#1905,.F.);
#1936 = PLANE('',#1937);
#1937 = AXIS2_PLACEMENT_3D('',#1938,#1939,#1940);
#1938 = CARTESIAN_POINT('',(-19.,-51.,-17.5));
#1939 = DIRECTION('',(0.,-0.707106781187,-0.707106781187));
#1940 = DIRECTION('',(1.,0.,0.));
#1941 = ADVANCED_FACE('',(#1942),#1976,.T.);
#1942 = FACE_BOUND('',#1943,.T.);
#1943 = EDGE_LOOP('',(#1944,#1952,#1960,#1968,#1974,#1975));
#1944 = ORIENTED_EDGE('',*,*,#1945,.F.);
#1945 = EDGE_CURVE('',#1946,#1136,#1948,.T.);
#1946 = VERTEX_POINT('',#1947);
#1947 = CARTESIAN_POINT('',(17.,-47.5,-17.));
#1948 = LINE('',#1949,#1950);
#1949 = CARTESIAN_POINT('',(17.,-47.5,-18.));
#1950 = VECTOR('',#1951,1.);
#1951 = DIRECTION('',(0.,2.22044604925E-16,1.));
#1952 = ORIENTED_EDGE('',*,*,#1953,.F.);
#1953 = EDGE_CURVE('',#1954,#1946,#1956,.T.);
#1954 = VERTEX_POINT('',#1955);
#1955 = CARTESIAN_POINT('',(17.,6.5,-17.));
#1956 = LINE('',#1957,#1958);
#1957 = CARTESIAN_POINT('',(17.,7.5,-17.));
#1958 = VECTOR('',#1959,1.);
#1959 = DIRECTION('',(0.,-1.,2.22044604925E-16));
#1960 = ORIENTED_EDGE('',*,*,#1961,.F.);
#1961 = EDGE_CURVE('',#1962,#1954,#1964,.T.);
#1962 = VERTEX_POINT('',#1963);
#1963 = CARTESIAN_POINT('',(17.,6.5,1.33226762955E-15));
#1964 = LINE('',#1965,#1966);
#1965 = CARTESIAN_POINT('',(17.,6.5,1.33226762955E-15));
#1966 = VECTOR('',#1967,1.);
#1967 = DIRECTION('',(0.,0.,-1.));
#1968 = ORIENTED_EDGE('',*,*,#1969,.T.);
#1969 = EDGE_CURVE('',#1962,#1232,#1970,.T.);
#1970 = LINE('',#1971,#1972);
#1971 = CARTESIAN_POINT('',(17.,7.5,1.294775804897E-15));
#1972 = VECTOR('',#1973,1.);
#1973 = DIRECTION('',(0.,-1.,0.));
#1974 = ORIENTED_EDGE('',*,*,#1231,.F.);
#1975 = ORIENTED_EDGE('',*,*,#1135,.F.);
#1976 = PLANE('',#1977);
#1977 = AXIS2_PLACEMENT_3D('',#1978,#1979,#1980);
#1978 = CARTESIAN_POINT('',(17.,-18.81923701298,-12.18076298701));
#1979 = DIRECTION('',(1.,0.,0.));
#1980 = DIRECTION('',(0.,0.,1.));
#1981 = ADVANCED_FACE('',(#1982),#1995,.T.);
#1982 = FACE_BOUND('',#1983,.T.);
#1983 = EDGE_LOOP('',(#1984,#1985,#1991,#1992,#1993,#1994));
#1984 = ORIENTED_EDGE('',*,*,#1661,.F.);
#1985 = ORIENTED_EDGE('',*,*,#1986,.F.);
#1986 = EDGE_CURVE('',#1946,#1654,#1987,.T.);
#1987 = LINE('',#1988,#1989);
#1988 = CARTESIAN_POINT('',(25.166666666667,-39.33333333333,
    -8.833333333333));
#1989 = VECTOR('',#1990,1.);
#1990 = DIRECTION('',(-0.57735026919,-0.57735026919,-0.57735026919));
#1991 = ORIENTED_EDGE('',*,*,#1945,.T.);
#1992 = ORIENTED_EDGE('',*,*,#1161,.T.);
#1993 = ORIENTED_EDGE('',*,*,#1913,.F.);
#1994 = ORIENTED_EDGE('',*,*,#1930,.F.);
#1995 = PLANE('',#1996);
#1996 = AXIS2_PLACEMENT_3D('',#1997,#1998,#1999);
#1997 = CARTESIAN_POINT('',(15.,-49.5,-18.));
#1998 = DIRECTION('',(0.707106781187,-0.707106781187,9.885505860712E-16)
  );
#1999 = DIRECTION('',(-5.879885204943E-16,8.100331254194E-16,1.));
#2000 = ADVANCED_FACE('',(#2001),#2019,.F.);
#2001 = FACE_BOUND('',#2002,.F.);
#2002 = EDGE_LOOP('',(#2003,#2004,#2011,#2018));
#2003 = ORIENTED_EDGE('',*,*,#1169,.T.);
#2004 = ORIENTED_EDGE('',*,*,#2005,.T.);
#2005 = EDGE_CURVE('',#1170,#2006,#2008,.T.);
#2006 = VERTEX_POINT('',#2007);
#2007 = CARTESIAN_POINT('',(-17.25,-40.8,-17.));
#2008 = B_SPLINE_CURVE_WITH_KNOTS('',1,(#2009,#2010),.UNSPECIFIED.,.F.,
  .F.,(2,2),(-4.,-1.),.PIECEWISE_BEZIER_KNOTS.);
#2009 = CARTESIAN_POINT('',(-17.25,-40.8,-14.));
#2010 = CARTESIAN_POINT('',(-17.25,-40.8,-17.));
#2011 = ORIENTED_EDGE('',*,*,#2012,.F.);
#2012 = EDGE_CURVE('',#2006,#2006,#2013,.T.);
#2013 = CIRCLE('',#2014,1.75);
#2014 = AXIS2_PLACEMENT_3D('',#2015,#2016,#2017);
#2015 = CARTESIAN_POINT('',(-19.,-40.8,-17.));
#2016 = DIRECTION('',(0.,0.,-1.));
#2017 = DIRECTION('',(1.,0.,0.));
#2018 = ORIENTED_EDGE('',*,*,#2005,.F.);
#2019 = CYLINDRICAL_SURFACE('',#2020,1.75);
#2020 = AXIS2_PLACEMENT_3D('',#2021,#2022,#2023);
#2021 = CARTESIAN_POINT('',(-19.,-40.8,-18.));
#2022 = DIRECTION('',(0.,0.,-1.));
#2023 = DIRECTION('',(1.,0.,0.));
#2024 = ADVANCED_FACE('',(#2025),#2043,.F.);
#2025 = FACE_BOUND('',#2026,.F.);
#2026 = EDGE_LOOP('',(#2027,#2028,#2035,#2042));
#2027 = ORIENTED_EDGE('',*,*,#1180,.T.);
#2028 = ORIENTED_EDGE('',*,*,#2029,.T.);
#2029 = EDGE_CURVE('',#1181,#2030,#2032,.T.);
#2030 = VERTEX_POINT('',#2031);
#2031 = CARTESIAN_POINT('',(14.75,-40.8,-17.));
#2032 = B_SPLINE_CURVE_WITH_KNOTS('',1,(#2033,#2034),.UNSPECIFIED.,.F.,
  .F.,(2,2),(-4.,-1.),.PIECEWISE_BEZIER_KNOTS.);
#2033 = CARTESIAN_POINT('',(14.75,-40.8,-14.));
#2034 = CARTESIAN_POINT('',(14.75,-40.8,-17.));
#2035 = ORIENTED_EDGE('',*,*,#2036,.F.);
#2036 = EDGE_CURVE('',#2030,#2030,#2037,.T.);
#2037 = CIRCLE('',#2038,1.75);
#2038 = AXIS2_PLACEMENT_3D('',#2039,#2040,#2041);
#2039 = CARTESIAN_POINT('',(13.,-40.8,-17.));
#2040 = DIRECTION('',(0.,0.,-1.));
#2041 = DIRECTION('',(1.,0.,0.));
#2042 = ORIENTED_EDGE('',*,*,#2029,.F.);
#2043 = CYLINDRICAL_SURFACE('',#2044,1.75);
#2044 = AXIS2_PLACEMENT_3D('',#2045,#2046,#2047);
#2045 = CARTESIAN_POINT('',(13.,-40.8,-18.));
#2046 = DIRECTION('',(0.,0.,-1.));
#2047 = DIRECTION('',(1.,0.,0.));
#2048 = ADVANCED_FACE('',(#2049),#2099,.F.);
#2049 = FACE_BOUND('',#2050,.F.);
#2050 = EDGE_LOOP('',(#2051,#2059,#2067,#2075,#2083,#2091,#2097,#2098));
#2051 = ORIENTED_EDGE('',*,*,#2052,.T.);
#2052 = EDGE_CURVE('',#1883,#2053,#2055,.T.);
#2053 = VERTEX_POINT('',#2054);
#2054 = CARTESIAN_POINT('',(15.,-8.,20.05));
#2055 = LINE('',#2056,#2057);
#2056 = CARTESIAN_POINT('',(15.,-7.5,20.05));
#2057 = VECTOR('',#2058,1.);
#2058 = DIRECTION('',(0.,-1.,2.22044604925E-16));
#2059 = ORIENTED_EDGE('',*,*,#2060,.F.);
#2060 = EDGE_CURVE('',#2061,#2053,#2063,.T.);
#2061 = VERTEX_POINT('',#2062);
#2062 = CARTESIAN_POINT('',(18.,-11.,20.05));
#2063 = LINE('',#2064,#2065);
#2064 = CARTESIAN_POINT('',(16.875,-9.875,20.05));
#2065 = VECTOR('',#2066,1.);
#2066 = DIRECTION('',(-0.707106781187,0.707106781187,-1.570092458684E-16
    ));
#2067 = ORIENTED_EDGE('',*,*,#2068,.F.);
#2068 = EDGE_CURVE('',#2069,#2061,#2071,.T.);
#2069 = VERTEX_POINT('',#2070);
#2070 = CARTESIAN_POINT('',(20.,-11.,20.05));
#2071 = LINE('',#2072,#2073);
#2072 = CARTESIAN_POINT('',(20.,-11.,20.05));
#2073 = VECTOR('',#2074,1.);
#2074 = DIRECTION('',(-1.,0.,0.));
#2075 = ORIENTED_EDGE('',*,*,#2076,.T.);
#2076 = EDGE_CURVE('',#2069,#2077,#2079,.T.);
#2077 = VERTEX_POINT('',#2078);
#2078 = CARTESIAN_POINT('',(20.,-11.35,20.05));
#2079 = LINE('',#2080,#2081);
#2080 = CARTESIAN_POINT('',(20.,-7.5,20.05));
#2081 = VECTOR('',#2082,1.);
#2082 = DIRECTION('',(0.,-1.,2.22044604925E-16));
#2083 = ORIENTED_EDGE('',*,*,#2084,.T.);
#2084 = EDGE_CURVE('',#2077,#2085,#2087,.T.);
#2085 = VERTEX_POINT('',#2086);
#2086 = CARTESIAN_POINT('',(20.,-12.,20.05));
#2087 = LINE('',#2088,#2089);
#2088 = CARTESIAN_POINT('',(20.,-7.5,20.05));
#2089 = VECTOR('',#2090,1.);
#2090 = DIRECTION('',(0.,-1.,2.22044604925E-16));
#2091 = ORIENTED_EDGE('',*,*,#2092,.T.);
#2092 = EDGE_CURVE('',#2085,#1200,#2093,.T.);
#2093 = LINE('',#2094,#2095);
#2094 = CARTESIAN_POINT('',(20.,-12.,20.05));
#2095 = VECTOR('',#2096,1.);
#2096 = DIRECTION('',(-1.,0.,0.));
#2097 = ORIENTED_EDGE('',*,*,#1207,.F.);
#2098 = ORIENTED_EDGE('',*,*,#1882,.F.);
#2099 = PLANE('',#2100);
#2100 = AXIS2_PLACEMENT_3D('',#2101,#2102,#2103);
#2101 = CARTESIAN_POINT('',(20.,-7.5,20.05));
#2102 = DIRECTION('',(-0.,-2.22044604925E-16,-1.));
#2103 = DIRECTION('',(-1.,0.,0.));
#2104 = ADVANCED_FACE('',(#2105),#2115,.T.);
#2105 = FACE_BOUND('',#2106,.T.);
#2106 = EDGE_LOOP('',(#2107,#2108,#2114));
#2107 = ORIENTED_EDGE('',*,*,#1261,.F.);
#2108 = ORIENTED_EDGE('',*,*,#2109,.T.);
#2109 = EDGE_CURVE('',#1262,#1200,#2110,.T.);
#2110 = LINE('',#2111,#2112);
#2111 = CARTESIAN_POINT('',(-22.,-12.75,19.3));
#2112 = VECTOR('',#2113,1.);
#2113 = DIRECTION('',(0.,0.707106781187,0.707106781187));
#2114 = ORIENTED_EDGE('',*,*,#1199,.F.);
#2115 = PLANE('',#2116);
#2116 = AXIS2_PLACEMENT_3D('',#2117,#2118,#2119);
#2117 = CARTESIAN_POINT('',(-22.,-13.,19.05));
#2118 = DIRECTION('',(-0.57735026919,-0.57735026919,0.57735026919));
#2119 = DIRECTION('',(0.707106781187,0.,0.707106781187));
#2120 = ADVANCED_FACE('',(#2121),#2180,.T.);
#2121 = FACE_BOUND('',#2122,.T.);
#2122 = EDGE_LOOP('',(#2123,#2133,#2141,#2149,#2155,#2156,#2157,#2158,
    #2166,#2174));
#2123 = ORIENTED_EDGE('',*,*,#2124,.F.);
#2124 = EDGE_CURVE('',#2125,#2127,#2129,.T.);
#2125 = VERTEX_POINT('',#2126);
#2126 = CARTESIAN_POINT('',(20.,-13.,9.8));
#2127 = VERTEX_POINT('',#2128);
#2128 = CARTESIAN_POINT('',(20.,-13.,12.));
#2129 = LINE('',#2130,#2131);
#2130 = CARTESIAN_POINT('',(20.,-13.,8.8));
#2131 = VECTOR('',#2132,1.);
#2132 = DIRECTION('',(0.,2.22044604925E-16,1.));
#2133 = ORIENTED_EDGE('',*,*,#2134,.T.);
#2134 = EDGE_CURVE('',#2125,#2135,#2137,.T.);
#2135 = VERTEX_POINT('',#2136);
#2136 = CARTESIAN_POINT('',(20.,-12.,8.8));
#2137 = LINE('',#2138,#2139);
#2138 = CARTESIAN_POINT('',(20.,-14.47517857142,11.275178571429));
#2139 = VECTOR('',#2140,1.);
#2140 = DIRECTION('',(0.,0.707106781187,-0.707106781187));
#2141 = ORIENTED_EDGE('',*,*,#2142,.F.);
#2142 = EDGE_CURVE('',#2143,#2135,#2145,.T.);
#2143 = VERTEX_POINT('',#2144);
#2144 = CARTESIAN_POINT('',(20.,-7.5,8.8));
#2145 = LINE('',#2146,#2147);
#2146 = CARTESIAN_POINT('',(20.,-7.5,8.8));
#2147 = VECTOR('',#2148,1.);
#2148 = DIRECTION('',(0.,-1.,2.22044604925E-16));
#2149 = ORIENTED_EDGE('',*,*,#2150,.T.);
#2150 = EDGE_CURVE('',#2143,#1349,#2151,.T.);
#2151 = LINE('',#2152,#2153);
#2152 = CARTESIAN_POINT('',(20.,-7.5,14.));
#2153 = VECTOR('',#2154,1.);
#2154 = DIRECTION('',(0.,-2.22044604925E-16,-1.));
#2155 = ORIENTED_EDGE('',*,*,#1348,.F.);
#2156 = ORIENTED_EDGE('',*,*,#1300,.F.);
#2157 = ORIENTED_EDGE('',*,*,#1247,.F.);
#2158 = ORIENTED_EDGE('',*,*,#2159,.T.);
#2159 = EDGE_CURVE('',#1240,#2160,#2162,.T.);
#2160 = VERTEX_POINT('',#2161);
#2161 = CARTESIAN_POINT('',(20.,-34.25,8.881784197001E-15));
#2162 = LINE('',#2163,#2164);
#2163 = CARTESIAN_POINT('',(20.,-35.,6.106226635438E-15));
#2164 = VECTOR('',#2165,1.);
#2165 = DIRECTION('',(0.,-1.,2.537652627715E-16));
#2166 = ORIENTED_EDGE('',*,*,#2167,.F.);
#2167 = EDGE_CURVE('',#2168,#2160,#2170,.T.);
#2168 = VERTEX_POINT('',#2169);
#2169 = CARTESIAN_POINT('',(20.,-34.25,12.));
#2170 = LINE('',#2171,#2172);
#2171 = CARTESIAN_POINT('',(20.,-34.25,12.));
#2172 = VECTOR('',#2173,1.);
#2173 = DIRECTION('',(0.,-2.22044604925E-16,-1.));
#2174 = ORIENTED_EDGE('',*,*,#2175,.F.);
#2175 = EDGE_CURVE('',#2127,#2168,#2176,.T.);
#2176 = LINE('',#2177,#2178);
#2177 = CARTESIAN_POINT('',(20.,-35.,12.));
#2178 = VECTOR('',#2179,1.);
#2179 = DIRECTION('',(0.,-1.,2.537652627715E-16));
#2180 = PLANE('',#2181);
#2181 = AXIS2_PLACEMENT_3D('',#2182,#2183,#2184);
#2182 = CARTESIAN_POINT('',(20.,-22.86471428571,6.836));
#2183 = DIRECTION('',(-1.,-0.,-0.));
#2184 = DIRECTION('',(0.,0.,-1.));
#2185 = ADVANCED_FACE('',(#2186),#2229,.T.);
#2186 = FACE_BOUND('',#2187,.T.);
#2187 = EDGE_LOOP('',(#2188,#2198,#2204,#2205,#2206,#2207,#2215,#2223));
#2188 = ORIENTED_EDGE('',*,*,#2189,.F.);
#2189 = EDGE_CURVE('',#2190,#2192,#2194,.T.);
#2190 = VERTEX_POINT('',#2191);
#2191 = CARTESIAN_POINT('',(23.,-37.25,7.105427357601E-15));
#2192 = VERTEX_POINT('',#2193);
#2193 = CARTESIAN_POINT('',(23.,-34.75,6.471014200672E-15));
#2194 = LINE('',#2195,#2196);
#2195 = CARTESIAN_POINT('',(23.,-37.25,7.105427357601E-15));
#2196 = VECTOR('',#2197,1.);
#2197 = DIRECTION('',(0.,1.,-2.537652627715E-16));
#2198 = ORIENTED_EDGE('',*,*,#2199,.F.);
#2199 = EDGE_CURVE('',#2160,#2190,#2200,.T.);
#2200 = LINE('',#2201,#2202);
#2201 = CARTESIAN_POINT('',(17.15625,-31.40625,3.585111564969E-15));
#2202 = VECTOR('',#2203,1.);
#2203 = DIRECTION('',(0.707106781187,-0.707106781187,0.));
#2204 = ORIENTED_EDGE('',*,*,#2159,.F.);
#2205 = ORIENTED_EDGE('',*,*,#1239,.T.);
#2206 = ORIENTED_EDGE('',*,*,#1969,.F.);
#2207 = ORIENTED_EDGE('',*,*,#2208,.T.);
#2208 = EDGE_CURVE('',#1962,#2209,#2211,.T.);
#2209 = VERTEX_POINT('',#2210);
#2210 = CARTESIAN_POINT('',(32.,6.5,1.165734175856E-15));
#2211 = LINE('',#2212,#2213);
#2212 = CARTESIAN_POINT('',(17.,6.5,1.808754725569E-15));
#2213 = VECTOR('',#2214,1.);
#2214 = DIRECTION('',(1.,0.,0.));
#2215 = ORIENTED_EDGE('',*,*,#2216,.F.);
#2216 = EDGE_CURVE('',#2217,#2209,#2219,.T.);
#2217 = VERTEX_POINT('',#2218);
#2218 = CARTESIAN_POINT('',(32.,-34.75,-4.123685520036E-16));
#2219 = LINE('',#2220,#2221);
#2220 = CARTESIAN_POINT('',(32.,-37.25,1.808754725569E-15));
#2221 = VECTOR('',#2222,1.);
#2222 = DIRECTION('',(0.,1.,0.));
#2223 = ORIENTED_EDGE('',*,*,#2224,.F.);
#2224 = EDGE_CURVE('',#2192,#2217,#2225,.T.);
#2225 = LINE('',#2226,#2227);
#2226 = CARTESIAN_POINT('',(20.,-34.75,6.042785319745E-15));
#2227 = VECTOR('',#2228,1.);
#2228 = DIRECTION('',(1.,0.,0.));
#2229 = PLANE('',#2230);
#2230 = AXIS2_PLACEMENT_3D('',#2231,#2232,#2233);
#2231 = CARTESIAN_POINT('',(25.617283950617,-14.25771604938,
    1.841152611737E-15));
#2232 = DIRECTION('',(-0.,-0.,-1.));
#2233 = DIRECTION('',(-1.,0.,0.));
#2234 = ADVANCED_FACE('',(#2235),#2259,.F.);
#2235 = FACE_BOUND('',#2236,.F.);
#2236 = EDGE_LOOP('',(#2237,#2238,#2244,#2245,#2253));
#2237 = ORIENTED_EDGE('',*,*,#2124,.F.);
#2238 = ORIENTED_EDGE('',*,*,#2239,.F.);
#2239 = EDGE_CURVE('',#1270,#2125,#2240,.T.);
#2240 = LINE('',#2241,#2242);
#2241 = CARTESIAN_POINT('',(-23.,-13.,9.8));
#2242 = VECTOR('',#2243,1.);
#2243 = DIRECTION('',(1.,0.,0.));
#2244 = ORIENTED_EDGE('',*,*,#1269,.F.);
#2245 = ORIENTED_EDGE('',*,*,#2246,.F.);
#2246 = EDGE_CURVE('',#2247,#1262,#2249,.T.);
#2247 = VERTEX_POINT('',#2248);
#2248 = CARTESIAN_POINT('',(20.,-13.,19.05));
#2249 = LINE('',#2250,#2251);
#2250 = CARTESIAN_POINT('',(20.,-13.,19.05));
#2251 = VECTOR('',#2252,1.);
#2252 = DIRECTION('',(-1.,0.,0.));
#2253 = ORIENTED_EDGE('',*,*,#2254,.F.);
#2254 = EDGE_CURVE('',#2127,#2247,#2255,.T.);
#2255 = LINE('',#2256,#2257);
#2256 = CARTESIAN_POINT('',(20.,-13.,8.8));
#2257 = VECTOR('',#2258,1.);
#2258 = DIRECTION('',(0.,2.22044604925E-16,1.));
#2259 = PLANE('',#2260);
#2260 = AXIS2_PLACEMENT_3D('',#2261,#2262,#2263);
#2261 = CARTESIAN_POINT('',(-1.5,-13.,14.425));
#2262 = DIRECTION('',(0.,1.,-2.368475785867E-16));
#2263 = DIRECTION('',(0.,2.368475785867E-16,1.));
#2264 = ADVANCED_FACE('',(#2265),#2275,.F.);
#2265 = FACE_BOUND('',#2266,.F.);
#2266 = EDGE_LOOP('',(#2267,#2268,#2274));
#2267 = ORIENTED_EDGE('',*,*,#1277,.F.);
#2268 = ORIENTED_EDGE('',*,*,#2269,.T.);
#2269 = EDGE_CURVE('',#1270,#1325,#2270,.T.);
#2270 = LINE('',#2271,#2272);
#2271 = CARTESIAN_POINT('',(-22.,-12.75,9.55));
#2272 = VECTOR('',#2273,1.);
#2273 = DIRECTION('',(-1.249925746149E-15,0.707106781187,-0.707106781187
    ));
#2274 = ORIENTED_EDGE('',*,*,#1332,.F.);
#2275 = PLANE('',#2276);
#2276 = AXIS2_PLACEMENT_3D('',#2277,#2278,#2279);
#2277 = CARTESIAN_POINT('',(-22.,-13.,9.8));
#2278 = DIRECTION('',(0.57735026919,0.57735026919,0.57735026919));
#2279 = DIRECTION('',(0.707106781187,-3.774758283726E-15,-0.707106781187
    ));
#2280 = ADVANCED_FACE('',(#2281),#2297,.F.);
#2281 = FACE_BOUND('',#2282,.F.);
#2282 = EDGE_LOOP('',(#2283,#2284,#2290,#2291));
#2283 = ORIENTED_EDGE('',*,*,#2142,.F.);
#2284 = ORIENTED_EDGE('',*,*,#2285,.F.);
#2285 = EDGE_CURVE('',#1317,#2143,#2286,.T.);
#2286 = LINE('',#2287,#2288);
#2287 = CARTESIAN_POINT('',(-23.,-7.5,8.8));
#2288 = VECTOR('',#2289,1.);
#2289 = DIRECTION('',(1.,0.,0.));
#2290 = ORIENTED_EDGE('',*,*,#1324,.T.);
#2291 = ORIENTED_EDGE('',*,*,#2292,.T.);
#2292 = EDGE_CURVE('',#1325,#2135,#2293,.T.);
#2293 = LINE('',#2294,#2295);
#2294 = CARTESIAN_POINT('',(-23.,-12.,8.8));
#2295 = VECTOR('',#2296,1.);
#2296 = DIRECTION('',(1.,0.,0.));
#2297 = PLANE('',#2298);
#2298 = AXIS2_PLACEMENT_3D('',#2299,#2300,#2301);
#2299 = CARTESIAN_POINT('',(-23.,-7.5,8.8));
#2300 = DIRECTION('',(0.,2.22044604925E-16,1.));
#2301 = DIRECTION('',(1.,0.,0.));
#2302 = ADVANCED_FACE('',(#2303),#2309,.T.);
#2303 = FACE_BOUND('',#2304,.T.);
#2304 = EDGE_LOOP('',(#2305,#2306,#2307,#2308));
#2305 = ORIENTED_EDGE('',*,*,#2285,.F.);
#2306 = ORIENTED_EDGE('',*,*,#1389,.T.);
#2307 = ORIENTED_EDGE('',*,*,#1356,.T.);
#2308 = ORIENTED_EDGE('',*,*,#2150,.F.);
#2309 = PLANE('',#2310);
#2310 = AXIS2_PLACEMENT_3D('',#2311,#2312,#2313);
#2311 = CARTESIAN_POINT('',(-1.685821950071,-7.5,18.610821950071));
#2312 = DIRECTION('',(-0.,-1.,-0.));
#2313 = DIRECTION('',(0.,0.,-1.));
#2314 = ADVANCED_FACE('',(#2315),#2326,.T.);
#2315 = FACE_BOUND('',#2316,.T.);
#2316 = EDGE_LOOP('',(#2317,#2318,#2319,#2325));
#2317 = ORIENTED_EDGE('',*,*,#1709,.F.);
#2318 = ORIENTED_EDGE('',*,*,#1773,.T.);
#2319 = ORIENTED_EDGE('',*,*,#2320,.T.);
#2320 = EDGE_CURVE('',#1766,#1646,#2321,.T.);
#2321 = LINE('',#2322,#2323);
#2322 = CARTESIAN_POINT('',(16.,7.25,-17.25));
#2323 = VECTOR('',#2324,1.);
#2324 = DIRECTION('',(-6.730369402342E-16,-0.707106781187,
    -0.707106781187));
#2325 = ORIENTED_EDGE('',*,*,#1645,.F.);
#2326 = PLANE('',#2327);
#2327 = AXIS2_PLACEMENT_3D('',#2328,#2329,#2330);
#2328 = CARTESIAN_POINT('',(-23.,7.,-17.5));
#2329 = DIRECTION('',(0.,0.707106781187,-0.707106781187));
#2330 = DIRECTION('',(1.,0.,0.));
#2331 = ADVANCED_FACE('',(#2332),#2343,.T.);
#2332 = FACE_BOUND('',#2333,.T.);
#2333 = EDGE_LOOP('',(#2334,#2335,#2336,#2337));
#2334 = ORIENTED_EDGE('',*,*,#1953,.T.);
#2335 = ORIENTED_EDGE('',*,*,#1986,.T.);
#2336 = ORIENTED_EDGE('',*,*,#1653,.F.);
#2337 = ORIENTED_EDGE('',*,*,#2338,.T.);
#2338 = EDGE_CURVE('',#1646,#1954,#2339,.T.);
#2339 = LINE('',#2340,#2341);
#2340 = CARTESIAN_POINT('',(16.5,6.5,-17.5));
#2341 = VECTOR('',#2342,1.);
#2342 = DIRECTION('',(0.707106781187,0.,0.707106781187));
#2343 = PLANE('',#2344);
#2344 = AXIS2_PLACEMENT_3D('',#2345,#2346,#2347);
#2345 = CARTESIAN_POINT('',(16.5,7.5,-17.5));
#2346 = DIRECTION('',(0.707106781187,0.,-0.707106781187));
#2347 = DIRECTION('',(1.110223024625E-16,-1.,1.110223024625E-16));
#2348 = ADVANCED_FACE('',(#2349),#2368,.F.);
#2349 = FACE_BOUND('',#2350,.F.);
#2350 = EDGE_LOOP('',(#2351,#2352,#2360,#2367));
#2351 = ORIENTED_EDGE('',*,*,#1681,.F.);
#2352 = ORIENTED_EDGE('',*,*,#2353,.T.);
#2353 = EDGE_CURVE('',#1682,#2354,#2356,.T.);
#2354 = VERTEX_POINT('',#2355);
#2355 = CARTESIAN_POINT('',(15.5,-40.8,-17.));
#2356 = LINE('',#2357,#2358);
#2357 = CARTESIAN_POINT('',(15.5,-40.8,-18.));
#2358 = VECTOR('',#2359,1.);
#2359 = DIRECTION('',(0.,0.,1.));
#2360 = ORIENTED_EDGE('',*,*,#2361,.T.);
#2361 = EDGE_CURVE('',#2354,#2354,#2362,.T.);
#2362 = CIRCLE('',#2363,2.5);
#2363 = AXIS2_PLACEMENT_3D('',#2364,#2365,#2366);
#2364 = CARTESIAN_POINT('',(13.,-40.8,-17.));
#2365 = DIRECTION('',(0.,0.,-1.));
#2366 = DIRECTION('',(1.,0.,0.));
#2367 = ORIENTED_EDGE('',*,*,#2353,.F.);
#2368 = CYLINDRICAL_SURFACE('',#2369,2.5);
#2369 = AXIS2_PLACEMENT_3D('',#2370,#2371,#2372);
#2370 = CARTESIAN_POINT('',(13.,-40.8,-18.));
#2371 = DIRECTION('',(0.,0.,-1.));
#2372 = DIRECTION('',(1.,0.,0.));
#2373 = ADVANCED_FACE('',(#2374),#2393,.F.);
#2374 = FACE_BOUND('',#2375,.F.);
#2375 = EDGE_LOOP('',(#2376,#2377,#2385,#2392));
#2376 = ORIENTED_EDGE('',*,*,#1692,.F.);
#2377 = ORIENTED_EDGE('',*,*,#2378,.T.);
#2378 = EDGE_CURVE('',#1693,#2379,#2381,.T.);
#2379 = VERTEX_POINT('',#2380);
#2380 = CARTESIAN_POINT('',(-16.5,-40.8,-17.));
#2381 = LINE('',#2382,#2383);
#2382 = CARTESIAN_POINT('',(-16.5,-40.8,-18.));
#2383 = VECTOR('',#2384,1.);
#2384 = DIRECTION('',(0.,0.,1.));
#2385 = ORIENTED_EDGE('',*,*,#2386,.T.);
#2386 = EDGE_CURVE('',#2379,#2379,#2387,.T.);
#2387 = CIRCLE('',#2388,2.5);
#2388 = AXIS2_PLACEMENT_3D('',#2389,#2390,#2391);
#2389 = CARTESIAN_POINT('',(-19.,-40.8,-17.));
#2390 = DIRECTION('',(0.,0.,-1.));
#2391 = DIRECTION('',(1.,0.,0.));
#2392 = ORIENTED_EDGE('',*,*,#2378,.F.);
#2393 = CYLINDRICAL_SURFACE('',#2394,2.5);
#2394 = AXIS2_PLACEMENT_3D('',#2395,#2396,#2397);
#2395 = CARTESIAN_POINT('',(-19.,-40.8,-18.));
#2396 = DIRECTION('',(0.,0.,-1.));
#2397 = DIRECTION('',(1.,0.,0.));
#2398 = ADVANCED_FACE('',(#2399),#2417,.T.);
#2399 = FACE_BOUND('',#2400,.T.);
#2400 = EDGE_LOOP('',(#2401,#2409,#2410,#2411));
#2401 = ORIENTED_EDGE('',*,*,#2402,.F.);
#2402 = EDGE_CURVE('',#1734,#2403,#2405,.T.);
#2403 = VERTEX_POINT('',#2404);
#2404 = CARTESIAN_POINT('',(20.,6.5,12.));
#2405 = LINE('',#2406,#2407);
#2406 = CARTESIAN_POINT('',(19.666666666667,6.833333333333,
    11.666666666667));
#2407 = VECTOR('',#2408,1.);
#2408 = DIRECTION('',(0.57735026919,-0.57735026919,0.57735026919));
#2409 = ORIENTED_EDGE('',*,*,#1733,.T.);
#2410 = ORIENTED_EDGE('',*,*,#1818,.T.);
#2411 = ORIENTED_EDGE('',*,*,#2412,.F.);
#2412 = EDGE_CURVE('',#2403,#1811,#2413,.T.);
#2413 = LINE('',#2414,#2415);
#2414 = CARTESIAN_POINT('',(20.,6.5,12.));
#2415 = VECTOR('',#2416,1.);
#2416 = DIRECTION('',(0.,0.,1.));
#2417 = PLANE('',#2418);
#2418 = AXIS2_PLACEMENT_3D('',#2419,#2420,#2421);
#2419 = CARTESIAN_POINT('',(19.5,7.,12.));
#2420 = DIRECTION('',(0.707106781187,0.707106781187,0.));
#2421 = DIRECTION('',(0.,0.,1.));
#2422 = ADVANCED_FACE('',(#2423),#2441,.T.);
#2423 = FACE_BOUND('',#2424,.F.);
#2424 = EDGE_LOOP('',(#2425,#2426,#2427,#2435));
#2425 = ORIENTED_EDGE('',*,*,#2402,.F.);
#2426 = ORIENTED_EDGE('',*,*,#1741,.T.);
#2427 = ORIENTED_EDGE('',*,*,#2428,.T.);
#2428 = EDGE_CURVE('',#1742,#2429,#2431,.T.);
#2429 = VERTEX_POINT('',#2430);
#2430 = CARTESIAN_POINT('',(32.,6.5,12.));
#2431 = LINE('',#2432,#2433);
#2432 = CARTESIAN_POINT('',(32.,7.25,11.25));
#2433 = VECTOR('',#2434,1.);
#2434 = DIRECTION('',(0.,-0.707106781187,0.707106781187));
#2435 = ORIENTED_EDGE('',*,*,#2436,.F.);
#2436 = EDGE_CURVE('',#2403,#2429,#2437,.T.);
#2437 = LINE('',#2438,#2439);
#2438 = CARTESIAN_POINT('',(20.,6.5,12.));
#2439 = VECTOR('',#2440,1.);
#2440 = DIRECTION('',(1.,0.,0.));
#2441 = PLANE('',#2442);
#2442 = AXIS2_PLACEMENT_3D('',#2443,#2444,#2445);
#2443 = CARTESIAN_POINT('',(20.,7.,11.5));
#2444 = DIRECTION('',(0.,0.707106781187,0.707106781187));
#2445 = DIRECTION('',(-1.,-0.,-0.));
#2446 = ADVANCED_FACE('',(#2447),#2472,.T.);
#2447 = FACE_BOUND('',#2448,.F.);
#2448 = EDGE_LOOP('',(#2449,#2457,#2465,#2471));
#2449 = ORIENTED_EDGE('',*,*,#2450,.F.);
#2450 = EDGE_CURVE('',#2451,#1750,#2453,.T.);
#2451 = VERTEX_POINT('',#2452);
#2452 = CARTESIAN_POINT('',(33.,6.5,1.));
#2453 = LINE('',#2454,#2455);
#2454 = CARTESIAN_POINT('',(32.75,6.75,1.));
#2455 = VECTOR('',#2456,1.);
#2456 = DIRECTION('',(-0.707106781187,0.707106781187,9.614813431918E-16)
  );
#2457 = ORIENTED_EDGE('',*,*,#2458,.T.);
#2458 = EDGE_CURVE('',#2451,#2459,#2461,.T.);
#2459 = VERTEX_POINT('',#2460);
#2460 = CARTESIAN_POINT('',(33.,6.5,11.));
#2461 = LINE('',#2462,#2463);
#2462 = CARTESIAN_POINT('',(33.,6.5,0.));
#2463 = VECTOR('',#2464,1.);
#2464 = DIRECTION('',(0.,0.,1.));
#2465 = ORIENTED_EDGE('',*,*,#2466,.F.);
#2466 = EDGE_CURVE('',#1742,#2459,#2467,.T.);
#2467 = LINE('',#2468,#2469);
#2468 = CARTESIAN_POINT('',(32.25,7.25,11.));
#2469 = VECTOR('',#2470,1.);
#2470 = DIRECTION('',(0.707106781187,-0.707106781187,1.922962686384E-15)
  );
#2471 = ORIENTED_EDGE('',*,*,#1749,.F.);
#2472 = PLANE('',#2473);
#2473 = AXIS2_PLACEMENT_3D('',#2474,#2475,#2476);
#2474 = CARTESIAN_POINT('',(32.5,7.,0.));
#2475 = DIRECTION('',(0.707106781187,0.707106781187,0.));
#2476 = DIRECTION('',(-0.,-0.,-1.));
#2477 = ADVANCED_FACE('',(#2478),#2494,.T.);
#2478 = FACE_BOUND('',#2479,.F.);
#2479 = EDGE_LOOP('',(#2480,#2486,#2487,#2493));
#2480 = ORIENTED_EDGE('',*,*,#2481,.T.);
#2481 = EDGE_CURVE('',#1758,#1962,#2482,.T.);
#2482 = LINE('',#2483,#2484);
#2483 = CARTESIAN_POINT('',(16.666666666667,6.833333333333,
    0.333333333333));
#2484 = VECTOR('',#2485,1.);
#2485 = DIRECTION('',(0.57735026919,-0.57735026919,-0.57735026919));
#2486 = ORIENTED_EDGE('',*,*,#2208,.T.);
#2487 = ORIENTED_EDGE('',*,*,#2488,.F.);
#2488 = EDGE_CURVE('',#1750,#2209,#2489,.T.);
#2489 = LINE('',#2490,#2491);
#2490 = CARTESIAN_POINT('',(32.,7.,0.5));
#2491 = VECTOR('',#2492,1.);
#2492 = DIRECTION('',(7.691850745534E-16,-0.707106781187,-0.707106781187
    ));
#2493 = ORIENTED_EDGE('',*,*,#1757,.F.);
#2494 = PLANE('',#2495);
#2495 = AXIS2_PLACEMENT_3D('',#2496,#2497,#2498);
#2496 = CARTESIAN_POINT('',(17.,7.,0.5));
#2497 = DIRECTION('',(0.,0.707106781187,-0.707106781187));
#2498 = DIRECTION('',(-1.,-0.,-0.));
#2499 = ADVANCED_FACE('',(#2500),#2511,.T.);
#2500 = FACE_BOUND('',#2501,.F.);
#2501 = EDGE_LOOP('',(#2502,#2503,#2504,#2510));
#2502 = ORIENTED_EDGE('',*,*,#2481,.F.);
#2503 = ORIENTED_EDGE('',*,*,#1765,.T.);
#2504 = ORIENTED_EDGE('',*,*,#2505,.T.);
#2505 = EDGE_CURVE('',#1766,#1954,#2506,.T.);
#2506 = LINE('',#2507,#2508);
#2507 = CARTESIAN_POINT('',(16.25,7.25,-17.));
#2508 = VECTOR('',#2509,1.);
#2509 = DIRECTION('',(0.707106781187,-0.707106781187,6.730369402342E-16)
  );
#2510 = ORIENTED_EDGE('',*,*,#1961,.F.);
#2511 = PLANE('',#2512);
#2512 = AXIS2_PLACEMENT_3D('',#2513,#2514,#2515);
#2513 = CARTESIAN_POINT('',(16.5,7.,1.33226762955E-15));
#2514 = DIRECTION('',(0.707106781187,0.707106781187,0.));
#2515 = DIRECTION('',(0.,0.,1.));
#2516 = ADVANCED_FACE('',(#2517),#2535,.F.);
#2517 = FACE_BOUND('',#2518,.F.);
#2518 = EDGE_LOOP('',(#2519,#2520,#2527,#2534));
#2519 = ORIENTED_EDGE('',*,*,#1783,.F.);
#2520 = ORIENTED_EDGE('',*,*,#2521,.F.);
#2521 = EDGE_CURVE('',#2522,#1784,#2524,.T.);
#2522 = VERTEX_POINT('',#2523);
#2523 = CARTESIAN_POINT('',(25.55,-26.75,5.));
#2524 = B_SPLINE_CURVE_WITH_KNOTS('',1,(#2525,#2526),.UNSPECIFIED.,.F.,
  .F.,(2,2),(-34.25,0.),.PIECEWISE_BEZIER_KNOTS.);
#2525 = CARTESIAN_POINT('',(25.55,-26.75,5.));
#2526 = CARTESIAN_POINT('',(25.55,7.5,5.));
#2527 = ORIENTED_EDGE('',*,*,#2528,.T.);
#2528 = EDGE_CURVE('',#2522,#2522,#2529,.T.);
#2529 = CIRCLE('',#2530,2.5);
#2530 = AXIS2_PLACEMENT_3D('',#2531,#2532,#2533);
#2531 = CARTESIAN_POINT('',(28.05,-26.75,5.));
#2532 = DIRECTION('',(0.,1.,-2.22044604925E-16));
#2533 = DIRECTION('',(-1.,0.,0.));
#2534 = ORIENTED_EDGE('',*,*,#2521,.T.);
#2535 = CYLINDRICAL_SURFACE('',#2536,2.5);
#2536 = AXIS2_PLACEMENT_3D('',#2537,#2538,#2539);
#2537 = CARTESIAN_POINT('',(28.05,7.5,5.));
#2538 = DIRECTION('',(0.,1.,-2.22044604925E-16));
#2539 = DIRECTION('',(-1.,0.,0.));
#2540 = ADVANCED_FACE('',(#2541),#2593,.T.);
#2541 = FACE_BOUND('',#2542,.T.);
#2542 = EDGE_LOOP('',(#2543,#2553,#2562,#2570,#2576,#2577,#2578,#2579,
    #2587));
#2543 = ORIENTED_EDGE('',*,*,#2544,.F.);
#2544 = EDGE_CURVE('',#2545,#2547,#2549,.T.);
#2545 = VERTEX_POINT('',#2546);
#2546 = CARTESIAN_POINT('',(20.,-3.95,30.75));
#2547 = VERTEX_POINT('',#2548);
#2548 = CARTESIAN_POINT('',(20.,-10.75,30.75));
#2549 = LINE('',#2550,#2551);
#2550 = CARTESIAN_POINT('',(20.,-3.35,30.75));
#2551 = VECTOR('',#2552,1.);
#2552 = DIRECTION('',(0.,-1.,0.));
#2553 = ORIENTED_EDGE('',*,*,#2554,.T.);
#2554 = EDGE_CURVE('',#2545,#2555,#2557,.T.);
#2555 = VERTEX_POINT('',#2556);
#2556 = CARTESIAN_POINT('',(20.,-3.35,30.15));
#2557 = CIRCLE('',#2558,0.6);
#2558 = AXIS2_PLACEMENT_3D('',#2559,#2560,#2561);
#2559 = CARTESIAN_POINT('',(20.,-3.95,30.15));
#2560 = DIRECTION('',(-1.,0.,0.));
#2561 = DIRECTION('',(0.,0.,1.));
#2562 = ORIENTED_EDGE('',*,*,#2563,.F.);
#2563 = EDGE_CURVE('',#2564,#2555,#2566,.T.);
#2564 = VERTEX_POINT('',#2565);
#2565 = CARTESIAN_POINT('',(20.,-3.35,12.));
#2566 = LINE('',#2567,#2568);
#2567 = CARTESIAN_POINT('',(20.,-3.35,15.75));
#2568 = VECTOR('',#2569,1.);
#2569 = DIRECTION('',(0.,0.,1.));
#2570 = ORIENTED_EDGE('',*,*,#2571,.F.);
#2571 = EDGE_CURVE('',#2403,#2564,#2572,.T.);
#2572 = LINE('',#2573,#2574);
#2573 = CARTESIAN_POINT('',(20.,-35.,12.));
#2574 = VECTOR('',#2575,1.);
#2575 = DIRECTION('',(0.,-1.,2.537652627715E-16));
#2576 = ORIENTED_EDGE('',*,*,#2412,.T.);
#2577 = ORIENTED_EDGE('',*,*,#1810,.F.);
#2578 = ORIENTED_EDGE('',*,*,#1873,.T.);
#2579 = ORIENTED_EDGE('',*,*,#2580,.F.);
#2580 = EDGE_CURVE('',#2581,#1865,#2583,.T.);
#2581 = VERTEX_POINT('',#2582);
#2582 = CARTESIAN_POINT('',(20.,-10.74,30.76));
#2583 = LINE('',#2584,#2585);
#2584 = CARTESIAN_POINT('',(20.,-10.,30.76));
#2585 = VECTOR('',#2586,1.);
#2586 = DIRECTION('',(0.,1.,0.));
#2587 = ORIENTED_EDGE('',*,*,#2588,.F.);
#2588 = EDGE_CURVE('',#2547,#2581,#2589,.T.);
#2589 = LINE('',#2590,#2591);
#2590 = CARTESIAN_POINT('',(20.,-12.255,29.245));
#2591 = VECTOR('',#2592,1.);
#2592 = DIRECTION('',(0.,0.707106781187,0.707106781187));
#2593 = PLANE('',#2594);
#2594 = AXIS2_PLACEMENT_3D('',#2595,#2596,#2597);
#2595 = CARTESIAN_POINT('',(20.,-2.061233014117,29.955069939086));
#2596 = DIRECTION('',(1.,0.,0.));
#2597 = DIRECTION('',(0.,0.,1.));
#2598 = ADVANCED_FACE('',(#2599),#2618,.F.);
#2599 = FACE_BOUND('',#2600,.F.);
#2600 = EDGE_LOOP('',(#2601,#2609,#2616,#2617));
#2601 = ORIENTED_EDGE('',*,*,#2602,.T.);
#2602 = EDGE_CURVE('',#1827,#2603,#2605,.T.);
#2603 = VERTEX_POINT('',#2604);
#2604 = CARTESIAN_POINT('',(-7.85,-0.45,43.5));
#2605 = LINE('',#2606,#2607);
#2606 = CARTESIAN_POINT('',(-7.85,-0.45,50.));
#2607 = VECTOR('',#2608,1.);
#2608 = DIRECTION('',(-0.,-0.,-1.));
#2609 = ORIENTED_EDGE('',*,*,#2610,.T.);
#2610 = EDGE_CURVE('',#2603,#2603,#2611,.T.);
#2611 = CIRCLE('',#2612,2.15);
#2612 = AXIS2_PLACEMENT_3D('',#2613,#2614,#2615);
#2613 = CARTESIAN_POINT('',(-10.,-0.45,43.5));
#2614 = DIRECTION('',(0.,0.,1.));
#2615 = DIRECTION('',(1.,0.,0.));
#2616 = ORIENTED_EDGE('',*,*,#2602,.F.);
#2617 = ORIENTED_EDGE('',*,*,#1826,.F.);
#2618 = CYLINDRICAL_SURFACE('',#2619,2.15);
#2619 = AXIS2_PLACEMENT_3D('',#2620,#2621,#2622);
#2620 = CARTESIAN_POINT('',(-10.,-0.45,50.));
#2621 = DIRECTION('',(0.,0.,1.));
#2622 = DIRECTION('',(1.,0.,0.));
#2623 = ADVANCED_FACE('',(#2624),#2643,.F.);
#2624 = FACE_BOUND('',#2625,.F.);
#2625 = EDGE_LOOP('',(#2626,#2634,#2641,#2642));
#2626 = ORIENTED_EDGE('',*,*,#2627,.T.);
#2627 = EDGE_CURVE('',#1838,#2628,#2630,.T.);
#2628 = VERTEX_POINT('',#2629);
#2629 = CARTESIAN_POINT('',(12.15,-0.45,43.5));
#2630 = LINE('',#2631,#2632);
#2631 = CARTESIAN_POINT('',(12.15,-0.45,50.));
#2632 = VECTOR('',#2633,1.);
#2633 = DIRECTION('',(-0.,-0.,-1.));
#2634 = ORIENTED_EDGE('',*,*,#2635,.T.);
#2635 = EDGE_CURVE('',#2628,#2628,#2636,.T.);
#2636 = CIRCLE('',#2637,2.15);
#2637 = AXIS2_PLACEMENT_3D('',#2638,#2639,#2640);
#2638 = CARTESIAN_POINT('',(10.,-0.45,43.5));
#2639 = DIRECTION('',(0.,0.,1.));
#2640 = DIRECTION('',(1.,0.,0.));
#2641 = ORIENTED_EDGE('',*,*,#2627,.F.);
#2642 = ORIENTED_EDGE('',*,*,#1837,.F.);
#2643 = CYLINDRICAL_SURFACE('',#2644,2.15);
#2644 = AXIS2_PLACEMENT_3D('',#2645,#2646,#2647);
#2645 = CARTESIAN_POINT('',(10.,-0.45,50.));
#2646 = DIRECTION('',(0.,0.,1.));
#2647 = DIRECTION('',(1.,0.,0.));
#2648 = ADVANCED_FACE('',(#2649),#2682,.T.);
#2649 = FACE_BOUND('',#2650,.T.);
#2650 = EDGE_LOOP('',(#2651,#2652,#2660,#2668,#2676));
#2651 = ORIENTED_EDGE('',*,*,#1854,.T.);
#2652 = ORIENTED_EDGE('',*,*,#2653,.T.);
#2653 = EDGE_CURVE('',#1857,#2654,#2656,.T.);
#2654 = VERTEX_POINT('',#2655);
#2655 = CARTESIAN_POINT('',(15.,-8.,31.5));
#2656 = LINE('',#2657,#2658);
#2657 = CARTESIAN_POINT('',(15.,-5.5,31.5));
#2658 = VECTOR('',#2659,1.);
#2659 = DIRECTION('',(0.,-1.,0.));
#2660 = ORIENTED_EDGE('',*,*,#2661,.F.);
#2661 = EDGE_CURVE('',#2662,#2654,#2664,.T.);
#2662 = VERTEX_POINT('',#2663);
#2663 = CARTESIAN_POINT('',(17.,-10.,31.5));
#2664 = LINE('',#2665,#2666);
#2665 = CARTESIAN_POINT('',(17.809451219512,-10.80945121951,31.5));
#2666 = VECTOR('',#2667,1.);
#2667 = DIRECTION('',(-0.707106781187,0.707106781187,0.));
#2668 = ORIENTED_EDGE('',*,*,#2669,.T.);
#2669 = EDGE_CURVE('',#2662,#2670,#2672,.T.);
#2670 = VERTEX_POINT('',#2671);
#2671 = CARTESIAN_POINT('',(19.26,-10.,31.5));
#2672 = LINE('',#2673,#2674);
#2673 = CARTESIAN_POINT('',(18.,-10.,31.5));
#2674 = VECTOR('',#2675,1.);
#2675 = DIRECTION('',(1.,0.,0.));
#2676 = ORIENTED_EDGE('',*,*,#2677,.T.);
#2677 = EDGE_CURVE('',#2670,#1855,#2678,.T.);
#2678 = LINE('',#2679,#2680);
#2679 = CARTESIAN_POINT('',(19.26,-10.,31.5));
#2680 = VECTOR('',#2681,1.);
#2681 = DIRECTION('',(0.,1.,0.));
#2682 = PLANE('',#2683);
#2683 = AXIS2_PLACEMENT_3D('',#2684,#2685,#2686);
#2684 = CARTESIAN_POINT('',(22.743902439024,-8.493902439024,31.5));
#2685 = DIRECTION('',(0.,0.,1.));
#2686 = DIRECTION('',(1.,0.,0.));
#2687 = ADVANCED_FACE('',(#2688),#2700,.T.);
#2688 = FACE_BOUND('',#2689,.F.);
#2689 = EDGE_LOOP('',(#2690,#2697,#2698,#2699));
#2690 = ORIENTED_EDGE('',*,*,#2691,.T.);
#2691 = EDGE_CURVE('',#2581,#2670,#2692,.T.);
#2692 = ELLIPSE('',#2693,1.046518036156,0.74);
#2693 = AXIS2_PLACEMENT_3D('',#2694,#2695,#2696);
#2694 = CARTESIAN_POINT('',(19.26,-10.74,30.76));
#2695 = DIRECTION('',(0.,-0.707106781187,0.707106781187));
#2696 = DIRECTION('',(0.,0.707106781187,0.707106781187));
#2697 = ORIENTED_EDGE('',*,*,#2677,.T.);
#2698 = ORIENTED_EDGE('',*,*,#1864,.F.);
#2699 = ORIENTED_EDGE('',*,*,#2580,.F.);
#2700 = CYLINDRICAL_SURFACE('',#2701,0.74);
#2701 = AXIS2_PLACEMENT_3D('',#2702,#2703,#2704);
#2702 = CARTESIAN_POINT('',(19.26,-10.,30.76));
#2703 = DIRECTION('',(0.,1.,0.));
#2704 = DIRECTION('',(1.,0.,0.));
#2705 = ADVANCED_FACE('',(#2706),#2717,.F.);
#2706 = FACE_BOUND('',#2707,.F.);
#2707 = EDGE_LOOP('',(#2708,#2709,#2710,#2711));
#2708 = ORIENTED_EDGE('',*,*,#2052,.F.);
#2709 = ORIENTED_EDGE('',*,*,#1890,.T.);
#2710 = ORIENTED_EDGE('',*,*,#2653,.T.);
#2711 = ORIENTED_EDGE('',*,*,#2712,.T.);
#2712 = EDGE_CURVE('',#2654,#2053,#2713,.T.);
#2713 = LINE('',#2714,#2715);
#2714 = CARTESIAN_POINT('',(15.,-8.,31.5));
#2715 = VECTOR('',#2716,1.);
#2716 = DIRECTION('',(0.,0.,-1.));
#2717 = PLANE('',#2718);
#2718 = AXIS2_PLACEMENT_3D('',#2719,#2720,#2721);
#2719 = CARTESIAN_POINT('',(15.,-8.25,24.));
#2720 = DIRECTION('',(1.,0.,0.));
#2721 = DIRECTION('',(0.,0.,1.));
#2722 = ADVANCED_FACE('',(#2723,#2726),#2729,.F.);
#2723 = FACE_BOUND('',#2724,.F.);
#2724 = EDGE_LOOP('',(#2725));
#2725 = ORIENTED_EDGE('',*,*,#2386,.F.);
#2726 = FACE_BOUND('',#2727,.F.);
#2727 = EDGE_LOOP('',(#2728));
#2728 = ORIENTED_EDGE('',*,*,#2012,.T.);
#2729 = PLANE('',#2730);
#2730 = AXIS2_PLACEMENT_3D('',#2731,#2732,#2733);
#2731 = CARTESIAN_POINT('',(-3.,-40.8,-17.));
#2732 = DIRECTION('',(0.,0.,1.));
#2733 = DIRECTION('',(1.,0.,0.));
#2734 = ADVANCED_FACE('',(#2735,#2738),#2741,.F.);
#2735 = FACE_BOUND('',#2736,.F.);
#2736 = EDGE_LOOP('',(#2737));
#2737 = ORIENTED_EDGE('',*,*,#2361,.F.);
#2738 = FACE_BOUND('',#2739,.F.);
#2739 = EDGE_LOOP('',(#2740));
#2740 = ORIENTED_EDGE('',*,*,#2036,.T.);
#2741 = PLANE('',#2742);
#2742 = AXIS2_PLACEMENT_3D('',#2743,#2744,#2745);
#2743 = CARTESIAN_POINT('',(-3.,-40.8,-17.));
#2744 = DIRECTION('',(0.,0.,1.));
#2745 = DIRECTION('',(1.,0.,0.));
#2746 = ADVANCED_FACE('',(#2747),#2766,.F.);
#2747 = FACE_BOUND('',#2748,.F.);
#2748 = EDGE_LOOP('',(#2749,#2750,#2758,#2764,#2765));
#2749 = ORIENTED_EDGE('',*,*,#2661,.F.);
#2750 = ORIENTED_EDGE('',*,*,#2751,.F.);
#2751 = EDGE_CURVE('',#2752,#2662,#2754,.T.);
#2752 = VERTEX_POINT('',#2753);
#2753 = CARTESIAN_POINT('',(18.,-11.,30.5));
#2754 = LINE('',#2755,#2756);
#2755 = CARTESIAN_POINT('',(17.166666666667,-10.16666666666,
    31.333333333333));
#2756 = VECTOR('',#2757,1.);
#2757 = DIRECTION('',(-0.57735026919,0.57735026919,0.57735026919));
#2758 = ORIENTED_EDGE('',*,*,#2759,.T.);
#2759 = EDGE_CURVE('',#2752,#2061,#2760,.T.);
#2760 = LINE('',#2761,#2762);
#2761 = CARTESIAN_POINT('',(18.,-11.,31.5));
#2762 = VECTOR('',#2763,1.);
#2763 = DIRECTION('',(0.,0.,-1.));
#2764 = ORIENTED_EDGE('',*,*,#2060,.T.);
#2765 = ORIENTED_EDGE('',*,*,#2712,.F.);
#2766 = PLANE('',#2767);
#2767 = AXIS2_PLACEMENT_3D('',#2768,#2769,#2770);
#2768 = CARTESIAN_POINT('',(16.5,-9.5,31.5));
#2769 = DIRECTION('',(0.707106781187,0.707106781187,0.));
#2770 = DIRECTION('',(0.,0.,-1.));
#2771 = ADVANCED_FACE('',(#2772),#2790,.T.);
#2772 = FACE_BOUND('',#2773,.T.);
#2773 = EDGE_LOOP('',(#2774,#2782,#2783,#2784));
#2774 = ORIENTED_EDGE('',*,*,#2775,.F.);
#2775 = EDGE_CURVE('',#2752,#2776,#2778,.T.);
#2776 = VERTEX_POINT('',#2777);
#2777 = CARTESIAN_POINT('',(20.,-11.,30.5));
#2778 = LINE('',#2779,#2780);
#2779 = CARTESIAN_POINT('',(18.,-11.,30.5));
#2780 = VECTOR('',#2781,1.);
#2781 = DIRECTION('',(1.,0.,0.));
#2782 = ORIENTED_EDGE('',*,*,#2759,.T.);
#2783 = ORIENTED_EDGE('',*,*,#2068,.F.);
#2784 = ORIENTED_EDGE('',*,*,#2785,.T.);
#2785 = EDGE_CURVE('',#2069,#2776,#2786,.T.);
#2786 = LINE('',#2787,#2788);
#2787 = CARTESIAN_POINT('',(20.,-11.,22.166666666667));
#2788 = VECTOR('',#2789,1.);
#2789 = DIRECTION('',(0.,0.,1.));
#2790 = PLANE('',#2791);
#2791 = AXIS2_PLACEMENT_3D('',#2792,#2793,#2794);
#2792 = CARTESIAN_POINT('',(23.083333333333,-11.,22.333333333333));
#2793 = DIRECTION('',(-0.,-1.,-0.));
#2794 = DIRECTION('',(0.,0.,-1.));
#2795 = ADVANCED_FACE('',(#2796),#2821,.F.);
#2796 = FACE_BOUND('',#2797,.F.);
#2797 = EDGE_LOOP('',(#2798,#2806,#2807,#2808,#2814));
#2798 = ORIENTED_EDGE('',*,*,#2799,.T.);
#2799 = EDGE_CURVE('',#2800,#2077,#2802,.T.);
#2800 = VERTEX_POINT('',#2801);
#2801 = CARTESIAN_POINT('',(20.,-11.35,30.15));
#2802 = LINE('',#2803,#2804);
#2803 = CARTESIAN_POINT('',(20.,-11.35,30.75));
#2804 = VECTOR('',#2805,1.);
#2805 = DIRECTION('',(0.,0.,-1.));
#2806 = ORIENTED_EDGE('',*,*,#2076,.F.);
#2807 = ORIENTED_EDGE('',*,*,#2785,.T.);
#2808 = ORIENTED_EDGE('',*,*,#2809,.T.);
#2809 = EDGE_CURVE('',#2776,#2547,#2810,.T.);
#2810 = LINE('',#2811,#2812);
#2811 = CARTESIAN_POINT('',(20.,-12.255,29.245));
#2812 = VECTOR('',#2813,1.);
#2813 = DIRECTION('',(0.,0.707106781187,0.707106781187));
#2814 = ORIENTED_EDGE('',*,*,#2815,.T.);
#2815 = EDGE_CURVE('',#2547,#2800,#2816,.T.);
#2816 = CIRCLE('',#2817,0.6);
#2817 = AXIS2_PLACEMENT_3D('',#2818,#2819,#2820);
#2818 = CARTESIAN_POINT('',(20.,-10.75,30.15));
#2819 = DIRECTION('',(1.,0.,-0.));
#2820 = DIRECTION('',(0.,0.,1.));
#2821 = PLANE('',#2822);
#2822 = AXIS2_PLACEMENT_3D('',#2823,#2824,#2825);
#2823 = CARTESIAN_POINT('',(20.,-7.35,23.25));
#2824 = DIRECTION('',(1.,0.,0.));
#2825 = DIRECTION('',(0.,0.,1.));
#2826 = ADVANCED_FACE('',(#2827),#2851,.T.);
#2827 = FACE_BOUND('',#2828,.T.);
#2828 = EDGE_LOOP('',(#2829,#2837,#2838,#2844,#2845));
#2829 = ORIENTED_EDGE('',*,*,#2830,.F.);
#2830 = EDGE_CURVE('',#2077,#2831,#2833,.T.);
#2831 = VERTEX_POINT('',#2832);
#2832 = CARTESIAN_POINT('',(20.,-11.35,12.));
#2833 = LINE('',#2834,#2835);
#2834 = CARTESIAN_POINT('',(20.,-11.35,15.75));
#2835 = VECTOR('',#2836,1.);
#2836 = DIRECTION('',(0.,0.,-1.));
#2837 = ORIENTED_EDGE('',*,*,#2084,.T.);
#2838 = ORIENTED_EDGE('',*,*,#2839,.F.);
#2839 = EDGE_CURVE('',#2247,#2085,#2840,.T.);
#2840 = LINE('',#2841,#2842);
#2841 = CARTESIAN_POINT('',(20.,-13.25625,18.79375));
#2842 = VECTOR('',#2843,1.);
#2843 = DIRECTION('',(1.0061089984E-15,0.707106781187,0.707106781187));
#2844 = ORIENTED_EDGE('',*,*,#2254,.F.);
#2845 = ORIENTED_EDGE('',*,*,#2846,.F.);
#2846 = EDGE_CURVE('',#2831,#2127,#2847,.T.);
#2847 = LINE('',#2848,#2849);
#2848 = CARTESIAN_POINT('',(20.,-35.,12.));
#2849 = VECTOR('',#2850,1.);
#2850 = DIRECTION('',(0.,-1.,2.537652627715E-16));
#2851 = PLANE('',#2852);
#2852 = AXIS2_PLACEMENT_3D('',#2853,#2854,#2855);
#2853 = CARTESIAN_POINT('',(20.,-2.061233014117,29.955069939086));
#2854 = DIRECTION('',(1.,0.,0.));
#2855 = DIRECTION('',(0.,0.,1.));
#2856 = ADVANCED_FACE('',(#2857),#2863,.T.);
#2857 = FACE_BOUND('',#2858,.F.);
#2858 = EDGE_LOOP('',(#2859,#2860,#2861,#2862));
#2859 = ORIENTED_EDGE('',*,*,#2839,.F.);
#2860 = ORIENTED_EDGE('',*,*,#2246,.T.);
#2861 = ORIENTED_EDGE('',*,*,#2109,.T.);
#2862 = ORIENTED_EDGE('',*,*,#2092,.F.);
#2863 = PLANE('',#2864);
#2864 = AXIS2_PLACEMENT_3D('',#2865,#2866,#2867);
#2865 = CARTESIAN_POINT('',(20.,-12.5,19.55));
#2866 = DIRECTION('',(0.,-0.707106781187,0.707106781187));
#2867 = DIRECTION('',(1.,0.,0.));
#2868 = ADVANCED_FACE('',(#2869),#2875,.T.);
#2869 = FACE_BOUND('',#2870,.F.);
#2870 = EDGE_LOOP('',(#2871,#2872,#2873,#2874));
#2871 = ORIENTED_EDGE('',*,*,#2269,.F.);
#2872 = ORIENTED_EDGE('',*,*,#2239,.T.);
#2873 = ORIENTED_EDGE('',*,*,#2134,.T.);
#2874 = ORIENTED_EDGE('',*,*,#2292,.F.);
#2875 = PLANE('',#2876);
#2876 = AXIS2_PLACEMENT_3D('',#2877,#2878,#2879);
#2877 = CARTESIAN_POINT('',(-23.,-12.5,9.3));
#2878 = DIRECTION('',(0.,-0.707106781187,-0.707106781187));
#2879 = DIRECTION('',(-1.,-0.,-0.));
#2880 = ADVANCED_FACE('',(#2881),#2957,.T.);
#2881 = FACE_BOUND('',#2882,.T.);
#2882 = EDGE_LOOP('',(#2883,#2891,#2892,#2893,#2901,#2909,#2917,#2923,
    #2924,#2925,#2933,#2942,#2950));
#2883 = ORIENTED_EDGE('',*,*,#2884,.F.);
#2884 = EDGE_CURVE('',#2831,#2885,#2887,.T.);
#2885 = VERTEX_POINT('',#2886);
#2886 = CARTESIAN_POINT('',(29.51,-11.35,12.));
#2887 = LINE('',#2888,#2889);
#2888 = CARTESIAN_POINT('',(22.954020228469,-11.35,12.));
#2889 = VECTOR('',#2890,1.);
#2890 = DIRECTION('',(1.,0.,2.349109827007E-16));
#2891 = ORIENTED_EDGE('',*,*,#2846,.T.);
#2892 = ORIENTED_EDGE('',*,*,#2175,.T.);
#2893 = ORIENTED_EDGE('',*,*,#2894,.T.);
#2894 = EDGE_CURVE('',#2168,#2895,#2897,.T.);
#2895 = VERTEX_POINT('',#2896);
#2896 = CARTESIAN_POINT('',(23.,-37.25,12.));
#2897 = LINE('',#2898,#2899);
#2898 = CARTESIAN_POINT('',(17.332910516605,-31.5829105166,12.));
#2899 = VECTOR('',#2900,1.);
#2900 = DIRECTION('',(0.707106781187,-0.707106781187,0.));
#2901 = ORIENTED_EDGE('',*,*,#2902,.T.);
#2902 = EDGE_CURVE('',#2895,#2903,#2905,.T.);
#2903 = VERTEX_POINT('',#2904);
#2904 = CARTESIAN_POINT('',(23.,-34.75,12.));
#2905 = LINE('',#2906,#2907);
#2906 = CARTESIAN_POINT('',(23.,-37.25,12.));
#2907 = VECTOR('',#2908,1.);
#2908 = DIRECTION('',(0.,1.,-2.537652627715E-16));
#2909 = ORIENTED_EDGE('',*,*,#2910,.F.);
#2910 = EDGE_CURVE('',#2911,#2903,#2913,.T.);
#2911 = VERTEX_POINT('',#2912);
#2912 = CARTESIAN_POINT('',(32.,-34.75,12.));
#2913 = LINE('',#2914,#2915);
#2914 = CARTESIAN_POINT('',(33.,-34.75,12.));
#2915 = VECTOR('',#2916,1.);
#2916 = DIRECTION('',(-1.,0.,0.));
#2917 = ORIENTED_EDGE('',*,*,#2918,.F.);
#2918 = EDGE_CURVE('',#2429,#2911,#2919,.T.);
#2919 = LINE('',#2920,#2921);
#2920 = CARTESIAN_POINT('',(32.,7.5,12.));
#2921 = VECTOR('',#2922,1.);
#2922 = DIRECTION('',(0.,-1.,2.22044604925E-16));
#2923 = ORIENTED_EDGE('',*,*,#2436,.F.);
#2924 = ORIENTED_EDGE('',*,*,#2571,.T.);
#2925 = ORIENTED_EDGE('',*,*,#2926,.T.);
#2926 = EDGE_CURVE('',#2564,#2927,#2929,.T.);
#2927 = VERTEX_POINT('',#2928);
#2928 = CARTESIAN_POINT('',(29.51,-3.35,12.));
#2929 = LINE('',#2930,#2931);
#2930 = CARTESIAN_POINT('',(22.954020228469,-3.35,12.));
#2931 = VECTOR('',#2932,1.);
#2932 = DIRECTION('',(1.,0.,2.349109827007E-16));
#2933 = ORIENTED_EDGE('',*,*,#2934,.T.);
#2934 = EDGE_CURVE('',#2927,#2935,#2937,.T.);
#2935 = VERTEX_POINT('',#2936);
#2936 = CARTESIAN_POINT('',(30.,-3.84,12.));
#2937 = CIRCLE('',#2938,0.49);
#2938 = AXIS2_PLACEMENT_3D('',#2939,#2940,#2941);
#2939 = CARTESIAN_POINT('',(29.51,-3.84,12.));
#2940 = DIRECTION('',(-0.,-0.,-1.));
#2941 = DIRECTION('',(0.,-1.,0.));
#2942 = ORIENTED_EDGE('',*,*,#2943,.F.);
#2943 = EDGE_CURVE('',#2944,#2935,#2946,.T.);
#2944 = VERTEX_POINT('',#2945);
#2945 = CARTESIAN_POINT('',(30.,-10.86,12.));
#2946 = LINE('',#2947,#2948);
#2947 = CARTESIAN_POINT('',(30.,-13.0763478006,12.));
#2948 = VECTOR('',#2949,1.);
#2949 = DIRECTION('',(0.,1.,0.));
#2950 = ORIENTED_EDGE('',*,*,#2951,.F.);
#2951 = EDGE_CURVE('',#2885,#2944,#2952,.T.);
#2952 = CIRCLE('',#2953,0.49);
#2953 = AXIS2_PLACEMENT_3D('',#2954,#2955,#2956);
#2954 = CARTESIAN_POINT('',(29.51,-10.86,12.));
#2955 = DIRECTION('',(0.,-0.,1.));
#2956 = DIRECTION('',(0.,1.,0.));
#2957 = PLANE('',#2958);
#2958 = AXIS2_PLACEMENT_3D('',#2959,#2960,#2961);
#2959 = CARTESIAN_POINT('',(25.908040456938,-14.80269560121,12.));
#2960 = DIRECTION('',(-2.349109827007E-16,0.,1.));
#2961 = DIRECTION('',(1.,0.,2.349109827007E-16));
#2962 = ADVANCED_FACE('',(#2963),#2974,.F.);
#2963 = FACE_BOUND('',#2964,.T.);
#2964 = EDGE_LOOP('',(#2965,#2966,#2967,#2968));
#2965 = ORIENTED_EDGE('',*,*,#2894,.F.);
#2966 = ORIENTED_EDGE('',*,*,#2167,.T.);
#2967 = ORIENTED_EDGE('',*,*,#2199,.T.);
#2968 = ORIENTED_EDGE('',*,*,#2969,.F.);
#2969 = EDGE_CURVE('',#2895,#2190,#2970,.T.);
#2970 = LINE('',#2971,#2972);
#2971 = CARTESIAN_POINT('',(23.,-37.25,12.));
#2972 = VECTOR('',#2973,1.);
#2973 = DIRECTION('',(0.,-2.22044604925E-16,-1.));
#2974 = PLANE('',#2975);
#2975 = AXIS2_PLACEMENT_3D('',#2976,#2977,#2978);
#2976 = CARTESIAN_POINT('',(21.5,-35.75,12.));
#2977 = DIRECTION('',(0.707106781187,0.707106781187,0.));
#2978 = DIRECTION('',(-1.110223024625E-16,1.110223024625E-16,1.));
#2979 = ADVANCED_FACE('',(#2980),#2991,.F.);
#2980 = FACE_BOUND('',#2981,.F.);
#2981 = EDGE_LOOP('',(#2982,#2983,#2989,#2990));
#2982 = ORIENTED_EDGE('',*,*,#2902,.T.);
#2983 = ORIENTED_EDGE('',*,*,#2984,.T.);
#2984 = EDGE_CURVE('',#2903,#2192,#2985,.T.);
#2985 = LINE('',#2986,#2987);
#2986 = CARTESIAN_POINT('',(23.,-34.75,12.));
#2987 = VECTOR('',#2988,1.);
#2988 = DIRECTION('',(0.,-2.22044604925E-16,-1.));
#2989 = ORIENTED_EDGE('',*,*,#2189,.F.);
#2990 = ORIENTED_EDGE('',*,*,#2969,.F.);
#2991 = PLANE('',#2992);
#2992 = AXIS2_PLACEMENT_3D('',#2993,#2994,#2995);
#2993 = CARTESIAN_POINT('',(23.,-37.25,12.));
#2994 = DIRECTION('',(-1.,0.,0.));
#2995 = DIRECTION('',(0.,-2.22044604925E-16,-1.));
#2996 = ADVANCED_FACE('',(#2997,#3024),#3035,.F.);
#2997 = FACE_BOUND('',#2998,.F.);
#2998 = EDGE_LOOP('',(#2999,#3000,#3001,#3002,#3010,#3018));
#2999 = ORIENTED_EDGE('',*,*,#2224,.F.);
#3000 = ORIENTED_EDGE('',*,*,#2984,.F.);
#3001 = ORIENTED_EDGE('',*,*,#2910,.F.);
#3002 = ORIENTED_EDGE('',*,*,#3003,.F.);
#3003 = EDGE_CURVE('',#3004,#2911,#3006,.T.);
#3004 = VERTEX_POINT('',#3005);
#3005 = CARTESIAN_POINT('',(33.,-34.75,11.));
#3006 = LINE('',#3007,#3008);
#3007 = CARTESIAN_POINT('',(32.125,-34.75,11.875));
#3008 = VECTOR('',#3009,1.);
#3009 = DIRECTION('',(-0.707106781187,1.794391381353E-16,0.707106781187)
  );
#3010 = ORIENTED_EDGE('',*,*,#3011,.F.);
#3011 = EDGE_CURVE('',#3012,#3004,#3014,.T.);
#3012 = VERTEX_POINT('',#3013);
#3013 = CARTESIAN_POINT('',(33.,-34.75,1.));
#3014 = LINE('',#3015,#3016);
#3015 = CARTESIAN_POINT('',(33.,-34.75,6.042785319745E-15));
#3016 = VECTOR('',#3017,1.);
#3017 = DIRECTION('',(0.,2.22044604925E-16,1.));
#3018 = ORIENTED_EDGE('',*,*,#3019,.F.);
#3019 = EDGE_CURVE('',#2217,#3012,#3020,.T.);
#3020 = LINE('',#3021,#3022);
#3021 = CARTESIAN_POINT('',(32.625,-34.75,0.625));
#3022 = VECTOR('',#3023,1.);
#3023 = DIRECTION('',(0.707106781187,1.794391381353E-16,0.707106781187)
  );
#3024 = FACE_BOUND('',#3025,.F.);
#3025 = EDGE_LOOP('',(#3026));
#3026 = ORIENTED_EDGE('',*,*,#3027,.F.);
#3027 = EDGE_CURVE('',#3028,#3028,#3030,.T.);
#3028 = VERTEX_POINT('',#3029);
#3029 = CARTESIAN_POINT('',(26.3,-34.75,5.));
#3030 = CIRCLE('',#3031,1.75);
#3031 = AXIS2_PLACEMENT_3D('',#3032,#3033,#3034);
#3032 = CARTESIAN_POINT('',(28.05,-34.75,5.));
#3033 = DIRECTION('',(0.,1.,-2.22044604925E-16));
#3034 = DIRECTION('',(-1.,0.,0.));
#3035 = PLANE('',#3036);
#3036 = AXIS2_PLACEMENT_3D('',#3037,#3038,#3039);
#3037 = CARTESIAN_POINT('',(26.5,-34.75,7.));
#3038 = DIRECTION('',(0.,1.,-2.537652627715E-16));
#3039 = DIRECTION('',(0.,2.537652627715E-16,1.));
#3040 = ADVANCED_FACE('',(#3041),#3057,.T.);
#3041 = FACE_BOUND('',#3042,.T.);
#3042 = EDGE_LOOP('',(#3043,#3044,#3045,#3051));
#3043 = ORIENTED_EDGE('',*,*,#3019,.F.);
#3044 = ORIENTED_EDGE('',*,*,#2216,.T.);
#3045 = ORIENTED_EDGE('',*,*,#3046,.F.);
#3046 = EDGE_CURVE('',#2451,#2209,#3047,.T.);
#3047 = LINE('',#3048,#3049);
#3048 = CARTESIAN_POINT('',(32.75,6.5,0.75));
#3049 = VECTOR('',#3050,1.);
#3050 = DIRECTION('',(-0.707106781187,-1.922962686384E-16,
    -0.707106781187));
#3051 = ORIENTED_EDGE('',*,*,#3052,.F.);
#3052 = EDGE_CURVE('',#3012,#2451,#3053,.T.);
#3053 = LINE('',#3054,#3055);
#3054 = CARTESIAN_POINT('',(33.,-37.25,1.));
#3055 = VECTOR('',#3056,1.);
#3056 = DIRECTION('',(0.,1.,0.));
#3057 = PLANE('',#3058);
#3058 = AXIS2_PLACEMENT_3D('',#3059,#3060,#3061);
#3059 = CARTESIAN_POINT('',(32.5,-37.25,0.5));
#3060 = DIRECTION('',(0.707106781187,0.,-0.707106781187));
#3061 = DIRECTION('',(0.,1.,0.));
#3062 = ADVANCED_FACE('',(#3063),#3068,.T.);
#3063 = FACE_BOUND('',#3064,.T.);
#3064 = EDGE_LOOP('',(#3065,#3066,#3067));
#3065 = ORIENTED_EDGE('',*,*,#2320,.F.);
#3066 = ORIENTED_EDGE('',*,*,#2505,.T.);
#3067 = ORIENTED_EDGE('',*,*,#2338,.F.);
#3068 = PLANE('',#3069);
#3069 = AXIS2_PLACEMENT_3D('',#3070,#3071,#3072);
#3070 = CARTESIAN_POINT('',(16.,7.5,-17.));
#3071 = DIRECTION('',(0.57735026919,0.57735026919,-0.57735026919));
#3072 = DIRECTION('',(0.707106781187,1.249000902703E-15,0.707106781187)
  );
#3073 = ADVANCED_FACE('',(#3074),#3084,.T.);
#3074 = FACE_BOUND('',#3075,.T.);
#3075 = EDGE_LOOP('',(#3076,#3077,#3078));
#3076 = ORIENTED_EDGE('',*,*,#2466,.F.);
#3077 = ORIENTED_EDGE('',*,*,#2428,.T.);
#3078 = ORIENTED_EDGE('',*,*,#3079,.F.);
#3079 = EDGE_CURVE('',#2459,#2429,#3080,.T.);
#3080 = LINE('',#3081,#3082);
#3081 = CARTESIAN_POINT('',(32.5,6.5,11.5));
#3082 = VECTOR('',#3083,1.);
#3083 = DIRECTION('',(-0.707106781187,-1.922962686384E-15,0.707106781187
    ));
#3084 = PLANE('',#3085);
#3085 = AXIS2_PLACEMENT_3D('',#3086,#3087,#3088);
#3086 = CARTESIAN_POINT('',(32.,7.5,11.));
#3087 = DIRECTION('',(0.57735026919,0.57735026919,0.57735026919));
#3088 = DIRECTION('',(-0.707106781187,-6.661338147751E-16,0.707106781187
    ));
#3089 = ADVANCED_FACE('',(#3090),#3095,.T.);
#3090 = FACE_BOUND('',#3091,.T.);
#3091 = EDGE_LOOP('',(#3092,#3093,#3094));
#3092 = ORIENTED_EDGE('',*,*,#2450,.F.);
#3093 = ORIENTED_EDGE('',*,*,#3046,.T.);
#3094 = ORIENTED_EDGE('',*,*,#2488,.F.);
#3095 = PLANE('',#3096);
#3096 = AXIS2_PLACEMENT_3D('',#3097,#3098,#3099);
#3097 = CARTESIAN_POINT('',(33.,6.5,1.));
#3098 = DIRECTION('',(0.57735026919,0.57735026919,-0.57735026919));
#3099 = DIRECTION('',(-2.775557561563E-17,-0.707106781187,
    -0.707106781187));
#3100 = ADVANCED_FACE('',(#3101),#3112,.T.);
#3101 = FACE_BOUND('',#3102,.T.);
#3102 = EDGE_LOOP('',(#3103,#3104,#3105,#3106));
#3103 = ORIENTED_EDGE('',*,*,#3011,.F.);
#3104 = ORIENTED_EDGE('',*,*,#3052,.T.);
#3105 = ORIENTED_EDGE('',*,*,#2458,.T.);
#3106 = ORIENTED_EDGE('',*,*,#3107,.T.);
#3107 = EDGE_CURVE('',#2459,#3004,#3108,.T.);
#3108 = LINE('',#3109,#3110);
#3109 = CARTESIAN_POINT('',(33.,7.5,11.));
#3110 = VECTOR('',#3111,1.);
#3111 = DIRECTION('',(0.,-1.,2.22044604925E-16));
#3112 = PLANE('',#3113);
#3113 = AXIS2_PLACEMENT_3D('',#3114,#3115,#3116);
#3114 = CARTESIAN_POINT('',(33.,-14.875,7.));
#3115 = DIRECTION('',(1.,0.,0.));
#3116 = DIRECTION('',(0.,0.,1.));
#3117 = ADVANCED_FACE('',(#3118,#3121),#3132,.T.);
#3118 = FACE_BOUND('',#3119,.T.);
#3119 = EDGE_LOOP('',(#3120));
#3120 = ORIENTED_EDGE('',*,*,#2528,.T.);
#3121 = FACE_BOUND('',#3122,.T.);
#3122 = EDGE_LOOP('',(#3123));
#3123 = ORIENTED_EDGE('',*,*,#3124,.F.);
#3124 = EDGE_CURVE('',#3125,#3125,#3127,.T.);
#3125 = VERTEX_POINT('',#3126);
#3126 = CARTESIAN_POINT('',(26.3,-26.75,5.));
#3127 = CIRCLE('',#3128,1.75);
#3128 = AXIS2_PLACEMENT_3D('',#3129,#3130,#3131);
#3129 = CARTESIAN_POINT('',(28.05,-26.75,5.));
#3130 = DIRECTION('',(0.,1.,-2.22044604925E-16));
#3131 = DIRECTION('',(-1.,0.,0.));
#3132 = PLANE('',#3133);
#3133 = AXIS2_PLACEMENT_3D('',#3134,#3135,#3136);
#3134 = CARTESIAN_POINT('',(28.05,-26.75,5.));
#3135 = DIRECTION('',(0.,1.,0.));
#3136 = DIRECTION('',(0.,0.,1.));
#3137 = ADVANCED_FACE('',(#3138),#3163,.F.);
#3138 = FACE_BOUND('',#3139,.F.);
#3139 = EDGE_LOOP('',(#3140,#3141,#3149,#3157));
#3140 = ORIENTED_EDGE('',*,*,#2544,.F.);
#3141 = ORIENTED_EDGE('',*,*,#3142,.T.);
#3142 = EDGE_CURVE('',#2545,#3143,#3145,.T.);
#3143 = VERTEX_POINT('',#3144);
#3144 = CARTESIAN_POINT('',(29.4,-3.95,30.75));
#3145 = LINE('',#3146,#3147);
#3146 = CARTESIAN_POINT('',(20.,-3.95,30.75));
#3147 = VECTOR('',#3148,1.);
#3148 = DIRECTION('',(1.,0.,0.));
#3149 = ORIENTED_EDGE('',*,*,#3150,.T.);
#3150 = EDGE_CURVE('',#3143,#3151,#3153,.T.);
#3151 = VERTEX_POINT('',#3152);
#3152 = CARTESIAN_POINT('',(29.4,-10.75,30.75));
#3153 = LINE('',#3154,#3155);
#3154 = CARTESIAN_POINT('',(29.4,-3.35,30.75));
#3155 = VECTOR('',#3156,1.);
#3156 = DIRECTION('',(0.,-1.,0.));
#3157 = ORIENTED_EDGE('',*,*,#3158,.F.);
#3158 = EDGE_CURVE('',#2547,#3151,#3159,.T.);
#3159 = LINE('',#3160,#3161);
#3160 = CARTESIAN_POINT('',(20.,-10.75,30.75));
#3161 = VECTOR('',#3162,1.);
#3162 = DIRECTION('',(1.,0.,0.));
#3163 = PLANE('',#3164);
#3164 = AXIS2_PLACEMENT_3D('',#3165,#3166,#3167);
#3165 = CARTESIAN_POINT('',(20.,-3.35,30.75));
#3166 = DIRECTION('',(0.,0.,-1.));
#3167 = DIRECTION('',(0.,-1.,0.));
#3168 = ADVANCED_FACE('',(#3169),#3177,.T.);
#3169 = FACE_BOUND('',#3170,.T.);
#3170 = EDGE_LOOP('',(#3171,#3172,#3173,#3174,#3175,#3176));
#3171 = ORIENTED_EDGE('',*,*,#2669,.F.);
#3172 = ORIENTED_EDGE('',*,*,#2751,.F.);
#3173 = ORIENTED_EDGE('',*,*,#2775,.T.);
#3174 = ORIENTED_EDGE('',*,*,#2809,.T.);
#3175 = ORIENTED_EDGE('',*,*,#2588,.T.);
#3176 = ORIENTED_EDGE('',*,*,#2691,.T.);
#3177 = PLANE('',#3178);
#3178 = AXIS2_PLACEMENT_3D('',#3179,#3180,#3181);
#3179 = CARTESIAN_POINT('',(18.,-10.5,31.));
#3180 = DIRECTION('',(0.,-0.707106781187,0.707106781187));
#3181 = DIRECTION('',(1.,0.,0.));
#3182 = ADVANCED_FACE('',(#3183,#3201),#3235,.T.);
#3183 = FACE_BOUND('',#3184,.T.);
#3184 = EDGE_LOOP('',(#3185,#3186,#3187,#3195));
#3185 = ORIENTED_EDGE('',*,*,#2926,.F.);
#3186 = ORIENTED_EDGE('',*,*,#2563,.T.);
#3187 = ORIENTED_EDGE('',*,*,#3188,.T.);
#3188 = EDGE_CURVE('',#2555,#3189,#3191,.T.);
#3189 = VERTEX_POINT('',#3190);
#3190 = CARTESIAN_POINT('',(29.51,-3.35,30.15));
#3191 = LINE('',#3192,#3193);
#3192 = CARTESIAN_POINT('',(20.,-3.35,30.15));
#3193 = VECTOR('',#3194,1.);
#3194 = DIRECTION('',(1.,0.,0.));
#3195 = ORIENTED_EDGE('',*,*,#3196,.F.);
#3196 = EDGE_CURVE('',#2927,#3189,#3197,.T.);
#3197 = LINE('',#3198,#3199);
#3198 = CARTESIAN_POINT('',(29.51,-3.35,12.));
#3199 = VECTOR('',#3200,1.);
#3200 = DIRECTION('',(0.,0.,1.));
#3201 = FACE_BOUND('',#3202,.T.);
#3202 = EDGE_LOOP('',(#3203,#3213,#3221,#3229));
#3203 = ORIENTED_EDGE('',*,*,#3204,.F.);
#3204 = EDGE_CURVE('',#3205,#3207,#3209,.T.);
#3205 = VERTEX_POINT('',#3206);
#3206 = CARTESIAN_POINT('',(22.,-3.35,28.25));
#3207 = VERTEX_POINT('',#3208);
#3208 = CARTESIAN_POINT('',(29.5,-3.35,28.25));
#3209 = LINE('',#3210,#3211);
#3210 = CARTESIAN_POINT('',(21.,-3.35,28.25));
#3211 = VECTOR('',#3212,1.);
#3212 = DIRECTION('',(1.,0.,0.));
#3213 = ORIENTED_EDGE('',*,*,#3214,.F.);
#3214 = EDGE_CURVE('',#3215,#3205,#3217,.T.);
#3215 = VERTEX_POINT('',#3216);
#3216 = CARTESIAN_POINT('',(22.,-3.35,18.25));
#3217 = LINE('',#3218,#3219);
#3218 = CARTESIAN_POINT('',(22.,-3.35,18.25));
#3219 = VECTOR('',#3220,1.);
#3220 = DIRECTION('',(0.,2.22044604925E-16,1.));
#3221 = ORIENTED_EDGE('',*,*,#3222,.F.);
#3222 = EDGE_CURVE('',#3223,#3215,#3225,.T.);
#3223 = VERTEX_POINT('',#3224);
#3224 = CARTESIAN_POINT('',(29.5,-3.35,18.25));
#3225 = LINE('',#3226,#3227);
#3226 = CARTESIAN_POINT('',(27.,-3.35,18.25));
#3227 = VECTOR('',#3228,1.);
#3228 = DIRECTION('',(-1.,0.,0.));
#3229 = ORIENTED_EDGE('',*,*,#3230,.F.);
#3230 = EDGE_CURVE('',#3207,#3223,#3231,.T.);
#3231 = LINE('',#3232,#3233);
#3232 = CARTESIAN_POINT('',(29.5,-3.35,28.25));
#3233 = VECTOR('',#3234,1.);
#3234 = DIRECTION('',(0.,-2.22044604925E-16,-1.));
#3235 = PLANE('',#3236);
#3236 = AXIS2_PLACEMENT_3D('',#3237,#3238,#3239);
#3237 = CARTESIAN_POINT('',(25.,-3.35,21.075));
#3238 = DIRECTION('',(0.,1.,0.));
#3239 = DIRECTION('',(0.,0.,1.));
#3240 = ADVANCED_FACE('',(#3241),#3265,.T.);
#3241 = FACE_BOUND('',#3242,.F.);
#3242 = EDGE_LOOP('',(#3243,#3244,#3263,#3264));
#3243 = ORIENTED_EDGE('',*,*,#3188,.T.);
#3244 = ORIENTED_EDGE('',*,*,#3245,.T.);
#3245 = EDGE_CURVE('',#3189,#3143,#3246,.T.);
#3246 = ( BOUNDED_CURVE() B_SPLINE_CURVE(8,(#3247,#3248,#3249,#3250,
    #3251,#3252,#3253,#3254,#3255,#3256,#3257,#3258,#3259,#3260,#3261,
#3262),.UNSPECIFIED.,.F.,.F.) B_SPLINE_CURVE_WITH_KNOTS((9,7,9),(18.15,
18.723029668356,19.296059336711),.UNSPECIFIED.) CURVE() 
GEOMETRIC_REPRESENTATION_ITEM() RATIONAL_B_SPLINE_CURVE((1.,1.,1.,1.,1.,
1.,1.,1.,1.,1.,1.,1.,1.,1.,1.,1.)) REPRESENTATION_ITEM('') );
#3247 = CARTESIAN_POINT('',(29.51,-3.35,30.15));
#3248 = CARTESIAN_POINT('',(29.51,-3.35,30.160799175309));
#3249 = CARTESIAN_POINT('',(29.506401908409,-3.350217252049,
    30.171691859767));
#3250 = CARTESIAN_POINT('',(29.498869414438,-3.35070739879,
    30.183366712502));
#3251 = CARTESIAN_POINT('',(29.489901329274,-3.351329184245,
    30.199741955264));
#3252 = CARTESIAN_POINT('',(29.478761248326,-3.353466157682,
    30.217817958103));
#3253 = CARTESIAN_POINT('',(29.474499233863,-3.355371447579,
    30.250897054151));
#3254 = CARTESIAN_POINT('',(29.474164233687,-3.365696871167,
    30.30098770333));
#3255 = CARTESIAN_POINT('',(29.474889495314,-3.411465744832,
    30.422375272248));
#3256 = CARTESIAN_POINT('',(29.476030331732,-3.446855903189,
    30.493781464871));
#3257 = CARTESIAN_POINT('',(29.474262387573,-3.499824190735,
    30.570115530786));
#3258 = CARTESIAN_POINT('',(29.466229591157,-3.570909563609,
    30.638744335344));
#3259 = CARTESIAN_POINT('',(29.452847597079,-3.656286537205,
    30.693166534572));
#3260 = CARTESIAN_POINT('',(29.436565878118,-3.750830507503,
    30.731183280705));
#3261 = CARTESIAN_POINT('',(29.418252127283,-3.850442942091,30.75));
#3262 = CARTESIAN_POINT('',(29.4,-3.95,30.75));
#3263 = ORIENTED_EDGE('',*,*,#3142,.F.);
#3264 = ORIENTED_EDGE('',*,*,#2554,.T.);
#3265 = CYLINDRICAL_SURFACE('',#3266,0.6);
#3266 = AXIS2_PLACEMENT_3D('',#3267,#3268,#3269);
#3267 = CARTESIAN_POINT('',(20.,-3.95,30.15));
#3268 = DIRECTION('',(1.,0.,0.));
#3269 = DIRECTION('',(0.,0.,1.));
#3270 = ADVANCED_FACE('',(#3271),#3274,.T.);
#3271 = FACE_BOUND('',#3272,.T.);
#3272 = EDGE_LOOP('',(#3273));
#3273 = ORIENTED_EDGE('',*,*,#2610,.T.);
#3274 = PLANE('',#3275);
#3275 = AXIS2_PLACEMENT_3D('',#3276,#3277,#3278);
#3276 = CARTESIAN_POINT('',(6.360186662974E-16,-0.45,43.5));
#3277 = DIRECTION('',(0.,0.,1.));
#3278 = DIRECTION('',(1.,0.,0.));
#3279 = ADVANCED_FACE('',(#3280),#3283,.T.);
#3280 = FACE_BOUND('',#3281,.T.);
#3281 = EDGE_LOOP('',(#3282));
#3282 = ORIENTED_EDGE('',*,*,#2635,.T.);
#3283 = PLANE('',#3284);
#3284 = AXIS2_PLACEMENT_3D('',#3285,#3286,#3287);
#3285 = CARTESIAN_POINT('',(6.360186662974E-16,-0.45,43.5));
#3286 = DIRECTION('',(0.,0.,1.));
#3287 = DIRECTION('',(1.,0.,0.));
#3288 = ADVANCED_FACE('',(#3289,#3308),#3342,.T.);
#3289 = FACE_BOUND('',#3290,.T.);
#3290 = EDGE_LOOP('',(#3291,#3292,#3300,#3306,#3307));
#3291 = ORIENTED_EDGE('',*,*,#2884,.T.);
#3292 = ORIENTED_EDGE('',*,*,#3293,.F.);
#3293 = EDGE_CURVE('',#3294,#2885,#3296,.T.);
#3294 = VERTEX_POINT('',#3295);
#3295 = CARTESIAN_POINT('',(29.51,-11.35,30.15));
#3296 = LINE('',#3297,#3298);
#3297 = CARTESIAN_POINT('',(29.51,-11.35,30.15));
#3298 = VECTOR('',#3299,1.);
#3299 = DIRECTION('',(0.,0.,-1.));
#3300 = ORIENTED_EDGE('',*,*,#3301,.F.);
#3301 = EDGE_CURVE('',#2800,#3294,#3302,.T.);
#3302 = LINE('',#3303,#3304);
#3303 = CARTESIAN_POINT('',(20.,-11.35,30.15));
#3304 = VECTOR('',#3305,1.);
#3305 = DIRECTION('',(1.,0.,0.));
#3306 = ORIENTED_EDGE('',*,*,#2799,.T.);
#3307 = ORIENTED_EDGE('',*,*,#2830,.T.);
#3308 = FACE_BOUND('',#3309,.T.);
#3309 = EDGE_LOOP('',(#3310,#3320,#3328,#3336));
#3310 = ORIENTED_EDGE('',*,*,#3311,.T.);
#3311 = EDGE_CURVE('',#3312,#3314,#3316,.T.);
#3312 = VERTEX_POINT('',#3313);
#3313 = CARTESIAN_POINT('',(22.,-11.35,28.25));
#3314 = VERTEX_POINT('',#3315);
#3315 = CARTESIAN_POINT('',(29.5,-11.35,28.25));
#3316 = LINE('',#3317,#3318);
#3317 = CARTESIAN_POINT('',(21.,-11.35,28.25));
#3318 = VECTOR('',#3319,1.);
#3319 = DIRECTION('',(1.,0.,0.));
#3320 = ORIENTED_EDGE('',*,*,#3321,.T.);
#3321 = EDGE_CURVE('',#3314,#3322,#3324,.T.);
#3322 = VERTEX_POINT('',#3323);
#3323 = CARTESIAN_POINT('',(29.5,-11.35,18.25));
#3324 = LINE('',#3325,#3326);
#3325 = CARTESIAN_POINT('',(29.5,-11.35,28.25));
#3326 = VECTOR('',#3327,1.);
#3327 = DIRECTION('',(0.,0.,-1.));
#3328 = ORIENTED_EDGE('',*,*,#3329,.T.);
#3329 = EDGE_CURVE('',#3322,#3330,#3332,.T.);
#3330 = VERTEX_POINT('',#3331);
#3331 = CARTESIAN_POINT('',(22.,-11.35,18.25));
#3332 = LINE('',#3333,#3334);
#3333 = CARTESIAN_POINT('',(23.5,-11.35,18.25));
#3334 = VECTOR('',#3335,1.);
#3335 = DIRECTION('',(-1.,0.,0.));
#3336 = ORIENTED_EDGE('',*,*,#3337,.T.);
#3337 = EDGE_CURVE('',#3330,#3312,#3338,.T.);
#3338 = LINE('',#3339,#3340);
#3339 = CARTESIAN_POINT('',(22.,-11.35,24.5));
#3340 = VECTOR('',#3341,1.);
#3341 = DIRECTION('',(0.,0.,1.));
#3342 = PLANE('',#3343);
#3343 = AXIS2_PLACEMENT_3D('',#3344,#3345,#3346);
#3344 = CARTESIAN_POINT('',(25.,-11.35,21.075));
#3345 = DIRECTION('',(-0.,-1.,-0.));
#3346 = DIRECTION('',(0.,0.,-1.));
#3347 = ADVANCED_FACE('',(#3348),#3372,.T.);
#3348 = FACE_BOUND('',#3349,.T.);
#3349 = EDGE_LOOP('',(#3350,#3351,#3370,#3371));
#3350 = ORIENTED_EDGE('',*,*,#3301,.T.);
#3351 = ORIENTED_EDGE('',*,*,#3352,.F.);
#3352 = EDGE_CURVE('',#3151,#3294,#3353,.T.);
#3353 = ( BOUNDED_CURVE() B_SPLINE_CURVE(8,(#3354,#3355,#3356,#3357,
    #3358,#3359,#3360,#3361,#3362,#3363,#3364,#3365,#3366,#3367,#3368,
#3369),.UNSPECIFIED.,.F.,.F.) B_SPLINE_CURVE_WITH_KNOTS((9,7,9),(0.,
0.573029668356,1.146059336711),.UNSPECIFIED.) CURVE() 
GEOMETRIC_REPRESENTATION_ITEM() RATIONAL_B_SPLINE_CURVE((1.,1.,1.,1.,1.,
1.,1.,1.,1.,1.,1.,1.,1.,1.,1.,1.)) REPRESENTATION_ITEM('') );
#3354 = CARTESIAN_POINT('',(29.4,-10.75,30.75));
#3355 = CARTESIAN_POINT('',(29.418252127283,-10.8495570579,30.75));
#3356 = CARTESIAN_POINT('',(29.436565878118,-10.94916949249,
    30.731183280705));
#3357 = CARTESIAN_POINT('',(29.452847597078,-11.04371346279,
    30.693166534572));
#3358 = CARTESIAN_POINT('',(29.466229591157,-11.12909043639,
    30.638744335344));
#3359 = CARTESIAN_POINT('',(29.474262387573,-11.20017580926,
    30.570115530786));
#3360 = CARTESIAN_POINT('',(29.476030331732,-11.25314409681,
    30.493781464871));
#3361 = CARTESIAN_POINT('',(29.474889495314,-11.28853425516,
    30.422375272248));
#3362 = CARTESIAN_POINT('',(29.474164233687,-11.33430312883,
    30.30098770333));
#3363 = CARTESIAN_POINT('',(29.474499233864,-11.34462855242,
    30.250897054152));
#3364 = CARTESIAN_POINT('',(29.478761248326,-11.34653384231,
    30.217817958102));
#3365 = CARTESIAN_POINT('',(29.489901329274,-11.34867081575,
    30.199741955265));
#3366 = CARTESIAN_POINT('',(29.498869414439,-11.34929260121,
    30.183366712501));
#3367 = CARTESIAN_POINT('',(29.506401908409,-11.34978274795,
    30.171691859768));
#3368 = CARTESIAN_POINT('',(29.51,-11.35,30.160799175309));
#3369 = CARTESIAN_POINT('',(29.51,-11.35,30.15));
#3370 = ORIENTED_EDGE('',*,*,#3158,.F.);
#3371 = ORIENTED_EDGE('',*,*,#2815,.T.);
#3372 = CYLINDRICAL_SURFACE('',#3373,0.6);
#3373 = AXIS2_PLACEMENT_3D('',#3374,#3375,#3376);
#3374 = CARTESIAN_POINT('',(20.,-10.75,30.15));
#3375 = DIRECTION('',(1.,0.,0.));
#3376 = DIRECTION('',(0.,0.,1.));
#3377 = ADVANCED_FACE('',(#3378),#3396,.T.);
#3378 = FACE_BOUND('',#3379,.F.);
#3379 = EDGE_LOOP('',(#3380,#3388,#3394,#3395));
#3380 = ORIENTED_EDGE('',*,*,#3381,.T.);
#3381 = EDGE_CURVE('',#3294,#3382,#3384,.T.);
#3382 = VERTEX_POINT('',#3383);
#3383 = CARTESIAN_POINT('',(30.,-10.86,30.15));
#3384 = ( BOUNDED_CURVE() B_SPLINE_CURVE(2,(#3385,#3386,#3387),
.UNSPECIFIED.,.F.,.F.) B_SPLINE_CURVE_WITH_KNOTS((3,3),(0.,
1.146059336711),.PIECEWISE_BEZIER_KNOTS.) CURVE() 
GEOMETRIC_REPRESENTATION_ITEM() RATIONAL_B_SPLINE_CURVE((1.,
0.707106781187,1.)) REPRESENTATION_ITEM('') );
#3385 = CARTESIAN_POINT('',(29.51,-11.35,30.15));
#3386 = CARTESIAN_POINT('',(30.,-11.35,30.15));
#3387 = CARTESIAN_POINT('',(30.,-10.86,30.15));
#3388 = ORIENTED_EDGE('',*,*,#3389,.T.);
#3389 = EDGE_CURVE('',#3382,#2944,#3390,.T.);
#3390 = LINE('',#3391,#3392);
#3391 = CARTESIAN_POINT('',(30.,-10.86,30.15));
#3392 = VECTOR('',#3393,1.);
#3393 = DIRECTION('',(0.,0.,-1.));
#3394 = ORIENTED_EDGE('',*,*,#2951,.F.);
#3395 = ORIENTED_EDGE('',*,*,#3293,.F.);
#3396 = CYLINDRICAL_SURFACE('',#3397,0.49);
#3397 = AXIS2_PLACEMENT_3D('',#3398,#3399,#3400);
#3398 = CARTESIAN_POINT('',(29.51,-10.86,30.15));
#3399 = DIRECTION('',(0.,0.,-1.));
#3400 = DIRECTION('',(0.,-1.,0.));
#3401 = ADVANCED_FACE('',(#3402),#3420,.T.);
#3402 = FACE_BOUND('',#3403,.T.);
#3403 = EDGE_LOOP('',(#3404,#3412,#3413,#3414));
#3404 = ORIENTED_EDGE('',*,*,#3405,.T.);
#3405 = EDGE_CURVE('',#3406,#3382,#3408,.T.);
#3406 = VERTEX_POINT('',#3407);
#3407 = CARTESIAN_POINT('',(30.,-3.84,30.15));
#3408 = LINE('',#3409,#3410);
#3409 = CARTESIAN_POINT('',(30.,-3.35,30.15));
#3410 = VECTOR('',#3411,1.);
#3411 = DIRECTION('',(0.,-1.,0.));
#3412 = ORIENTED_EDGE('',*,*,#3389,.T.);
#3413 = ORIENTED_EDGE('',*,*,#2943,.T.);
#3414 = ORIENTED_EDGE('',*,*,#3415,.T.);
#3415 = EDGE_CURVE('',#2935,#3406,#3416,.T.);
#3416 = LINE('',#3417,#3418);
#3417 = CARTESIAN_POINT('',(30.,-3.84,12.));
#3418 = VECTOR('',#3419,1.);
#3419 = DIRECTION('',(0.,0.,1.));
#3420 = PLANE('',#3421);
#3421 = AXIS2_PLACEMENT_3D('',#3422,#3423,#3424);
#3422 = CARTESIAN_POINT('',(30.,-7.35,21.075));
#3423 = DIRECTION('',(1.,0.,0.));
#3424 = DIRECTION('',(0.,0.,1.));
#3425 = ADVANCED_FACE('',(#3426),#3438,.T.);
#3426 = FACE_BOUND('',#3427,.F.);
#3427 = EDGE_LOOP('',(#3428,#3429,#3430,#3437));
#3428 = ORIENTED_EDGE('',*,*,#2934,.T.);
#3429 = ORIENTED_EDGE('',*,*,#3415,.T.);
#3430 = ORIENTED_EDGE('',*,*,#3431,.F.);
#3431 = EDGE_CURVE('',#3189,#3406,#3432,.T.);
#3432 = CIRCLE('',#3433,0.49);
#3433 = AXIS2_PLACEMENT_3D('',#3434,#3435,#3436);
#3434 = CARTESIAN_POINT('',(29.51,-3.84,30.15));
#3435 = DIRECTION('',(0.,0.,-1.));
#3436 = DIRECTION('',(0.,1.,0.));
#3437 = ORIENTED_EDGE('',*,*,#3196,.F.);
#3438 = CYLINDRICAL_SURFACE('',#3439,0.49);
#3439 = AXIS2_PLACEMENT_3D('',#3440,#3441,#3442);
#3440 = CARTESIAN_POINT('',(29.51,-3.84,12.));
#3441 = DIRECTION('',(0.,0.,1.));
#3442 = DIRECTION('',(0.,1.,0.));
#3443 = ADVANCED_FACE('',(#3444),#3450,.T.);
#3444 = FACE_BOUND('',#3445,.F.);
#3445 = EDGE_LOOP('',(#3446,#3447,#3448,#3449));
#3446 = ORIENTED_EDGE('',*,*,#3079,.F.);
#3447 = ORIENTED_EDGE('',*,*,#3107,.T.);
#3448 = ORIENTED_EDGE('',*,*,#3003,.T.);
#3449 = ORIENTED_EDGE('',*,*,#2918,.F.);
#3450 = PLANE('',#3451);
#3451 = AXIS2_PLACEMENT_3D('',#3452,#3453,#3454);
#3452 = CARTESIAN_POINT('',(32.5,7.5,11.5));
#3453 = DIRECTION('',(0.707106781187,0.,0.707106781187));
#3454 = DIRECTION('',(1.110223024625E-16,1.,-1.110223024625E-16));
#3455 = ADVANCED_FACE('',(#3456),#3466,.F.);
#3456 = FACE_BOUND('',#3457,.F.);
#3457 = EDGE_LOOP('',(#3458,#3459,#3464,#3465));
#3458 = ORIENTED_EDGE('',*,*,#3027,.T.);
#3459 = ORIENTED_EDGE('',*,*,#3460,.T.);
#3460 = EDGE_CURVE('',#3028,#3125,#3461,.T.);
#3461 = B_SPLINE_CURVE_WITH_KNOTS('',1,(#3462,#3463),.UNSPECIFIED.,.F.,
  .F.,(2,2),(-2.25,37.5),.PIECEWISE_BEZIER_KNOTS.);
#3462 = CARTESIAN_POINT('',(26.3,-37.25,5.));
#3463 = CARTESIAN_POINT('',(26.3,2.5,5.));
#3464 = ORIENTED_EDGE('',*,*,#3124,.F.);
#3465 = ORIENTED_EDGE('',*,*,#3460,.F.);
#3466 = CYLINDRICAL_SURFACE('',#3467,1.75);
#3467 = AXIS2_PLACEMENT_3D('',#3468,#3469,#3470);
#3468 = CARTESIAN_POINT('',(28.05,-35.,5.));
#3469 = DIRECTION('',(0.,1.,-2.22044604925E-16));
#3470 = DIRECTION('',(-1.,0.,0.));
#3471 = ADVANCED_FACE('',(#3472),#3514,.T.);
#3472 = FACE_BOUND('',#3473,.F.);
#3473 = EDGE_LOOP('',(#3474,#3475,#3494,#3495));
#3474 = ORIENTED_EDGE('',*,*,#3405,.T.);
#3475 = ORIENTED_EDGE('',*,*,#3476,.F.);
#3476 = EDGE_CURVE('',#3151,#3382,#3477,.T.);
#3477 = ( BOUNDED_CURVE() B_SPLINE_CURVE(8,(#3478,#3479,#3480,#3481,
    #3482,#3483,#3484,#3485,#3486,#3487,#3488,#3489,#3490,#3491,#3492,
#3493),.UNSPECIFIED.,.F.,.F.) B_SPLINE_CURVE_WITH_KNOTS((9,7,9),(0.,
0.573029668356,1.146059336711),.UNSPECIFIED.) CURVE() 
GEOMETRIC_REPRESENTATION_ITEM() RATIONAL_B_SPLINE_CURVE((1.,1.,1.,1.,1.,
1.,1.,1.,1.,1.,1.,1.,1.,1.,1.,1.)) REPRESENTATION_ITEM('') );
#3478 = CARTESIAN_POINT('',(29.4,-10.75,30.75));
#3479 = CARTESIAN_POINT('',(29.499557057909,-10.76825212728,30.75));
#3480 = CARTESIAN_POINT('',(29.599169492497,-10.78656587811,
    30.731183280705));
#3481 = CARTESIAN_POINT('',(29.693713462795,-10.80284759707,
    30.693166534572));
#3482 = CARTESIAN_POINT('',(29.779090436391,-10.81622959115,
    30.638744335344));
#3483 = CARTESIAN_POINT('',(29.850175809265,-10.82426238757,
    30.570115530786));
#3484 = CARTESIAN_POINT('',(29.903144096811,-10.82603033173,
    30.493781464871));
#3485 = CARTESIAN_POINT('',(29.938534255168,-10.82488949531,
    30.422375272248));
#3486 = CARTESIAN_POINT('',(29.984303128833,-10.82416423368,
    30.30098770333));
#3487 = CARTESIAN_POINT('',(29.994628552421,-10.82449923386,
    30.250897054152));
#3488 = CARTESIAN_POINT('',(29.996533842318,-10.82876124832,
    30.217817958102));
#3489 = CARTESIAN_POINT('',(29.998670815755,-10.83990132927,
    30.199741955265));
#3490 = CARTESIAN_POINT('',(29.99929260121,-10.84886941443,
    30.183366712501));
#3491 = CARTESIAN_POINT('',(29.999782747951,-10.8564019084,
    30.171691859768));
#3492 = CARTESIAN_POINT('',(30.,-10.86,30.160799175309));
#3493 = CARTESIAN_POINT('',(30.,-10.86,30.15));
#3494 = ORIENTED_EDGE('',*,*,#3150,.F.);
#3495 = ORIENTED_EDGE('',*,*,#3496,.F.);
#3496 = EDGE_CURVE('',#3406,#3143,#3497,.T.);
#3497 = ( BOUNDED_CURVE() B_SPLINE_CURVE(8,(#3498,#3499,#3500,#3501,
    #3502,#3503,#3504,#3505,#3506,#3507,#3508,#3509,#3510,#3511,#3512,
#3513),.UNSPECIFIED.,.F.,.F.) B_SPLINE_CURVE_WITH_KNOTS((9,7,9),(18.15,
18.723029668356,19.296059336711),.UNSPECIFIED.) CURVE() 
GEOMETRIC_REPRESENTATION_ITEM() RATIONAL_B_SPLINE_CURVE((1.,1.,1.,1.,1.,
1.,1.,1.,1.,1.,1.,1.,1.,1.,1.,1.)) REPRESENTATION_ITEM('') );
#3498 = CARTESIAN_POINT('',(30.,-3.84,30.15));
#3499 = CARTESIAN_POINT('',(30.,-3.84,30.160799175309));
#3500 = CARTESIAN_POINT('',(29.999782747951,-3.843598091591,
    30.171691859767));
#3501 = CARTESIAN_POINT('',(29.99929260121,-3.851130585562,
    30.183366712502));
#3502 = CARTESIAN_POINT('',(29.998670815755,-3.860098670726,
    30.199741955264));
#3503 = CARTESIAN_POINT('',(29.996533842318,-3.871238751674,
    30.217817958103));
#3504 = CARTESIAN_POINT('',(29.994628552421,-3.875500766137,
    30.250897054152));
#3505 = CARTESIAN_POINT('',(29.984303128833,-3.875835766313,
    30.30098770333));
#3506 = CARTESIAN_POINT('',(29.938534255168,-3.875110504686,
    30.422375272248));
#3507 = CARTESIAN_POINT('',(29.903144096811,-3.873969668268,
    30.493781464871));
#3508 = CARTESIAN_POINT('',(29.850175809265,-3.875737612427,
    30.570115530786));
#3509 = CARTESIAN_POINT('',(29.779090436391,-3.883770408843,
    30.638744335344));
#3510 = CARTESIAN_POINT('',(29.693713462795,-3.897152402921,
    30.693166534572));
#3511 = CARTESIAN_POINT('',(29.599169492497,-3.913434121882,
    30.731183280705));
#3512 = CARTESIAN_POINT('',(29.499557057909,-3.931747872717,30.75));
#3513 = CARTESIAN_POINT('',(29.4,-3.95,30.75));
#3514 = CYLINDRICAL_SURFACE('',#3515,0.6);
#3515 = AXIS2_PLACEMENT_3D('',#3516,#3517,#3518);
#3516 = CARTESIAN_POINT('',(29.4,-3.35,30.15));
#3517 = DIRECTION('',(0.,-1.,0.));
#3518 = DIRECTION('',(0.,0.,1.));
#3519 = ADVANCED_FACE('',(#3520),#3554,.F.);
#3520 = FACE_BOUND('',#3521,.F.);
#3521 = EDGE_LOOP('',(#3522,#3532,#3539,#3540,#3546,#3547));
#3522 = ORIENTED_EDGE('',*,*,#3523,.F.);
#3523 = EDGE_CURVE('',#3524,#3526,#3528,.T.);
#3524 = VERTEX_POINT('',#3525);
#3525 = CARTESIAN_POINT('',(27.,-5.85,28.25));
#3526 = VERTEX_POINT('',#3527);
#3527 = CARTESIAN_POINT('',(27.,-8.85,28.25));
#3528 = LINE('',#3529,#3530);
#3529 = CARTESIAN_POINT('',(27.,-3.35,28.25));
#3530 = VECTOR('',#3531,1.);
#3531 = DIRECTION('',(0.,-1.,2.22044604925E-16));
#3532 = ORIENTED_EDGE('',*,*,#3533,.F.);
#3533 = EDGE_CURVE('',#3207,#3524,#3534,.T.);
#3534 = CIRCLE('',#3535,2.5);
#3535 = AXIS2_PLACEMENT_3D('',#3536,#3537,#3538);
#3536 = CARTESIAN_POINT('',(29.5,-5.85,28.25));
#3537 = DIRECTION('',(0.,2.22044604925E-16,1.));
#3538 = DIRECTION('',(0.,1.,-2.22044604925E-16));
#3539 = ORIENTED_EDGE('',*,*,#3204,.F.);
#3540 = ORIENTED_EDGE('',*,*,#3541,.T.);
#3541 = EDGE_CURVE('',#3205,#3312,#3542,.T.);
#3542 = LINE('',#3543,#3544);
#3543 = CARTESIAN_POINT('',(22.,-3.35,28.25));
#3544 = VECTOR('',#3545,1.);
#3545 = DIRECTION('',(0.,-1.,2.22044604925E-16));
#3546 = ORIENTED_EDGE('',*,*,#3311,.T.);
#3547 = ORIENTED_EDGE('',*,*,#3548,.T.);
#3548 = EDGE_CURVE('',#3314,#3526,#3549,.T.);
#3549 = CIRCLE('',#3550,2.5);
#3550 = AXIS2_PLACEMENT_3D('',#3551,#3552,#3553);
#3551 = CARTESIAN_POINT('',(29.5,-8.85,28.25));
#3552 = DIRECTION('',(0.,0.,-1.));
#3553 = DIRECTION('',(0.,1.,0.));
#3554 = PLANE('',#3555);
#3555 = AXIS2_PLACEMENT_3D('',#3556,#3557,#3558);
#3556 = CARTESIAN_POINT('',(22.,-3.35,28.25));
#3557 = DIRECTION('',(0.,2.22044604925E-16,1.));
#3558 = DIRECTION('',(1.,0.,0.));
#3559 = ADVANCED_FACE('',(#3560),#3571,.F.);
#3560 = FACE_BOUND('',#3561,.F.);
#3561 = EDGE_LOOP('',(#3562,#3563,#3569,#3570));
#3562 = ORIENTED_EDGE('',*,*,#3214,.F.);
#3563 = ORIENTED_EDGE('',*,*,#3564,.T.);
#3564 = EDGE_CURVE('',#3215,#3330,#3565,.T.);
#3565 = LINE('',#3566,#3567);
#3566 = CARTESIAN_POINT('',(22.,-3.35,18.25));
#3567 = VECTOR('',#3568,1.);
#3568 = DIRECTION('',(0.,-1.,2.22044604925E-16));
#3569 = ORIENTED_EDGE('',*,*,#3337,.T.);
#3570 = ORIENTED_EDGE('',*,*,#3541,.F.);
#3571 = PLANE('',#3572);
#3572 = AXIS2_PLACEMENT_3D('',#3573,#3574,#3575);
#3573 = CARTESIAN_POINT('',(22.,-3.35,18.25));
#3574 = DIRECTION('',(-1.,0.,0.));
#3575 = DIRECTION('',(0.,2.22044604925E-16,1.));
#3576 = ADVANCED_FACE('',(#3577),#3606,.F.);
#3577 = FACE_BOUND('',#3578,.F.);
#3578 = EDGE_LOOP('',(#3579,#3589,#3596,#3597,#3598,#3599));
#3579 = ORIENTED_EDGE('',*,*,#3580,.T.);
#3580 = EDGE_CURVE('',#3581,#3583,#3585,.T.);
#3581 = VERTEX_POINT('',#3582);
#3582 = CARTESIAN_POINT('',(27.,-5.85,18.25));
#3583 = VERTEX_POINT('',#3584);
#3584 = CARTESIAN_POINT('',(27.,-8.85,18.25));
#3585 = LINE('',#3586,#3587);
#3586 = CARTESIAN_POINT('',(27.,-3.35,18.25));
#3587 = VECTOR('',#3588,1.);
#3588 = DIRECTION('',(0.,-1.,2.22044604925E-16));
#3589 = ORIENTED_EDGE('',*,*,#3590,.F.);
#3590 = EDGE_CURVE('',#3322,#3583,#3591,.T.);
#3591 = CIRCLE('',#3592,2.5);
#3592 = AXIS2_PLACEMENT_3D('',#3593,#3594,#3595);
#3593 = CARTESIAN_POINT('',(29.5,-8.85,18.25));
#3594 = DIRECTION('',(0.,0.,-1.));
#3595 = DIRECTION('',(0.,1.,0.));
#3596 = ORIENTED_EDGE('',*,*,#3329,.T.);
#3597 = ORIENTED_EDGE('',*,*,#3564,.F.);
#3598 = ORIENTED_EDGE('',*,*,#3222,.F.);
#3599 = ORIENTED_EDGE('',*,*,#3600,.T.);
#3600 = EDGE_CURVE('',#3223,#3581,#3601,.T.);
#3601 = CIRCLE('',#3602,2.5);
#3602 = AXIS2_PLACEMENT_3D('',#3603,#3604,#3605);
#3603 = CARTESIAN_POINT('',(29.5,-5.85,18.25));
#3604 = DIRECTION('',(0.,2.22044604925E-16,1.));
#3605 = DIRECTION('',(0.,1.,-2.22044604925E-16));
#3606 = PLANE('',#3607);
#3607 = AXIS2_PLACEMENT_3D('',#3608,#3609,#3610);
#3608 = CARTESIAN_POINT('',(27.,-3.35,18.25));
#3609 = DIRECTION('',(-0.,-2.22044604925E-16,-1.));
#3610 = DIRECTION('',(-1.,0.,0.));
#3611 = ADVANCED_FACE('',(#3612),#3623,.T.);
#3612 = FACE_BOUND('',#3613,.F.);
#3613 = EDGE_LOOP('',(#3614,#3615,#3621,#3622));
#3614 = ORIENTED_EDGE('',*,*,#3533,.T.);
#3615 = ORIENTED_EDGE('',*,*,#3616,.T.);
#3616 = EDGE_CURVE('',#3524,#3581,#3617,.T.);
#3617 = LINE('',#3618,#3619);
#3618 = CARTESIAN_POINT('',(27.,-5.85,28.25));
#3619 = VECTOR('',#3620,1.);
#3620 = DIRECTION('',(0.,-2.22044604925E-16,-1.));
#3621 = ORIENTED_EDGE('',*,*,#3600,.F.);
#3622 = ORIENTED_EDGE('',*,*,#3230,.F.);
#3623 = CYLINDRICAL_SURFACE('',#3624,2.5);
#3624 = AXIS2_PLACEMENT_3D('',#3625,#3626,#3627);
#3625 = CARTESIAN_POINT('',(29.5,-5.85,28.25));
#3626 = DIRECTION('',(0.,-2.22044604925E-16,-1.));
#3627 = DIRECTION('',(0.,1.,-2.22044604925E-16));
#3628 = ADVANCED_FACE('',(#3629),#3634,.F.);
#3629 = FACE_BOUND('',#3630,.F.);
#3630 = EDGE_LOOP('',(#3631,#3632,#3633));
#3631 = ORIENTED_EDGE('',*,*,#3431,.T.);
#3632 = ORIENTED_EDGE('',*,*,#3496,.T.);
#3633 = ORIENTED_EDGE('',*,*,#3245,.F.);
#3634 = ( BOUNDED_SURFACE() B_SPLINE_SURFACE(2,8,(
    (#3635,#3636,#3637,#3638,#3639,#3640,#3641,#3642,#3643,#3644,#3645
      ,#3646,#3647,#3648,#3649,#3650)
    ,(#3651,#3652,#3653,#3654,#3655,#3656,#3657,#3658,#3659,#3660,#3661
      ,#3662,#3663,#3664,#3665,#3666)
    ,(#3667,#3668,#3669,#3670,#3671,#3672,#3673,#3674,#3675,#3676,#3677
      ,#3678,#3679,#3680,#3681,#3682
)),.UNSPECIFIED.,.F.,.F.,.F.) B_SPLINE_SURFACE_WITH_KNOTS((3,3),(9,7,9),
  (0.,1.146059336711),(18.15,18.723029668356,19.296059336711),
.UNSPECIFIED.) GEOMETRIC_REPRESENTATION_ITEM() RATIONAL_B_SPLINE_SURFACE
((
    (1.,1.,1.,1.,1.,1.,1.,1.,1.,1.,1.,1.,1.,1.,1.,1.)
    ,(0.707106781187,0.707106781187,0.702328814239,0.691607515014
      ,0.680656305453,0.663719900308,0.660533644684,0.678438167075
      ,0.744689502578,0.793232208533,0.852424959689,0.907869789497
      ,0.952528673016,0.984356017986,0.999999998764,1.)
    ,(1.,1.,1.,1.,1.,1.,1.,1.,1.,1.,1.,1.,1.,1.,1.,1.
))) REPRESENTATION_ITEM('') SURFACE() );
#3635 = CARTESIAN_POINT('',(29.51,-3.35,30.15));
#3636 = CARTESIAN_POINT('',(29.51,-3.35,30.160799175309));
#3637 = CARTESIAN_POINT('',(29.506401908409,-3.350217252049,
    30.171691859767));
#3638 = CARTESIAN_POINT('',(29.498869414438,-3.35070739879,
    30.183366712502));
#3639 = CARTESIAN_POINT('',(29.489901329274,-3.351329184245,
    30.199741955264));
#3640 = CARTESIAN_POINT('',(29.478761248326,-3.353466157682,
    30.217817958103));
#3641 = CARTESIAN_POINT('',(29.474499233863,-3.355371447579,
    30.250897054151));
#3642 = CARTESIAN_POINT('',(29.474164233687,-3.365696871167,
    30.30098770333));
#3643 = CARTESIAN_POINT('',(29.474889495314,-3.411465744832,
    30.422375272248));
#3644 = CARTESIAN_POINT('',(29.476030331732,-3.446855903189,
    30.493781464871));
#3645 = CARTESIAN_POINT('',(29.474262387573,-3.499824190735,
    30.570115530786));
#3646 = CARTESIAN_POINT('',(29.466229591157,-3.570909563609,
    30.638744335344));
#3647 = CARTESIAN_POINT('',(29.452847597079,-3.656286537205,
    30.693166534572));
#3648 = CARTESIAN_POINT('',(29.436565878118,-3.750830507503,
    30.731183280705));
#3649 = CARTESIAN_POINT('',(29.418252127283,-3.850442942091,30.75));
#3650 = CARTESIAN_POINT('',(29.4,-3.95,30.75));
#3651 = CARTESIAN_POINT('',(30.,-3.35,30.15));
#3652 = CARTESIAN_POINT('',(30.,-3.35,30.208904592596));
#3653 = CARTESIAN_POINT('',(29.99770988487,-3.35229011513,
    30.268566146194));
#3654 = CARTESIAN_POINT('',(29.993590700738,-3.356409299262,
    30.331873928091));
#3655 = CARTESIAN_POINT('',(29.984614661881,-3.365385338119,
    30.398158629747));
#3656 = CARTESIAN_POINT('',(29.973100837194,-3.376899162805,
    30.474168531288));
#3657 = CARTESIAN_POINT('',(29.948630564793,-3.401369435207,
    30.542993139563));
#3658 = CARTESIAN_POINT('',(29.908301544526,-3.441698455474,
    30.59789759572));
#3659 = CARTESIAN_POINT('',(29.809803802422,-3.540196197578,
    30.676934722834));
#3660 = CARTESIAN_POINT('',(29.756867260962,-3.593132739038,
    30.700378817149));
#3661 = CARTESIAN_POINT('',(29.700826999825,-3.649173000175,
    30.714526133168));
#3662 = CARTESIAN_POINT('',(29.64221684634,-3.70778315366,
    30.727768624307));
#3663 = CARTESIAN_POINT('',(29.581297334301,-3.768702665699,
    30.739410979415));
#3664 = CARTESIAN_POINT('',(29.519702892435,-3.830297107565,
    30.746380528735));
#3665 = CARTESIAN_POINT('',(29.458904592669,-3.891095407331,
    30.750000001212));
#3666 = CARTESIAN_POINT('',(29.4,-3.95,30.75));
#3667 = CARTESIAN_POINT('',(30.,-3.84,30.15));
#3668 = CARTESIAN_POINT('',(30.,-3.84,30.160799175309));
#3669 = CARTESIAN_POINT('',(29.999782747951,-3.843598091591,
    30.171691859767));
#3670 = CARTESIAN_POINT('',(29.99929260121,-3.851130585562,
    30.183366712502));
#3671 = CARTESIAN_POINT('',(29.998670815755,-3.860098670726,
    30.199741955264));
#3672 = CARTESIAN_POINT('',(29.996533842318,-3.871238751674,
    30.217817958103));
#3673 = CARTESIAN_POINT('',(29.994628552421,-3.875500766137,
    30.250897054152));
#3674 = CARTESIAN_POINT('',(29.984303128833,-3.875835766313,
    30.30098770333));
#3675 = CARTESIAN_POINT('',(29.938534255168,-3.875110504686,
    30.422375272248));
#3676 = CARTESIAN_POINT('',(29.903144096811,-3.873969668268,
    30.493781464871));
#3677 = CARTESIAN_POINT('',(29.850175809265,-3.875737612427,
    30.570115530786));
#3678 = CARTESIAN_POINT('',(29.779090436391,-3.883770408843,
    30.638744335344));
#3679 = CARTESIAN_POINT('',(29.693713462795,-3.897152402921,
    30.693166534572));
#3680 = CARTESIAN_POINT('',(29.599169492497,-3.913434121882,
    30.731183280705));
#3681 = CARTESIAN_POINT('',(29.499557057909,-3.931747872717,30.75));
#3682 = CARTESIAN_POINT('',(29.4,-3.95,30.75));
#3683 = ADVANCED_FACE('',(#3684),#3695,.T.);
#3684 = FACE_BOUND('',#3685,.T.);
#3685 = EDGE_LOOP('',(#3686,#3687,#3693,#3694));
#3686 = ORIENTED_EDGE('',*,*,#3548,.T.);
#3687 = ORIENTED_EDGE('',*,*,#3688,.T.);
#3688 = EDGE_CURVE('',#3526,#3583,#3689,.T.);
#3689 = LINE('',#3690,#3691);
#3690 = CARTESIAN_POINT('',(27.,-8.85,28.25));
#3691 = VECTOR('',#3692,1.);
#3692 = DIRECTION('',(0.,0.,-1.));
#3693 = ORIENTED_EDGE('',*,*,#3590,.F.);
#3694 = ORIENTED_EDGE('',*,*,#3321,.F.);
#3695 = CYLINDRICAL_SURFACE('',#3696,2.5);
#3696 = AXIS2_PLACEMENT_3D('',#3697,#3698,#3699);
#3697 = CARTESIAN_POINT('',(29.5,-8.85,28.25));
#3698 = DIRECTION('',(0.,0.,-1.));
#3699 = DIRECTION('',(0.,-1.,0.));
#3700 = ADVANCED_FACE('',(#3701),#3706,.F.);
#3701 = FACE_BOUND('',#3702,.F.);
#3702 = EDGE_LOOP('',(#3703,#3704,#3705));
#3703 = ORIENTED_EDGE('',*,*,#3476,.T.);
#3704 = ORIENTED_EDGE('',*,*,#3381,.F.);
#3705 = ORIENTED_EDGE('',*,*,#3352,.F.);
#3706 = ( BOUNDED_SURFACE() B_SPLINE_SURFACE(2,8,(
    (#3707,#3708,#3709,#3710,#3711,#3712,#3713,#3714,#3715,#3716,#3717
      ,#3718,#3719,#3720,#3721,#3722)
    ,(#3723,#3724,#3725,#3726,#3727,#3728,#3729,#3730,#3731,#3732,#3733
      ,#3734,#3735,#3736,#3737,#3738)
    ,(#3739,#3740,#3741,#3742,#3743,#3744,#3745,#3746,#3747,#3748,#3749
      ,#3750,#3751,#3752,#3753,#3754
)),.UNSPECIFIED.,.F.,.F.,.F.) B_SPLINE_SURFACE_WITH_KNOTS((3,3),(9,7,9),
  (0.,1.146059336711),(0.,0.573029668356,1.146059336711),.UNSPECIFIED.) 
GEOMETRIC_REPRESENTATION_ITEM() RATIONAL_B_SPLINE_SURFACE((
    (1.,1.,1.,1.,1.,1.,1.,1.,1.,1.,1.,1.,1.,1.,1.,1.)
    ,(1.,1.000000001236,0.984356013041,0.952528676124,0.90786979108
      ,0.852424956439,0.793232209946,0.744689502578,0.678438167075
      ,0.660533644685,0.663719900308,0.680656305453,0.691607515014
      ,0.702328814239,0.707106781187,0.707106781187)
    ,(1.,1.,1.,1.,1.,1.,1.,1.,1.,1.,1.,1.,1.,1.,1.,1.
))) REPRESENTATION_ITEM('') SURFACE() );
#3707 = CARTESIAN_POINT('',(29.4,-10.75,30.75));
#3708 = CARTESIAN_POINT('',(29.418252127283,-10.8495570579,30.75));
#3709 = CARTESIAN_POINT('',(29.436565878118,-10.94916949249,
    30.731183280705));
#3710 = CARTESIAN_POINT('',(29.452847597078,-11.04371346279,
    30.693166534572));
#3711 = CARTESIAN_POINT('',(29.466229591157,-11.12909043639,
    30.638744335344));
#3712 = CARTESIAN_POINT('',(29.474262387573,-11.20017580926,
    30.570115530786));
#3713 = CARTESIAN_POINT('',(29.476030331732,-11.25314409681,
    30.493781464871));
#3714 = CARTESIAN_POINT('',(29.474889495314,-11.28853425516,
    30.422375272248));
#3715 = CARTESIAN_POINT('',(29.474164233687,-11.33430312883,
    30.30098770333));
#3716 = CARTESIAN_POINT('',(29.474499233864,-11.34462855242,
    30.250897054152));
#3717 = CARTESIAN_POINT('',(29.478761248326,-11.34653384231,
    30.217817958102));
#3718 = CARTESIAN_POINT('',(29.489901329274,-11.34867081575,
    30.199741955265));
#3719 = CARTESIAN_POINT('',(29.498869414439,-11.34929260121,
    30.183366712501));
#3720 = CARTESIAN_POINT('',(29.506401908409,-11.34978274795,
    30.171691859768));
#3721 = CARTESIAN_POINT('',(29.51,-11.35,30.160799175309));
#3722 = CARTESIAN_POINT('',(29.51,-11.35,30.15));
#3723 = CARTESIAN_POINT('',(29.4,-10.75,30.75));
#3724 = CARTESIAN_POINT('',(29.458904592523,-10.80890459252,
    30.749999998788));
#3725 = CARTESIAN_POINT('',(29.519702893036,-10.86970289303,
    30.74638053364));
#3726 = CARTESIAN_POINT('',(29.58129733371,-10.93129733371,
    30.739410976251));
#3727 = CARTESIAN_POINT('',(29.642216845918,-10.99221684591,
    30.727768622638));
#3728 = CARTESIAN_POINT('',(29.700827000972,-11.05082700097,
    30.714526136768));
#3729 = CARTESIAN_POINT('',(29.756867260326,-11.10686726032,
    30.700378815492));
#3730 = CARTESIAN_POINT('',(29.809803802422,-11.15980380242,
    30.676934722834));
#3731 = CARTESIAN_POINT('',(29.908301544526,-11.25830154452,
    30.59789759572));
#3732 = CARTESIAN_POINT('',(29.948630564793,-11.29863056479,
    30.542993139563));
#3733 = CARTESIAN_POINT('',(29.973100837195,-11.32310083719,
    30.474168531288));
#3734 = CARTESIAN_POINT('',(29.984614661881,-11.33461466188,
    30.398158629747));
#3735 = CARTESIAN_POINT('',(29.993590700738,-11.34359070073,
    30.331873928091));
#3736 = CARTESIAN_POINT('',(29.99770988487,-11.34770988487,
    30.268566146194));
#3737 = CARTESIAN_POINT('',(30.,-11.35,30.208904592596));
#3738 = CARTESIAN_POINT('',(30.,-11.35,30.15));
#3739 = CARTESIAN_POINT('',(29.4,-10.75,30.75));
#3740 = CARTESIAN_POINT('',(29.499557057909,-10.76825212728,30.75));
#3741 = CARTESIAN_POINT('',(29.599169492497,-10.78656587811,
    30.731183280705));
#3742 = CARTESIAN_POINT('',(29.693713462795,-10.80284759707,
    30.693166534572));
#3743 = CARTESIAN_POINT('',(29.779090436391,-10.81622959115,
    30.638744335344));
#3744 = CARTESIAN_POINT('',(29.850175809265,-10.82426238757,
    30.570115530786));
#3745 = CARTESIAN_POINT('',(29.903144096811,-10.82603033173,
    30.493781464871));
#3746 = CARTESIAN_POINT('',(29.938534255168,-10.82488949531,
    30.422375272248));
#3747 = CARTESIAN_POINT('',(29.984303128833,-10.82416423368,
    30.30098770333));
#3748 = CARTESIAN_POINT('',(29.994628552421,-10.82449923386,
    30.250897054152));
#3749 = CARTESIAN_POINT('',(29.996533842318,-10.82876124832,
    30.217817958102));
#3750 = CARTESIAN_POINT('',(29.998670815755,-10.83990132927,
    30.199741955265));
#3751 = CARTESIAN_POINT('',(29.99929260121,-10.84886941443,
    30.183366712501));
#3752 = CARTESIAN_POINT('',(29.999782747951,-10.8564019084,
    30.171691859768));
#3753 = CARTESIAN_POINT('',(30.,-10.86,30.160799175309));
#3754 = CARTESIAN_POINT('',(30.,-10.86,30.15));
#3755 = ADVANCED_FACE('',(#3756),#3762,.F.);
#3756 = FACE_BOUND('',#3757,.F.);
#3757 = EDGE_LOOP('',(#3758,#3759,#3760,#3761));
#3758 = ORIENTED_EDGE('',*,*,#3580,.F.);
#3759 = ORIENTED_EDGE('',*,*,#3616,.F.);
#3760 = ORIENTED_EDGE('',*,*,#3523,.T.);
#3761 = ORIENTED_EDGE('',*,*,#3688,.T.);
#3762 = PLANE('',#3763);
#3763 = AXIS2_PLACEMENT_3D('',#3764,#3765,#3766);
#3764 = CARTESIAN_POINT('',(27.,-3.35,28.25));
#3765 = DIRECTION('',(1.,0.,0.));
#3766 = DIRECTION('',(0.,-2.22044604925E-16,-1.));
#3767 = ( GEOMETRIC_REPRESENTATION_CONTEXT(3) 
GLOBAL_UNCERTAINTY_ASSIGNED_CONTEXT((#3771)) 
GLOBAL_UNIT_ASSIGNED_CONTEXT((#3768,#3769,#3770)) REPRESENTATION_CONTEXT
('Context #1','3D Context with UNIT and UNCERTAINTY') );
#3768 = ( LENGTH_UNIT() NAMED_UNIT(*) SI_UNIT(.MILLI.,.METRE.) );
#3769 = ( NAMED_UNIT(*) PLANE_ANGLE_UNIT() SI_UNIT($,.RADIAN.) );
#3770 = ( NAMED_UNIT(*) SI_UNIT($,.STERADIAN.) SOLID_ANGLE_UNIT() );
#3771 = UNCERTAINTY_MEASURE_WITH_UNIT(LENGTH_MEASURE(5.E-05),#3768,
  'distance_accuracy_value','confusion accuracy');
#3772 = PRODUCT_RELATED_PRODUCT_CATEGORY('part',$,(#7));
#3773 = MECHANICAL_DESIGN_GEOMETRIC_PRESENTATION_REPRESENTATION('',(
    #3774),#3767);
#3774 = STYLED_ITEM('color',(#3775),#15);
#3775 = PRESENTATION_STYLE_ASSIGNMENT((#3776,#3782));
#3776 = SURFACE_STYLE_USAGE(.BOTH.,#3777);
#3777 = SURFACE_SIDE_STYLE('',(#3778));
#3778 = SURFACE_STYLE_FILL_AREA(#3779);
#3779 = FILL_AREA_STYLE('',(#3780));
#3780 = FILL_AREA_STYLE_COLOUR('',#3781);
#3781 = COLOUR_RGB('',0.447058818107,0.474509808674,0.501960817233);
#3782 = CURVE_STYLE('',#3783,POSITIVE_LENGTH_MEASURE(0.1),#3784);
#3783 = DRAUGHTING_PRE_DEFINED_CURVE_FONT('continuous');
#3784 = COLOUR_RGB('',9.803921802644E-02,9.803921802644E-02,
  9.803921802644E-02);
ENDSEC;
END-ISO-10303-21;
