ISO-10303-21;
HEADER;
FILE_DESCRIPTION(('FreeCAD Model'),'2;1');
FILE_NAME('Open CASCADE Shape Model','2025-12-09T15:05:27',(''),(''),
  'Open CASCADE STEP processor 7.8','FreeCAD','Unknown');
FILE_SCHEMA(('AUTOMOTIVE_DESIGN { 1 0 10303 214 1 1 1 1 }'));
ENDSEC;
DATA;
#1 = APPLICATION_PROTOCOL_DEFINITION('international standard',
  'automotive_design',2000,#2);
#2 = APPLICATION_CONTEXT(
  'core data for automotive mechanical design processes');
#3 = SHAPE_DEFINITION_REPRESENTATION(#4,#10);
#4 = PRODUCT_DEFINITION_SHAPE('','',#5);
#5 = PRODUCT_DEFINITION('design','',#6,#9);
#6 = PRODUCT_DEFINITION_FORMATION('','',#7);
#7 = PRODUCT('motor mount top left rear','motor mount top left rear','',
  (#8));
#8 = PRODUCT_CONTEXT('',#2,'mechanical');
#9 = PRODUCT_DEFINITION_CONTEXT('part definition',#2,'design');
#10 = ADVANCED_BREP_SHAPE_REPRESENTATION('',(#11,#15),#3618);
#11 = AXIS2_PLACEMENT_3D('',#12,#13,#14);
#12 = CARTESIAN_POINT('',(0.,0.,0.));
#13 = DIRECTION('',(0.,0.,1.));
#14 = DIRECTION('',(1.,0.,-0.));
#15 = MANIFOLD_SOLID_BREP('',#16);
#16 = CLOSED_SHELL('',(#17,#65,#114,#148,#172,#219,#748,#780,#814,#831,
    #882,#894,#918,#941,#972,#1003,#1027,#1051,#1075,#1107,#1139,#1164,
    #1188,#1230,#1247,#1279,#1303,#1334,#1358,#1382,#1422,#1470,#1494,
    #1527,#1559,#1583,#1607,#1632,#1657,#1681,#1705,#1723,#1755,#1779,
    #1803,#1828,#1853,#1877,#1901,#1919,#1950,#1975,#2000,#2024,#2048,
    #2073,#2098,#2115,#2146,#2171,#2196,#2220,#2244,#2269,#2294,#2311,
    #2342,#2367,#2392,#2416,#2440,#2465,#2490,#2507,#2540,#2557,#2581,
    #2597,#2614,#2654,#2671,#2703,#2745,#2769,#2794,#2834,#2851,#2868,
    #2893,#2917,#2950,#2989,#3013,#3030,#3220,#3243,#3257,#3269,#3291,
    #3308,#3325,#3342,#3359,#3376,#3393,#3405,#3421,#3446,#3463,#3480,
    #3497,#3509,#3521,#3546,#3570,#3594,#3606));
#17 = ADVANCED_FACE('',(#18),#60,.F.);
#18 = FACE_BOUND('',#19,.F.);
#19 = EDGE_LOOP('',(#20,#30,#38,#46,#54));
#20 = ORIENTED_EDGE('',*,*,#21,.F.);
#21 = EDGE_CURVE('',#22,#24,#26,.T.);
#22 = VERTEX_POINT('',#23);
#23 = CARTESIAN_POINT('',(23.,-26.,0.99));
#24 = VERTEX_POINT('',#25);
#25 = CARTESIAN_POINT('',(19.76,-26.,-2.25));
#26 = LINE('',#27,#28);
#27 = CARTESIAN_POINT('',(12.88,-26.,-9.13));
#28 = VECTOR('',#29,1.);
#29 = DIRECTION('',(-0.707106781187,-0.,-0.707106781187));
#30 = ORIENTED_EDGE('',*,*,#31,.T.);
#31 = EDGE_CURVE('',#22,#32,#34,.T.);
#32 = VERTEX_POINT('',#33);
#33 = CARTESIAN_POINT('',(23.,-26.,1.));
#34 = LINE('',#35,#36);
#35 = CARTESIAN_POINT('',(23.,-26.,-4.25));
#36 = VECTOR('',#37,1.);
#37 = DIRECTION('',(0.,0.,1.));
#38 = ORIENTED_EDGE('',*,*,#39,.F.);
#39 = EDGE_CURVE('',#40,#32,#42,.T.);
#40 = VERTEX_POINT('',#41);
#41 = CARTESIAN_POINT('',(-7.,-26.,1.));
#42 = LINE('',#43,#44);
#43 = CARTESIAN_POINT('',(-7.,-26.,1.));
#44 = VECTOR('',#45,1.);
#45 = DIRECTION('',(1.,0.,0.));
#46 = ORIENTED_EDGE('',*,*,#47,.F.);
#47 = EDGE_CURVE('',#48,#40,#50,.T.);
#48 = VERTEX_POINT('',#49);
#49 = CARTESIAN_POINT('',(-7.,-26.,-2.25));
#50 = LINE('',#51,#52);
#51 = CARTESIAN_POINT('',(-7.,-26.,-49.));
#52 = VECTOR('',#53,1.);
#53 = DIRECTION('',(0.,0.,1.));
#54 = ORIENTED_EDGE('',*,*,#55,.T.);
#55 = EDGE_CURVE('',#48,#24,#56,.T.);
#56 = LINE('',#57,#58);
#57 = CARTESIAN_POINT('',(-7.,-26.,-2.25));
#58 = VECTOR('',#59,1.);
#59 = DIRECTION('',(1.,0.,0.));
#60 = PLANE('',#61);
#61 = AXIS2_PLACEMENT_3D('',#62,#63,#64);
#62 = CARTESIAN_POINT('',(-7.,-26.,-4.25));
#63 = DIRECTION('',(0.,-1.,0.));
#64 = DIRECTION('',(0.,0.,1.));
#65 = ADVANCED_FACE('',(#66),#109,.F.);
#66 = FACE_BOUND('',#67,.F.);
#67 = EDGE_LOOP('',(#68,#78,#84,#85,#94,#102));
#68 = ORIENTED_EDGE('',*,*,#69,.F.);
#69 = EDGE_CURVE('',#70,#72,#74,.T.);
#70 = VERTEX_POINT('',#71);
#71 = CARTESIAN_POINT('',(23.,-38.,0.99));
#72 = VERTEX_POINT('',#73);
#73 = CARTESIAN_POINT('',(19.76,-38.,-2.25));
#74 = LINE('',#75,#76);
#75 = CARTESIAN_POINT('',(14.1925,-38.,-7.8175));
#76 = VECTOR('',#77,1.);
#77 = DIRECTION('',(-0.707106781187,0.,-0.707106781187));
#78 = ORIENTED_EDGE('',*,*,#79,.T.);
#79 = EDGE_CURVE('',#70,#22,#80,.T.);
#80 = LINE('',#81,#82);
#81 = CARTESIAN_POINT('',(23.,-38.,0.99));
#82 = VECTOR('',#83,1.);
#83 = DIRECTION('',(0.,1.,0.));
#84 = ORIENTED_EDGE('',*,*,#21,.T.);
#85 = ORIENTED_EDGE('',*,*,#86,.F.);
#86 = EDGE_CURVE('',#87,#24,#89,.T.);
#87 = VERTEX_POINT('',#88);
#88 = CARTESIAN_POINT('',(18.345786437627,-26.58578643762,
    -3.664213562373));
#89 = ELLIPSE('',#90,2.828427124746,2.);
#90 = AXIS2_PLACEMENT_3D('',#91,#92,#93);
#91 = CARTESIAN_POINT('',(19.76,-28.,-2.25));
#92 = DIRECTION('',(0.707106781187,0.,-0.707106781187));
#93 = DIRECTION('',(0.707106781187,0.,0.707106781187));
#94 = ORIENTED_EDGE('',*,*,#95,.F.);
#95 = EDGE_CURVE('',#96,#87,#98,.T.);
#96 = VERTEX_POINT('',#97);
#97 = CARTESIAN_POINT('',(18.345786437627,-37.41421356237,
    -3.664213562373));
#98 = LINE('',#99,#100);
#99 = CARTESIAN_POINT('',(18.345786437627,-38.,-3.664213562373));
#100 = VECTOR('',#101,1.);
#101 = DIRECTION('',(0.,1.,0.));
#102 = ORIENTED_EDGE('',*,*,#103,.T.);
#103 = EDGE_CURVE('',#96,#72,#104,.T.);
#104 = ELLIPSE('',#105,2.828427124746,2.);
#105 = AXIS2_PLACEMENT_3D('',#106,#107,#108);
#106 = CARTESIAN_POINT('',(19.76,-36.,-2.25));
#107 = DIRECTION('',(-0.707106781187,0.,0.707106781187));
#108 = DIRECTION('',(0.707106781187,0.,0.707106781187));
#109 = PLANE('',#110);
#110 = AXIS2_PLACEMENT_3D('',#111,#112,#113);
#111 = CARTESIAN_POINT('',(20.38,-38.,-1.63));
#112 = DIRECTION('',(-0.707106781187,0.,0.707106781187));
#113 = DIRECTION('',(0.,1.,0.));
#114 = ADVANCED_FACE('',(#115),#143,.T.);
#115 = FACE_BOUND('',#116,.F.);
#116 = EDGE_LOOP('',(#117,#126,#134,#141,#142));
#117 = ORIENTED_EDGE('',*,*,#118,.T.);
#118 = EDGE_CURVE('',#48,#119,#121,.T.);
#119 = VERTEX_POINT('',#120);
#120 = CARTESIAN_POINT('',(-7.,-28.,-4.25));
#121 = CIRCLE('',#122,2.);
#122 = AXIS2_PLACEMENT_3D('',#123,#124,#125);
#123 = CARTESIAN_POINT('',(-7.,-28.,-2.25));
#124 = DIRECTION('',(-1.,0.,0.));
#125 = DIRECTION('',(0.,0.,1.));
#126 = ORIENTED_EDGE('',*,*,#127,.T.);
#127 = EDGE_CURVE('',#119,#128,#130,.T.);
#128 = VERTEX_POINT('',#129);
#129 = CARTESIAN_POINT('',(16.931572875254,-28.,-4.25));
#130 = LINE('',#131,#132);
#131 = CARTESIAN_POINT('',(-7.,-28.,-4.25));
#132 = VECTOR('',#133,1.);
#133 = DIRECTION('',(1.,0.,0.));
#134 = ORIENTED_EDGE('',*,*,#135,.T.);
#135 = EDGE_CURVE('',#128,#87,#136,.T.);
#136 = ELLIPSE('',#137,2.828427124746,2.);
#137 = AXIS2_PLACEMENT_3D('',#138,#139,#140);
#138 = CARTESIAN_POINT('',(16.931572875254,-28.,-2.25));
#139 = DIRECTION('',(0.707106781187,-0.707106781187,0.));
#140 = DIRECTION('',(0.707106781187,0.707106781187,0.));
#141 = ORIENTED_EDGE('',*,*,#86,.T.);
#142 = ORIENTED_EDGE('',*,*,#55,.F.);
#143 = CYLINDRICAL_SURFACE('',#144,2.);
#144 = AXIS2_PLACEMENT_3D('',#145,#146,#147);
#145 = CARTESIAN_POINT('',(-7.,-28.,-2.25));
#146 = DIRECTION('',(1.,0.,0.));
#147 = DIRECTION('',(0.,1.,0.));
#148 = ADVANCED_FACE('',(#149),#167,.T.);
#149 = FACE_BOUND('',#150,.T.);
#150 = EDGE_LOOP('',(#151,#152,#160,#166));
#151 = ORIENTED_EDGE('',*,*,#31,.T.);
#152 = ORIENTED_EDGE('',*,*,#153,.T.);
#153 = EDGE_CURVE('',#32,#154,#156,.T.);
#154 = VERTEX_POINT('',#155);
#155 = CARTESIAN_POINT('',(23.,-38.,1.));
#156 = LINE('',#157,#158);
#157 = CARTESIAN_POINT('',(23.,-26.,1.));
#158 = VECTOR('',#159,1.);
#159 = DIRECTION('',(0.,-1.,0.));
#160 = ORIENTED_EDGE('',*,*,#161,.T.);
#161 = EDGE_CURVE('',#154,#70,#162,.T.);
#162 = LINE('',#163,#164);
#163 = CARTESIAN_POINT('',(23.,-38.,1.));
#164 = VECTOR('',#165,1.);
#165 = DIRECTION('',(0.,0.,-1.));
#166 = ORIENTED_EDGE('',*,*,#79,.T.);
#167 = PLANE('',#168);
#168 = AXIS2_PLACEMENT_3D('',#169,#170,#171);
#169 = CARTESIAN_POINT('',(23.,-32.,-1.625));
#170 = DIRECTION('',(1.,0.,0.));
#171 = DIRECTION('',(0.,0.,1.));
#172 = ADVANCED_FACE('',(#173),#214,.T.);
#173 = FACE_BOUND('',#174,.F.);
#174 = EDGE_LOOP('',(#175,#176,#184,#192,#200,#208));
#175 = ORIENTED_EDGE('',*,*,#47,.T.);
#176 = ORIENTED_EDGE('',*,*,#177,.T.);
#177 = EDGE_CURVE('',#40,#178,#180,.T.);
#178 = VERTEX_POINT('',#179);
#179 = CARTESIAN_POINT('',(-8.,-25.,1.));
#180 = LINE('',#181,#182);
#181 = CARTESIAN_POINT('',(-11.51250446637,-21.48749553362,1.));
#182 = VECTOR('',#183,1.);
#183 = DIRECTION('',(-0.707106781187,0.707106781187,0.));
#184 = ORIENTED_EDGE('',*,*,#185,.F.);
#185 = EDGE_CURVE('',#186,#178,#188,.T.);
#186 = VERTEX_POINT('',#187);
#187 = CARTESIAN_POINT('',(-8.,-25.,-48.));
#188 = LINE('',#189,#190);
#189 = CARTESIAN_POINT('',(-8.,-25.,-49.));
#190 = VECTOR('',#191,1.);
#191 = DIRECTION('',(0.,0.,1.));
#192 = ORIENTED_EDGE('',*,*,#193,.T.);
#193 = EDGE_CURVE('',#186,#194,#196,.T.);
#194 = VERTEX_POINT('',#195);
#195 = CARTESIAN_POINT('',(-7.,-26.,-48.));
#196 = LINE('',#197,#198);
#197 = CARTESIAN_POINT('',(-7.75,-25.25,-48.));
#198 = VECTOR('',#199,1.);
#199 = DIRECTION('',(0.707106781187,-0.707106781187,2.4E-15));
#200 = ORIENTED_EDGE('',*,*,#201,.T.);
#201 = EDGE_CURVE('',#194,#202,#204,.T.);
#202 = VERTEX_POINT('',#203);
#203 = CARTESIAN_POINT('',(-7.,-26.,-4.25));
#204 = LINE('',#205,#206);
#205 = CARTESIAN_POINT('',(-7.,-26.,-49.));
#206 = VECTOR('',#207,1.);
#207 = DIRECTION('',(0.,0.,1.));
#208 = ORIENTED_EDGE('',*,*,#209,.T.);
#209 = EDGE_CURVE('',#202,#48,#210,.T.);
#210 = LINE('',#211,#212);
#211 = CARTESIAN_POINT('',(-7.,-26.,-49.));
#212 = VECTOR('',#213,1.);
#213 = DIRECTION('',(0.,0.,1.));
#214 = PLANE('',#215);
#215 = AXIS2_PLACEMENT_3D('',#216,#217,#218);
#216 = CARTESIAN_POINT('',(-7.5,-25.5,-49.));
#217 = DIRECTION('',(0.707106781187,0.707106781187,0.));
#218 = DIRECTION('',(-0.,-0.,-1.));
#219 = ADVANCED_FACE('',(#220,#393,#463,#533,#603,#673),#743,.T.);
#220 = FACE_BOUND('',#221,.T.);
#221 = EDGE_LOOP('',(#222,#232,#240,#248,#256,#264,#272,#280,#288,#296,
    #303,#304,#305,#306,#314,#322,#330,#338,#347,#355,#363,#371,#379,
    #387));
#222 = ORIENTED_EDGE('',*,*,#223,.F.);
#223 = EDGE_CURVE('',#224,#226,#228,.T.);
#224 = VERTEX_POINT('',#225);
#225 = CARTESIAN_POINT('',(-34.,18.15,1.));
#226 = VERTEX_POINT('',#227);
#227 = CARTESIAN_POINT('',(-34.,-5.,1.));
#228 = LINE('',#229,#230);
#229 = CARTESIAN_POINT('',(-34.,18.15,1.));
#230 = VECTOR('',#231,1.);
#231 = DIRECTION('',(0.,-1.,0.));
#232 = ORIENTED_EDGE('',*,*,#233,.F.);
#233 = EDGE_CURVE('',#234,#224,#236,.T.);
#234 = VERTEX_POINT('',#235);
#235 = CARTESIAN_POINT('',(-15.,18.15,1.));
#236 = LINE('',#237,#238);
#237 = CARTESIAN_POINT('',(-15.,18.15,1.));
#238 = VECTOR('',#239,1.);
#239 = DIRECTION('',(-1.,0.,0.));
#240 = ORIENTED_EDGE('',*,*,#241,.T.);
#241 = EDGE_CURVE('',#234,#242,#244,.T.);
#242 = VERTEX_POINT('',#243);
#243 = CARTESIAN_POINT('',(-15.,37.711745229685,1.));
#244 = LINE('',#245,#246);
#245 = CARTESIAN_POINT('',(-15.,19.711745229685,1.));
#246 = VECTOR('',#247,1.);
#247 = DIRECTION('',(0.,1.,0.));
#248 = ORIENTED_EDGE('',*,*,#249,.T.);
#249 = EDGE_CURVE('',#242,#250,#252,.T.);
#250 = VERTEX_POINT('',#251);
#251 = CARTESIAN_POINT('',(10.999745229685,37.711745229685,1.));
#252 = LINE('',#253,#254);
#253 = CARTESIAN_POINT('',(-15.,37.711745229685,1.));
#254 = VECTOR('',#255,1.);
#255 = DIRECTION('',(1.,0.,0.));
#256 = ORIENTED_EDGE('',*,*,#257,.T.);
#257 = EDGE_CURVE('',#250,#258,#260,.T.);
#258 = VERTEX_POINT('',#259);
#259 = CARTESIAN_POINT('',(10.,36.712,1.));
#260 = LINE('',#261,#262);
#261 = CARTESIAN_POINT('',(-3.923848762963,22.788151237037,1.));
#262 = VECTOR('',#263,1.);
#263 = DIRECTION('',(-0.707106781187,-0.707106781187,0.));
#264 = ORIENTED_EDGE('',*,*,#265,.F.);
#265 = EDGE_CURVE('',#266,#258,#268,.T.);
#266 = VERTEX_POINT('',#267);
#267 = CARTESIAN_POINT('',(10.,20.712,1.));
#268 = LINE('',#269,#270);
#269 = CARTESIAN_POINT('',(10.,19.711745229685,1.));
#270 = VECTOR('',#271,1.);
#271 = DIRECTION('',(0.,1.,0.));
#272 = ORIENTED_EDGE('',*,*,#273,.F.);
#273 = EDGE_CURVE('',#274,#266,#276,.T.);
#274 = VERTEX_POINT('',#275);
#275 = CARTESIAN_POINT('',(11.,19.712,1.));
#276 = LINE('',#277,#278);
#277 = CARTESIAN_POINT('',(13.415495533626,17.296504466374,1.));
#278 = VECTOR('',#279,1.);
#279 = DIRECTION('',(-0.707106781187,0.707106781187,0.));
#280 = ORIENTED_EDGE('',*,*,#281,.F.);
#281 = EDGE_CURVE('',#282,#274,#284,.T.);
#282 = VERTEX_POINT('',#283);
#283 = CARTESIAN_POINT('',(32.,19.712,1.));
#284 = LINE('',#285,#286);
#285 = CARTESIAN_POINT('',(45.,19.712,1.));
#286 = VECTOR('',#287,1.);
#287 = DIRECTION('',(-1.,0.,0.));
#288 = ORIENTED_EDGE('',*,*,#289,.F.);
#289 = EDGE_CURVE('',#290,#282,#292,.T.);
#290 = VERTEX_POINT('',#291);
#291 = CARTESIAN_POINT('',(32.,-29.,1.));
#292 = LINE('',#293,#294);
#293 = CARTESIAN_POINT('',(32.,-29.,1.));
#294 = VECTOR('',#295,1.);
#295 = DIRECTION('',(0.,1.,0.));
#296 = ORIENTED_EDGE('',*,*,#297,.F.);
#297 = EDGE_CURVE('',#154,#290,#298,.T.);
#298 = CIRCLE('',#299,9.);
#299 = AXIS2_PLACEMENT_3D('',#300,#301,#302);
#300 = CARTESIAN_POINT('',(23.,-29.,1.));
#301 = DIRECTION('',(-0.,0.,1.));
#302 = DIRECTION('',(0.,-1.,0.));
#303 = ORIENTED_EDGE('',*,*,#153,.F.);
#304 = ORIENTED_EDGE('',*,*,#39,.F.);
#305 = ORIENTED_EDGE('',*,*,#177,.T.);
#306 = ORIENTED_EDGE('',*,*,#307,.F.);
#307 = EDGE_CURVE('',#308,#178,#310,.T.);
#308 = VERTEX_POINT('',#309);
#309 = CARTESIAN_POINT('',(-15.,-25.,1.));
#310 = LINE('',#311,#312);
#311 = CARTESIAN_POINT('',(-17.,-25.,1.));
#312 = VECTOR('',#313,1.);
#313 = DIRECTION('',(1.,0.,0.));
#314 = ORIENTED_EDGE('',*,*,#315,.F.);
#315 = EDGE_CURVE('',#316,#308,#318,.T.);
#316 = VERTEX_POINT('',#317);
#317 = CARTESIAN_POINT('',(-16.,-26.,1.));
#318 = LINE('',#319,#320);
#319 = CARTESIAN_POINT('',(-7.745848762963,-17.74584876296,1.));
#320 = VECTOR('',#321,1.);
#321 = DIRECTION('',(0.707106781187,0.707106781187,0.));
#322 = ORIENTED_EDGE('',*,*,#323,.F.);
#323 = EDGE_CURVE('',#324,#316,#326,.T.);
#324 = VERTEX_POINT('',#325);
#325 = CARTESIAN_POINT('',(-16.,-38.,1.));
#326 = LINE('',#327,#328);
#327 = CARTESIAN_POINT('',(-16.,-40.,1.));
#328 = VECTOR('',#329,1.);
#329 = DIRECTION('',(0.,1.,0.));
#330 = ORIENTED_EDGE('',*,*,#331,.T.);
#331 = EDGE_CURVE('',#324,#332,#334,.T.);
#332 = VERTEX_POINT('',#333);
#333 = CARTESIAN_POINT('',(-24.99,-38.,1.));
#334 = LINE('',#335,#336);
#335 = CARTESIAN_POINT('',(-16.,-38.,1.));
#336 = VECTOR('',#337,1.);
#337 = DIRECTION('',(-1.,0.,0.));
#338 = ORIENTED_EDGE('',*,*,#339,.T.);
#339 = EDGE_CURVE('',#332,#340,#342,.T.);
#340 = VERTEX_POINT('',#341);
#341 = CARTESIAN_POINT('',(-33.99,-29.,1.));
#342 = CIRCLE('',#343,9.);
#343 = AXIS2_PLACEMENT_3D('',#344,#345,#346);
#344 = CARTESIAN_POINT('',(-24.99,-29.,1.));
#345 = DIRECTION('',(0.,0.,-1.));
#346 = DIRECTION('',(-3.6E-16,-1.,-0.));
#347 = ORIENTED_EDGE('',*,*,#348,.T.);
#348 = EDGE_CURVE('',#340,#349,#351,.T.);
#349 = VERTEX_POINT('',#350);
#350 = CARTESIAN_POINT('',(-33.99,-23.,1.));
#351 = LINE('',#352,#353);
#352 = CARTESIAN_POINT('',(-33.99,-29.,1.));
#353 = VECTOR('',#354,1.);
#354 = DIRECTION('',(0.,1.,0.));
#355 = ORIENTED_EDGE('',*,*,#356,.F.);
#356 = EDGE_CURVE('',#357,#349,#359,.T.);
#357 = VERTEX_POINT('',#358);
#358 = CARTESIAN_POINT('',(-18.,-23.,1.));
#359 = LINE('',#360,#361);
#360 = CARTESIAN_POINT('',(-15.99,-23.,1.));
#361 = VECTOR('',#362,1.);
#362 = DIRECTION('',(-1.,0.,0.));
#363 = ORIENTED_EDGE('',*,*,#364,.T.);
#364 = EDGE_CURVE('',#357,#365,#367,.T.);
#365 = VERTEX_POINT('',#366);
#366 = CARTESIAN_POINT('',(-17.,-22.,1.));
#367 = LINE('',#368,#369);
#368 = CARTESIAN_POINT('',(-9.995848762963,-14.99584876296,1.));
#369 = VECTOR('',#370,1.);
#370 = DIRECTION('',(0.707106781187,0.707106781187,0.));
#371 = ORIENTED_EDGE('',*,*,#372,.F.);
#372 = EDGE_CURVE('',#373,#365,#375,.T.);
#373 = VERTEX_POINT('',#374);
#374 = CARTESIAN_POINT('',(-17.,-6.,1.));
#375 = LINE('',#376,#377);
#376 = CARTESIAN_POINT('',(-17.,-5.,1.));
#377 = VECTOR('',#378,1.);
#378 = DIRECTION('',(0.,-1.,0.));
#379 = ORIENTED_EDGE('',*,*,#380,.T.);
#380 = EDGE_CURVE('',#373,#381,#383,.T.);
#381 = VERTEX_POINT('',#382);
#382 = CARTESIAN_POINT('',(-18.,-5.,1.));
#383 = LINE('',#384,#385);
#384 = CARTESIAN_POINT('',(-14.01250446637,-8.987495533626,1.));
#385 = VECTOR('',#386,1.);
#386 = DIRECTION('',(-0.707106781187,0.707106781187,0.));
#387 = ORIENTED_EDGE('',*,*,#388,.T.);
#388 = EDGE_CURVE('',#381,#226,#389,.T.);
#389 = LINE('',#390,#391);
#390 = CARTESIAN_POINT('',(-15.,-5.,1.));
#391 = VECTOR('',#392,1.);
#392 = DIRECTION('',(-1.,0.,0.));
#393 = FACE_BOUND('',#394,.T.);
#394 = EDGE_LOOP('',(#395,#406,#414,#423,#431,#440,#448,#457));
#395 = ORIENTED_EDGE('',*,*,#396,.T.);
#396 = EDGE_CURVE('',#397,#399,#401,.T.);
#397 = VERTEX_POINT('',#398);
#398 = CARTESIAN_POINT('',(20.,-18.575,1.));
#399 = VERTEX_POINT('',#400);
#400 = CARTESIAN_POINT('',(19.,-19.575,1.));
#401 = CIRCLE('',#402,1.);
#402 = AXIS2_PLACEMENT_3D('',#403,#404,#405);
#403 = CARTESIAN_POINT('',(20.,-19.575,1.));
#404 = DIRECTION('',(0.,0.,1.));
#405 = DIRECTION('',(1.,0.,0.));
#406 = ORIENTED_EDGE('',*,*,#407,.T.);
#407 = EDGE_CURVE('',#399,#408,#410,.T.);
#408 = VERTEX_POINT('',#409);
#409 = CARTESIAN_POINT('',(19.,-20.825,1.));
#410 = LINE('',#411,#412);
#411 = CARTESIAN_POINT('',(19.,-12.23254239354,1.));
#412 = VECTOR('',#413,1.);
#413 = DIRECTION('',(0.,-1.,0.));
#414 = ORIENTED_EDGE('',*,*,#415,.T.);
#415 = EDGE_CURVE('',#408,#416,#418,.T.);
#416 = VERTEX_POINT('',#417);
#417 = CARTESIAN_POINT('',(20.,-21.82499999999,1.));
#418 = CIRCLE('',#419,1.);
#419 = AXIS2_PLACEMENT_3D('',#420,#421,#422);
#420 = CARTESIAN_POINT('',(20.,-20.825,1.));
#421 = DIRECTION('',(0.,0.,1.));
#422 = DIRECTION('',(1.,0.,0.));
#423 = ORIENTED_EDGE('',*,*,#424,.T.);
#424 = EDGE_CURVE('',#416,#425,#427,.T.);
#425 = VERTEX_POINT('',#426);
#426 = CARTESIAN_POINT('',(28.,-21.82499999999,1.));
#427 = LINE('',#428,#429);
#428 = CARTESIAN_POINT('',(18.246354636714,-21.82499999999,1.));
#429 = VECTOR('',#430,1.);
#430 = DIRECTION('',(1.,0.,0.));
#431 = ORIENTED_EDGE('',*,*,#432,.T.);
#432 = EDGE_CURVE('',#425,#433,#435,.T.);
#433 = VERTEX_POINT('',#434);
#434 = CARTESIAN_POINT('',(29.,-20.82499999999,1.));
#435 = CIRCLE('',#436,1.);
#436 = AXIS2_PLACEMENT_3D('',#437,#438,#439);
#437 = CARTESIAN_POINT('',(28.,-20.82499999999,1.));
#438 = DIRECTION('',(0.,0.,1.));
#439 = DIRECTION('',(1.,0.,0.));
#440 = ORIENTED_EDGE('',*,*,#441,.T.);
#441 = EDGE_CURVE('',#433,#442,#444,.T.);
#442 = VERTEX_POINT('',#443);
#443 = CARTESIAN_POINT('',(29.,-19.575,1.));
#444 = LINE('',#445,#446);
#445 = CARTESIAN_POINT('',(29.,-11.60754239354,1.));
#446 = VECTOR('',#447,1.);
#447 = DIRECTION('',(0.,1.,0.));
#448 = ORIENTED_EDGE('',*,*,#449,.T.);
#449 = EDGE_CURVE('',#442,#450,#452,.T.);
#450 = VERTEX_POINT('',#451);
#451 = CARTESIAN_POINT('',(28.,-18.575,1.));
#452 = CIRCLE('',#453,1.);
#453 = AXIS2_PLACEMENT_3D('',#454,#455,#456);
#454 = CARTESIAN_POINT('',(28.,-19.575,1.));
#455 = DIRECTION('',(0.,0.,1.));
#456 = DIRECTION('',(1.,0.,0.));
#457 = ORIENTED_EDGE('',*,*,#458,.T.);
#458 = EDGE_CURVE('',#450,#397,#459,.T.);
#459 = LINE('',#460,#461);
#460 = CARTESIAN_POINT('',(14.246354636714,-18.575,1.));
#461 = VECTOR('',#462,1.);
#462 = DIRECTION('',(-1.,0.,0.));
#463 = FACE_BOUND('',#464,.T.);
#464 = EDGE_LOOP('',(#465,#476,#484,#493,#501,#510,#518,#527));
#465 = ORIENTED_EDGE('',*,*,#466,.T.);
#466 = EDGE_CURVE('',#467,#469,#471,.T.);
#467 = VERTEX_POINT('',#468);
#468 = CARTESIAN_POINT('',(-11.,-18.575,1.));
#469 = VERTEX_POINT('',#470);
#470 = CARTESIAN_POINT('',(-12.,-19.575,1.));
#471 = CIRCLE('',#472,1.);
#472 = AXIS2_PLACEMENT_3D('',#473,#474,#475);
#473 = CARTESIAN_POINT('',(-11.,-19.575,1.));
#474 = DIRECTION('',(0.,0.,1.));
#475 = DIRECTION('',(1.,0.,0.));
#476 = ORIENTED_EDGE('',*,*,#477,.T.);
#477 = EDGE_CURVE('',#469,#478,#480,.T.);
#478 = VERTEX_POINT('',#479);
#479 = CARTESIAN_POINT('',(-12.,-20.825,1.));
#480 = LINE('',#481,#482);
#481 = CARTESIAN_POINT('',(-12.,-12.23254239354,1.));
#482 = VECTOR('',#483,1.);
#483 = DIRECTION('',(0.,-1.,0.));
#484 = ORIENTED_EDGE('',*,*,#485,.T.);
#485 = EDGE_CURVE('',#478,#486,#488,.T.);
#486 = VERTEX_POINT('',#487);
#487 = CARTESIAN_POINT('',(-11.,-21.825,1.));
#488 = CIRCLE('',#489,1.);
#489 = AXIS2_PLACEMENT_3D('',#490,#491,#492);
#490 = CARTESIAN_POINT('',(-11.,-20.825,1.));
#491 = DIRECTION('',(0.,0.,1.));
#492 = DIRECTION('',(1.,0.,0.));
#493 = ORIENTED_EDGE('',*,*,#494,.T.);
#494 = EDGE_CURVE('',#486,#495,#497,.T.);
#495 = VERTEX_POINT('',#496);
#496 = CARTESIAN_POINT('',(-3.,-21.825,1.));
#497 = LINE('',#498,#499);
#498 = CARTESIAN_POINT('',(2.746354636714,-21.825,1.));
#499 = VECTOR('',#500,1.);
#500 = DIRECTION('',(1.,0.,0.));
#501 = ORIENTED_EDGE('',*,*,#502,.T.);
#502 = EDGE_CURVE('',#495,#503,#505,.T.);
#503 = VERTEX_POINT('',#504);
#504 = CARTESIAN_POINT('',(-2.,-20.825,1.));
#505 = CIRCLE('',#506,1.);
#506 = AXIS2_PLACEMENT_3D('',#507,#508,#509);
#507 = CARTESIAN_POINT('',(-3.,-20.825,1.));
#508 = DIRECTION('',(0.,0.,1.));
#509 = DIRECTION('',(1.,0.,0.));
#510 = ORIENTED_EDGE('',*,*,#511,.T.);
#511 = EDGE_CURVE('',#503,#512,#514,.T.);
#512 = VERTEX_POINT('',#513);
#513 = CARTESIAN_POINT('',(-2.,-19.575,1.));
#514 = LINE('',#515,#516);
#515 = CARTESIAN_POINT('',(-2.,-11.60754239354,1.));
#516 = VECTOR('',#517,1.);
#517 = DIRECTION('',(0.,1.,0.));
#518 = ORIENTED_EDGE('',*,*,#519,.T.);
#519 = EDGE_CURVE('',#512,#520,#522,.T.);
#520 = VERTEX_POINT('',#521);
#521 = CARTESIAN_POINT('',(-3.,-18.575,1.));
#522 = CIRCLE('',#523,1.);
#523 = AXIS2_PLACEMENT_3D('',#524,#525,#526);
#524 = CARTESIAN_POINT('',(-3.,-19.575,1.));
#525 = DIRECTION('',(0.,0.,1.));
#526 = DIRECTION('',(1.,0.,0.));
#527 = ORIENTED_EDGE('',*,*,#528,.T.);
#528 = EDGE_CURVE('',#520,#467,#529,.T.);
#529 = LINE('',#530,#531);
#530 = CARTESIAN_POINT('',(-1.253645363286,-18.575,1.));
#531 = VECTOR('',#532,1.);
#532 = DIRECTION('',(-1.,0.,0.));
#533 = FACE_BOUND('',#534,.T.);
#534 = EDGE_LOOP('',(#535,#545,#554,#562,#571,#579,#588,#596));
#535 = ORIENTED_EDGE('',*,*,#536,.F.);
#536 = EDGE_CURVE('',#537,#539,#541,.T.);
#537 = VERTEX_POINT('',#538);
#538 = CARTESIAN_POINT('',(-4.,7.75,1.));
#539 = VERTEX_POINT('',#540);
#540 = CARTESIAN_POINT('',(22.,7.75,1.));
#541 = LINE('',#542,#543);
#542 = CARTESIAN_POINT('',(-4.,7.75,1.));
#543 = VECTOR('',#544,1.);
#544 = DIRECTION('',(1.,0.,0.));
#545 = ORIENTED_EDGE('',*,*,#546,.F.);
#546 = EDGE_CURVE('',#547,#537,#549,.T.);
#547 = VERTEX_POINT('',#548);
#548 = CARTESIAN_POINT('',(-10.,1.75,1.));
#549 = CIRCLE('',#550,6.);
#550 = AXIS2_PLACEMENT_3D('',#551,#552,#553);
#551 = CARTESIAN_POINT('',(-4.,1.75,1.));
#552 = DIRECTION('',(0.,0.,-1.));
#553 = DIRECTION('',(-1.,-9.E-17,-0.));
#554 = ORIENTED_EDGE('',*,*,#555,.F.);
#555 = EDGE_CURVE('',#556,#547,#558,.T.);
#556 = VERTEX_POINT('',#557);
#557 = CARTESIAN_POINT('',(-10.,-11.25,1.));
#558 = LINE('',#559,#560);
#559 = CARTESIAN_POINT('',(-10.,-11.25,1.));
#560 = VECTOR('',#561,1.);
#561 = DIRECTION('',(0.,1.,0.));
#562 = ORIENTED_EDGE('',*,*,#563,.F.);
#563 = EDGE_CURVE('',#564,#556,#566,.T.);
#564 = VERTEX_POINT('',#565);
#565 = CARTESIAN_POINT('',(-4.,-17.25,1.));
#566 = CIRCLE('',#567,6.);
#567 = AXIS2_PLACEMENT_3D('',#568,#569,#570);
#568 = CARTESIAN_POINT('',(-4.,-11.25,1.));
#569 = DIRECTION('',(0.,0.,-1.));
#570 = DIRECTION('',(9.E-17,-1.,0.));
#571 = ORIENTED_EDGE('',*,*,#572,.F.);
#572 = EDGE_CURVE('',#573,#564,#575,.T.);
#573 = VERTEX_POINT('',#574);
#574 = CARTESIAN_POINT('',(22.,-17.25,1.));
#575 = LINE('',#576,#577);
#576 = CARTESIAN_POINT('',(22.,-17.25,1.));
#577 = VECTOR('',#578,1.);
#578 = DIRECTION('',(-1.,0.,0.));
#579 = ORIENTED_EDGE('',*,*,#580,.F.);
#580 = EDGE_CURVE('',#581,#573,#583,.T.);
#581 = VERTEX_POINT('',#582);
#582 = CARTESIAN_POINT('',(27.,-12.25,1.));
#583 = CIRCLE('',#584,5.);
#584 = AXIS2_PLACEMENT_3D('',#585,#586,#587);
#585 = CARTESIAN_POINT('',(22.,-12.25,1.));
#586 = DIRECTION('',(0.,0.,-1.));
#587 = DIRECTION('',(1.,0.,0.));
#588 = ORIENTED_EDGE('',*,*,#589,.F.);
#589 = EDGE_CURVE('',#590,#581,#592,.T.);
#590 = VERTEX_POINT('',#591);
#591 = CARTESIAN_POINT('',(27.,2.75,1.));
#592 = LINE('',#593,#594);
#593 = CARTESIAN_POINT('',(27.,2.75,1.));
#594 = VECTOR('',#595,1.);
#595 = DIRECTION('',(0.,-1.,0.));
#596 = ORIENTED_EDGE('',*,*,#597,.F.);
#597 = EDGE_CURVE('',#539,#590,#598,.T.);
#598 = CIRCLE('',#599,5.);
#599 = AXIS2_PLACEMENT_3D('',#600,#601,#602);
#600 = CARTESIAN_POINT('',(22.,2.75,1.));
#601 = DIRECTION('',(0.,0.,-1.));
#602 = DIRECTION('',(0.,1.,0.));
#603 = FACE_BOUND('',#604,.T.);
#604 = EDGE_LOOP('',(#605,#615,#624,#632,#641,#649,#658,#666));
#605 = ORIENTED_EDGE('',*,*,#606,.F.);
#606 = EDGE_CURVE('',#607,#609,#611,.T.);
#607 = VERTEX_POINT('',#608);
#608 = CARTESIAN_POINT('',(28.,9.075,1.));
#609 = VERTEX_POINT('',#610);
#610 = CARTESIAN_POINT('',(20.,9.075,1.));
#611 = LINE('',#612,#613);
#612 = CARTESIAN_POINT('',(14.246354636714,9.075,1.));
#613 = VECTOR('',#614,1.);
#614 = DIRECTION('',(-1.,0.,0.));
#615 = ORIENTED_EDGE('',*,*,#616,.T.);
#616 = EDGE_CURVE('',#607,#617,#619,.T.);
#617 = VERTEX_POINT('',#618);
#618 = CARTESIAN_POINT('',(29.,10.075,1.));
#619 = CIRCLE('',#620,1.);
#620 = AXIS2_PLACEMENT_3D('',#621,#622,#623);
#621 = CARTESIAN_POINT('',(28.,10.075,1.));
#622 = DIRECTION('',(0.,0.,1.));
#623 = DIRECTION('',(1.,0.,0.));
#624 = ORIENTED_EDGE('',*,*,#625,.F.);
#625 = EDGE_CURVE('',#626,#617,#628,.T.);
#626 = VERTEX_POINT('',#627);
#627 = CARTESIAN_POINT('',(29.,11.325,1.));
#628 = LINE('',#629,#630);
#629 = CARTESIAN_POINT('',(29.,3.217457606452,1.));
#630 = VECTOR('',#631,1.);
#631 = DIRECTION('',(0.,-1.,0.));
#632 = ORIENTED_EDGE('',*,*,#633,.T.);
#633 = EDGE_CURVE('',#626,#634,#636,.T.);
#634 = VERTEX_POINT('',#635);
#635 = CARTESIAN_POINT('',(28.,12.325,1.));
#636 = CIRCLE('',#637,1.);
#637 = AXIS2_PLACEMENT_3D('',#638,#639,#640);
#638 = CARTESIAN_POINT('',(28.,11.325,1.));
#639 = DIRECTION('',(0.,0.,1.));
#640 = DIRECTION('',(1.,0.,0.));
#641 = ORIENTED_EDGE('',*,*,#642,.F.);
#642 = EDGE_CURVE('',#643,#634,#645,.T.);
#643 = VERTEX_POINT('',#644);
#644 = CARTESIAN_POINT('',(20.,12.325,1.));
#645 = LINE('',#646,#647);
#646 = CARTESIAN_POINT('',(18.246354636714,12.325,1.));
#647 = VECTOR('',#648,1.);
#648 = DIRECTION('',(1.,0.,0.));
#649 = ORIENTED_EDGE('',*,*,#650,.T.);
#650 = EDGE_CURVE('',#643,#651,#653,.T.);
#651 = VERTEX_POINT('',#652);
#652 = CARTESIAN_POINT('',(19.,11.325,1.));
#653 = CIRCLE('',#654,1.);
#654 = AXIS2_PLACEMENT_3D('',#655,#656,#657);
#655 = CARTESIAN_POINT('',(20.,11.325,1.));
#656 = DIRECTION('',(0.,0.,1.));
#657 = DIRECTION('',(1.,0.,0.));
#658 = ORIENTED_EDGE('',*,*,#659,.F.);
#659 = EDGE_CURVE('',#660,#651,#662,.T.);
#660 = VERTEX_POINT('',#661);
#661 = CARTESIAN_POINT('',(19.,10.075,1.));
#662 = LINE('',#663,#664);
#663 = CARTESIAN_POINT('',(19.,3.842457606452,1.));
#664 = VECTOR('',#665,1.);
#665 = DIRECTION('',(0.,1.,0.));
#666 = ORIENTED_EDGE('',*,*,#667,.T.);
#667 = EDGE_CURVE('',#660,#609,#668,.T.);
#668 = CIRCLE('',#669,1.);
#669 = AXIS2_PLACEMENT_3D('',#670,#671,#672);
#670 = CARTESIAN_POINT('',(20.,10.075,1.));
#671 = DIRECTION('',(0.,0.,1.));
#672 = DIRECTION('',(1.,0.,0.));
#673 = FACE_BOUND('',#674,.T.);
#674 = EDGE_LOOP('',(#675,#685,#694,#702,#711,#719,#728,#736));
#675 = ORIENTED_EDGE('',*,*,#676,.F.);
#676 = EDGE_CURVE('',#677,#679,#681,.T.);
#677 = VERTEX_POINT('',#678);
#678 = CARTESIAN_POINT('',(-3.,9.075,1.));
#679 = VERTEX_POINT('',#680);
#680 = CARTESIAN_POINT('',(-11.,9.075,1.));
#681 = LINE('',#682,#683);
#682 = CARTESIAN_POINT('',(-1.253645363286,9.075,1.));
#683 = VECTOR('',#684,1.);
#684 = DIRECTION('',(-1.,0.,0.));
#685 = ORIENTED_EDGE('',*,*,#686,.T.);
#686 = EDGE_CURVE('',#677,#687,#689,.T.);
#687 = VERTEX_POINT('',#688);
#688 = CARTESIAN_POINT('',(-2.,10.075,1.));
#689 = CIRCLE('',#690,1.);
#690 = AXIS2_PLACEMENT_3D('',#691,#692,#693);
#691 = CARTESIAN_POINT('',(-3.,10.075,1.));
#692 = DIRECTION('',(0.,0.,1.));
#693 = DIRECTION('',(1.,0.,0.));
#694 = ORIENTED_EDGE('',*,*,#695,.F.);
#695 = EDGE_CURVE('',#696,#687,#698,.T.);
#696 = VERTEX_POINT('',#697);
#697 = CARTESIAN_POINT('',(-2.,11.325,1.));
#698 = LINE('',#699,#700);
#699 = CARTESIAN_POINT('',(-2.,3.217457606452,1.));
#700 = VECTOR('',#701,1.);
#701 = DIRECTION('',(0.,-1.,0.));
#702 = ORIENTED_EDGE('',*,*,#703,.T.);
#703 = EDGE_CURVE('',#696,#704,#706,.T.);
#704 = VERTEX_POINT('',#705);
#705 = CARTESIAN_POINT('',(-3.,12.325,1.));
#706 = CIRCLE('',#707,1.);
#707 = AXIS2_PLACEMENT_3D('',#708,#709,#710);
#708 = CARTESIAN_POINT('',(-3.,11.325,1.));
#709 = DIRECTION('',(0.,0.,1.));
#710 = DIRECTION('',(1.,0.,0.));
#711 = ORIENTED_EDGE('',*,*,#712,.F.);
#712 = EDGE_CURVE('',#713,#704,#715,.T.);
#713 = VERTEX_POINT('',#714);
#714 = CARTESIAN_POINT('',(-11.,12.325,1.));
#715 = LINE('',#716,#717);
#716 = CARTESIAN_POINT('',(2.746354636714,12.325,1.));
#717 = VECTOR('',#718,1.);
#718 = DIRECTION('',(1.,0.,0.));
#719 = ORIENTED_EDGE('',*,*,#720,.T.);
#720 = EDGE_CURVE('',#713,#721,#723,.T.);
#721 = VERTEX_POINT('',#722);
#722 = CARTESIAN_POINT('',(-12.,11.325,1.));
#723 = CIRCLE('',#724,1.);
#724 = AXIS2_PLACEMENT_3D('',#725,#726,#727);
#725 = CARTESIAN_POINT('',(-11.,11.325,1.));
#726 = DIRECTION('',(0.,0.,1.));
#727 = DIRECTION('',(1.,0.,0.));
#728 = ORIENTED_EDGE('',*,*,#729,.F.);
#729 = EDGE_CURVE('',#730,#721,#732,.T.);
#730 = VERTEX_POINT('',#731);
#731 = CARTESIAN_POINT('',(-12.,10.075,1.));
#732 = LINE('',#733,#734);
#733 = CARTESIAN_POINT('',(-12.,3.842457606452,1.));
#734 = VECTOR('',#735,1.);
#735 = DIRECTION('',(0.,1.,0.));
#736 = ORIENTED_EDGE('',*,*,#737,.T.);
#737 = EDGE_CURVE('',#730,#679,#738,.T.);
#738 = CIRCLE('',#739,1.);
#739 = AXIS2_PLACEMENT_3D('',#740,#741,#742);
#740 = CARTESIAN_POINT('',(-11.,10.075,1.));
#741 = DIRECTION('',(0.,0.,1.));
#742 = DIRECTION('',(1.,0.,0.));
#743 = PLANE('',#744);
#744 = AXIS2_PLACEMENT_3D('',#745,#746,#747);
#745 = CARTESIAN_POINT('',(-4.016706458674,-5.966688593179,1.));
#746 = DIRECTION('',(-0.,-0.,-1.));
#747 = DIRECTION('',(-1.,0.,0.));
#748 = ADVANCED_FACE('',(#749),#775,.F.);
#749 = FACE_BOUND('',#750,.F.);
#750 = EDGE_LOOP('',(#751,#752,#760,#768,#774));
#751 = ORIENTED_EDGE('',*,*,#69,.T.);
#752 = ORIENTED_EDGE('',*,*,#753,.F.);
#753 = EDGE_CURVE('',#754,#72,#756,.T.);
#754 = VERTEX_POINT('',#755);
#755 = CARTESIAN_POINT('',(-7.,-38.,-2.25));
#756 = LINE('',#757,#758);
#757 = CARTESIAN_POINT('',(-7.,-38.,-2.25));
#758 = VECTOR('',#759,1.);
#759 = DIRECTION('',(1.,0.,0.));
#760 = ORIENTED_EDGE('',*,*,#761,.F.);
#761 = EDGE_CURVE('',#762,#754,#764,.T.);
#762 = VERTEX_POINT('',#763);
#763 = CARTESIAN_POINT('',(-7.,-38.,1.));
#764 = LINE('',#765,#766);
#765 = CARTESIAN_POINT('',(-7.,-38.,1.));
#766 = VECTOR('',#767,1.);
#767 = DIRECTION('',(0.,0.,-1.));
#768 = ORIENTED_EDGE('',*,*,#769,.T.);
#769 = EDGE_CURVE('',#762,#154,#770,.T.);
#770 = LINE('',#771,#772);
#771 = CARTESIAN_POINT('',(-7.,-38.,1.));
#772 = VECTOR('',#773,1.);
#773 = DIRECTION('',(1.,0.,0.));
#774 = ORIENTED_EDGE('',*,*,#161,.T.);
#775 = PLANE('',#776);
#776 = AXIS2_PLACEMENT_3D('',#777,#778,#779);
#777 = CARTESIAN_POINT('',(-7.,-38.,1.));
#778 = DIRECTION('',(0.,1.,0.));
#779 = DIRECTION('',(0.,0.,-1.));
#780 = ADVANCED_FACE('',(#781),#809,.T.);
#781 = FACE_BOUND('',#782,.F.);
#782 = EDGE_LOOP('',(#783,#792,#793,#794,#803));
#783 = ORIENTED_EDGE('',*,*,#784,.T.);
#784 = EDGE_CURVE('',#785,#754,#787,.T.);
#785 = VERTEX_POINT('',#786);
#786 = CARTESIAN_POINT('',(-7.,-36.,-4.25));
#787 = CIRCLE('',#788,2.);
#788 = AXIS2_PLACEMENT_3D('',#789,#790,#791);
#789 = CARTESIAN_POINT('',(-7.,-36.,-2.25));
#790 = DIRECTION('',(-1.,0.,0.));
#791 = DIRECTION('',(0.,0.,1.));
#792 = ORIENTED_EDGE('',*,*,#753,.T.);
#793 = ORIENTED_EDGE('',*,*,#103,.F.);
#794 = ORIENTED_EDGE('',*,*,#795,.F.);
#795 = EDGE_CURVE('',#796,#96,#798,.T.);
#796 = VERTEX_POINT('',#797);
#797 = CARTESIAN_POINT('',(16.931572875254,-36.,-4.25));
#798 = ELLIPSE('',#799,2.828427124746,2.);
#799 = AXIS2_PLACEMENT_3D('',#800,#801,#802);
#800 = CARTESIAN_POINT('',(16.931572875254,-36.,-2.25));
#801 = DIRECTION('',(-0.707106781187,-0.707106781187,-0.));
#802 = DIRECTION('',(-0.707106781187,0.707106781187,0.));
#803 = ORIENTED_EDGE('',*,*,#804,.F.);
#804 = EDGE_CURVE('',#785,#796,#805,.T.);
#805 = LINE('',#806,#807);
#806 = CARTESIAN_POINT('',(-7.,-36.,-4.25));
#807 = VECTOR('',#808,1.);
#808 = DIRECTION('',(1.,0.,0.));
#809 = CYLINDRICAL_SURFACE('',#810,2.);
#810 = AXIS2_PLACEMENT_3D('',#811,#812,#813);
#811 = CARTESIAN_POINT('',(-7.,-36.,-2.25));
#812 = DIRECTION('',(1.,0.,0.));
#813 = DIRECTION('',(0.,0.,-1.));
#814 = ADVANCED_FACE('',(#815),#826,.T.);
#815 = FACE_BOUND('',#816,.F.);
#816 = EDGE_LOOP('',(#817,#818,#819,#820));
#817 = ORIENTED_EDGE('',*,*,#795,.T.);
#818 = ORIENTED_EDGE('',*,*,#95,.T.);
#819 = ORIENTED_EDGE('',*,*,#135,.F.);
#820 = ORIENTED_EDGE('',*,*,#821,.F.);
#821 = EDGE_CURVE('',#796,#128,#822,.T.);
#822 = LINE('',#823,#824);
#823 = CARTESIAN_POINT('',(16.931572875254,-38.,-4.25));
#824 = VECTOR('',#825,1.);
#825 = DIRECTION('',(0.,1.,0.));
#826 = CYLINDRICAL_SURFACE('',#827,2.);
#827 = AXIS2_PLACEMENT_3D('',#828,#829,#830);
#828 = CARTESIAN_POINT('',(16.931572875254,-38.,-2.25));
#829 = DIRECTION('',(0.,1.,0.));
#830 = DIRECTION('',(0.,0.,-1.));
#831 = ADVANCED_FACE('',(#832,#866),#877,.T.);
#832 = FACE_BOUND('',#833,.T.);
#833 = EDGE_LOOP('',(#834,#840,#841,#849,#857,#863,#864,#865));
#834 = ORIENTED_EDGE('',*,*,#835,.F.);
#835 = EDGE_CURVE('',#785,#119,#836,.T.);
#836 = LINE('',#837,#838);
#837 = CARTESIAN_POINT('',(-7.,-38.,-4.25));
#838 = VECTOR('',#839,1.);
#839 = DIRECTION('',(0.,1.,0.));
#840 = ORIENTED_EDGE('',*,*,#784,.T.);
#841 = ORIENTED_EDGE('',*,*,#842,.T.);
#842 = EDGE_CURVE('',#754,#843,#845,.T.);
#843 = VERTEX_POINT('',#844);
#844 = CARTESIAN_POINT('',(-7.,-38.,-4.25));
#845 = LINE('',#846,#847);
#846 = CARTESIAN_POINT('',(-7.,-38.,1.));
#847 = VECTOR('',#848,1.);
#848 = DIRECTION('',(0.,0.,-1.));
#849 = ORIENTED_EDGE('',*,*,#850,.T.);
#850 = EDGE_CURVE('',#843,#851,#853,.T.);
#851 = VERTEX_POINT('',#852);
#852 = CARTESIAN_POINT('',(-7.,-38.,-48.));
#853 = LINE('',#854,#855);
#854 = CARTESIAN_POINT('',(-7.,-38.,1.));
#855 = VECTOR('',#856,1.);
#856 = DIRECTION('',(0.,0.,-1.));
#857 = ORIENTED_EDGE('',*,*,#858,.F.);
#858 = EDGE_CURVE('',#194,#851,#859,.T.);
#859 = LINE('',#860,#861);
#860 = CARTESIAN_POINT('',(-7.,-25.,-48.));
#861 = VECTOR('',#862,1.);
#862 = DIRECTION('',(0.,-1.,0.));
#863 = ORIENTED_EDGE('',*,*,#201,.T.);
#864 = ORIENTED_EDGE('',*,*,#209,.T.);
#865 = ORIENTED_EDGE('',*,*,#118,.T.);
#866 = FACE_BOUND('',#867,.T.);
#867 = EDGE_LOOP('',(#868));
#868 = ORIENTED_EDGE('',*,*,#869,.F.);
#869 = EDGE_CURVE('',#870,#870,#872,.T.);
#870 = VERTEX_POINT('',#871);
#871 = CARTESIAN_POINT('',(-7.,-29.85,-39.5));
#872 = CIRCLE('',#873,2.65);
#873 = AXIS2_PLACEMENT_3D('',#874,#875,#876);
#874 = CARTESIAN_POINT('',(-7.,-32.5,-39.5));
#875 = DIRECTION('',(1.,0.,0.));
#876 = DIRECTION('',(0.,1.,0.));
#877 = PLANE('',#878);
#878 = AXIS2_PLACEMENT_3D('',#879,#880,#881);
#879 = CARTESIAN_POINT('',(-7.,-32.,-23.5));
#880 = DIRECTION('',(1.,0.,0.));
#881 = DIRECTION('',(0.,0.,1.));
#882 = ADVANCED_FACE('',(#883),#889,.F.);
#883 = FACE_BOUND('',#884,.F.);
#884 = EDGE_LOOP('',(#885,#886,#887,#888));
#885 = ORIENTED_EDGE('',*,*,#835,.F.);
#886 = ORIENTED_EDGE('',*,*,#804,.T.);
#887 = ORIENTED_EDGE('',*,*,#821,.T.);
#888 = ORIENTED_EDGE('',*,*,#127,.F.);
#889 = PLANE('',#890);
#890 = AXIS2_PLACEMENT_3D('',#891,#892,#893);
#891 = CARTESIAN_POINT('',(-7.,-38.,-4.25));
#892 = DIRECTION('',(0.,0.,1.));
#893 = DIRECTION('',(0.,1.,0.));
#894 = ADVANCED_FACE('',(#895),#913,.T.);
#895 = FACE_BOUND('',#896,.T.);
#896 = EDGE_LOOP('',(#897,#898,#899,#907));
#897 = ORIENTED_EDGE('',*,*,#307,.T.);
#898 = ORIENTED_EDGE('',*,*,#185,.F.);
#899 = ORIENTED_EDGE('',*,*,#900,.F.);
#900 = EDGE_CURVE('',#901,#186,#903,.T.);
#901 = VERTEX_POINT('',#902);
#902 = CARTESIAN_POINT('',(-15.,-25.,-48.));
#903 = LINE('',#904,#905);
#904 = CARTESIAN_POINT('',(-16.,-25.,-48.));
#905 = VECTOR('',#906,1.);
#906 = DIRECTION('',(1.,0.,0.));
#907 = ORIENTED_EDGE('',*,*,#908,.F.);
#908 = EDGE_CURVE('',#308,#901,#909,.T.);
#909 = LINE('',#910,#911);
#910 = CARTESIAN_POINT('',(-15.,-25.,1.));
#911 = VECTOR('',#912,1.);
#912 = DIRECTION('',(0.,0.,-1.));
#913 = PLANE('',#914);
#914 = AXIS2_PLACEMENT_3D('',#915,#916,#917);
#915 = CARTESIAN_POINT('',(-15.0294274907,-25.,-18.0344274907));
#916 = DIRECTION('',(0.,1.,0.));
#917 = DIRECTION('',(0.,0.,1.));
#918 = ADVANCED_FACE('',(#919),#936,.T.);
#919 = FACE_BOUND('',#920,.T.);
#920 = EDGE_LOOP('',(#921,#929,#930));
#921 = ORIENTED_EDGE('',*,*,#922,.F.);
#922 = EDGE_CURVE('',#186,#923,#925,.T.);
#923 = VERTEX_POINT('',#924);
#924 = CARTESIAN_POINT('',(-8.,-26.,-49.));
#925 = LINE('',#926,#927);
#926 = CARTESIAN_POINT('',(-8.,-25.25,-48.25));
#927 = VECTOR('',#928,1.);
#928 = DIRECTION('',(-2.4E-15,-0.707106781187,-0.707106781187));
#929 = ORIENTED_EDGE('',*,*,#193,.T.);
#930 = ORIENTED_EDGE('',*,*,#931,.F.);
#931 = EDGE_CURVE('',#923,#194,#932,.T.);
#932 = LINE('',#933,#934);
#933 = CARTESIAN_POINT('',(-7.5,-26.,-48.5));
#934 = VECTOR('',#935,1.);
#935 = DIRECTION('',(0.707106781187,0.,0.707106781187));
#936 = PLANE('',#937);
#937 = AXIS2_PLACEMENT_3D('',#938,#939,#940);
#938 = CARTESIAN_POINT('',(-8.,-25.,-48.));
#939 = DIRECTION('',(0.57735026919,0.57735026919,-0.57735026919));
#940 = DIRECTION('',(0.707106781187,2.498001805407E-15,0.707106781187));
#941 = ADVANCED_FACE('',(#942),#967,.T.);
#942 = FACE_BOUND('',#943,.F.);
#943 = EDGE_LOOP('',(#944,#952,#960,#966));
#944 = ORIENTED_EDGE('',*,*,#945,.F.);
#945 = EDGE_CURVE('',#946,#224,#948,.T.);
#946 = VERTEX_POINT('',#947);
#947 = CARTESIAN_POINT('',(-35.,18.15,2.));
#948 = LINE('',#949,#950);
#949 = CARTESIAN_POINT('',(-31.,18.15,-2.));
#950 = VECTOR('',#951,1.);
#951 = DIRECTION('',(0.707106781187,0.,-0.707106781187));
#952 = ORIENTED_EDGE('',*,*,#953,.T.);
#953 = EDGE_CURVE('',#946,#954,#956,.T.);
#954 = VERTEX_POINT('',#955);
#955 = CARTESIAN_POINT('',(-35.,-6.,2.));
#956 = LINE('',#957,#958);
#957 = CARTESIAN_POINT('',(-35.,18.15,2.));
#958 = VECTOR('',#959,1.);
#959 = DIRECTION('',(0.,-1.,0.));
#960 = ORIENTED_EDGE('',*,*,#961,.T.);
#961 = EDGE_CURVE('',#954,#226,#962,.T.);
#962 = LINE('',#963,#964);
#963 = CARTESIAN_POINT('',(-25.39166666666,3.608333333333,
    -7.608333333333));
#964 = VECTOR('',#965,1.);
#965 = DIRECTION('',(0.57735026919,0.57735026919,-0.57735026919));
#966 = ORIENTED_EDGE('',*,*,#223,.F.);
#967 = PLANE('',#968);
#968 = AXIS2_PLACEMENT_3D('',#969,#970,#971);
#969 = CARTESIAN_POINT('',(-34.5,18.15,1.5));
#970 = DIRECTION('',(-0.707106781187,0.,-0.707106781187));
#971 = DIRECTION('',(0.,1.,0.));
#972 = ADVANCED_FACE('',(#973),#998,.T.);
#973 = FACE_BOUND('',#974,.T.);
#974 = EDGE_LOOP('',(#975,#985,#991,#992));
#975 = ORIENTED_EDGE('',*,*,#976,.F.);
#976 = EDGE_CURVE('',#977,#979,#981,.T.);
#977 = VERTEX_POINT('',#978);
#978 = CARTESIAN_POINT('',(-34.,-5.,-29.5));
#979 = VERTEX_POINT('',#980);
#980 = CARTESIAN_POINT('',(-18.,-5.,-29.5));
#981 = LINE('',#982,#983);
#982 = CARTESIAN_POINT('',(-35.,-5.,-29.5));
#983 = VECTOR('',#984,1.);
#984 = DIRECTION('',(1.,0.,0.));
#985 = ORIENTED_EDGE('',*,*,#986,.T.);
#986 = EDGE_CURVE('',#977,#226,#987,.T.);
#987 = LINE('',#988,#989);
#988 = CARTESIAN_POINT('',(-34.,-5.,-29.5));
#989 = VECTOR('',#990,1.);
#990 = DIRECTION('',(0.,0.,1.));
#991 = ORIENTED_EDGE('',*,*,#388,.F.);
#992 = ORIENTED_EDGE('',*,*,#993,.F.);
#993 = EDGE_CURVE('',#979,#381,#994,.T.);
#994 = LINE('',#995,#996);
#995 = CARTESIAN_POINT('',(-18.,-5.,-29.5));
#996 = VECTOR('',#997,1.);
#997 = DIRECTION('',(0.,0.,1.));
#998 = PLANE('',#999);
#999 = AXIS2_PLACEMENT_3D('',#1000,#1001,#1002);
#1000 = CARTESIAN_POINT('',(-26.,-5.,-14.25));
#1001 = DIRECTION('',(0.,1.,0.));
#1002 = DIRECTION('',(0.,0.,1.));
#1003 = ADVANCED_FACE('',(#1004),#1022,.T.);
#1004 = FACE_BOUND('',#1005,.F.);
#1005 = EDGE_LOOP('',(#1006,#1014,#1020,#1021));
#1006 = ORIENTED_EDGE('',*,*,#1007,.F.);
#1007 = EDGE_CURVE('',#1008,#979,#1010,.T.);
#1008 = VERTEX_POINT('',#1009);
#1009 = CARTESIAN_POINT('',(-17.,-6.,-29.5));
#1010 = LINE('',#1011,#1012);
#1011 = CARTESIAN_POINT('',(-15.089,-7.911,-29.5));
#1012 = VECTOR('',#1013,1.);
#1013 = DIRECTION('',(-0.707106781187,0.707106781187,0.));
#1014 = ORIENTED_EDGE('',*,*,#1015,.T.);
#1015 = EDGE_CURVE('',#1008,#373,#1016,.T.);
#1016 = LINE('',#1017,#1018);
#1017 = CARTESIAN_POINT('',(-17.,-6.,-29.5));
#1018 = VECTOR('',#1019,1.);
#1019 = DIRECTION('',(0.,0.,1.));
#1020 = ORIENTED_EDGE('',*,*,#380,.T.);
#1021 = ORIENTED_EDGE('',*,*,#993,.F.);
#1022 = PLANE('',#1023);
#1023 = AXIS2_PLACEMENT_3D('',#1024,#1025,#1026);
#1024 = CARTESIAN_POINT('',(-17.5,-5.5,-29.5));
#1025 = DIRECTION('',(0.707106781187,0.707106781187,0.));
#1026 = DIRECTION('',(-0.,-0.,-1.));
#1027 = ADVANCED_FACE('',(#1028),#1046,.T.);
#1028 = FACE_BOUND('',#1029,.T.);
#1029 = EDGE_LOOP('',(#1030,#1031,#1039,#1045));
#1030 = ORIENTED_EDGE('',*,*,#372,.T.);
#1031 = ORIENTED_EDGE('',*,*,#1032,.F.);
#1032 = EDGE_CURVE('',#1033,#365,#1035,.T.);
#1033 = VERTEX_POINT('',#1034);
#1034 = CARTESIAN_POINT('',(-17.,-22.,-29.5));
#1035 = LINE('',#1036,#1037);
#1036 = CARTESIAN_POINT('',(-17.,-22.,-29.5));
#1037 = VECTOR('',#1038,1.);
#1038 = DIRECTION('',(0.,2.2E-16,1.));
#1039 = ORIENTED_EDGE('',*,*,#1040,.F.);
#1040 = EDGE_CURVE('',#1008,#1033,#1041,.T.);
#1041 = LINE('',#1042,#1043);
#1042 = CARTESIAN_POINT('',(-17.,-5.,-29.5));
#1043 = VECTOR('',#1044,1.);
#1044 = DIRECTION('',(0.,-1.,0.));
#1045 = ORIENTED_EDGE('',*,*,#1015,.T.);
#1046 = PLANE('',#1047);
#1047 = AXIS2_PLACEMENT_3D('',#1048,#1049,#1050);
#1048 = CARTESIAN_POINT('',(-17.,-14.,-14.25));
#1049 = DIRECTION('',(1.,0.,0.));
#1050 = DIRECTION('',(0.,0.,1.));
#1051 = ADVANCED_FACE('',(#1052),#1070,.T.);
#1052 = FACE_BOUND('',#1053,.F.);
#1053 = EDGE_LOOP('',(#1054,#1062,#1068,#1069));
#1054 = ORIENTED_EDGE('',*,*,#1055,.F.);
#1055 = EDGE_CURVE('',#1056,#1033,#1058,.T.);
#1056 = VERTEX_POINT('',#1057);
#1057 = CARTESIAN_POINT('',(-18.,-23.,-29.5));
#1058 = LINE('',#1059,#1060);
#1059 = CARTESIAN_POINT('',(-6.286,-11.286,-29.5));
#1060 = VECTOR('',#1061,1.);
#1061 = DIRECTION('',(0.707106781187,0.707106781187,0.));
#1062 = ORIENTED_EDGE('',*,*,#1063,.T.);
#1063 = EDGE_CURVE('',#1056,#357,#1064,.T.);
#1064 = LINE('',#1065,#1066);
#1065 = CARTESIAN_POINT('',(-18.,-23.,-29.5));
#1066 = VECTOR('',#1067,1.);
#1067 = DIRECTION('',(0.,2.2E-16,1.));
#1068 = ORIENTED_EDGE('',*,*,#364,.T.);
#1069 = ORIENTED_EDGE('',*,*,#1032,.F.);
#1070 = PLANE('',#1071);
#1071 = AXIS2_PLACEMENT_3D('',#1072,#1073,#1074);
#1072 = CARTESIAN_POINT('',(-17.5,-22.5,-29.5));
#1073 = DIRECTION('',(0.707106781187,-0.707106781187,0.));
#1074 = DIRECTION('',(-1.1E-16,-1.1E-16,-1.));
#1075 = ADVANCED_FACE('',(#1076),#1102,.T.);
#1076 = FACE_BOUND('',#1077,.T.);
#1077 = EDGE_LOOP('',(#1078,#1079,#1087,#1095,#1101));
#1078 = ORIENTED_EDGE('',*,*,#356,.T.);
#1079 = ORIENTED_EDGE('',*,*,#1080,.F.);
#1080 = EDGE_CURVE('',#1081,#349,#1083,.T.);
#1081 = VERTEX_POINT('',#1082);
#1082 = CARTESIAN_POINT('',(-34.,-23.,1.01));
#1083 = LINE('',#1084,#1085);
#1084 = CARTESIAN_POINT('',(-29.18793753377,-23.,-3.802062466222));
#1085 = VECTOR('',#1086,1.);
#1086 = DIRECTION('',(0.707106781187,0.,-0.707106781187));
#1087 = ORIENTED_EDGE('',*,*,#1088,.T.);
#1088 = EDGE_CURVE('',#1081,#1089,#1091,.T.);
#1089 = VERTEX_POINT('',#1090);
#1090 = CARTESIAN_POINT('',(-34.,-23.,-29.5));
#1091 = LINE('',#1092,#1093);
#1092 = CARTESIAN_POINT('',(-34.,-23.,7.));
#1093 = VECTOR('',#1094,1.);
#1094 = DIRECTION('',(0.,-2.2E-16,-1.));
#1095 = ORIENTED_EDGE('',*,*,#1096,.T.);
#1096 = EDGE_CURVE('',#1089,#1056,#1097,.T.);
#1097 = LINE('',#1098,#1099);
#1098 = CARTESIAN_POINT('',(-35.,-23.,-29.5));
#1099 = VECTOR('',#1100,1.);
#1100 = DIRECTION('',(1.,0.,0.));
#1101 = ORIENTED_EDGE('',*,*,#1063,.T.);
#1102 = PLANE('',#1103);
#1103 = AXIS2_PLACEMENT_3D('',#1104,#1105,#1106);
#1104 = CARTESIAN_POINT('',(-25.76337506755,-23.,-10.98162493244));
#1105 = DIRECTION('',(-0.,-1.,-0.));
#1106 = DIRECTION('',(0.,0.,-1.));
#1107 = ADVANCED_FACE('',(#1108),#1134,.F.);
#1108 = FACE_BOUND('',#1109,.T.);
#1109 = EDGE_LOOP('',(#1110,#1118,#1119,#1120,#1128));
#1110 = ORIENTED_EDGE('',*,*,#1111,.T.);
#1111 = EDGE_CURVE('',#1112,#1081,#1114,.T.);
#1112 = VERTEX_POINT('',#1113);
#1113 = CARTESIAN_POINT('',(-34.99,-22.01,2.));
#1114 = LINE('',#1115,#1116);
#1115 = CARTESIAN_POINT('',(-34.32833333333,-22.67166666666,
    1.338333333333));
#1116 = VECTOR('',#1117,1.);
#1117 = DIRECTION('',(0.57735026919,-0.57735026919,-0.57735026919));
#1118 = ORIENTED_EDGE('',*,*,#1080,.T.);
#1119 = ORIENTED_EDGE('',*,*,#348,.F.);
#1120 = ORIENTED_EDGE('',*,*,#1121,.F.);
#1121 = EDGE_CURVE('',#1122,#340,#1124,.T.);
#1122 = VERTEX_POINT('',#1123);
#1123 = CARTESIAN_POINT('',(-34.99,-29.,2.));
#1124 = LINE('',#1125,#1126);
#1125 = CARTESIAN_POINT('',(-34.99,-29.,2.));
#1126 = VECTOR('',#1127,1.);
#1127 = DIRECTION('',(0.707106781187,-5.E-17,-0.707106781187));
#1128 = ORIENTED_EDGE('',*,*,#1129,.T.);
#1129 = EDGE_CURVE('',#1122,#1112,#1130,.T.);
#1130 = LINE('',#1131,#1132);
#1131 = CARTESIAN_POINT('',(-34.99,-29.,2.));
#1132 = VECTOR('',#1133,1.);
#1133 = DIRECTION('',(0.,1.,0.));
#1134 = PLANE('',#1135);
#1135 = AXIS2_PLACEMENT_3D('',#1136,#1137,#1138);
#1136 = CARTESIAN_POINT('',(-34.49,-29.,1.5));
#1137 = DIRECTION('',(0.707106781187,0.,0.707106781187));
#1138 = DIRECTION('',(-0.,-1.,-0.));
#1139 = ADVANCED_FACE('',(#1140),#1159,.T.);
#1140 = FACE_BOUND('',#1141,.T.);
#1141 = EDGE_LOOP('',(#1142,#1150,#1157,#1158));
#1142 = ORIENTED_EDGE('',*,*,#1143,.F.);
#1143 = EDGE_CURVE('',#1144,#332,#1146,.T.);
#1144 = VERTEX_POINT('',#1145);
#1145 = CARTESIAN_POINT('',(-24.99,-39.,2.));
#1146 = LINE('',#1147,#1148);
#1147 = CARTESIAN_POINT('',(-24.99,-38.5,1.5));
#1148 = VECTOR('',#1149,1.);
#1149 = DIRECTION('',(0.,0.707106781187,-0.707106781187));
#1150 = ORIENTED_EDGE('',*,*,#1151,.T.);
#1151 = EDGE_CURVE('',#1144,#1122,#1152,.T.);
#1152 = CIRCLE('',#1153,10.);
#1153 = AXIS2_PLACEMENT_3D('',#1154,#1155,#1156);
#1154 = CARTESIAN_POINT('',(-24.99,-29.,2.));
#1155 = DIRECTION('',(0.,0.,-1.));
#1156 = DIRECTION('',(-3.6E-16,-1.,-0.));
#1157 = ORIENTED_EDGE('',*,*,#1121,.T.);
#1158 = ORIENTED_EDGE('',*,*,#339,.F.);
#1159 = CONICAL_SURFACE('',#1160,10.,0.785398163397);
#1160 = AXIS2_PLACEMENT_3D('',#1161,#1162,#1163);
#1161 = CARTESIAN_POINT('',(-24.99,-29.,2.));
#1162 = DIRECTION('',(0.,0.,1.));
#1163 = DIRECTION('',(-3.6E-16,-1.,-0.));
#1164 = ADVANCED_FACE('',(#1165),#1183,.T.);
#1165 = FACE_BOUND('',#1166,.T.);
#1166 = EDGE_LOOP('',(#1167,#1175,#1176,#1177));
#1167 = ORIENTED_EDGE('',*,*,#1168,.T.);
#1168 = EDGE_CURVE('',#1169,#1144,#1171,.T.);
#1169 = VERTEX_POINT('',#1170);
#1170 = CARTESIAN_POINT('',(-15.,-39.,2.));
#1171 = LINE('',#1172,#1173);
#1172 = CARTESIAN_POINT('',(-16.,-39.,2.));
#1173 = VECTOR('',#1174,1.);
#1174 = DIRECTION('',(-1.,0.,0.));
#1175 = ORIENTED_EDGE('',*,*,#1143,.T.);
#1176 = ORIENTED_EDGE('',*,*,#331,.F.);
#1177 = ORIENTED_EDGE('',*,*,#1178,.F.);
#1178 = EDGE_CURVE('',#1169,#324,#1179,.T.);
#1179 = LINE('',#1180,#1181);
#1180 = CARTESIAN_POINT('',(-23.83333333333,-30.16666666666,
    -6.833333333333));
#1181 = VECTOR('',#1182,1.);
#1182 = DIRECTION('',(-0.57735026919,0.57735026919,-0.57735026919));
#1183 = PLANE('',#1184);
#1184 = AXIS2_PLACEMENT_3D('',#1185,#1186,#1187);
#1185 = CARTESIAN_POINT('',(-20.1655406887,-38.52259757868,1.52259757868
    ));
#1186 = DIRECTION('',(-0.,-0.707106781187,-0.707106781187));
#1187 = DIRECTION('',(0.,-0.707106781187,0.707106781187));
#1188 = ADVANCED_FACE('',(#1189,#1214),#1225,.T.);
#1189 = FACE_BOUND('',#1190,.T.);
#1190 = EDGE_LOOP('',(#1191,#1201,#1207,#1208));
#1191 = ORIENTED_EDGE('',*,*,#1192,.F.);
#1192 = EDGE_CURVE('',#1193,#1195,#1197,.T.);
#1193 = VERTEX_POINT('',#1194);
#1194 = CARTESIAN_POINT('',(-16.,-38.,-49.));
#1195 = VERTEX_POINT('',#1196);
#1196 = CARTESIAN_POINT('',(-16.,-26.,-49.));
#1197 = LINE('',#1198,#1199);
#1198 = CARTESIAN_POINT('',(-16.,-40.,-49.));
#1199 = VECTOR('',#1200,1.);
#1200 = DIRECTION('',(0.,1.,0.));
#1201 = ORIENTED_EDGE('',*,*,#1202,.T.);
#1202 = EDGE_CURVE('',#1193,#324,#1203,.T.);
#1203 = LINE('',#1204,#1205);
#1204 = CARTESIAN_POINT('',(-16.,-38.,-49.));
#1205 = VECTOR('',#1206,1.);
#1206 = DIRECTION('',(0.,0.,1.));
#1207 = ORIENTED_EDGE('',*,*,#323,.T.);
#1208 = ORIENTED_EDGE('',*,*,#1209,.T.);
#1209 = EDGE_CURVE('',#316,#1195,#1210,.T.);
#1210 = LINE('',#1211,#1212);
#1211 = CARTESIAN_POINT('',(-16.,-26.,1.));
#1212 = VECTOR('',#1213,1.);
#1213 = DIRECTION('',(0.,0.,-1.));
#1214 = FACE_BOUND('',#1215,.T.);
#1215 = EDGE_LOOP('',(#1216));
#1216 = ORIENTED_EDGE('',*,*,#1217,.T.);
#1217 = EDGE_CURVE('',#1218,#1218,#1220,.T.);
#1218 = VERTEX_POINT('',#1219);
#1219 = CARTESIAN_POINT('',(-16.,-29.85,-39.5));
#1220 = CIRCLE('',#1221,2.65);
#1221 = AXIS2_PLACEMENT_3D('',#1222,#1223,#1224);
#1222 = CARTESIAN_POINT('',(-16.,-32.5,-39.5));
#1223 = DIRECTION('',(1.,0.,0.));
#1224 = DIRECTION('',(0.,1.,0.));
#1225 = PLANE('',#1226);
#1226 = AXIS2_PLACEMENT_3D('',#1227,#1228,#1229);
#1227 = CARTESIAN_POINT('',(-16.,-32.,-24.));
#1228 = DIRECTION('',(-1.,-0.,-0.));
#1229 = DIRECTION('',(0.,0.,-1.));
#1230 = ADVANCED_FACE('',(#1231),#1242,.T.);
#1231 = FACE_BOUND('',#1232,.F.);
#1232 = EDGE_LOOP('',(#1233,#1234,#1235,#1241));
#1233 = ORIENTED_EDGE('',*,*,#315,.F.);
#1234 = ORIENTED_EDGE('',*,*,#1209,.T.);
#1235 = ORIENTED_EDGE('',*,*,#1236,.T.);
#1236 = EDGE_CURVE('',#1195,#901,#1237,.T.);
#1237 = LINE('',#1238,#1239);
#1238 = CARTESIAN_POINT('',(-7.333333333333,-17.33333333333,
    -40.33333333333));
#1239 = VECTOR('',#1240,1.);
#1240 = DIRECTION('',(0.57735026919,0.57735026919,0.57735026919));
#1241 = ORIENTED_EDGE('',*,*,#908,.F.);
#1242 = PLANE('',#1243);
#1243 = AXIS2_PLACEMENT_3D('',#1244,#1245,#1246);
#1244 = CARTESIAN_POINT('',(-15.5,-25.5,1.));
#1245 = DIRECTION('',(-0.707106781187,0.707106781187,0.));
#1246 = DIRECTION('',(0.,0.,1.));
#1247 = ADVANCED_FACE('',(#1248),#1274,.T.);
#1248 = FACE_BOUND('',#1249,.F.);
#1249 = EDGE_LOOP('',(#1250,#1258,#1267,#1273));
#1250 = ORIENTED_EDGE('',*,*,#1251,.F.);
#1251 = EDGE_CURVE('',#1252,#154,#1254,.T.);
#1252 = VERTEX_POINT('',#1253);
#1253 = CARTESIAN_POINT('',(23.,-39.,2.));
#1254 = LINE('',#1255,#1256);
#1255 = CARTESIAN_POINT('',(23.,-38.5,1.5));
#1256 = VECTOR('',#1257,1.);
#1257 = DIRECTION('',(0.,0.707106781187,-0.707106781187));
#1258 = ORIENTED_EDGE('',*,*,#1259,.T.);
#1259 = EDGE_CURVE('',#1252,#1260,#1262,.T.);
#1260 = VERTEX_POINT('',#1261);
#1261 = CARTESIAN_POINT('',(33.,-29.,2.));
#1262 = CIRCLE('',#1263,10.);
#1263 = AXIS2_PLACEMENT_3D('',#1264,#1265,#1266);
#1264 = CARTESIAN_POINT('',(23.,-29.,2.));
#1265 = DIRECTION('',(-0.,0.,1.));
#1266 = DIRECTION('',(0.,-1.,0.));
#1267 = ORIENTED_EDGE('',*,*,#1268,.T.);
#1268 = EDGE_CURVE('',#1260,#290,#1269,.T.);
#1269 = LINE('',#1270,#1271);
#1270 = CARTESIAN_POINT('',(33.,-29.,2.));
#1271 = VECTOR('',#1272,1.);
#1272 = DIRECTION('',(-0.707106781187,4.E-17,-0.707106781187));
#1273 = ORIENTED_EDGE('',*,*,#297,.F.);
#1274 = CONICAL_SURFACE('',#1275,10.,0.785398163397);
#1275 = AXIS2_PLACEMENT_3D('',#1276,#1277,#1278);
#1276 = CARTESIAN_POINT('',(23.,-29.,2.));
#1277 = DIRECTION('',(0.,0.,1.));
#1278 = DIRECTION('',(0.,-1.,0.));
#1279 = ADVANCED_FACE('',(#1280),#1298,.T.);
#1280 = FACE_BOUND('',#1281,.T.);
#1281 = EDGE_LOOP('',(#1282,#1283,#1284,#1292));
#1282 = ORIENTED_EDGE('',*,*,#1268,.T.);
#1283 = ORIENTED_EDGE('',*,*,#289,.T.);
#1284 = ORIENTED_EDGE('',*,*,#1285,.F.);
#1285 = EDGE_CURVE('',#1286,#282,#1288,.T.);
#1286 = VERTEX_POINT('',#1287);
#1287 = CARTESIAN_POINT('',(33.,20.712,2.));
#1288 = LINE('',#1289,#1290);
#1289 = CARTESIAN_POINT('',(27.25,14.962,-3.75));
#1290 = VECTOR('',#1291,1.);
#1291 = DIRECTION('',(-0.57735026919,-0.57735026919,-0.57735026919));
#1292 = ORIENTED_EDGE('',*,*,#1293,.F.);
#1293 = EDGE_CURVE('',#1260,#1286,#1294,.T.);
#1294 = LINE('',#1295,#1296);
#1295 = CARTESIAN_POINT('',(33.,-29.,2.));
#1296 = VECTOR('',#1297,1.);
#1297 = DIRECTION('',(0.,1.,0.));
#1298 = PLANE('',#1299);
#1299 = AXIS2_PLACEMENT_3D('',#1300,#1301,#1302);
#1300 = CARTESIAN_POINT('',(32.504922700587,-4.314540688701,
    1.504922700587));
#1301 = DIRECTION('',(0.707106781187,0.,-0.707106781187));
#1302 = DIRECTION('',(-0.707106781187,0.,-0.707106781187));
#1303 = ADVANCED_FACE('',(#1304),#1329,.T.);
#1304 = FACE_BOUND('',#1305,.T.);
#1305 = EDGE_LOOP('',(#1306,#1316,#1322,#1323));
#1306 = ORIENTED_EDGE('',*,*,#1307,.F.);
#1307 = EDGE_CURVE('',#1308,#1310,#1312,.T.);
#1308 = VERTEX_POINT('',#1309);
#1309 = CARTESIAN_POINT('',(32.,19.712,-29.5));
#1310 = VERTEX_POINT('',#1311);
#1311 = CARTESIAN_POINT('',(11.,19.712,-29.5));
#1312 = LINE('',#1313,#1314);
#1313 = CARTESIAN_POINT('',(45.,19.712,-29.5));
#1314 = VECTOR('',#1315,1.);
#1315 = DIRECTION('',(-1.,0.,0.));
#1316 = ORIENTED_EDGE('',*,*,#1317,.T.);
#1317 = EDGE_CURVE('',#1308,#282,#1318,.T.);
#1318 = LINE('',#1319,#1320);
#1319 = CARTESIAN_POINT('',(32.,19.712,-29.5));
#1320 = VECTOR('',#1321,1.);
#1321 = DIRECTION('',(0.,0.,1.));
#1322 = ORIENTED_EDGE('',*,*,#281,.T.);
#1323 = ORIENTED_EDGE('',*,*,#1324,.T.);
#1324 = EDGE_CURVE('',#274,#1310,#1325,.T.);
#1325 = LINE('',#1326,#1327);
#1326 = CARTESIAN_POINT('',(11.,19.712,1.));
#1327 = VECTOR('',#1328,1.);
#1328 = DIRECTION('',(0.,0.,-1.));
#1329 = PLANE('',#1330);
#1330 = AXIS2_PLACEMENT_3D('',#1331,#1332,#1333);
#1331 = CARTESIAN_POINT('',(21.5,19.712,-14.25));
#1332 = DIRECTION('',(-0.,-1.,-0.));
#1333 = DIRECTION('',(0.,0.,-1.));
#1334 = ADVANCED_FACE('',(#1335),#1353,.T.);
#1335 = FACE_BOUND('',#1336,.F.);
#1336 = EDGE_LOOP('',(#1337,#1338,#1339,#1347));
#1337 = ORIENTED_EDGE('',*,*,#273,.F.);
#1338 = ORIENTED_EDGE('',*,*,#1324,.T.);
#1339 = ORIENTED_EDGE('',*,*,#1340,.T.);
#1340 = EDGE_CURVE('',#1310,#1341,#1343,.T.);
#1341 = VERTEX_POINT('',#1342);
#1342 = CARTESIAN_POINT('',(10.,20.712,-29.5));
#1343 = LINE('',#1344,#1345);
#1344 = CARTESIAN_POINT('',(12.339,18.373,-29.5));
#1345 = VECTOR('',#1346,1.);
#1346 = DIRECTION('',(-0.707106781187,0.707106781187,0.));
#1347 = ORIENTED_EDGE('',*,*,#1348,.F.);
#1348 = EDGE_CURVE('',#266,#1341,#1349,.T.);
#1349 = LINE('',#1350,#1351);
#1350 = CARTESIAN_POINT('',(10.,20.712,1.));
#1351 = VECTOR('',#1352,1.);
#1352 = DIRECTION('',(0.,0.,-1.));
#1353 = PLANE('',#1354);
#1354 = AXIS2_PLACEMENT_3D('',#1355,#1356,#1357);
#1355 = CARTESIAN_POINT('',(10.5,20.212,1.));
#1356 = DIRECTION('',(-0.707106781187,-0.707106781187,0.));
#1357 = DIRECTION('',(0.,0.,1.));
#1358 = ADVANCED_FACE('',(#1359),#1377,.T.);
#1359 = FACE_BOUND('',#1360,.T.);
#1360 = EDGE_LOOP('',(#1361,#1362,#1370,#1376));
#1361 = ORIENTED_EDGE('',*,*,#265,.T.);
#1362 = ORIENTED_EDGE('',*,*,#1363,.T.);
#1363 = EDGE_CURVE('',#258,#1364,#1366,.T.);
#1364 = VERTEX_POINT('',#1365);
#1365 = CARTESIAN_POINT('',(10.,36.712,-29.5));
#1366 = LINE('',#1367,#1368);
#1367 = CARTESIAN_POINT('',(10.,36.712,0.));
#1368 = VECTOR('',#1369,1.);
#1369 = DIRECTION('',(0.,0.,-1.));
#1370 = ORIENTED_EDGE('',*,*,#1371,.F.);
#1371 = EDGE_CURVE('',#1341,#1364,#1372,.T.);
#1372 = LINE('',#1373,#1374);
#1373 = CARTESIAN_POINT('',(10.,19.712,-29.5));
#1374 = VECTOR('',#1375,1.);
#1375 = DIRECTION('',(0.,1.,0.));
#1376 = ORIENTED_EDGE('',*,*,#1348,.F.);
#1377 = PLANE('',#1378);
#1378 = AXIS2_PLACEMENT_3D('',#1379,#1380,#1381);
#1379 = CARTESIAN_POINT('',(10.,28.711997373502,-14.25000262649));
#1380 = DIRECTION('',(-1.,-0.,-0.));
#1381 = DIRECTION('',(0.,0.,-1.));
#1382 = ADVANCED_FACE('',(#1383),#1417,.F.);
#1383 = FACE_BOUND('',#1384,.T.);
#1384 = EDGE_LOOP('',(#1385,#1395,#1403,#1409,#1410,#1411));
#1385 = ORIENTED_EDGE('',*,*,#1386,.F.);
#1386 = EDGE_CURVE('',#1387,#1389,#1391,.T.);
#1387 = VERTEX_POINT('',#1388);
#1388 = CARTESIAN_POINT('',(11.,37.712,0.));
#1389 = VERTEX_POINT('',#1390);
#1390 = CARTESIAN_POINT('',(10.999745229685,37.711745229685,0.));
#1391 = LINE('',#1392,#1393);
#1392 = CARTESIAN_POINT('',(16.749936307421,43.461936307421,0.));
#1393 = VECTOR('',#1394,1.);
#1394 = DIRECTION('',(-0.707106781187,-0.707106781187,0.));
#1395 = ORIENTED_EDGE('',*,*,#1396,.T.);
#1396 = EDGE_CURVE('',#1387,#1397,#1399,.T.);
#1397 = VERTEX_POINT('',#1398);
#1398 = CARTESIAN_POINT('',(11.,37.712,-29.5));
#1399 = LINE('',#1400,#1401);
#1400 = CARTESIAN_POINT('',(11.,37.712,0.));
#1401 = VECTOR('',#1402,1.);
#1402 = DIRECTION('',(0.,0.,-1.));
#1403 = ORIENTED_EDGE('',*,*,#1404,.T.);
#1404 = EDGE_CURVE('',#1397,#1364,#1405,.T.);
#1405 = LINE('',#1406,#1407);
#1406 = CARTESIAN_POINT('',(-0.214,26.498,-29.5));
#1407 = VECTOR('',#1408,1.);
#1408 = DIRECTION('',(-0.707106781187,-0.707106781187,0.));
#1409 = ORIENTED_EDGE('',*,*,#1363,.F.);
#1410 = ORIENTED_EDGE('',*,*,#257,.F.);
#1411 = ORIENTED_EDGE('',*,*,#1412,.F.);
#1412 = EDGE_CURVE('',#1389,#250,#1413,.T.);
#1413 = LINE('',#1414,#1415);
#1414 = CARTESIAN_POINT('',(10.999745229685,37.711745229685,1.75));
#1415 = VECTOR('',#1416,1.);
#1416 = DIRECTION('',(0.,0.,1.));
#1417 = PLANE('',#1418);
#1418 = AXIS2_PLACEMENT_3D('',#1419,#1420,#1421);
#1419 = CARTESIAN_POINT('',(10.5,37.212,0.));
#1420 = DIRECTION('',(0.707106781187,-0.707106781187,0.));
#1421 = DIRECTION('',(0.,0.,1.));
#1422 = ADVANCED_FACE('',(#1423),#1465,.T.);
#1423 = FACE_BOUND('',#1424,.T.);
#1424 = EDGE_LOOP('',(#1425,#1435,#1443,#1451,#1457,#1458,#1459));
#1425 = ORIENTED_EDGE('',*,*,#1426,.F.);
#1426 = EDGE_CURVE('',#1427,#1429,#1431,.T.);
#1427 = VERTEX_POINT('',#1428);
#1428 = CARTESIAN_POINT('',(32.,37.711745229685,7.));
#1429 = VERTEX_POINT('',#1430);
#1430 = CARTESIAN_POINT('',(-15.,37.711745229685,7.));
#1431 = LINE('',#1432,#1433);
#1432 = CARTESIAN_POINT('',(45.,37.711745229685,7.));
#1433 = VECTOR('',#1434,1.);
#1434 = DIRECTION('',(-1.,0.,0.));
#1435 = ORIENTED_EDGE('',*,*,#1436,.T.);
#1436 = EDGE_CURVE('',#1427,#1437,#1439,.T.);
#1437 = VERTEX_POINT('',#1438);
#1438 = CARTESIAN_POINT('',(32.000254770315,37.711745229685,
    6.999745229685));
#1439 = LINE('',#1440,#1441);
#1440 = CARTESIAN_POINT('',(27.375,37.711745229685,11.625));
#1441 = VECTOR('',#1442,1.);
#1442 = DIRECTION('',(0.707106781187,0.,-0.707106781187));
#1443 = ORIENTED_EDGE('',*,*,#1444,.T.);
#1444 = EDGE_CURVE('',#1437,#1445,#1447,.T.);
#1445 = VERTEX_POINT('',#1446);
#1446 = CARTESIAN_POINT('',(32.000254770315,37.711745229685,0.));
#1447 = LINE('',#1448,#1449);
#1448 = CARTESIAN_POINT('',(32.000254770315,37.711745229685,1.75));
#1449 = VECTOR('',#1450,1.);
#1450 = DIRECTION('',(0.,0.,-1.));
#1451 = ORIENTED_EDGE('',*,*,#1452,.T.);
#1452 = EDGE_CURVE('',#1445,#1389,#1453,.T.);
#1453 = LINE('',#1454,#1455);
#1454 = CARTESIAN_POINT('',(45.,37.711745229685,0.));
#1455 = VECTOR('',#1456,1.);
#1456 = DIRECTION('',(-1.,0.,0.));
#1457 = ORIENTED_EDGE('',*,*,#1412,.T.);
#1458 = ORIENTED_EDGE('',*,*,#249,.F.);
#1459 = ORIENTED_EDGE('',*,*,#1460,.T.);
#1460 = EDGE_CURVE('',#242,#1429,#1461,.T.);
#1461 = LINE('',#1462,#1463);
#1462 = CARTESIAN_POINT('',(-15.,37.711745229685,0.));
#1463 = VECTOR('',#1464,1.);
#1464 = DIRECTION('',(0.,0.,1.));
#1465 = PLANE('',#1466);
#1466 = AXIS2_PLACEMENT_3D('',#1467,#1468,#1469);
#1467 = CARTESIAN_POINT('',(9.,37.711745229685,3.5));
#1468 = DIRECTION('',(0.,1.,0.));
#1469 = DIRECTION('',(0.,0.,1.));
#1470 = ADVANCED_FACE('',(#1471),#1489,.T.);
#1471 = FACE_BOUND('',#1472,.T.);
#1472 = EDGE_LOOP('',(#1473,#1474,#1482,#1488));
#1473 = ORIENTED_EDGE('',*,*,#241,.F.);
#1474 = ORIENTED_EDGE('',*,*,#1475,.F.);
#1475 = EDGE_CURVE('',#1476,#234,#1478,.T.);
#1476 = VERTEX_POINT('',#1477);
#1477 = CARTESIAN_POINT('',(-15.,18.15,7.));
#1478 = LINE('',#1479,#1480);
#1479 = CARTESIAN_POINT('',(-15.,18.15,7.));
#1480 = VECTOR('',#1481,1.);
#1481 = DIRECTION('',(0.,0.,-1.));
#1482 = ORIENTED_EDGE('',*,*,#1483,.T.);
#1483 = EDGE_CURVE('',#1476,#1429,#1484,.T.);
#1484 = LINE('',#1485,#1486);
#1485 = CARTESIAN_POINT('',(-15.,19.711745229685,7.));
#1486 = VECTOR('',#1487,1.);
#1487 = DIRECTION('',(0.,1.,0.));
#1488 = ORIENTED_EDGE('',*,*,#1460,.F.);
#1489 = PLANE('',#1490);
#1490 = AXIS2_PLACEMENT_3D('',#1491,#1492,#1493);
#1491 = CARTESIAN_POINT('',(-15.,16.355872614842,3.5));
#1492 = DIRECTION('',(-1.,-0.,-0.));
#1493 = DIRECTION('',(0.,0.,-1.));
#1494 = ADVANCED_FACE('',(#1495),#1522,.F.);
#1495 = FACE_BOUND('',#1496,.F.);
#1496 = EDGE_LOOP('',(#1497,#1498,#1499,#1507,#1515,#1521));
#1497 = ORIENTED_EDGE('',*,*,#233,.F.);
#1498 = ORIENTED_EDGE('',*,*,#1475,.F.);
#1499 = ORIENTED_EDGE('',*,*,#1500,.T.);
#1500 = EDGE_CURVE('',#1476,#1501,#1503,.T.);
#1501 = VERTEX_POINT('',#1502);
#1502 = CARTESIAN_POINT('',(-34.,18.15,7.));
#1503 = LINE('',#1504,#1505);
#1504 = CARTESIAN_POINT('',(-15.,18.15,7.));
#1505 = VECTOR('',#1506,1.);
#1506 = DIRECTION('',(-1.,0.,0.));
#1507 = ORIENTED_EDGE('',*,*,#1508,.T.);
#1508 = EDGE_CURVE('',#1501,#1509,#1511,.T.);
#1509 = VERTEX_POINT('',#1510);
#1510 = CARTESIAN_POINT('',(-35.,18.15,6.));
#1511 = LINE('',#1512,#1513);
#1512 = CARTESIAN_POINT('',(-29.5,18.15,11.5));
#1513 = VECTOR('',#1514,1.);
#1514 = DIRECTION('',(-0.707106781187,0.,-0.707106781187));
#1515 = ORIENTED_EDGE('',*,*,#1516,.T.);
#1516 = EDGE_CURVE('',#1509,#946,#1517,.T.);
#1517 = LINE('',#1518,#1519);
#1518 = CARTESIAN_POINT('',(-35.,18.15,7.));
#1519 = VECTOR('',#1520,1.);
#1520 = DIRECTION('',(0.,0.,-1.));
#1521 = ORIENTED_EDGE('',*,*,#945,.T.);
#1522 = PLANE('',#1523);
#1523 = AXIS2_PLACEMENT_3D('',#1524,#1525,#1526);
#1524 = CARTESIAN_POINT('',(-15.,18.15,7.));
#1525 = DIRECTION('',(-0.,-1.,-0.));
#1526 = DIRECTION('',(0.,0.,-1.));
#1527 = ADVANCED_FACE('',(#1528),#1554,.F.);
#1528 = FACE_BOUND('',#1529,.F.);
#1529 = EDGE_LOOP('',(#1530,#1541,#1547,#1548));
#1530 = ORIENTED_EDGE('',*,*,#1531,.F.);
#1531 = EDGE_CURVE('',#1532,#1534,#1536,.T.);
#1532 = VERTEX_POINT('',#1533);
#1533 = CARTESIAN_POINT('',(20.,-18.575,7.));
#1534 = VERTEX_POINT('',#1535);
#1535 = CARTESIAN_POINT('',(19.,-19.575,7.));
#1536 = CIRCLE('',#1537,1.);
#1537 = AXIS2_PLACEMENT_3D('',#1538,#1539,#1540);
#1538 = CARTESIAN_POINT('',(20.,-19.575,7.));
#1539 = DIRECTION('',(0.,0.,1.));
#1540 = DIRECTION('',(1.,0.,0.));
#1541 = ORIENTED_EDGE('',*,*,#1542,.T.);
#1542 = EDGE_CURVE('',#1532,#397,#1543,.T.);
#1543 = LINE('',#1544,#1545);
#1544 = CARTESIAN_POINT('',(20.,-18.575,7.));
#1545 = VECTOR('',#1546,1.);
#1546 = DIRECTION('',(-0.,-0.,-1.));
#1547 = ORIENTED_EDGE('',*,*,#396,.T.);
#1548 = ORIENTED_EDGE('',*,*,#1549,.F.);
#1549 = EDGE_CURVE('',#1534,#399,#1550,.T.);
#1550 = LINE('',#1551,#1552);
#1551 = CARTESIAN_POINT('',(19.,-19.575,7.));
#1552 = VECTOR('',#1553,1.);
#1553 = DIRECTION('',(-0.,-0.,-1.));
#1554 = CYLINDRICAL_SURFACE('',#1555,1.);
#1555 = AXIS2_PLACEMENT_3D('',#1556,#1557,#1558);
#1556 = CARTESIAN_POINT('',(20.,-19.575,7.));
#1557 = DIRECTION('',(0.,0.,1.));
#1558 = DIRECTION('',(1.,0.,0.));
#1559 = ADVANCED_FACE('',(#1560),#1578,.T.);
#1560 = FACE_BOUND('',#1561,.T.);
#1561 = EDGE_LOOP('',(#1562,#1570,#1571,#1572));
#1562 = ORIENTED_EDGE('',*,*,#1563,.F.);
#1563 = EDGE_CURVE('',#1532,#1564,#1566,.T.);
#1564 = VERTEX_POINT('',#1565);
#1565 = CARTESIAN_POINT('',(28.,-18.575,7.));
#1566 = LINE('',#1567,#1568);
#1567 = CARTESIAN_POINT('',(20.,-18.575,7.));
#1568 = VECTOR('',#1569,1.);
#1569 = DIRECTION('',(1.,0.,0.));
#1570 = ORIENTED_EDGE('',*,*,#1542,.T.);
#1571 = ORIENTED_EDGE('',*,*,#458,.F.);
#1572 = ORIENTED_EDGE('',*,*,#1573,.F.);
#1573 = EDGE_CURVE('',#1564,#450,#1574,.T.);
#1574 = LINE('',#1575,#1576);
#1575 = CARTESIAN_POINT('',(28.,-18.575,7.));
#1576 = VECTOR('',#1577,1.);
#1577 = DIRECTION('',(-0.,-0.,-1.));
#1578 = PLANE('',#1579);
#1579 = AXIS2_PLACEMENT_3D('',#1580,#1581,#1582);
#1580 = CARTESIAN_POINT('',(20.,-18.575,7.));
#1581 = DIRECTION('',(0.,-1.,0.));
#1582 = DIRECTION('',(1.,0.,0.));
#1583 = ADVANCED_FACE('',(#1584),#1602,.T.);
#1584 = FACE_BOUND('',#1585,.T.);
#1585 = EDGE_LOOP('',(#1586,#1594,#1600,#1601));
#1586 = ORIENTED_EDGE('',*,*,#1587,.F.);
#1587 = EDGE_CURVE('',#1588,#1534,#1590,.T.);
#1588 = VERTEX_POINT('',#1589);
#1589 = CARTESIAN_POINT('',(19.,-20.825,7.));
#1590 = LINE('',#1591,#1592);
#1591 = CARTESIAN_POINT('',(19.,-20.825,7.));
#1592 = VECTOR('',#1593,1.);
#1593 = DIRECTION('',(0.,1.,0.));
#1594 = ORIENTED_EDGE('',*,*,#1595,.T.);
#1595 = EDGE_CURVE('',#1588,#408,#1596,.T.);
#1596 = LINE('',#1597,#1598);
#1597 = CARTESIAN_POINT('',(19.,-20.825,7.));
#1598 = VECTOR('',#1599,1.);
#1599 = DIRECTION('',(-0.,-0.,-1.));
#1600 = ORIENTED_EDGE('',*,*,#407,.F.);
#1601 = ORIENTED_EDGE('',*,*,#1549,.F.);
#1602 = PLANE('',#1603);
#1603 = AXIS2_PLACEMENT_3D('',#1604,#1605,#1606);
#1604 = CARTESIAN_POINT('',(19.,-20.825,7.));
#1605 = DIRECTION('',(1.,0.,0.));
#1606 = DIRECTION('',(0.,1.,0.));
#1607 = ADVANCED_FACE('',(#1608),#1627,.F.);
#1608 = FACE_BOUND('',#1609,.F.);
#1609 = EDGE_LOOP('',(#1610,#1619,#1625,#1626));
#1610 = ORIENTED_EDGE('',*,*,#1611,.F.);
#1611 = EDGE_CURVE('',#1612,#1564,#1614,.T.);
#1612 = VERTEX_POINT('',#1613);
#1613 = CARTESIAN_POINT('',(29.,-19.575,7.));
#1614 = CIRCLE('',#1615,1.);
#1615 = AXIS2_PLACEMENT_3D('',#1616,#1617,#1618);
#1616 = CARTESIAN_POINT('',(28.,-19.575,7.));
#1617 = DIRECTION('',(0.,0.,1.));
#1618 = DIRECTION('',(1.,0.,0.));
#1619 = ORIENTED_EDGE('',*,*,#1620,.T.);
#1620 = EDGE_CURVE('',#1612,#442,#1621,.T.);
#1621 = LINE('',#1622,#1623);
#1622 = CARTESIAN_POINT('',(29.,-19.575,7.));
#1623 = VECTOR('',#1624,1.);
#1624 = DIRECTION('',(-0.,-0.,-1.));
#1625 = ORIENTED_EDGE('',*,*,#449,.T.);
#1626 = ORIENTED_EDGE('',*,*,#1573,.F.);
#1627 = CYLINDRICAL_SURFACE('',#1628,1.);
#1628 = AXIS2_PLACEMENT_3D('',#1629,#1630,#1631);
#1629 = CARTESIAN_POINT('',(28.,-19.575,7.));
#1630 = DIRECTION('',(0.,0.,1.));
#1631 = DIRECTION('',(1.,0.,0.));
#1632 = ADVANCED_FACE('',(#1633),#1652,.F.);
#1633 = FACE_BOUND('',#1634,.F.);
#1634 = EDGE_LOOP('',(#1635,#1644,#1645,#1646));
#1635 = ORIENTED_EDGE('',*,*,#1636,.F.);
#1636 = EDGE_CURVE('',#1588,#1637,#1639,.T.);
#1637 = VERTEX_POINT('',#1638);
#1638 = CARTESIAN_POINT('',(20.,-21.82499999999,7.));
#1639 = CIRCLE('',#1640,1.);
#1640 = AXIS2_PLACEMENT_3D('',#1641,#1642,#1643);
#1641 = CARTESIAN_POINT('',(20.,-20.825,7.));
#1642 = DIRECTION('',(0.,0.,1.));
#1643 = DIRECTION('',(1.,0.,0.));
#1644 = ORIENTED_EDGE('',*,*,#1595,.T.);
#1645 = ORIENTED_EDGE('',*,*,#415,.T.);
#1646 = ORIENTED_EDGE('',*,*,#1647,.F.);
#1647 = EDGE_CURVE('',#1637,#416,#1648,.T.);
#1648 = LINE('',#1649,#1650);
#1649 = CARTESIAN_POINT('',(20.,-21.82499999999,7.));
#1650 = VECTOR('',#1651,1.);
#1651 = DIRECTION('',(-0.,-0.,-1.));
#1652 = CYLINDRICAL_SURFACE('',#1653,1.);
#1653 = AXIS2_PLACEMENT_3D('',#1654,#1655,#1656);
#1654 = CARTESIAN_POINT('',(20.,-20.825,7.));
#1655 = DIRECTION('',(0.,0.,1.));
#1656 = DIRECTION('',(1.,0.,0.));
#1657 = ADVANCED_FACE('',(#1658),#1676,.T.);
#1658 = FACE_BOUND('',#1659,.T.);
#1659 = EDGE_LOOP('',(#1660,#1668,#1669,#1670));
#1660 = ORIENTED_EDGE('',*,*,#1661,.F.);
#1661 = EDGE_CURVE('',#1612,#1662,#1664,.T.);
#1662 = VERTEX_POINT('',#1663);
#1663 = CARTESIAN_POINT('',(29.,-20.82499999999,7.));
#1664 = LINE('',#1665,#1666);
#1665 = CARTESIAN_POINT('',(29.,-19.575,7.));
#1666 = VECTOR('',#1667,1.);
#1667 = DIRECTION('',(0.,-1.,0.));
#1668 = ORIENTED_EDGE('',*,*,#1620,.T.);
#1669 = ORIENTED_EDGE('',*,*,#441,.F.);
#1670 = ORIENTED_EDGE('',*,*,#1671,.F.);
#1671 = EDGE_CURVE('',#1662,#433,#1672,.T.);
#1672 = LINE('',#1673,#1674);
#1673 = CARTESIAN_POINT('',(29.,-20.82499999999,7.));
#1674 = VECTOR('',#1675,1.);
#1675 = DIRECTION('',(-0.,-0.,-1.));
#1676 = PLANE('',#1677);
#1677 = AXIS2_PLACEMENT_3D('',#1678,#1679,#1680);
#1678 = CARTESIAN_POINT('',(29.,-19.575,7.));
#1679 = DIRECTION('',(-1.,0.,0.));
#1680 = DIRECTION('',(0.,-1.,0.));
#1681 = ADVANCED_FACE('',(#1682),#1700,.T.);
#1682 = FACE_BOUND('',#1683,.T.);
#1683 = EDGE_LOOP('',(#1684,#1692,#1698,#1699));
#1684 = ORIENTED_EDGE('',*,*,#1685,.F.);
#1685 = EDGE_CURVE('',#1686,#1637,#1688,.T.);
#1686 = VERTEX_POINT('',#1687);
#1687 = CARTESIAN_POINT('',(28.,-21.82499999999,7.));
#1688 = LINE('',#1689,#1690);
#1689 = CARTESIAN_POINT('',(28.,-21.82499999999,7.));
#1690 = VECTOR('',#1691,1.);
#1691 = DIRECTION('',(-1.,0.,0.));
#1692 = ORIENTED_EDGE('',*,*,#1693,.T.);
#1693 = EDGE_CURVE('',#1686,#425,#1694,.T.);
#1694 = LINE('',#1695,#1696);
#1695 = CARTESIAN_POINT('',(28.,-21.82499999999,7.));
#1696 = VECTOR('',#1697,1.);
#1697 = DIRECTION('',(-0.,-0.,-1.));
#1698 = ORIENTED_EDGE('',*,*,#424,.F.);
#1699 = ORIENTED_EDGE('',*,*,#1647,.F.);
#1700 = PLANE('',#1701);
#1701 = AXIS2_PLACEMENT_3D('',#1702,#1703,#1704);
#1702 = CARTESIAN_POINT('',(28.,-21.82499999999,7.));
#1703 = DIRECTION('',(0.,1.,0.));
#1704 = DIRECTION('',(-1.,0.,0.));
#1705 = ADVANCED_FACE('',(#1706),#1718,.F.);
#1706 = FACE_BOUND('',#1707,.F.);
#1707 = EDGE_LOOP('',(#1708,#1715,#1716,#1717));
#1708 = ORIENTED_EDGE('',*,*,#1709,.F.);
#1709 = EDGE_CURVE('',#1686,#1662,#1710,.T.);
#1710 = CIRCLE('',#1711,1.);
#1711 = AXIS2_PLACEMENT_3D('',#1712,#1713,#1714);
#1712 = CARTESIAN_POINT('',(28.,-20.82499999999,7.));
#1713 = DIRECTION('',(0.,0.,1.));
#1714 = DIRECTION('',(1.,0.,0.));
#1715 = ORIENTED_EDGE('',*,*,#1693,.T.);
#1716 = ORIENTED_EDGE('',*,*,#432,.T.);
#1717 = ORIENTED_EDGE('',*,*,#1671,.F.);
#1718 = CYLINDRICAL_SURFACE('',#1719,1.);
#1719 = AXIS2_PLACEMENT_3D('',#1720,#1721,#1722);
#1720 = CARTESIAN_POINT('',(28.,-20.82499999999,7.));
#1721 = DIRECTION('',(0.,0.,1.));
#1722 = DIRECTION('',(1.,0.,0.));
#1723 = ADVANCED_FACE('',(#1724),#1750,.F.);
#1724 = FACE_BOUND('',#1725,.F.);
#1725 = EDGE_LOOP('',(#1726,#1737,#1743,#1744));
#1726 = ORIENTED_EDGE('',*,*,#1727,.F.);
#1727 = EDGE_CURVE('',#1728,#1730,#1732,.T.);
#1728 = VERTEX_POINT('',#1729);
#1729 = CARTESIAN_POINT('',(-11.,-18.575,7.));
#1730 = VERTEX_POINT('',#1731);
#1731 = CARTESIAN_POINT('',(-12.,-19.575,7.));
#1732 = CIRCLE('',#1733,1.);
#1733 = AXIS2_PLACEMENT_3D('',#1734,#1735,#1736);
#1734 = CARTESIAN_POINT('',(-11.,-19.575,7.));
#1735 = DIRECTION('',(0.,0.,1.));
#1736 = DIRECTION('',(1.,0.,0.));
#1737 = ORIENTED_EDGE('',*,*,#1738,.T.);
#1738 = EDGE_CURVE('',#1728,#467,#1739,.T.);
#1739 = LINE('',#1740,#1741);
#1740 = CARTESIAN_POINT('',(-11.,-18.575,7.));
#1741 = VECTOR('',#1742,1.);
#1742 = DIRECTION('',(-0.,-0.,-1.));
#1743 = ORIENTED_EDGE('',*,*,#466,.T.);
#1744 = ORIENTED_EDGE('',*,*,#1745,.F.);
#1745 = EDGE_CURVE('',#1730,#469,#1746,.T.);
#1746 = LINE('',#1747,#1748);
#1747 = CARTESIAN_POINT('',(-12.,-19.575,7.));
#1748 = VECTOR('',#1749,1.);
#1749 = DIRECTION('',(-0.,-0.,-1.));
#1750 = CYLINDRICAL_SURFACE('',#1751,1.);
#1751 = AXIS2_PLACEMENT_3D('',#1752,#1753,#1754);
#1752 = CARTESIAN_POINT('',(-11.,-19.575,7.));
#1753 = DIRECTION('',(0.,0.,1.));
#1754 = DIRECTION('',(1.,0.,0.));
#1755 = ADVANCED_FACE('',(#1756),#1774,.T.);
#1756 = FACE_BOUND('',#1757,.T.);
#1757 = EDGE_LOOP('',(#1758,#1766,#1767,#1768));
#1758 = ORIENTED_EDGE('',*,*,#1759,.F.);
#1759 = EDGE_CURVE('',#1728,#1760,#1762,.T.);
#1760 = VERTEX_POINT('',#1761);
#1761 = CARTESIAN_POINT('',(-3.,-18.575,7.));
#1762 = LINE('',#1763,#1764);
#1763 = CARTESIAN_POINT('',(-11.,-18.575,7.));
#1764 = VECTOR('',#1765,1.);
#1765 = DIRECTION('',(1.,0.,0.));
#1766 = ORIENTED_EDGE('',*,*,#1738,.T.);
#1767 = ORIENTED_EDGE('',*,*,#528,.F.);
#1768 = ORIENTED_EDGE('',*,*,#1769,.F.);
#1769 = EDGE_CURVE('',#1760,#520,#1770,.T.);
#1770 = LINE('',#1771,#1772);
#1771 = CARTESIAN_POINT('',(-3.,-18.575,7.));
#1772 = VECTOR('',#1773,1.);
#1773 = DIRECTION('',(-0.,-0.,-1.));
#1774 = PLANE('',#1775);
#1775 = AXIS2_PLACEMENT_3D('',#1776,#1777,#1778);
#1776 = CARTESIAN_POINT('',(-11.,-18.575,7.));
#1777 = DIRECTION('',(0.,-1.,0.));
#1778 = DIRECTION('',(1.,0.,0.));
#1779 = ADVANCED_FACE('',(#1780),#1798,.T.);
#1780 = FACE_BOUND('',#1781,.T.);
#1781 = EDGE_LOOP('',(#1782,#1790,#1796,#1797));
#1782 = ORIENTED_EDGE('',*,*,#1783,.F.);
#1783 = EDGE_CURVE('',#1784,#1730,#1786,.T.);
#1784 = VERTEX_POINT('',#1785);
#1785 = CARTESIAN_POINT('',(-12.,-20.825,7.));
#1786 = LINE('',#1787,#1788);
#1787 = CARTESIAN_POINT('',(-12.,-20.825,7.));
#1788 = VECTOR('',#1789,1.);
#1789 = DIRECTION('',(0.,1.,0.));
#1790 = ORIENTED_EDGE('',*,*,#1791,.T.);
#1791 = EDGE_CURVE('',#1784,#478,#1792,.T.);
#1792 = LINE('',#1793,#1794);
#1793 = CARTESIAN_POINT('',(-12.,-20.825,7.));
#1794 = VECTOR('',#1795,1.);
#1795 = DIRECTION('',(-0.,-0.,-1.));
#1796 = ORIENTED_EDGE('',*,*,#477,.F.);
#1797 = ORIENTED_EDGE('',*,*,#1745,.F.);
#1798 = PLANE('',#1799);
#1799 = AXIS2_PLACEMENT_3D('',#1800,#1801,#1802);
#1800 = CARTESIAN_POINT('',(-12.,-20.825,7.));
#1801 = DIRECTION('',(1.,0.,0.));
#1802 = DIRECTION('',(0.,1.,0.));
#1803 = ADVANCED_FACE('',(#1804),#1823,.F.);
#1804 = FACE_BOUND('',#1805,.F.);
#1805 = EDGE_LOOP('',(#1806,#1815,#1821,#1822));
#1806 = ORIENTED_EDGE('',*,*,#1807,.F.);
#1807 = EDGE_CURVE('',#1808,#1760,#1810,.T.);
#1808 = VERTEX_POINT('',#1809);
#1809 = CARTESIAN_POINT('',(-2.,-19.575,7.));
#1810 = CIRCLE('',#1811,1.);
#1811 = AXIS2_PLACEMENT_3D('',#1812,#1813,#1814);
#1812 = CARTESIAN_POINT('',(-3.,-19.575,7.));
#1813 = DIRECTION('',(0.,0.,1.));
#1814 = DIRECTION('',(1.,0.,0.));
#1815 = ORIENTED_EDGE('',*,*,#1816,.T.);
#1816 = EDGE_CURVE('',#1808,#512,#1817,.T.);
#1817 = LINE('',#1818,#1819);
#1818 = CARTESIAN_POINT('',(-2.,-19.575,7.));
#1819 = VECTOR('',#1820,1.);
#1820 = DIRECTION('',(-0.,-0.,-1.));
#1821 = ORIENTED_EDGE('',*,*,#519,.T.);
#1822 = ORIENTED_EDGE('',*,*,#1769,.F.);
#1823 = CYLINDRICAL_SURFACE('',#1824,1.);
#1824 = AXIS2_PLACEMENT_3D('',#1825,#1826,#1827);
#1825 = CARTESIAN_POINT('',(-3.,-19.575,7.));
#1826 = DIRECTION('',(0.,0.,1.));
#1827 = DIRECTION('',(1.,0.,0.));
#1828 = ADVANCED_FACE('',(#1829),#1848,.F.);
#1829 = FACE_BOUND('',#1830,.F.);
#1830 = EDGE_LOOP('',(#1831,#1840,#1841,#1842));
#1831 = ORIENTED_EDGE('',*,*,#1832,.F.);
#1832 = EDGE_CURVE('',#1784,#1833,#1835,.T.);
#1833 = VERTEX_POINT('',#1834);
#1834 = CARTESIAN_POINT('',(-11.,-21.825,7.));
#1835 = CIRCLE('',#1836,1.);
#1836 = AXIS2_PLACEMENT_3D('',#1837,#1838,#1839);
#1837 = CARTESIAN_POINT('',(-11.,-20.825,7.));
#1838 = DIRECTION('',(0.,0.,1.));
#1839 = DIRECTION('',(1.,0.,0.));
#1840 = ORIENTED_EDGE('',*,*,#1791,.T.);
#1841 = ORIENTED_EDGE('',*,*,#485,.T.);
#1842 = ORIENTED_EDGE('',*,*,#1843,.F.);
#1843 = EDGE_CURVE('',#1833,#486,#1844,.T.);
#1844 = LINE('',#1845,#1846);
#1845 = CARTESIAN_POINT('',(-11.,-21.825,7.));
#1846 = VECTOR('',#1847,1.);
#1847 = DIRECTION('',(-0.,-0.,-1.));
#1848 = CYLINDRICAL_SURFACE('',#1849,1.);
#1849 = AXIS2_PLACEMENT_3D('',#1850,#1851,#1852);
#1850 = CARTESIAN_POINT('',(-11.,-20.825,7.));
#1851 = DIRECTION('',(0.,0.,1.));
#1852 = DIRECTION('',(1.,0.,0.));
#1853 = ADVANCED_FACE('',(#1854),#1872,.T.);
#1854 = FACE_BOUND('',#1855,.T.);
#1855 = EDGE_LOOP('',(#1856,#1864,#1865,#1866));
#1856 = ORIENTED_EDGE('',*,*,#1857,.F.);
#1857 = EDGE_CURVE('',#1808,#1858,#1860,.T.);
#1858 = VERTEX_POINT('',#1859);
#1859 = CARTESIAN_POINT('',(-2.,-20.825,7.));
#1860 = LINE('',#1861,#1862);
#1861 = CARTESIAN_POINT('',(-2.,-19.575,7.));
#1862 = VECTOR('',#1863,1.);
#1863 = DIRECTION('',(0.,-1.,0.));
#1864 = ORIENTED_EDGE('',*,*,#1816,.T.);
#1865 = ORIENTED_EDGE('',*,*,#511,.F.);
#1866 = ORIENTED_EDGE('',*,*,#1867,.F.);
#1867 = EDGE_CURVE('',#1858,#503,#1868,.T.);
#1868 = LINE('',#1869,#1870);
#1869 = CARTESIAN_POINT('',(-2.,-20.825,7.));
#1870 = VECTOR('',#1871,1.);
#1871 = DIRECTION('',(-0.,-0.,-1.));
#1872 = PLANE('',#1873);
#1873 = AXIS2_PLACEMENT_3D('',#1874,#1875,#1876);
#1874 = CARTESIAN_POINT('',(-2.,-19.575,7.));
#1875 = DIRECTION('',(-1.,0.,0.));
#1876 = DIRECTION('',(0.,-1.,0.));
#1877 = ADVANCED_FACE('',(#1878),#1896,.T.);
#1878 = FACE_BOUND('',#1879,.T.);
#1879 = EDGE_LOOP('',(#1880,#1888,#1894,#1895));
#1880 = ORIENTED_EDGE('',*,*,#1881,.F.);
#1881 = EDGE_CURVE('',#1882,#1833,#1884,.T.);
#1882 = VERTEX_POINT('',#1883);
#1883 = CARTESIAN_POINT('',(-3.,-21.825,7.));
#1884 = LINE('',#1885,#1886);
#1885 = CARTESIAN_POINT('',(-3.,-21.825,7.));
#1886 = VECTOR('',#1887,1.);
#1887 = DIRECTION('',(-1.,0.,0.));
#1888 = ORIENTED_EDGE('',*,*,#1889,.T.);
#1889 = EDGE_CURVE('',#1882,#495,#1890,.T.);
#1890 = LINE('',#1891,#1892);
#1891 = CARTESIAN_POINT('',(-3.,-21.825,7.));
#1892 = VECTOR('',#1893,1.);
#1893 = DIRECTION('',(-0.,-0.,-1.));
#1894 = ORIENTED_EDGE('',*,*,#494,.F.);
#1895 = ORIENTED_EDGE('',*,*,#1843,.F.);
#1896 = PLANE('',#1897);
#1897 = AXIS2_PLACEMENT_3D('',#1898,#1899,#1900);
#1898 = CARTESIAN_POINT('',(-3.,-21.825,7.));
#1899 = DIRECTION('',(0.,1.,0.));
#1900 = DIRECTION('',(-1.,0.,0.));
#1901 = ADVANCED_FACE('',(#1902),#1914,.F.);
#1902 = FACE_BOUND('',#1903,.F.);
#1903 = EDGE_LOOP('',(#1904,#1911,#1912,#1913));
#1904 = ORIENTED_EDGE('',*,*,#1905,.F.);
#1905 = EDGE_CURVE('',#1882,#1858,#1906,.T.);
#1906 = CIRCLE('',#1907,1.);
#1907 = AXIS2_PLACEMENT_3D('',#1908,#1909,#1910);
#1908 = CARTESIAN_POINT('',(-3.,-20.825,7.));
#1909 = DIRECTION('',(0.,0.,1.));
#1910 = DIRECTION('',(1.,0.,0.));
#1911 = ORIENTED_EDGE('',*,*,#1889,.T.);
#1912 = ORIENTED_EDGE('',*,*,#502,.T.);
#1913 = ORIENTED_EDGE('',*,*,#1867,.F.);
#1914 = CYLINDRICAL_SURFACE('',#1915,1.);
#1915 = AXIS2_PLACEMENT_3D('',#1916,#1917,#1918);
#1916 = CARTESIAN_POINT('',(-3.,-20.825,7.));
#1917 = DIRECTION('',(0.,0.,1.));
#1918 = DIRECTION('',(1.,0.,0.));
#1919 = ADVANCED_FACE('',(#1920),#1945,.T.);
#1920 = FACE_BOUND('',#1921,.T.);
#1921 = EDGE_LOOP('',(#1922,#1930,#1931,#1939));
#1922 = ORIENTED_EDGE('',*,*,#1923,.F.);
#1923 = EDGE_CURVE('',#537,#1924,#1926,.T.);
#1924 = VERTEX_POINT('',#1925);
#1925 = CARTESIAN_POINT('',(-4.,6.75,2.));
#1926 = LINE('',#1927,#1928);
#1927 = CARTESIAN_POINT('',(-4.,7.25,1.5));
#1928 = VECTOR('',#1929,1.);
#1929 = DIRECTION('',(0.,-0.707106781187,0.707106781187));
#1930 = ORIENTED_EDGE('',*,*,#536,.T.);
#1931 = ORIENTED_EDGE('',*,*,#1932,.T.);
#1932 = EDGE_CURVE('',#539,#1933,#1935,.T.);
#1933 = VERTEX_POINT('',#1934);
#1934 = CARTESIAN_POINT('',(22.,6.75,2.));
#1935 = LINE('',#1936,#1937);
#1936 = CARTESIAN_POINT('',(22.,7.25,1.5));
#1937 = VECTOR('',#1938,1.);
#1938 = DIRECTION('',(0.,-0.707106781187,0.707106781187));
#1939 = ORIENTED_EDGE('',*,*,#1940,.F.);
#1940 = EDGE_CURVE('',#1924,#1933,#1941,.T.);
#1941 = LINE('',#1942,#1943);
#1942 = CARTESIAN_POINT('',(-4.,6.75,2.));
#1943 = VECTOR('',#1944,1.);
#1944 = DIRECTION('',(1.,0.,0.));
#1945 = PLANE('',#1946);
#1946 = AXIS2_PLACEMENT_3D('',#1947,#1948,#1949);
#1947 = CARTESIAN_POINT('',(-4.,7.25,1.5));
#1948 = DIRECTION('',(0.,-0.707106781187,-0.707106781187));
#1949 = DIRECTION('',(1.,0.,0.));
#1950 = ADVANCED_FACE('',(#1951),#1970,.F.);
#1951 = FACE_BOUND('',#1952,.T.);
#1952 = EDGE_LOOP('',(#1953,#1961,#1962,#1963));
#1953 = ORIENTED_EDGE('',*,*,#1954,.F.);
#1954 = EDGE_CURVE('',#547,#1955,#1957,.T.);
#1955 = VERTEX_POINT('',#1956);
#1956 = CARTESIAN_POINT('',(-9.,1.75,2.));
#1957 = LINE('',#1958,#1959);
#1958 = CARTESIAN_POINT('',(-9.5,1.75,1.5));
#1959 = VECTOR('',#1960,1.);
#1960 = DIRECTION('',(0.707106781187,0.,0.707106781187));
#1961 = ORIENTED_EDGE('',*,*,#546,.T.);
#1962 = ORIENTED_EDGE('',*,*,#1923,.T.);
#1963 = ORIENTED_EDGE('',*,*,#1964,.F.);
#1964 = EDGE_CURVE('',#1955,#1924,#1965,.T.);
#1965 = CIRCLE('',#1966,5.);
#1966 = AXIS2_PLACEMENT_3D('',#1967,#1968,#1969);
#1967 = CARTESIAN_POINT('',(-4.,1.75,2.));
#1968 = DIRECTION('',(0.,0.,-1.));
#1969 = DIRECTION('',(-1.,-9.E-17,-0.));
#1970 = CONICAL_SURFACE('',#1971,5.,0.785398163397);
#1971 = AXIS2_PLACEMENT_3D('',#1972,#1973,#1974);
#1972 = CARTESIAN_POINT('',(-4.,1.75,2.));
#1973 = DIRECTION('',(-0.,-0.,-1.));
#1974 = DIRECTION('',(-1.,-9.E-17,-0.));
#1975 = ADVANCED_FACE('',(#1976),#1995,.F.);
#1976 = FACE_BOUND('',#1977,.T.);
#1977 = EDGE_LOOP('',(#1978,#1979,#1980,#1988));
#1978 = ORIENTED_EDGE('',*,*,#1932,.F.);
#1979 = ORIENTED_EDGE('',*,*,#597,.T.);
#1980 = ORIENTED_EDGE('',*,*,#1981,.T.);
#1981 = EDGE_CURVE('',#590,#1982,#1984,.T.);
#1982 = VERTEX_POINT('',#1983);
#1983 = CARTESIAN_POINT('',(26.,2.75,2.));
#1984 = LINE('',#1985,#1986);
#1985 = CARTESIAN_POINT('',(26.,2.75,2.));
#1986 = VECTOR('',#1987,1.);
#1987 = DIRECTION('',(-0.707106781187,-4.E-17,0.707106781187));
#1988 = ORIENTED_EDGE('',*,*,#1989,.F.);
#1989 = EDGE_CURVE('',#1933,#1982,#1990,.T.);
#1990 = CIRCLE('',#1991,4.);
#1991 = AXIS2_PLACEMENT_3D('',#1992,#1993,#1994);
#1992 = CARTESIAN_POINT('',(22.,2.75,2.));
#1993 = DIRECTION('',(0.,0.,-1.));
#1994 = DIRECTION('',(0.,1.,0.));
#1995 = CONICAL_SURFACE('',#1996,4.,0.785398163397);
#1996 = AXIS2_PLACEMENT_3D('',#1997,#1998,#1999);
#1997 = CARTESIAN_POINT('',(22.,2.75,2.));
#1998 = DIRECTION('',(-0.,-0.,-1.));
#1999 = DIRECTION('',(0.,1.,0.));
#2000 = ADVANCED_FACE('',(#2001),#2019,.F.);
#2001 = FACE_BOUND('',#2002,.T.);
#2002 = EDGE_LOOP('',(#2003,#2011,#2012,#2013));
#2003 = ORIENTED_EDGE('',*,*,#2004,.F.);
#2004 = EDGE_CURVE('',#556,#2005,#2007,.T.);
#2005 = VERTEX_POINT('',#2006);
#2006 = CARTESIAN_POINT('',(-9.,-11.25,2.));
#2007 = LINE('',#2008,#2009);
#2008 = CARTESIAN_POINT('',(-9.,-11.25,2.));
#2009 = VECTOR('',#2010,1.);
#2010 = DIRECTION('',(0.707106781187,1.1E-16,0.707106781187));
#2011 = ORIENTED_EDGE('',*,*,#555,.T.);
#2012 = ORIENTED_EDGE('',*,*,#1954,.T.);
#2013 = ORIENTED_EDGE('',*,*,#2014,.F.);
#2014 = EDGE_CURVE('',#2005,#1955,#2015,.T.);
#2015 = LINE('',#2016,#2017);
#2016 = CARTESIAN_POINT('',(-9.,-11.25,2.));
#2017 = VECTOR('',#2018,1.);
#2018 = DIRECTION('',(0.,1.,0.));
#2019 = PLANE('',#2020);
#2020 = AXIS2_PLACEMENT_3D('',#2021,#2022,#2023);
#2021 = CARTESIAN_POINT('',(-9.5,-11.25,1.5));
#2022 = DIRECTION('',(-0.707106781187,0.,0.707106781187));
#2023 = DIRECTION('',(-0.,-1.,-0.));
#2024 = ADVANCED_FACE('',(#2025),#2043,.F.);
#2025 = FACE_BOUND('',#2026,.T.);
#2026 = EDGE_LOOP('',(#2027,#2028,#2029,#2037));
#2027 = ORIENTED_EDGE('',*,*,#1981,.F.);
#2028 = ORIENTED_EDGE('',*,*,#589,.T.);
#2029 = ORIENTED_EDGE('',*,*,#2030,.T.);
#2030 = EDGE_CURVE('',#581,#2031,#2033,.T.);
#2031 = VERTEX_POINT('',#2032);
#2032 = CARTESIAN_POINT('',(26.,-12.25,2.));
#2033 = LINE('',#2034,#2035);
#2034 = CARTESIAN_POINT('',(26.5,-12.25,1.5));
#2035 = VECTOR('',#2036,1.);
#2036 = DIRECTION('',(-0.707106781187,0.,0.707106781187));
#2037 = ORIENTED_EDGE('',*,*,#2038,.F.);
#2038 = EDGE_CURVE('',#1982,#2031,#2039,.T.);
#2039 = LINE('',#2040,#2041);
#2040 = CARTESIAN_POINT('',(26.,2.75,2.));
#2041 = VECTOR('',#2042,1.);
#2042 = DIRECTION('',(0.,-1.,0.));
#2043 = PLANE('',#2044);
#2044 = AXIS2_PLACEMENT_3D('',#2045,#2046,#2047);
#2045 = CARTESIAN_POINT('',(26.5,2.75,1.5));
#2046 = DIRECTION('',(0.707106781187,0.,0.707106781187));
#2047 = DIRECTION('',(0.,1.,0.));
#2048 = ADVANCED_FACE('',(#2049),#2068,.F.);
#2049 = FACE_BOUND('',#2050,.T.);
#2050 = EDGE_LOOP('',(#2051,#2059,#2060,#2061));
#2051 = ORIENTED_EDGE('',*,*,#2052,.F.);
#2052 = EDGE_CURVE('',#564,#2053,#2055,.T.);
#2053 = VERTEX_POINT('',#2054);
#2054 = CARTESIAN_POINT('',(-4.,-16.25,2.));
#2055 = LINE('',#2056,#2057);
#2056 = CARTESIAN_POINT('',(-4.,-16.75,1.5));
#2057 = VECTOR('',#2058,1.);
#2058 = DIRECTION('',(0.,0.707106781187,0.707106781187));
#2059 = ORIENTED_EDGE('',*,*,#563,.T.);
#2060 = ORIENTED_EDGE('',*,*,#2004,.T.);
#2061 = ORIENTED_EDGE('',*,*,#2062,.F.);
#2062 = EDGE_CURVE('',#2053,#2005,#2063,.T.);
#2063 = CIRCLE('',#2064,5.);
#2064 = AXIS2_PLACEMENT_3D('',#2065,#2066,#2067);
#2065 = CARTESIAN_POINT('',(-4.,-11.25,2.));
#2066 = DIRECTION('',(0.,0.,-1.));
#2067 = DIRECTION('',(9.E-17,-1.,0.));
#2068 = CONICAL_SURFACE('',#2069,5.,0.785398163397);
#2069 = AXIS2_PLACEMENT_3D('',#2070,#2071,#2072);
#2070 = CARTESIAN_POINT('',(-4.,-11.25,2.));
#2071 = DIRECTION('',(-0.,-0.,-1.));
#2072 = DIRECTION('',(9.E-17,-1.,0.));
#2073 = ADVANCED_FACE('',(#2074),#2093,.F.);
#2074 = FACE_BOUND('',#2075,.T.);
#2075 = EDGE_LOOP('',(#2076,#2077,#2078,#2086));
#2076 = ORIENTED_EDGE('',*,*,#2030,.F.);
#2077 = ORIENTED_EDGE('',*,*,#580,.T.);
#2078 = ORIENTED_EDGE('',*,*,#2079,.T.);
#2079 = EDGE_CURVE('',#573,#2080,#2082,.T.);
#2080 = VERTEX_POINT('',#2081);
#2081 = CARTESIAN_POINT('',(22.,-16.25,2.));
#2082 = LINE('',#2083,#2084);
#2083 = CARTESIAN_POINT('',(22.,-16.25,2.));
#2084 = VECTOR('',#2085,1.);
#2085 = DIRECTION('',(2.7E-16,0.707106781187,0.707106781187));
#2086 = ORIENTED_EDGE('',*,*,#2087,.F.);
#2087 = EDGE_CURVE('',#2031,#2080,#2088,.T.);
#2088 = CIRCLE('',#2089,4.);
#2089 = AXIS2_PLACEMENT_3D('',#2090,#2091,#2092);
#2090 = CARTESIAN_POINT('',(22.,-12.25,2.));
#2091 = DIRECTION('',(0.,0.,-1.));
#2092 = DIRECTION('',(1.,0.,0.));
#2093 = CONICAL_SURFACE('',#2094,4.,0.785398163397);
#2094 = AXIS2_PLACEMENT_3D('',#2095,#2096,#2097);
#2095 = CARTESIAN_POINT('',(22.,-12.25,2.));
#2096 = DIRECTION('',(-0.,-0.,-1.));
#2097 = DIRECTION('',(1.,0.,0.));
#2098 = ADVANCED_FACE('',(#2099),#2110,.T.);
#2099 = FACE_BOUND('',#2100,.T.);
#2100 = EDGE_LOOP('',(#2101,#2102,#2103,#2104));
#2101 = ORIENTED_EDGE('',*,*,#2079,.F.);
#2102 = ORIENTED_EDGE('',*,*,#572,.T.);
#2103 = ORIENTED_EDGE('',*,*,#2052,.T.);
#2104 = ORIENTED_EDGE('',*,*,#2105,.F.);
#2105 = EDGE_CURVE('',#2080,#2053,#2106,.T.);
#2106 = LINE('',#2107,#2108);
#2107 = CARTESIAN_POINT('',(22.,-16.25,2.));
#2108 = VECTOR('',#2109,1.);
#2109 = DIRECTION('',(-1.,0.,0.));
#2110 = PLANE('',#2111);
#2111 = AXIS2_PLACEMENT_3D('',#2112,#2113,#2114);
#2112 = CARTESIAN_POINT('',(22.,-16.75,1.5));
#2113 = DIRECTION('',(0.,0.707106781187,-0.707106781187));
#2114 = DIRECTION('',(-1.,0.,0.));
#2115 = ADVANCED_FACE('',(#2116),#2141,.F.);
#2116 = FACE_BOUND('',#2117,.F.);
#2117 = EDGE_LOOP('',(#2118,#2128,#2134,#2135));
#2118 = ORIENTED_EDGE('',*,*,#2119,.F.);
#2119 = EDGE_CURVE('',#2120,#2122,#2124,.T.);
#2120 = VERTEX_POINT('',#2121);
#2121 = CARTESIAN_POINT('',(20.,9.075,7.));
#2122 = VERTEX_POINT('',#2123);
#2123 = CARTESIAN_POINT('',(28.,9.075,7.));
#2124 = LINE('',#2125,#2126);
#2125 = CARTESIAN_POINT('',(20.,9.075,7.));
#2126 = VECTOR('',#2127,1.);
#2127 = DIRECTION('',(1.,0.,0.));
#2128 = ORIENTED_EDGE('',*,*,#2129,.T.);
#2129 = EDGE_CURVE('',#2120,#609,#2130,.T.);
#2130 = LINE('',#2131,#2132);
#2131 = CARTESIAN_POINT('',(20.,9.075,7.));
#2132 = VECTOR('',#2133,1.);
#2133 = DIRECTION('',(-0.,-0.,-1.));
#2134 = ORIENTED_EDGE('',*,*,#606,.F.);
#2135 = ORIENTED_EDGE('',*,*,#2136,.F.);
#2136 = EDGE_CURVE('',#2122,#607,#2137,.T.);
#2137 = LINE('',#2138,#2139);
#2138 = CARTESIAN_POINT('',(28.,9.075,7.));
#2139 = VECTOR('',#2140,1.);
#2140 = DIRECTION('',(-0.,-0.,-1.));
#2141 = PLANE('',#2142);
#2142 = AXIS2_PLACEMENT_3D('',#2143,#2144,#2145);
#2143 = CARTESIAN_POINT('',(20.,9.075,7.));
#2144 = DIRECTION('',(0.,-1.,0.));
#2145 = DIRECTION('',(1.,0.,0.));
#2146 = ADVANCED_FACE('',(#2147),#2166,.F.);
#2147 = FACE_BOUND('',#2148,.F.);
#2148 = EDGE_LOOP('',(#2149,#2158,#2159,#2160));
#2149 = ORIENTED_EDGE('',*,*,#2150,.F.);
#2150 = EDGE_CURVE('',#2122,#2151,#2153,.T.);
#2151 = VERTEX_POINT('',#2152);
#2152 = CARTESIAN_POINT('',(29.,10.075,7.));
#2153 = CIRCLE('',#2154,1.);
#2154 = AXIS2_PLACEMENT_3D('',#2155,#2156,#2157);
#2155 = CARTESIAN_POINT('',(28.,10.075,7.));
#2156 = DIRECTION('',(0.,0.,1.));
#2157 = DIRECTION('',(1.,0.,0.));
#2158 = ORIENTED_EDGE('',*,*,#2136,.T.);
#2159 = ORIENTED_EDGE('',*,*,#616,.T.);
#2160 = ORIENTED_EDGE('',*,*,#2161,.F.);
#2161 = EDGE_CURVE('',#2151,#617,#2162,.T.);
#2162 = LINE('',#2163,#2164);
#2163 = CARTESIAN_POINT('',(29.,10.075,7.));
#2164 = VECTOR('',#2165,1.);
#2165 = DIRECTION('',(-0.,-0.,-1.));
#2166 = CYLINDRICAL_SURFACE('',#2167,1.);
#2167 = AXIS2_PLACEMENT_3D('',#2168,#2169,#2170);
#2168 = CARTESIAN_POINT('',(28.,10.075,7.));
#2169 = DIRECTION('',(0.,0.,1.));
#2170 = DIRECTION('',(1.,0.,0.));
#2171 = ADVANCED_FACE('',(#2172),#2191,.F.);
#2172 = FACE_BOUND('',#2173,.F.);
#2173 = EDGE_LOOP('',(#2174,#2183,#2189,#2190));
#2174 = ORIENTED_EDGE('',*,*,#2175,.F.);
#2175 = EDGE_CURVE('',#2176,#2120,#2178,.T.);
#2176 = VERTEX_POINT('',#2177);
#2177 = CARTESIAN_POINT('',(19.,10.075,7.));
#2178 = CIRCLE('',#2179,1.);
#2179 = AXIS2_PLACEMENT_3D('',#2180,#2181,#2182);
#2180 = CARTESIAN_POINT('',(20.,10.075,7.));
#2181 = DIRECTION('',(0.,0.,1.));
#2182 = DIRECTION('',(1.,0.,0.));
#2183 = ORIENTED_EDGE('',*,*,#2184,.T.);
#2184 = EDGE_CURVE('',#2176,#660,#2185,.T.);
#2185 = LINE('',#2186,#2187);
#2186 = CARTESIAN_POINT('',(19.,10.075,7.));
#2187 = VECTOR('',#2188,1.);
#2188 = DIRECTION('',(-0.,-0.,-1.));
#2189 = ORIENTED_EDGE('',*,*,#667,.T.);
#2190 = ORIENTED_EDGE('',*,*,#2129,.F.);
#2191 = CYLINDRICAL_SURFACE('',#2192,1.);
#2192 = AXIS2_PLACEMENT_3D('',#2193,#2194,#2195);
#2193 = CARTESIAN_POINT('',(20.,10.075,7.));
#2194 = DIRECTION('',(0.,0.,1.));
#2195 = DIRECTION('',(1.,0.,0.));
#2196 = ADVANCED_FACE('',(#2197),#2215,.F.);
#2197 = FACE_BOUND('',#2198,.F.);
#2198 = EDGE_LOOP('',(#2199,#2207,#2208,#2209));
#2199 = ORIENTED_EDGE('',*,*,#2200,.F.);
#2200 = EDGE_CURVE('',#2151,#2201,#2203,.T.);
#2201 = VERTEX_POINT('',#2202);
#2202 = CARTESIAN_POINT('',(29.,11.325,7.));
#2203 = LINE('',#2204,#2205);
#2204 = CARTESIAN_POINT('',(29.,10.075,7.));
#2205 = VECTOR('',#2206,1.);
#2206 = DIRECTION('',(0.,1.,0.));
#2207 = ORIENTED_EDGE('',*,*,#2161,.T.);
#2208 = ORIENTED_EDGE('',*,*,#625,.F.);
#2209 = ORIENTED_EDGE('',*,*,#2210,.F.);
#2210 = EDGE_CURVE('',#2201,#626,#2211,.T.);
#2211 = LINE('',#2212,#2213);
#2212 = CARTESIAN_POINT('',(29.,11.325,7.));
#2213 = VECTOR('',#2214,1.);
#2214 = DIRECTION('',(-0.,-0.,-1.));
#2215 = PLANE('',#2216);
#2216 = AXIS2_PLACEMENT_3D('',#2217,#2218,#2219);
#2217 = CARTESIAN_POINT('',(29.,10.075,7.));
#2218 = DIRECTION('',(1.,0.,0.));
#2219 = DIRECTION('',(0.,1.,0.));
#2220 = ADVANCED_FACE('',(#2221),#2239,.F.);
#2221 = FACE_BOUND('',#2222,.F.);
#2222 = EDGE_LOOP('',(#2223,#2231,#2237,#2238));
#2223 = ORIENTED_EDGE('',*,*,#2224,.F.);
#2224 = EDGE_CURVE('',#2225,#2176,#2227,.T.);
#2225 = VERTEX_POINT('',#2226);
#2226 = CARTESIAN_POINT('',(19.,11.325,7.));
#2227 = LINE('',#2228,#2229);
#2228 = CARTESIAN_POINT('',(19.,11.325,7.));
#2229 = VECTOR('',#2230,1.);
#2230 = DIRECTION('',(0.,-1.,0.));
#2231 = ORIENTED_EDGE('',*,*,#2232,.T.);
#2232 = EDGE_CURVE('',#2225,#651,#2233,.T.);
#2233 = LINE('',#2234,#2235);
#2234 = CARTESIAN_POINT('',(19.,11.325,7.));
#2235 = VECTOR('',#2236,1.);
#2236 = DIRECTION('',(-0.,-0.,-1.));
#2237 = ORIENTED_EDGE('',*,*,#659,.F.);
#2238 = ORIENTED_EDGE('',*,*,#2184,.F.);
#2239 = PLANE('',#2240);
#2240 = AXIS2_PLACEMENT_3D('',#2241,#2242,#2243);
#2241 = CARTESIAN_POINT('',(19.,11.325,7.));
#2242 = DIRECTION('',(-1.,0.,0.));
#2243 = DIRECTION('',(0.,-1.,0.));
#2244 = ADVANCED_FACE('',(#2245),#2264,.F.);
#2245 = FACE_BOUND('',#2246,.F.);
#2246 = EDGE_LOOP('',(#2247,#2256,#2257,#2258));
#2247 = ORIENTED_EDGE('',*,*,#2248,.F.);
#2248 = EDGE_CURVE('',#2201,#2249,#2251,.T.);
#2249 = VERTEX_POINT('',#2250);
#2250 = CARTESIAN_POINT('',(28.,12.325,7.));
#2251 = CIRCLE('',#2252,1.);
#2252 = AXIS2_PLACEMENT_3D('',#2253,#2254,#2255);
#2253 = CARTESIAN_POINT('',(28.,11.325,7.));
#2254 = DIRECTION('',(0.,0.,1.));
#2255 = DIRECTION('',(1.,0.,0.));
#2256 = ORIENTED_EDGE('',*,*,#2210,.T.);
#2257 = ORIENTED_EDGE('',*,*,#633,.T.);
#2258 = ORIENTED_EDGE('',*,*,#2259,.F.);
#2259 = EDGE_CURVE('',#2249,#634,#2260,.T.);
#2260 = LINE('',#2261,#2262);
#2261 = CARTESIAN_POINT('',(28.,12.325,7.));
#2262 = VECTOR('',#2263,1.);
#2263 = DIRECTION('',(-0.,-0.,-1.));
#2264 = CYLINDRICAL_SURFACE('',#2265,1.);
#2265 = AXIS2_PLACEMENT_3D('',#2266,#2267,#2268);
#2266 = CARTESIAN_POINT('',(28.,11.325,7.));
#2267 = DIRECTION('',(0.,0.,1.));
#2268 = DIRECTION('',(1.,0.,0.));
#2269 = ADVANCED_FACE('',(#2270),#2289,.F.);
#2270 = FACE_BOUND('',#2271,.F.);
#2271 = EDGE_LOOP('',(#2272,#2281,#2287,#2288));
#2272 = ORIENTED_EDGE('',*,*,#2273,.F.);
#2273 = EDGE_CURVE('',#2274,#2225,#2276,.T.);
#2274 = VERTEX_POINT('',#2275);
#2275 = CARTESIAN_POINT('',(20.,12.325,7.));
#2276 = CIRCLE('',#2277,1.);
#2277 = AXIS2_PLACEMENT_3D('',#2278,#2279,#2280);
#2278 = CARTESIAN_POINT('',(20.,11.325,7.));
#2279 = DIRECTION('',(0.,0.,1.));
#2280 = DIRECTION('',(1.,0.,0.));
#2281 = ORIENTED_EDGE('',*,*,#2282,.T.);
#2282 = EDGE_CURVE('',#2274,#643,#2283,.T.);
#2283 = LINE('',#2284,#2285);
#2284 = CARTESIAN_POINT('',(20.,12.325,7.));
#2285 = VECTOR('',#2286,1.);
#2286 = DIRECTION('',(-0.,-0.,-1.));
#2287 = ORIENTED_EDGE('',*,*,#650,.T.);
#2288 = ORIENTED_EDGE('',*,*,#2232,.F.);
#2289 = CYLINDRICAL_SURFACE('',#2290,1.);
#2290 = AXIS2_PLACEMENT_3D('',#2291,#2292,#2293);
#2291 = CARTESIAN_POINT('',(20.,11.325,7.));
#2292 = DIRECTION('',(0.,0.,1.));
#2293 = DIRECTION('',(1.,0.,0.));
#2294 = ADVANCED_FACE('',(#2295),#2306,.F.);
#2295 = FACE_BOUND('',#2296,.F.);
#2296 = EDGE_LOOP('',(#2297,#2303,#2304,#2305));
#2297 = ORIENTED_EDGE('',*,*,#2298,.F.);
#2298 = EDGE_CURVE('',#2249,#2274,#2299,.T.);
#2299 = LINE('',#2300,#2301);
#2300 = CARTESIAN_POINT('',(28.,12.325,7.));
#2301 = VECTOR('',#2302,1.);
#2302 = DIRECTION('',(-1.,0.,0.));
#2303 = ORIENTED_EDGE('',*,*,#2259,.T.);
#2304 = ORIENTED_EDGE('',*,*,#642,.F.);
#2305 = ORIENTED_EDGE('',*,*,#2282,.F.);
#2306 = PLANE('',#2307);
#2307 = AXIS2_PLACEMENT_3D('',#2308,#2309,#2310);
#2308 = CARTESIAN_POINT('',(28.,12.325,7.));
#2309 = DIRECTION('',(0.,1.,0.));
#2310 = DIRECTION('',(-1.,0.,0.));
#2311 = ADVANCED_FACE('',(#2312),#2337,.F.);
#2312 = FACE_BOUND('',#2313,.F.);
#2313 = EDGE_LOOP('',(#2314,#2324,#2330,#2331));
#2314 = ORIENTED_EDGE('',*,*,#2315,.F.);
#2315 = EDGE_CURVE('',#2316,#2318,#2320,.T.);
#2316 = VERTEX_POINT('',#2317);
#2317 = CARTESIAN_POINT('',(-11.,9.075,7.));
#2318 = VERTEX_POINT('',#2319);
#2319 = CARTESIAN_POINT('',(-3.,9.075,7.));
#2320 = LINE('',#2321,#2322);
#2321 = CARTESIAN_POINT('',(-11.,9.075,7.));
#2322 = VECTOR('',#2323,1.);
#2323 = DIRECTION('',(1.,0.,0.));
#2324 = ORIENTED_EDGE('',*,*,#2325,.T.);
#2325 = EDGE_CURVE('',#2316,#679,#2326,.T.);
#2326 = LINE('',#2327,#2328);
#2327 = CARTESIAN_POINT('',(-11.,9.075,7.));
#2328 = VECTOR('',#2329,1.);
#2329 = DIRECTION('',(-0.,-0.,-1.));
#2330 = ORIENTED_EDGE('',*,*,#676,.F.);
#2331 = ORIENTED_EDGE('',*,*,#2332,.F.);
#2332 = EDGE_CURVE('',#2318,#677,#2333,.T.);
#2333 = LINE('',#2334,#2335);
#2334 = CARTESIAN_POINT('',(-3.,9.075,7.));
#2335 = VECTOR('',#2336,1.);
#2336 = DIRECTION('',(-0.,-0.,-1.));
#2337 = PLANE('',#2338);
#2338 = AXIS2_PLACEMENT_3D('',#2339,#2340,#2341);
#2339 = CARTESIAN_POINT('',(-11.,9.075,7.));
#2340 = DIRECTION('',(0.,-1.,0.));
#2341 = DIRECTION('',(1.,0.,0.));
#2342 = ADVANCED_FACE('',(#2343),#2362,.F.);
#2343 = FACE_BOUND('',#2344,.F.);
#2344 = EDGE_LOOP('',(#2345,#2354,#2355,#2356));
#2345 = ORIENTED_EDGE('',*,*,#2346,.F.);
#2346 = EDGE_CURVE('',#2318,#2347,#2349,.T.);
#2347 = VERTEX_POINT('',#2348);
#2348 = CARTESIAN_POINT('',(-2.,10.075,7.));
#2349 = CIRCLE('',#2350,1.);
#2350 = AXIS2_PLACEMENT_3D('',#2351,#2352,#2353);
#2351 = CARTESIAN_POINT('',(-3.,10.075,7.));
#2352 = DIRECTION('',(0.,0.,1.));
#2353 = DIRECTION('',(1.,0.,0.));
#2354 = ORIENTED_EDGE('',*,*,#2332,.T.);
#2355 = ORIENTED_EDGE('',*,*,#686,.T.);
#2356 = ORIENTED_EDGE('',*,*,#2357,.F.);
#2357 = EDGE_CURVE('',#2347,#687,#2358,.T.);
#2358 = LINE('',#2359,#2360);
#2359 = CARTESIAN_POINT('',(-2.,10.075,7.));
#2360 = VECTOR('',#2361,1.);
#2361 = DIRECTION('',(-0.,-0.,-1.));
#2362 = CYLINDRICAL_SURFACE('',#2363,1.);
#2363 = AXIS2_PLACEMENT_3D('',#2364,#2365,#2366);
#2364 = CARTESIAN_POINT('',(-3.,10.075,7.));
#2365 = DIRECTION('',(0.,0.,1.));
#2366 = DIRECTION('',(1.,0.,0.));
#2367 = ADVANCED_FACE('',(#2368),#2387,.F.);
#2368 = FACE_BOUND('',#2369,.F.);
#2369 = EDGE_LOOP('',(#2370,#2379,#2385,#2386));
#2370 = ORIENTED_EDGE('',*,*,#2371,.F.);
#2371 = EDGE_CURVE('',#2372,#2316,#2374,.T.);
#2372 = VERTEX_POINT('',#2373);
#2373 = CARTESIAN_POINT('',(-12.,10.075,7.));
#2374 = CIRCLE('',#2375,1.);
#2375 = AXIS2_PLACEMENT_3D('',#2376,#2377,#2378);
#2376 = CARTESIAN_POINT('',(-11.,10.075,7.));
#2377 = DIRECTION('',(0.,0.,1.));
#2378 = DIRECTION('',(1.,0.,0.));
#2379 = ORIENTED_EDGE('',*,*,#2380,.T.);
#2380 = EDGE_CURVE('',#2372,#730,#2381,.T.);
#2381 = LINE('',#2382,#2383);
#2382 = CARTESIAN_POINT('',(-12.,10.075,7.));
#2383 = VECTOR('',#2384,1.);
#2384 = DIRECTION('',(-0.,-0.,-1.));
#2385 = ORIENTED_EDGE('',*,*,#737,.T.);
#2386 = ORIENTED_EDGE('',*,*,#2325,.F.);
#2387 = CYLINDRICAL_SURFACE('',#2388,1.);
#2388 = AXIS2_PLACEMENT_3D('',#2389,#2390,#2391);
#2389 = CARTESIAN_POINT('',(-11.,10.075,7.));
#2390 = DIRECTION('',(0.,0.,1.));
#2391 = DIRECTION('',(1.,0.,0.));
#2392 = ADVANCED_FACE('',(#2393),#2411,.F.);
#2393 = FACE_BOUND('',#2394,.F.);
#2394 = EDGE_LOOP('',(#2395,#2403,#2404,#2405));
#2395 = ORIENTED_EDGE('',*,*,#2396,.F.);
#2396 = EDGE_CURVE('',#2347,#2397,#2399,.T.);
#2397 = VERTEX_POINT('',#2398);
#2398 = CARTESIAN_POINT('',(-2.,11.325,7.));
#2399 = LINE('',#2400,#2401);
#2400 = CARTESIAN_POINT('',(-2.,10.075,7.));
#2401 = VECTOR('',#2402,1.);
#2402 = DIRECTION('',(0.,1.,0.));
#2403 = ORIENTED_EDGE('',*,*,#2357,.T.);
#2404 = ORIENTED_EDGE('',*,*,#695,.F.);
#2405 = ORIENTED_EDGE('',*,*,#2406,.F.);
#2406 = EDGE_CURVE('',#2397,#696,#2407,.T.);
#2407 = LINE('',#2408,#2409);
#2408 = CARTESIAN_POINT('',(-2.,11.325,7.));
#2409 = VECTOR('',#2410,1.);
#2410 = DIRECTION('',(-0.,-0.,-1.));
#2411 = PLANE('',#2412);
#2412 = AXIS2_PLACEMENT_3D('',#2413,#2414,#2415);
#2413 = CARTESIAN_POINT('',(-2.,10.075,7.));
#2414 = DIRECTION('',(1.,0.,0.));
#2415 = DIRECTION('',(0.,1.,0.));
#2416 = ADVANCED_FACE('',(#2417),#2435,.F.);
#2417 = FACE_BOUND('',#2418,.F.);
#2418 = EDGE_LOOP('',(#2419,#2427,#2433,#2434));
#2419 = ORIENTED_EDGE('',*,*,#2420,.F.);
#2420 = EDGE_CURVE('',#2421,#2372,#2423,.T.);
#2421 = VERTEX_POINT('',#2422);
#2422 = CARTESIAN_POINT('',(-12.,11.325,7.));
#2423 = LINE('',#2424,#2425);
#2424 = CARTESIAN_POINT('',(-12.,11.325,7.));
#2425 = VECTOR('',#2426,1.);
#2426 = DIRECTION('',(0.,-1.,0.));
#2427 = ORIENTED_EDGE('',*,*,#2428,.T.);
#2428 = EDGE_CURVE('',#2421,#721,#2429,.T.);
#2429 = LINE('',#2430,#2431);
#2430 = CARTESIAN_POINT('',(-12.,11.325,7.));
#2431 = VECTOR('',#2432,1.);
#2432 = DIRECTION('',(-0.,-0.,-1.));
#2433 = ORIENTED_EDGE('',*,*,#729,.F.);
#2434 = ORIENTED_EDGE('',*,*,#2380,.F.);
#2435 = PLANE('',#2436);
#2436 = AXIS2_PLACEMENT_3D('',#2437,#2438,#2439);
#2437 = CARTESIAN_POINT('',(-12.,11.325,7.));
#2438 = DIRECTION('',(-1.,0.,0.));
#2439 = DIRECTION('',(0.,-1.,0.));
#2440 = ADVANCED_FACE('',(#2441),#2460,.F.);
#2441 = FACE_BOUND('',#2442,.F.);
#2442 = EDGE_LOOP('',(#2443,#2452,#2453,#2454));
#2443 = ORIENTED_EDGE('',*,*,#2444,.F.);
#2444 = EDGE_CURVE('',#2397,#2445,#2447,.T.);
#2445 = VERTEX_POINT('',#2446);
#2446 = CARTESIAN_POINT('',(-3.,12.325,7.));
#2447 = CIRCLE('',#2448,1.);
#2448 = AXIS2_PLACEMENT_3D('',#2449,#2450,#2451);
#2449 = CARTESIAN_POINT('',(-3.,11.325,7.));
#2450 = DIRECTION('',(0.,0.,1.));
#2451 = DIRECTION('',(1.,0.,0.));
#2452 = ORIENTED_EDGE('',*,*,#2406,.T.);
#2453 = ORIENTED_EDGE('',*,*,#703,.T.);
#2454 = ORIENTED_EDGE('',*,*,#2455,.F.);
#2455 = EDGE_CURVE('',#2445,#704,#2456,.T.);
#2456 = LINE('',#2457,#2458);
#2457 = CARTESIAN_POINT('',(-3.,12.325,7.));
#2458 = VECTOR('',#2459,1.);
#2459 = DIRECTION('',(-0.,-0.,-1.));
#2460 = CYLINDRICAL_SURFACE('',#2461,1.);
#2461 = AXIS2_PLACEMENT_3D('',#2462,#2463,#2464);
#2462 = CARTESIAN_POINT('',(-3.,11.325,7.));
#2463 = DIRECTION('',(0.,0.,1.));
#2464 = DIRECTION('',(1.,0.,0.));
#2465 = ADVANCED_FACE('',(#2466),#2485,.F.);
#2466 = FACE_BOUND('',#2467,.F.);
#2467 = EDGE_LOOP('',(#2468,#2477,#2483,#2484));
#2468 = ORIENTED_EDGE('',*,*,#2469,.F.);
#2469 = EDGE_CURVE('',#2470,#2421,#2472,.T.);
#2470 = VERTEX_POINT('',#2471);
#2471 = CARTESIAN_POINT('',(-11.,12.325,7.));
#2472 = CIRCLE('',#2473,1.);
#2473 = AXIS2_PLACEMENT_3D('',#2474,#2475,#2476);
#2474 = CARTESIAN_POINT('',(-11.,11.325,7.));
#2475 = DIRECTION('',(0.,0.,1.));
#2476 = DIRECTION('',(1.,0.,0.));
#2477 = ORIENTED_EDGE('',*,*,#2478,.T.);
#2478 = EDGE_CURVE('',#2470,#713,#2479,.T.);
#2479 = LINE('',#2480,#2481);
#2480 = CARTESIAN_POINT('',(-11.,12.325,7.));
#2481 = VECTOR('',#2482,1.);
#2482 = DIRECTION('',(-0.,-0.,-1.));
#2483 = ORIENTED_EDGE('',*,*,#720,.T.);
#2484 = ORIENTED_EDGE('',*,*,#2428,.F.);
#2485 = CYLINDRICAL_SURFACE('',#2486,1.);
#2486 = AXIS2_PLACEMENT_3D('',#2487,#2488,#2489);
#2487 = CARTESIAN_POINT('',(-11.,11.325,7.));
#2488 = DIRECTION('',(0.,0.,1.));
#2489 = DIRECTION('',(1.,0.,0.));
#2490 = ADVANCED_FACE('',(#2491),#2502,.F.);
#2491 = FACE_BOUND('',#2492,.F.);
#2492 = EDGE_LOOP('',(#2493,#2499,#2500,#2501));
#2493 = ORIENTED_EDGE('',*,*,#2494,.F.);
#2494 = EDGE_CURVE('',#2445,#2470,#2495,.T.);
#2495 = LINE('',#2496,#2497);
#2496 = CARTESIAN_POINT('',(-3.,12.325,7.));
#2497 = VECTOR('',#2498,1.);
#2498 = DIRECTION('',(-1.,0.,0.));
#2499 = ORIENTED_EDGE('',*,*,#2455,.T.);
#2500 = ORIENTED_EDGE('',*,*,#712,.F.);
#2501 = ORIENTED_EDGE('',*,*,#2478,.F.);
#2502 = PLANE('',#2503);
#2503 = AXIS2_PLACEMENT_3D('',#2504,#2505,#2506);
#2504 = CARTESIAN_POINT('',(-3.,12.325,7.));
#2505 = DIRECTION('',(0.,1.,0.));
#2506 = DIRECTION('',(-1.,0.,0.));
#2507 = ADVANCED_FACE('',(#2508),#2535,.T.);
#2508 = FACE_BOUND('',#2509,.T.);
#2509 = EDGE_LOOP('',(#2510,#2511,#2519,#2527,#2533,#2534));
#2510 = ORIENTED_EDGE('',*,*,#761,.F.);
#2511 = ORIENTED_EDGE('',*,*,#2512,.F.);
#2512 = EDGE_CURVE('',#2513,#762,#2515,.T.);
#2513 = VERTEX_POINT('',#2514);
#2514 = CARTESIAN_POINT('',(-8.,-39.,2.));
#2515 = LINE('',#2516,#2517);
#2516 = CARTESIAN_POINT('',(-7.5,-38.5,1.5));
#2517 = VECTOR('',#2518,1.);
#2518 = DIRECTION('',(0.57735026919,0.57735026919,-0.57735026919));
#2519 = ORIENTED_EDGE('',*,*,#2520,.T.);
#2520 = EDGE_CURVE('',#2513,#2521,#2523,.T.);
#2521 = VERTEX_POINT('',#2522);
#2522 = CARTESIAN_POINT('',(-8.,-39.,-48.));
#2523 = LINE('',#2524,#2525);
#2524 = CARTESIAN_POINT('',(-8.,-39.,1.));
#2525 = VECTOR('',#2526,1.);
#2526 = DIRECTION('',(0.,0.,-1.));
#2527 = ORIENTED_EDGE('',*,*,#2528,.T.);
#2528 = EDGE_CURVE('',#2521,#851,#2529,.T.);
#2529 = LINE('',#2530,#2531);
#2530 = CARTESIAN_POINT('',(-7.5,-38.5,-48.));
#2531 = VECTOR('',#2532,1.);
#2532 = DIRECTION('',(0.707106781187,0.707106781187,4.42E-15));
#2533 = ORIENTED_EDGE('',*,*,#850,.F.);
#2534 = ORIENTED_EDGE('',*,*,#842,.F.);
#2535 = PLANE('',#2536);
#2536 = AXIS2_PLACEMENT_3D('',#2537,#2538,#2539);
#2537 = CARTESIAN_POINT('',(-7.5,-38.5,1.));
#2538 = DIRECTION('',(0.707106781187,-0.707106781187,0.));
#2539 = DIRECTION('',(0.,0.,-1.));
#2540 = ADVANCED_FACE('',(#2541),#2552,.T.);
#2541 = FACE_BOUND('',#2542,.T.);
#2542 = EDGE_LOOP('',(#2543,#2549,#2550,#2551));
#2543 = ORIENTED_EDGE('',*,*,#2544,.F.);
#2544 = EDGE_CURVE('',#2513,#1252,#2545,.T.);
#2545 = LINE('',#2546,#2547);
#2546 = CARTESIAN_POINT('',(-8.,-39.,2.));
#2547 = VECTOR('',#2548,1.);
#2548 = DIRECTION('',(1.,0.,0.));
#2549 = ORIENTED_EDGE('',*,*,#2512,.T.);
#2550 = ORIENTED_EDGE('',*,*,#769,.T.);
#2551 = ORIENTED_EDGE('',*,*,#1251,.F.);
#2552 = PLANE('',#2553);
#2553 = AXIS2_PLACEMENT_3D('',#2554,#2555,#2556);
#2554 = CARTESIAN_POINT('',(7.670540688701,-38.50779468617,
    1.507794686174));
#2555 = DIRECTION('',(-0.,-0.707106781187,-0.707106781187));
#2556 = DIRECTION('',(0.,0.707106781187,-0.707106781187));
#2557 = ADVANCED_FACE('',(#2558),#2576,.F.);
#2558 = FACE_BOUND('',#2559,.F.);
#2559 = EDGE_LOOP('',(#2560,#2568,#2574,#2575));
#2560 = ORIENTED_EDGE('',*,*,#2561,.T.);
#2561 = EDGE_CURVE('',#923,#2562,#2564,.T.);
#2562 = VERTEX_POINT('',#2563);
#2563 = CARTESIAN_POINT('',(-8.,-38.,-49.));
#2564 = LINE('',#2565,#2566);
#2565 = CARTESIAN_POINT('',(-8.,-25.,-49.));
#2566 = VECTOR('',#2567,1.);
#2567 = DIRECTION('',(0.,-1.,0.));
#2568 = ORIENTED_EDGE('',*,*,#2569,.T.);
#2569 = EDGE_CURVE('',#2562,#851,#2570,.T.);
#2570 = LINE('',#2571,#2572);
#2571 = CARTESIAN_POINT('',(-7.75,-38.,-48.75));
#2572 = VECTOR('',#2573,1.);
#2573 = DIRECTION('',(0.707106781187,1.25E-15,0.707106781187));
#2574 = ORIENTED_EDGE('',*,*,#858,.F.);
#2575 = ORIENTED_EDGE('',*,*,#931,.F.);
#2576 = PLANE('',#2577);
#2577 = AXIS2_PLACEMENT_3D('',#2578,#2579,#2580);
#2578 = CARTESIAN_POINT('',(-7.5,-25.,-48.5));
#2579 = DIRECTION('',(-0.707106781187,0.,0.707106781187));
#2580 = DIRECTION('',(0.,-1.,0.));
#2581 = ADVANCED_FACE('',(#2582),#2592,.F.);
#2582 = FACE_BOUND('',#2583,.F.);
#2583 = EDGE_LOOP('',(#2584,#2585,#2590,#2591));
#2584 = ORIENTED_EDGE('',*,*,#869,.F.);
#2585 = ORIENTED_EDGE('',*,*,#2586,.F.);
#2586 = EDGE_CURVE('',#1218,#870,#2587,.T.);
#2587 = B_SPLINE_CURVE_WITH_KNOTS('',1,(#2588,#2589),.UNSPECIFIED.,.F.,
  .F.,(2,2),(-9.,0.),.PIECEWISE_BEZIER_KNOTS.);
#2588 = CARTESIAN_POINT('',(-16.,-29.85,-39.5));
#2589 = CARTESIAN_POINT('',(-7.,-29.85,-39.5));
#2590 = ORIENTED_EDGE('',*,*,#1217,.T.);
#2591 = ORIENTED_EDGE('',*,*,#2586,.T.);
#2592 = CYLINDRICAL_SURFACE('',#2593,2.65);
#2593 = AXIS2_PLACEMENT_3D('',#2594,#2595,#2596);
#2594 = CARTESIAN_POINT('',(-7.,-32.5,-39.5));
#2595 = DIRECTION('',(1.,0.,0.));
#2596 = DIRECTION('',(0.,1.,0.));
#2597 = ADVANCED_FACE('',(#2598),#2609,.F.);
#2598 = FACE_BOUND('',#2599,.F.);
#2599 = EDGE_LOOP('',(#2600,#2601,#2607,#2608));
#2600 = ORIENTED_EDGE('',*,*,#1236,.F.);
#2601 = ORIENTED_EDGE('',*,*,#2602,.T.);
#2602 = EDGE_CURVE('',#1195,#923,#2603,.T.);
#2603 = LINE('',#2604,#2605);
#2604 = CARTESIAN_POINT('',(-16.,-26.,-49.));
#2605 = VECTOR('',#2606,1.);
#2606 = DIRECTION('',(1.,0.,0.));
#2607 = ORIENTED_EDGE('',*,*,#922,.F.);
#2608 = ORIENTED_EDGE('',*,*,#900,.F.);
#2609 = PLANE('',#2610);
#2610 = AXIS2_PLACEMENT_3D('',#2611,#2612,#2613);
#2611 = CARTESIAN_POINT('',(-16.,-25.5,-48.5));
#2612 = DIRECTION('',(0.,-0.707106781187,0.707106781187));
#2613 = DIRECTION('',(1.,0.,0.));
#2614 = ADVANCED_FACE('',(#2615),#2649,.T.);
#2615 = FACE_BOUND('',#2616,.T.);
#2616 = EDGE_LOOP('',(#2617,#2627,#2633,#2634,#2635,#2643));
#2617 = ORIENTED_EDGE('',*,*,#2618,.F.);
#2618 = EDGE_CURVE('',#2619,#2621,#2623,.T.);
#2619 = VERTEX_POINT('',#2620);
#2620 = CARTESIAN_POINT('',(-35.,-22.,6.));
#2621 = VERTEX_POINT('',#2622);
#2622 = CARTESIAN_POINT('',(-35.,-22.,-29.5));
#2623 = LINE('',#2624,#2625);
#2624 = CARTESIAN_POINT('',(-35.,-22.,7.));
#2625 = VECTOR('',#2626,1.);
#2626 = DIRECTION('',(0.,-2.2E-16,-1.));
#2627 = ORIENTED_EDGE('',*,*,#2628,.F.);
#2628 = EDGE_CURVE('',#1509,#2619,#2629,.T.);
#2629 = LINE('',#2630,#2631);
#2630 = CARTESIAN_POINT('',(-35.,18.15,6.));
#2631 = VECTOR('',#2632,1.);
#2632 = DIRECTION('',(0.,-1.,0.));
#2633 = ORIENTED_EDGE('',*,*,#1516,.T.);
#2634 = ORIENTED_EDGE('',*,*,#953,.T.);
#2635 = ORIENTED_EDGE('',*,*,#2636,.F.);
#2636 = EDGE_CURVE('',#2637,#954,#2639,.T.);
#2637 = VERTEX_POINT('',#2638);
#2638 = CARTESIAN_POINT('',(-35.,-6.,-29.5));
#2639 = LINE('',#2640,#2641);
#2640 = CARTESIAN_POINT('',(-35.,-6.,-18.17627173213));
#2641 = VECTOR('',#2642,1.);
#2642 = DIRECTION('',(0.,0.,1.));
#2643 = ORIENTED_EDGE('',*,*,#2644,.F.);
#2644 = EDGE_CURVE('',#2621,#2637,#2645,.T.);
#2645 = LINE('',#2646,#2647);
#2646 = CARTESIAN_POINT('',(-35.,-40.,-29.5));
#2647 = VECTOR('',#2648,1.);
#2648 = DIRECTION('',(0.,1.,0.));
#2649 = PLANE('',#2650);
#2650 = AXIS2_PLACEMENT_3D('',#2651,#2652,#2653);
#2651 = CARTESIAN_POINT('',(-35.,-6.822456535737,-6.852543464263));
#2652 = DIRECTION('',(-1.,-0.,-0.));
#2653 = DIRECTION('',(0.,0.,-1.));
#2654 = ADVANCED_FACE('',(#2655),#2666,.T.);
#2655 = FACE_BOUND('',#2656,.T.);
#2656 = EDGE_LOOP('',(#2657,#2658,#2659,#2665));
#2657 = ORIENTED_EDGE('',*,*,#961,.T.);
#2658 = ORIENTED_EDGE('',*,*,#986,.F.);
#2659 = ORIENTED_EDGE('',*,*,#2660,.F.);
#2660 = EDGE_CURVE('',#2637,#977,#2661,.T.);
#2661 = LINE('',#2662,#2663);
#2662 = CARTESIAN_POINT('',(-23.286,5.714,-29.5));
#2663 = VECTOR('',#2664,1.);
#2664 = DIRECTION('',(0.707106781187,0.707106781187,0.));
#2665 = ORIENTED_EDGE('',*,*,#2636,.T.);
#2666 = PLANE('',#2667);
#2667 = AXIS2_PLACEMENT_3D('',#2668,#2669,#2670);
#2668 = CARTESIAN_POINT('',(-34.5,-5.5,-29.5));
#2669 = DIRECTION('',(-0.707106781187,0.707106781187,0.));
#2670 = DIRECTION('',(0.,0.,1.));
#2671 = ADVANCED_FACE('',(#2672,#2687),#2698,.F.);
#2672 = FACE_BOUND('',#2673,.F.);
#2673 = EDGE_LOOP('',(#2674,#2675,#2681,#2682,#2683,#2684,#2685,#2686));
#2674 = ORIENTED_EDGE('',*,*,#2644,.F.);
#2675 = ORIENTED_EDGE('',*,*,#2676,.F.);
#2676 = EDGE_CURVE('',#1089,#2621,#2677,.T.);
#2677 = LINE('',#2678,#2679);
#2678 = CARTESIAN_POINT('',(-32.089,-24.911,-29.5));
#2679 = VECTOR('',#2680,1.);
#2680 = DIRECTION('',(-0.707106781187,0.707106781187,0.));
#2681 = ORIENTED_EDGE('',*,*,#1096,.T.);
#2682 = ORIENTED_EDGE('',*,*,#1055,.T.);
#2683 = ORIENTED_EDGE('',*,*,#1040,.F.);
#2684 = ORIENTED_EDGE('',*,*,#1007,.T.);
#2685 = ORIENTED_EDGE('',*,*,#976,.F.);
#2686 = ORIENTED_EDGE('',*,*,#2660,.F.);
#2687 = FACE_BOUND('',#2688,.F.);
#2688 = EDGE_LOOP('',(#2689));
#2689 = ORIENTED_EDGE('',*,*,#2690,.F.);
#2690 = EDGE_CURVE('',#2691,#2691,#2693,.T.);
#2691 = VERTEX_POINT('',#2692);
#2692 = CARTESIAN_POINT('',(-23.5,-14.,-29.5));
#2693 = CIRCLE('',#2694,2.65);
#2694 = AXIS2_PLACEMENT_3D('',#2695,#2696,#2697);
#2695 = CARTESIAN_POINT('',(-26.15,-14.,-29.5));
#2696 = DIRECTION('',(0.,0.,1.));
#2697 = DIRECTION('',(1.,0.,0.));
#2698 = PLANE('',#2699);
#2699 = AXIS2_PLACEMENT_3D('',#2700,#2701,#2702);
#2700 = CARTESIAN_POINT('',(1.25,3.606,-29.5));
#2701 = DIRECTION('',(0.,0.,1.));
#2702 = DIRECTION('',(1.,0.,0.));
#2703 = ADVANCED_FACE('',(#2704),#2740,.T.);
#2704 = FACE_BOUND('',#2705,.F.);
#2705 = EDGE_LOOP('',(#2706,#2707,#2715,#2723,#2731,#2737,#2738,#2739));
#2706 = ORIENTED_EDGE('',*,*,#2618,.F.);
#2707 = ORIENTED_EDGE('',*,*,#2708,.F.);
#2708 = EDGE_CURVE('',#2709,#2619,#2711,.T.);
#2709 = VERTEX_POINT('',#2710);
#2710 = CARTESIAN_POINT('',(-34.,-23.,7.));
#2711 = LINE('',#2712,#2713);
#2712 = CARTESIAN_POINT('',(-41.19166666666,-15.80833333333,
    -0.191666666667));
#2713 = VECTOR('',#2714,1.);
#2714 = DIRECTION('',(-0.57735026919,0.57735026919,-0.57735026919));
#2715 = ORIENTED_EDGE('',*,*,#2716,.F.);
#2716 = EDGE_CURVE('',#2717,#2709,#2719,.T.);
#2717 = VERTEX_POINT('',#2718);
#2718 = CARTESIAN_POINT('',(-33.99,-23.01,7.));
#2719 = LINE('',#2720,#2721);
#2720 = CARTESIAN_POINT('',(-31.20155346781,-25.79844653218,7.));
#2721 = VECTOR('',#2722,1.);
#2722 = DIRECTION('',(-0.707106781187,0.707106781187,0.));
#2723 = ORIENTED_EDGE('',*,*,#2724,.T.);
#2724 = EDGE_CURVE('',#2717,#2725,#2727,.T.);
#2725 = VERTEX_POINT('',#2726);
#2726 = CARTESIAN_POINT('',(-34.99,-22.01,6.));
#2727 = LINE('',#2728,#2729);
#2728 = CARTESIAN_POINT('',(-33.32833333333,-23.67166666666,
    7.661666666667));
#2729 = VECTOR('',#2730,1.);
#2730 = DIRECTION('',(-0.57735026919,0.57735026919,-0.57735026919));
#2731 = ORIENTED_EDGE('',*,*,#2732,.F.);
#2732 = EDGE_CURVE('',#1112,#2725,#2733,.T.);
#2733 = LINE('',#2734,#2735);
#2734 = CARTESIAN_POINT('',(-34.99,-22.01,5.25));
#2735 = VECTOR('',#2736,1.);
#2736 = DIRECTION('',(0.,0.,1.));
#2737 = ORIENTED_EDGE('',*,*,#1111,.T.);
#2738 = ORIENTED_EDGE('',*,*,#1088,.T.);
#2739 = ORIENTED_EDGE('',*,*,#2676,.T.);
#2740 = PLANE('',#2741);
#2741 = AXIS2_PLACEMENT_3D('',#2742,#2743,#2744);
#2742 = CARTESIAN_POINT('',(-34.5,-22.5,7.));
#2743 = DIRECTION('',(-0.707106781187,-0.707106781187,0.));
#2744 = DIRECTION('',(-1.1E-16,1.1E-16,1.));
#2745 = ADVANCED_FACE('',(#2746),#2764,.F.);
#2746 = FACE_BOUND('',#2747,.F.);
#2747 = EDGE_LOOP('',(#2748,#2749,#2757,#2763));
#2748 = ORIENTED_EDGE('',*,*,#2732,.T.);
#2749 = ORIENTED_EDGE('',*,*,#2750,.F.);
#2750 = EDGE_CURVE('',#2751,#2725,#2753,.T.);
#2751 = VERTEX_POINT('',#2752);
#2752 = CARTESIAN_POINT('',(-34.99,-29.,6.));
#2753 = LINE('',#2754,#2755);
#2754 = CARTESIAN_POINT('',(-34.99,-29.,6.));
#2755 = VECTOR('',#2756,1.);
#2756 = DIRECTION('',(0.,1.,0.));
#2757 = ORIENTED_EDGE('',*,*,#2758,.F.);
#2758 = EDGE_CURVE('',#1122,#2751,#2759,.T.);
#2759 = LINE('',#2760,#2761);
#2760 = CARTESIAN_POINT('',(-34.99,-29.,1.));
#2761 = VECTOR('',#2762,1.);
#2762 = DIRECTION('',(0.,0.,1.));
#2763 = ORIENTED_EDGE('',*,*,#1129,.T.);
#2764 = PLANE('',#2765);
#2765 = AXIS2_PLACEMENT_3D('',#2766,#2767,#2768);
#2766 = CARTESIAN_POINT('',(-34.99,-31.5,3.5));
#2767 = DIRECTION('',(1.,0.,0.));
#2768 = DIRECTION('',(0.,0.,1.));
#2769 = ADVANCED_FACE('',(#2770),#2789,.T.);
#2770 = FACE_BOUND('',#2771,.T.);
#2771 = EDGE_LOOP('',(#2772,#2773,#2774,#2782));
#2772 = ORIENTED_EDGE('',*,*,#2758,.F.);
#2773 = ORIENTED_EDGE('',*,*,#1151,.F.);
#2774 = ORIENTED_EDGE('',*,*,#2775,.T.);
#2775 = EDGE_CURVE('',#1144,#2776,#2778,.T.);
#2776 = VERTEX_POINT('',#2777);
#2777 = CARTESIAN_POINT('',(-24.99,-39.,6.));
#2778 = LINE('',#2779,#2780);
#2779 = CARTESIAN_POINT('',(-24.99,-39.,1.));
#2780 = VECTOR('',#2781,1.);
#2781 = DIRECTION('',(0.,0.,1.));
#2782 = ORIENTED_EDGE('',*,*,#2783,.T.);
#2783 = EDGE_CURVE('',#2776,#2751,#2784,.T.);
#2784 = CIRCLE('',#2785,10.);
#2785 = AXIS2_PLACEMENT_3D('',#2786,#2787,#2788);
#2786 = CARTESIAN_POINT('',(-24.99,-29.,6.));
#2787 = DIRECTION('',(-0.,0.,-1.));
#2788 = DIRECTION('',(-3.6E-16,-1.,0.));
#2789 = CYLINDRICAL_SURFACE('',#2790,10.);
#2790 = AXIS2_PLACEMENT_3D('',#2791,#2792,#2793);
#2791 = CARTESIAN_POINT('',(-24.99,-29.,1.));
#2792 = DIRECTION('',(0.,0.,1.));
#2793 = DIRECTION('',(-1.,0.,0.));
#2794 = ADVANCED_FACE('',(#2795),#2829,.T.);
#2795 = FACE_BOUND('',#2796,.T.);
#2796 = EDGE_LOOP('',(#2797,#2805,#2811,#2812,#2813,#2821,#2827,#2828));
#2797 = ORIENTED_EDGE('',*,*,#2798,.F.);
#2798 = EDGE_CURVE('',#2799,#1252,#2801,.T.);
#2799 = VERTEX_POINT('',#2800);
#2800 = CARTESIAN_POINT('',(23.,-39.,6.));
#2801 = LINE('',#2802,#2803);
#2802 = CARTESIAN_POINT('',(23.,-39.,7.));
#2803 = VECTOR('',#2804,1.);
#2804 = DIRECTION('',(0.,0.,-1.));
#2805 = ORIENTED_EDGE('',*,*,#2806,.T.);
#2806 = EDGE_CURVE('',#2799,#2776,#2807,.T.);
#2807 = LINE('',#2808,#2809);
#2808 = CARTESIAN_POINT('',(23.,-39.,6.));
#2809 = VECTOR('',#2810,1.);
#2810 = DIRECTION('',(-1.,0.,0.));
#2811 = ORIENTED_EDGE('',*,*,#2775,.F.);
#2812 = ORIENTED_EDGE('',*,*,#1168,.F.);
#2813 = ORIENTED_EDGE('',*,*,#2814,.F.);
#2814 = EDGE_CURVE('',#2815,#1169,#2817,.T.);
#2815 = VERTEX_POINT('',#2816);
#2816 = CARTESIAN_POINT('',(-15.,-39.,-48.));
#2817 = LINE('',#2818,#2819);
#2818 = CARTESIAN_POINT('',(-15.,-39.,-29.66946661987));
#2819 = VECTOR('',#2820,1.);
#2820 = DIRECTION('',(0.,0.,1.));
#2821 = ORIENTED_EDGE('',*,*,#2822,.F.);
#2822 = EDGE_CURVE('',#2521,#2815,#2823,.T.);
#2823 = LINE('',#2824,#2825);
#2824 = CARTESIAN_POINT('',(-7.,-39.,-48.));
#2825 = VECTOR('',#2826,1.);
#2826 = DIRECTION('',(-1.,0.,0.));
#2827 = ORIENTED_EDGE('',*,*,#2520,.F.);
#2828 = ORIENTED_EDGE('',*,*,#2544,.T.);
#2829 = PLANE('',#2830);
#2830 = AXIS2_PLACEMENT_3D('',#2831,#2832,#2833);
#2831 = CARTESIAN_POINT('',(-8.492982279147,-39.,-10.33893323975));
#2832 = DIRECTION('',(-0.,-1.,-0.));
#2833 = DIRECTION('',(0.,0.,-1.));
#2834 = ADVANCED_FACE('',(#2835),#2846,.T.);
#2835 = FACE_BOUND('',#2836,.T.);
#2836 = EDGE_LOOP('',(#2837,#2838,#2839,#2845));
#2837 = ORIENTED_EDGE('',*,*,#1178,.T.);
#2838 = ORIENTED_EDGE('',*,*,#1202,.F.);
#2839 = ORIENTED_EDGE('',*,*,#2840,.F.);
#2840 = EDGE_CURVE('',#2815,#1193,#2841,.T.);
#2841 = LINE('',#2842,#2843);
#2842 = CARTESIAN_POINT('',(-14.16666666666,-39.83333333333,
    -47.16666666666));
#2843 = VECTOR('',#2844,1.);
#2844 = DIRECTION('',(-0.57735026919,0.57735026919,-0.57735026919));
#2845 = ORIENTED_EDGE('',*,*,#2814,.T.);
#2846 = PLANE('',#2847);
#2847 = AXIS2_PLACEMENT_3D('',#2848,#2849,#2850);
#2848 = CARTESIAN_POINT('',(-15.5,-38.5,-49.));
#2849 = DIRECTION('',(-0.707106781187,-0.707106781187,0.));
#2850 = DIRECTION('',(0.,0.,1.));
#2851 = ADVANCED_FACE('',(#2852),#2863,.F.);
#2852 = FACE_BOUND('',#2853,.F.);
#2853 = EDGE_LOOP('',(#2854,#2855,#2861,#2862));
#2854 = ORIENTED_EDGE('',*,*,#1192,.F.);
#2855 = ORIENTED_EDGE('',*,*,#2856,.F.);
#2856 = EDGE_CURVE('',#2562,#1193,#2857,.T.);
#2857 = LINE('',#2858,#2859);
#2858 = CARTESIAN_POINT('',(-7.,-38.,-49.));
#2859 = VECTOR('',#2860,1.);
#2860 = DIRECTION('',(-1.,0.,0.));
#2861 = ORIENTED_EDGE('',*,*,#2561,.F.);
#2862 = ORIENTED_EDGE('',*,*,#2602,.F.);
#2863 = PLANE('',#2864);
#2864 = AXIS2_PLACEMENT_3D('',#2865,#2866,#2867);
#2865 = CARTESIAN_POINT('',(-12.,-32.5,-49.));
#2866 = DIRECTION('',(0.,0.,1.));
#2867 = DIRECTION('',(1.,0.,0.));
#2868 = ADVANCED_FACE('',(#2869),#2888,.T.);
#2869 = FACE_BOUND('',#2870,.T.);
#2870 = EDGE_LOOP('',(#2871,#2879,#2886,#2887));
#2871 = ORIENTED_EDGE('',*,*,#2872,.F.);
#2872 = EDGE_CURVE('',#2873,#1260,#2875,.T.);
#2873 = VERTEX_POINT('',#2874);
#2874 = CARTESIAN_POINT('',(33.,-29.,6.));
#2875 = LINE('',#2876,#2877);
#2876 = CARTESIAN_POINT('',(33.,-29.,7.));
#2877 = VECTOR('',#2878,1.);
#2878 = DIRECTION('',(0.,0.,-1.));
#2879 = ORIENTED_EDGE('',*,*,#2880,.T.);
#2880 = EDGE_CURVE('',#2873,#2799,#2881,.T.);
#2881 = CIRCLE('',#2882,10.);
#2882 = AXIS2_PLACEMENT_3D('',#2883,#2884,#2885);
#2883 = CARTESIAN_POINT('',(23.,-29.,6.));
#2884 = DIRECTION('',(0.,0.,-1.));
#2885 = DIRECTION('',(1.,0.,0.));
#2886 = ORIENTED_EDGE('',*,*,#2798,.T.);
#2887 = ORIENTED_EDGE('',*,*,#1259,.T.);
#2888 = CYLINDRICAL_SURFACE('',#2889,10.);
#2889 = AXIS2_PLACEMENT_3D('',#2890,#2891,#2892);
#2890 = CARTESIAN_POINT('',(23.,-29.,7.));
#2891 = DIRECTION('',(0.,0.,-1.));
#2892 = DIRECTION('',(1.,0.,0.));
#2893 = ADVANCED_FACE('',(#2894),#2912,.T.);
#2894 = FACE_BOUND('',#2895,.T.);
#2895 = EDGE_LOOP('',(#2896,#2897,#2898,#2906));
#2896 = ORIENTED_EDGE('',*,*,#1285,.T.);
#2897 = ORIENTED_EDGE('',*,*,#1317,.F.);
#2898 = ORIENTED_EDGE('',*,*,#2899,.F.);
#2899 = EDGE_CURVE('',#2900,#1308,#2902,.T.);
#2900 = VERTEX_POINT('',#2901);
#2901 = CARTESIAN_POINT('',(33.,20.712,-29.5));
#2902 = LINE('',#2903,#2904);
#2903 = CARTESIAN_POINT('',(20.536,8.248,-29.5));
#2904 = VECTOR('',#2905,1.);
#2905 = DIRECTION('',(-0.707106781187,-0.707106781187,0.));
#2906 = ORIENTED_EDGE('',*,*,#2907,.T.);
#2907 = EDGE_CURVE('',#2900,#1286,#2908,.T.);
#2908 = LINE('',#2909,#2910);
#2909 = CARTESIAN_POINT('',(33.,20.712,-16.59959067657));
#2910 = VECTOR('',#2911,1.);
#2911 = DIRECTION('',(0.,0.,1.));
#2912 = PLANE('',#2913);
#2913 = AXIS2_PLACEMENT_3D('',#2914,#2915,#2916);
#2914 = CARTESIAN_POINT('',(32.5,20.212,-29.5));
#2915 = DIRECTION('',(0.707106781187,-0.707106781187,0.));
#2916 = DIRECTION('',(0.,0.,1.));
#2917 = ADVANCED_FACE('',(#2918),#2945,.T.);
#2918 = FACE_BOUND('',#2919,.T.);
#2919 = EDGE_LOOP('',(#2920,#2930,#2936,#2937,#2938,#2939));
#2920 = ORIENTED_EDGE('',*,*,#2921,.F.);
#2921 = EDGE_CURVE('',#2922,#2924,#2926,.T.);
#2922 = VERTEX_POINT('',#2923);
#2923 = CARTESIAN_POINT('',(33.,36.712,6.));
#2924 = VERTEX_POINT('',#2925);
#2925 = CARTESIAN_POINT('',(33.,36.712,-29.5));
#2926 = LINE('',#2927,#2928);
#2927 = CARTESIAN_POINT('',(33.,36.712,0.));
#2928 = VECTOR('',#2929,1.);
#2929 = DIRECTION('',(0.,0.,-1.));
#2930 = ORIENTED_EDGE('',*,*,#2931,.T.);
#2931 = EDGE_CURVE('',#2922,#2873,#2932,.T.);
#2932 = LINE('',#2933,#2934);
#2933 = CARTESIAN_POINT('',(33.,36.712,6.));
#2934 = VECTOR('',#2935,1.);
#2935 = DIRECTION('',(-0.,-1.,-0.));
#2936 = ORIENTED_EDGE('',*,*,#2872,.T.);
#2937 = ORIENTED_EDGE('',*,*,#1293,.T.);
#2938 = ORIENTED_EDGE('',*,*,#2907,.F.);
#2939 = ORIENTED_EDGE('',*,*,#2940,.F.);
#2940 = EDGE_CURVE('',#2924,#2900,#2941,.T.);
#2941 = LINE('',#2942,#2943);
#2942 = CARTESIAN_POINT('',(33.,39.712,-29.5));
#2943 = VECTOR('',#2944,1.);
#2944 = DIRECTION('',(0.,-1.,0.));
#2945 = PLANE('',#2946);
#2946 = AXIS2_PLACEMENT_3D('',#2947,#2948,#2949);
#2947 = CARTESIAN_POINT('',(33.,7.632911834101,-3.699181353143));
#2948 = DIRECTION('',(1.,0.,0.));
#2949 = DIRECTION('',(0.,0.,1.));
#2950 = ADVANCED_FACE('',(#2951,#2973),#2984,.F.);
#2951 = FACE_BOUND('',#2952,.F.);
#2952 = EDGE_LOOP('',(#2953,#2954,#2955,#2956,#2957,#2958,#2966,#2972));
#2953 = ORIENTED_EDGE('',*,*,#1371,.F.);
#2954 = ORIENTED_EDGE('',*,*,#1340,.F.);
#2955 = ORIENTED_EDGE('',*,*,#1307,.F.);
#2956 = ORIENTED_EDGE('',*,*,#2899,.F.);
#2957 = ORIENTED_EDGE('',*,*,#2940,.F.);
#2958 = ORIENTED_EDGE('',*,*,#2959,.T.);
#2959 = EDGE_CURVE('',#2924,#2960,#2962,.T.);
#2960 = VERTEX_POINT('',#2961);
#2961 = CARTESIAN_POINT('',(32.,37.712,-29.5));
#2962 = LINE('',#2963,#2964);
#2963 = CARTESIAN_POINT('',(33.089,36.623,-29.5));
#2964 = VECTOR('',#2965,1.);
#2965 = DIRECTION('',(-0.707106781187,0.707106781187,0.));
#2966 = ORIENTED_EDGE('',*,*,#2967,.F.);
#2967 = EDGE_CURVE('',#1397,#2960,#2968,.T.);
#2968 = LINE('',#2969,#2970);
#2969 = CARTESIAN_POINT('',(10.,37.712,-29.5));
#2970 = VECTOR('',#2971,1.);
#2971 = DIRECTION('',(1.,0.,0.));
#2972 = ORIENTED_EDGE('',*,*,#1404,.T.);
#2973 = FACE_BOUND('',#2974,.F.);
#2974 = EDGE_LOOP('',(#2975));
#2975 = ORIENTED_EDGE('',*,*,#2976,.F.);
#2976 = EDGE_CURVE('',#2977,#2977,#2979,.T.);
#2977 = VERTEX_POINT('',#2978);
#2978 = CARTESIAN_POINT('',(23.65,28.25,-29.5));
#2979 = CIRCLE('',#2980,2.65);
#2980 = AXIS2_PLACEMENT_3D('',#2981,#2982,#2983);
#2981 = CARTESIAN_POINT('',(21.,28.25,-29.5));
#2982 = DIRECTION('',(0.,0.,1.));
#2983 = DIRECTION('',(1.,0.,0.));
#2984 = PLANE('',#2985);
#2985 = AXIS2_PLACEMENT_3D('',#2986,#2987,#2988);
#2986 = CARTESIAN_POINT('',(1.25,3.606,-29.5));
#2987 = DIRECTION('',(0.,0.,1.));
#2988 = DIRECTION('',(1.,0.,0.));
#2989 = ADVANCED_FACE('',(#2990),#3008,.F.);
#2990 = FACE_BOUND('',#2991,.F.);
#2991 = EDGE_LOOP('',(#2992,#3000,#3006,#3007));
#2992 = ORIENTED_EDGE('',*,*,#2993,.T.);
#2993 = EDGE_CURVE('',#1387,#2994,#2996,.T.);
#2994 = VERTEX_POINT('',#2995);
#2995 = CARTESIAN_POINT('',(32.,37.712,0.));
#2996 = LINE('',#2997,#2998);
#2997 = CARTESIAN_POINT('',(10.,37.712,0.));
#2998 = VECTOR('',#2999,1.);
#2999 = DIRECTION('',(1.,0.,0.));
#3000 = ORIENTED_EDGE('',*,*,#3001,.F.);
#3001 = EDGE_CURVE('',#1445,#2994,#3002,.T.);
#3002 = LINE('',#3003,#3004);
#3003 = CARTESIAN_POINT('',(32.000063692579,37.711936307421,0.));
#3004 = VECTOR('',#3005,1.);
#3005 = DIRECTION('',(-0.707106781187,0.707106781187,0.));
#3006 = ORIENTED_EDGE('',*,*,#1452,.T.);
#3007 = ORIENTED_EDGE('',*,*,#1386,.F.);
#3008 = PLANE('',#3009);
#3009 = AXIS2_PLACEMENT_3D('',#3010,#3011,#3012);
#3010 = CARTESIAN_POINT('',(33.,39.711745229685,0.));
#3011 = DIRECTION('',(-0.,-0.,-1.));
#3012 = DIRECTION('',(-1.,0.,0.));
#3013 = ADVANCED_FACE('',(#3014),#3025,.F.);
#3014 = FACE_BOUND('',#3015,.F.);
#3015 = EDGE_LOOP('',(#3016,#3017,#3018,#3019));
#3016 = ORIENTED_EDGE('',*,*,#2993,.F.);
#3017 = ORIENTED_EDGE('',*,*,#1396,.T.);
#3018 = ORIENTED_EDGE('',*,*,#2967,.T.);
#3019 = ORIENTED_EDGE('',*,*,#3020,.F.);
#3020 = EDGE_CURVE('',#2994,#2960,#3021,.T.);
#3021 = LINE('',#3022,#3023);
#3022 = CARTESIAN_POINT('',(32.,37.712,0.));
#3023 = VECTOR('',#3024,1.);
#3024 = DIRECTION('',(0.,0.,-1.));
#3025 = PLANE('',#3026);
#3026 = AXIS2_PLACEMENT_3D('',#3027,#3028,#3029);
#3027 = CARTESIAN_POINT('',(10.,37.712,0.));
#3028 = DIRECTION('',(0.,-1.,0.));
#3029 = DIRECTION('',(1.,0.,0.));
#3030 = ADVANCED_FACE('',(#3031,#3083,#3094,#3104,#3114,#3184,#3194,
    #3204),#3215,.T.);
#3031 = FACE_BOUND('',#3032,.T.);
#3032 = EDGE_LOOP('',(#3033,#3034,#3040,#3041,#3049,#3058,#3066,#3075,
    #3081,#3082));
#3033 = ORIENTED_EDGE('',*,*,#1500,.T.);
#3034 = ORIENTED_EDGE('',*,*,#3035,.T.);
#3035 = EDGE_CURVE('',#1501,#2709,#3036,.T.);
#3036 = LINE('',#3037,#3038);
#3037 = CARTESIAN_POINT('',(-34.,18.15,7.));
#3038 = VECTOR('',#3039,1.);
#3039 = DIRECTION('',(0.,-1.,0.));
#3040 = ORIENTED_EDGE('',*,*,#2716,.F.);
#3041 = ORIENTED_EDGE('',*,*,#3042,.F.);
#3042 = EDGE_CURVE('',#3043,#2717,#3045,.T.);
#3043 = VERTEX_POINT('',#3044);
#3044 = CARTESIAN_POINT('',(-33.99,-29.,7.));
#3045 = LINE('',#3046,#3047);
#3046 = CARTESIAN_POINT('',(-33.99,-29.,7.));
#3047 = VECTOR('',#3048,1.);
#3048 = DIRECTION('',(0.,1.,0.));
#3049 = ORIENTED_EDGE('',*,*,#3050,.F.);
#3050 = EDGE_CURVE('',#3051,#3043,#3053,.T.);
#3051 = VERTEX_POINT('',#3052);
#3052 = CARTESIAN_POINT('',(-24.99,-38.,7.));
#3053 = CIRCLE('',#3054,9.);
#3054 = AXIS2_PLACEMENT_3D('',#3055,#3056,#3057);
#3055 = CARTESIAN_POINT('',(-24.99,-29.,7.));
#3056 = DIRECTION('',(-0.,0.,-1.));
#3057 = DIRECTION('',(-3.6E-16,-1.,0.));
#3058 = ORIENTED_EDGE('',*,*,#3059,.F.);
#3059 = EDGE_CURVE('',#3060,#3051,#3062,.T.);
#3060 = VERTEX_POINT('',#3061);
#3061 = CARTESIAN_POINT('',(23.,-38.,7.));
#3062 = LINE('',#3063,#3064);
#3063 = CARTESIAN_POINT('',(23.,-38.,7.));
#3064 = VECTOR('',#3065,1.);
#3065 = DIRECTION('',(-1.,0.,0.));
#3066 = ORIENTED_EDGE('',*,*,#3067,.F.);
#3067 = EDGE_CURVE('',#3068,#3060,#3070,.T.);
#3068 = VERTEX_POINT('',#3069);
#3069 = CARTESIAN_POINT('',(32.,-29.,7.));
#3070 = CIRCLE('',#3071,9.);
#3071 = AXIS2_PLACEMENT_3D('',#3072,#3073,#3074);
#3072 = CARTESIAN_POINT('',(23.,-29.,7.));
#3073 = DIRECTION('',(0.,0.,-1.));
#3074 = DIRECTION('',(1.,0.,0.));
#3075 = ORIENTED_EDGE('',*,*,#3076,.F.);
#3076 = EDGE_CURVE('',#1427,#3068,#3077,.T.);
#3077 = LINE('',#3078,#3079);
#3078 = CARTESIAN_POINT('',(32.,36.712,7.));
#3079 = VECTOR('',#3080,1.);
#3080 = DIRECTION('',(-0.,-1.,-0.));
#3081 = ORIENTED_EDGE('',*,*,#1426,.T.);
#3082 = ORIENTED_EDGE('',*,*,#1483,.F.);
#3083 = FACE_BOUND('',#3084,.T.);
#3084 = EDGE_LOOP('',(#3085));
#3085 = ORIENTED_EDGE('',*,*,#3086,.F.);
#3086 = EDGE_CURVE('',#3087,#3087,#3089,.T.);
#3087 = VERTEX_POINT('',#3088);
#3088 = CARTESIAN_POINT('',(-21.65,-14.,7.));
#3089 = CIRCLE('',#3090,4.5);
#3090 = AXIS2_PLACEMENT_3D('',#3091,#3092,#3093);
#3091 = CARTESIAN_POINT('',(-26.15,-14.,7.));
#3092 = DIRECTION('',(0.,0.,1.));
#3093 = DIRECTION('',(1.,0.,0.));
#3094 = FACE_BOUND('',#3095,.T.);
#3095 = EDGE_LOOP('',(#3096,#3097,#3098,#3099,#3100,#3101,#3102,#3103));
#3096 = ORIENTED_EDGE('',*,*,#1832,.F.);
#3097 = ORIENTED_EDGE('',*,*,#1783,.T.);
#3098 = ORIENTED_EDGE('',*,*,#1727,.F.);
#3099 = ORIENTED_EDGE('',*,*,#1759,.T.);
#3100 = ORIENTED_EDGE('',*,*,#1807,.F.);
#3101 = ORIENTED_EDGE('',*,*,#1857,.T.);
#3102 = ORIENTED_EDGE('',*,*,#1905,.F.);
#3103 = ORIENTED_EDGE('',*,*,#1881,.T.);
#3104 = FACE_BOUND('',#3105,.T.);
#3105 = EDGE_LOOP('',(#3106,#3107,#3108,#3109,#3110,#3111,#3112,#3113));
#3106 = ORIENTED_EDGE('',*,*,#1636,.F.);
#3107 = ORIENTED_EDGE('',*,*,#1587,.T.);
#3108 = ORIENTED_EDGE('',*,*,#1531,.F.);
#3109 = ORIENTED_EDGE('',*,*,#1563,.T.);
#3110 = ORIENTED_EDGE('',*,*,#1611,.F.);
#3111 = ORIENTED_EDGE('',*,*,#1661,.T.);
#3112 = ORIENTED_EDGE('',*,*,#1709,.F.);
#3113 = ORIENTED_EDGE('',*,*,#1685,.T.);
#3114 = FACE_BOUND('',#3115,.T.);
#3115 = EDGE_LOOP('',(#3116,#3126,#3135,#3143,#3152,#3160,#3169,#3177));
#3116 = ORIENTED_EDGE('',*,*,#3117,.F.);
#3117 = EDGE_CURVE('',#3118,#3120,#3122,.T.);
#3118 = VERTEX_POINT('',#3119);
#3119 = CARTESIAN_POINT('',(-4.,-16.25,7.));
#3120 = VERTEX_POINT('',#3121);
#3121 = CARTESIAN_POINT('',(22.,-16.25,7.));
#3122 = LINE('',#3123,#3124);
#3123 = CARTESIAN_POINT('',(10.904781155393,-16.25,7.));
#3124 = VECTOR('',#3125,1.);
#3125 = DIRECTION('',(1.,0.,0.));
#3126 = ORIENTED_EDGE('',*,*,#3127,.T.);
#3127 = EDGE_CURVE('',#3118,#3128,#3130,.T.);
#3128 = VERTEX_POINT('',#3129);
#3129 = CARTESIAN_POINT('',(-9.,-11.25,7.));
#3130 = CIRCLE('',#3131,5.);
#3131 = AXIS2_PLACEMENT_3D('',#3132,#3133,#3134);
#3132 = CARTESIAN_POINT('',(-4.,-11.25,7.));
#3133 = DIRECTION('',(0.,0.,-1.));
#3134 = DIRECTION('',(1.,0.,0.));
#3135 = ORIENTED_EDGE('',*,*,#3136,.F.);
#3136 = EDGE_CURVE('',#3137,#3128,#3139,.T.);
#3137 = VERTEX_POINT('',#3138);
#3138 = CARTESIAN_POINT('',(-9.,1.75,7.));
#3139 = LINE('',#3140,#3141);
#3140 = CARTESIAN_POINT('',(-9.,-6.317111908972,7.));
#3141 = VECTOR('',#3142,1.);
#3142 = DIRECTION('',(0.,-1.,0.));
#3143 = ORIENTED_EDGE('',*,*,#3144,.T.);
#3144 = EDGE_CURVE('',#3137,#3145,#3147,.T.);
#3145 = VERTEX_POINT('',#3146);
#3146 = CARTESIAN_POINT('',(-4.,6.75,7.));
#3147 = CIRCLE('',#3148,5.);
#3148 = AXIS2_PLACEMENT_3D('',#3149,#3150,#3151);
#3149 = CARTESIAN_POINT('',(-4.,1.75,7.));
#3150 = DIRECTION('',(0.,0.,-1.));
#3151 = DIRECTION('',(1.,0.,0.));
#3152 = ORIENTED_EDGE('',*,*,#3153,.F.);
#3153 = EDGE_CURVE('',#3154,#3145,#3156,.T.);
#3154 = VERTEX_POINT('',#3155);
#3155 = CARTESIAN_POINT('',(22.,6.75,7.));
#3156 = LINE('',#3157,#3158);
#3157 = CARTESIAN_POINT('',(-2.095218844607,6.75,7.));
#3158 = VECTOR('',#3159,1.);
#3159 = DIRECTION('',(-1.,0.,0.));
#3160 = ORIENTED_EDGE('',*,*,#3161,.T.);
#3161 = EDGE_CURVE('',#3154,#3162,#3164,.T.);
#3162 = VERTEX_POINT('',#3163);
#3163 = CARTESIAN_POINT('',(26.,2.75,7.));
#3164 = CIRCLE('',#3165,4.);
#3165 = AXIS2_PLACEMENT_3D('',#3166,#3167,#3168);
#3166 = CARTESIAN_POINT('',(22.,2.75,7.));
#3167 = DIRECTION('',(0.,0.,-1.));
#3168 = DIRECTION('',(1.,0.,0.));
#3169 = ORIENTED_EDGE('',*,*,#3170,.F.);
#3170 = EDGE_CURVE('',#3171,#3162,#3173,.T.);
#3171 = VERTEX_POINT('',#3172);
#3172 = CARTESIAN_POINT('',(26.,-12.25,7.));
#3173 = LINE('',#3174,#3175);
#3174 = CARTESIAN_POINT('',(26.,0.682888091028,7.));
#3175 = VECTOR('',#3176,1.);
#3176 = DIRECTION('',(0.,1.,0.));
#3177 = ORIENTED_EDGE('',*,*,#3178,.T.);
#3178 = EDGE_CURVE('',#3171,#3120,#3179,.T.);
#3179 = CIRCLE('',#3180,4.);
#3180 = AXIS2_PLACEMENT_3D('',#3181,#3182,#3183);
#3181 = CARTESIAN_POINT('',(22.,-12.25,7.));
#3182 = DIRECTION('',(0.,0.,-1.));
#3183 = DIRECTION('',(1.,0.,0.));
#3184 = FACE_BOUND('',#3185,.T.);
#3185 = EDGE_LOOP('',(#3186,#3187,#3188,#3189,#3190,#3191,#3192,#3193));
#3186 = ORIENTED_EDGE('',*,*,#2315,.F.);
#3187 = ORIENTED_EDGE('',*,*,#2371,.F.);
#3188 = ORIENTED_EDGE('',*,*,#2420,.F.);
#3189 = ORIENTED_EDGE('',*,*,#2469,.F.);
#3190 = ORIENTED_EDGE('',*,*,#2494,.F.);
#3191 = ORIENTED_EDGE('',*,*,#2444,.F.);
#3192 = ORIENTED_EDGE('',*,*,#2396,.F.);
#3193 = ORIENTED_EDGE('',*,*,#2346,.F.);
#3194 = FACE_BOUND('',#3195,.T.);
#3195 = EDGE_LOOP('',(#3196,#3197,#3198,#3199,#3200,#3201,#3202,#3203));
#3196 = ORIENTED_EDGE('',*,*,#2119,.F.);
#3197 = ORIENTED_EDGE('',*,*,#2175,.F.);
#3198 = ORIENTED_EDGE('',*,*,#2224,.F.);
#3199 = ORIENTED_EDGE('',*,*,#2273,.F.);
#3200 = ORIENTED_EDGE('',*,*,#2298,.F.);
#3201 = ORIENTED_EDGE('',*,*,#2248,.F.);
#3202 = ORIENTED_EDGE('',*,*,#2200,.F.);
#3203 = ORIENTED_EDGE('',*,*,#2150,.F.);
#3204 = FACE_BOUND('',#3205,.T.);
#3205 = EDGE_LOOP('',(#3206));
#3206 = ORIENTED_EDGE('',*,*,#3207,.F.);
#3207 = EDGE_CURVE('',#3208,#3208,#3210,.T.);
#3208 = VERTEX_POINT('',#3209);
#3209 = CARTESIAN_POINT('',(25.5,28.25,7.));
#3210 = CIRCLE('',#3211,4.5);
#3211 = AXIS2_PLACEMENT_3D('',#3212,#3213,#3214);
#3212 = CARTESIAN_POINT('',(21.,28.25,7.));
#3213 = DIRECTION('',(0.,0.,1.));
#3214 = DIRECTION('',(1.,0.,0.));
#3215 = PLANE('',#3216);
#3216 = AXIS2_PLACEMENT_3D('',#3217,#3218,#3219);
#3217 = CARTESIAN_POINT('',(-0.190437689213,-1.384223817945,7.));
#3218 = DIRECTION('',(0.,0.,1.));
#3219 = DIRECTION('',(1.,0.,0.));
#3220 = ADVANCED_FACE('',(#3221),#3238,.T.);
#3221 = FACE_BOUND('',#3222,.T.);
#3222 = EDGE_LOOP('',(#3223,#3224,#3225,#3231,#3232));
#3223 = ORIENTED_EDGE('',*,*,#1436,.F.);
#3224 = ORIENTED_EDGE('',*,*,#3076,.T.);
#3225 = ORIENTED_EDGE('',*,*,#3226,.T.);
#3226 = EDGE_CURVE('',#3068,#2873,#3227,.T.);
#3227 = LINE('',#3228,#3229);
#3228 = CARTESIAN_POINT('',(32.5,-29.,6.5));
#3229 = VECTOR('',#3230,1.);
#3230 = DIRECTION('',(0.707106781187,0.,-0.707106781187));
#3231 = ORIENTED_EDGE('',*,*,#2931,.F.);
#3232 = ORIENTED_EDGE('',*,*,#3233,.F.);
#3233 = EDGE_CURVE('',#1437,#2922,#3234,.T.);
#3234 = LINE('',#3235,#3236);
#3235 = CARTESIAN_POINT('',(33.666666666667,36.045333333333,
    5.333333333333));
#3236 = VECTOR('',#3237,1.);
#3237 = DIRECTION('',(0.57735026919,-0.57735026919,-0.57735026919));
#3238 = PLANE('',#3239);
#3239 = AXIS2_PLACEMENT_3D('',#3240,#3241,#3242);
#3240 = CARTESIAN_POINT('',(32.5,36.712,6.5));
#3241 = DIRECTION('',(0.707106781187,0.,0.707106781187));
#3242 = DIRECTION('',(0.,-1.,0.));
#3243 = ADVANCED_FACE('',(#3244),#3252,.F.);
#3244 = FACE_BOUND('',#3245,.T.);
#3245 = EDGE_LOOP('',(#3246,#3247,#3248,#3249,#3250,#3251));
#3246 = ORIENTED_EDGE('',*,*,#2921,.T.);
#3247 = ORIENTED_EDGE('',*,*,#2959,.T.);
#3248 = ORIENTED_EDGE('',*,*,#3020,.F.);
#3249 = ORIENTED_EDGE('',*,*,#3001,.F.);
#3250 = ORIENTED_EDGE('',*,*,#1444,.F.);
#3251 = ORIENTED_EDGE('',*,*,#3233,.T.);
#3252 = PLANE('',#3253);
#3253 = AXIS2_PLACEMENT_3D('',#3254,#3255,#3256);
#3254 = CARTESIAN_POINT('',(32.5,37.212,0.));
#3255 = DIRECTION('',(-0.707106781187,-0.707106781187,0.));
#3256 = DIRECTION('',(0.,0.,1.));
#3257 = ADVANCED_FACE('',(#3258),#3264,.T.);
#3258 = FACE_BOUND('',#3259,.F.);
#3259 = EDGE_LOOP('',(#3260,#3261,#3262,#3263));
#3260 = ORIENTED_EDGE('',*,*,#1508,.F.);
#3261 = ORIENTED_EDGE('',*,*,#3035,.T.);
#3262 = ORIENTED_EDGE('',*,*,#2708,.T.);
#3263 = ORIENTED_EDGE('',*,*,#2628,.F.);
#3264 = PLANE('',#3265);
#3265 = AXIS2_PLACEMENT_3D('',#3266,#3267,#3268);
#3266 = CARTESIAN_POINT('',(-34.5,18.15,6.5));
#3267 = DIRECTION('',(-0.707106781187,0.,0.707106781187));
#3268 = DIRECTION('',(0.,1.,0.));
#3269 = ADVANCED_FACE('',(#3270),#3286,.T.);
#3270 = FACE_BOUND('',#3271,.T.);
#3271 = EDGE_LOOP('',(#3272,#3278,#3279,#3285));
#3272 = ORIENTED_EDGE('',*,*,#3273,.T.);
#3273 = EDGE_CURVE('',#1933,#3154,#3274,.T.);
#3274 = LINE('',#3275,#3276);
#3275 = CARTESIAN_POINT('',(22.,6.75,1.));
#3276 = VECTOR('',#3277,1.);
#3277 = DIRECTION('',(0.,0.,1.));
#3278 = ORIENTED_EDGE('',*,*,#3153,.T.);
#3279 = ORIENTED_EDGE('',*,*,#3280,.F.);
#3280 = EDGE_CURVE('',#1924,#3145,#3281,.T.);
#3281 = LINE('',#3282,#3283);
#3282 = CARTESIAN_POINT('',(-4.,6.75,1.));
#3283 = VECTOR('',#3284,1.);
#3284 = DIRECTION('',(0.,0.,1.));
#3285 = ORIENTED_EDGE('',*,*,#1940,.T.);
#3286 = PLANE('',#3287);
#3287 = AXIS2_PLACEMENT_3D('',#3288,#3289,#3290);
#3288 = CARTESIAN_POINT('',(9.,6.75,4.));
#3289 = DIRECTION('',(-0.,-1.,-0.));
#3290 = DIRECTION('',(0.,0.,-1.));
#3291 = ADVANCED_FACE('',(#3292),#3303,.F.);
#3292 = FACE_BOUND('',#3293,.F.);
#3293 = EDGE_LOOP('',(#3294,#3295,#3296,#3302));
#3294 = ORIENTED_EDGE('',*,*,#3280,.F.);
#3295 = ORIENTED_EDGE('',*,*,#1964,.F.);
#3296 = ORIENTED_EDGE('',*,*,#3297,.T.);
#3297 = EDGE_CURVE('',#1955,#3137,#3298,.T.);
#3298 = LINE('',#3299,#3300);
#3299 = CARTESIAN_POINT('',(-9.,1.75,1.));
#3300 = VECTOR('',#3301,1.);
#3301 = DIRECTION('',(0.,0.,1.));
#3302 = ORIENTED_EDGE('',*,*,#3144,.T.);
#3303 = CYLINDRICAL_SURFACE('',#3304,5.);
#3304 = AXIS2_PLACEMENT_3D('',#3305,#3306,#3307);
#3305 = CARTESIAN_POINT('',(-4.,1.75,1.));
#3306 = DIRECTION('',(0.,0.,-1.));
#3307 = DIRECTION('',(1.,0.,0.));
#3308 = ADVANCED_FACE('',(#3309),#3320,.F.);
#3309 = FACE_BOUND('',#3310,.F.);
#3310 = EDGE_LOOP('',(#3311,#3317,#3318,#3319));
#3311 = ORIENTED_EDGE('',*,*,#3312,.F.);
#3312 = EDGE_CURVE('',#1982,#3162,#3313,.T.);
#3313 = LINE('',#3314,#3315);
#3314 = CARTESIAN_POINT('',(26.,2.75,1.));
#3315 = VECTOR('',#3316,1.);
#3316 = DIRECTION('',(0.,0.,1.));
#3317 = ORIENTED_EDGE('',*,*,#1989,.F.);
#3318 = ORIENTED_EDGE('',*,*,#3273,.T.);
#3319 = ORIENTED_EDGE('',*,*,#3161,.T.);
#3320 = CYLINDRICAL_SURFACE('',#3321,4.);
#3321 = AXIS2_PLACEMENT_3D('',#3322,#3323,#3324);
#3322 = CARTESIAN_POINT('',(22.,2.75,1.));
#3323 = DIRECTION('',(0.,0.,-1.));
#3324 = DIRECTION('',(1.,0.,0.));
#3325 = ADVANCED_FACE('',(#3326),#3337,.F.);
#3326 = FACE_BOUND('',#3327,.F.);
#3327 = EDGE_LOOP('',(#3328,#3329,#3330,#3336));
#3328 = ORIENTED_EDGE('',*,*,#3297,.F.);
#3329 = ORIENTED_EDGE('',*,*,#2014,.F.);
#3330 = ORIENTED_EDGE('',*,*,#3331,.T.);
#3331 = EDGE_CURVE('',#2005,#3128,#3332,.T.);
#3332 = LINE('',#3333,#3334);
#3333 = CARTESIAN_POINT('',(-9.,-11.25,1.));
#3334 = VECTOR('',#3335,1.);
#3335 = DIRECTION('',(0.,0.,1.));
#3336 = ORIENTED_EDGE('',*,*,#3136,.F.);
#3337 = PLANE('',#3338);
#3338 = AXIS2_PLACEMENT_3D('',#3339,#3340,#3341);
#3339 = CARTESIAN_POINT('',(-9.,-11.25,1.));
#3340 = DIRECTION('',(-1.,0.,0.));
#3341 = DIRECTION('',(0.,1.,0.));
#3342 = ADVANCED_FACE('',(#3343),#3354,.F.);
#3343 = FACE_BOUND('',#3344,.F.);
#3344 = EDGE_LOOP('',(#3345,#3351,#3352,#3353));
#3345 = ORIENTED_EDGE('',*,*,#3346,.F.);
#3346 = EDGE_CURVE('',#2031,#3171,#3347,.T.);
#3347 = LINE('',#3348,#3349);
#3348 = CARTESIAN_POINT('',(26.,-12.25,1.));
#3349 = VECTOR('',#3350,1.);
#3350 = DIRECTION('',(0.,0.,1.));
#3351 = ORIENTED_EDGE('',*,*,#2038,.F.);
#3352 = ORIENTED_EDGE('',*,*,#3312,.T.);
#3353 = ORIENTED_EDGE('',*,*,#3170,.F.);
#3354 = PLANE('',#3355);
#3355 = AXIS2_PLACEMENT_3D('',#3356,#3357,#3358);
#3356 = CARTESIAN_POINT('',(26.,2.75,1.));
#3357 = DIRECTION('',(1.,0.,0.));
#3358 = DIRECTION('',(0.,-1.,0.));
#3359 = ADVANCED_FACE('',(#3360),#3371,.F.);
#3360 = FACE_BOUND('',#3361,.F.);
#3361 = EDGE_LOOP('',(#3362,#3363,#3364,#3370));
#3362 = ORIENTED_EDGE('',*,*,#3331,.F.);
#3363 = ORIENTED_EDGE('',*,*,#2062,.F.);
#3364 = ORIENTED_EDGE('',*,*,#3365,.T.);
#3365 = EDGE_CURVE('',#2053,#3118,#3366,.T.);
#3366 = LINE('',#3367,#3368);
#3367 = CARTESIAN_POINT('',(-4.,-16.25,1.));
#3368 = VECTOR('',#3369,1.);
#3369 = DIRECTION('',(0.,0.,1.));
#3370 = ORIENTED_EDGE('',*,*,#3127,.T.);
#3371 = CYLINDRICAL_SURFACE('',#3372,5.);
#3372 = AXIS2_PLACEMENT_3D('',#3373,#3374,#3375);
#3373 = CARTESIAN_POINT('',(-4.,-11.25,1.));
#3374 = DIRECTION('',(0.,0.,-1.));
#3375 = DIRECTION('',(1.,0.,0.));
#3376 = ADVANCED_FACE('',(#3377),#3388,.F.);
#3377 = FACE_BOUND('',#3378,.F.);
#3378 = EDGE_LOOP('',(#3379,#3385,#3386,#3387));
#3379 = ORIENTED_EDGE('',*,*,#3380,.F.);
#3380 = EDGE_CURVE('',#2080,#3120,#3381,.T.);
#3381 = LINE('',#3382,#3383);
#3382 = CARTESIAN_POINT('',(22.,-16.25,1.));
#3383 = VECTOR('',#3384,1.);
#3384 = DIRECTION('',(0.,0.,1.));
#3385 = ORIENTED_EDGE('',*,*,#2087,.F.);
#3386 = ORIENTED_EDGE('',*,*,#3346,.T.);
#3387 = ORIENTED_EDGE('',*,*,#3178,.T.);
#3388 = CYLINDRICAL_SURFACE('',#3389,4.);
#3389 = AXIS2_PLACEMENT_3D('',#3390,#3391,#3392);
#3390 = CARTESIAN_POINT('',(22.,-12.25,1.));
#3391 = DIRECTION('',(0.,0.,-1.));
#3392 = DIRECTION('',(1.,0.,0.));
#3393 = ADVANCED_FACE('',(#3394),#3400,.T.);
#3394 = FACE_BOUND('',#3395,.T.);
#3395 = EDGE_LOOP('',(#3396,#3397,#3398,#3399));
#3396 = ORIENTED_EDGE('',*,*,#3365,.T.);
#3397 = ORIENTED_EDGE('',*,*,#3117,.T.);
#3398 = ORIENTED_EDGE('',*,*,#3380,.F.);
#3399 = ORIENTED_EDGE('',*,*,#2105,.T.);
#3400 = PLANE('',#3401);
#3401 = AXIS2_PLACEMENT_3D('',#3402,#3403,#3404);
#3402 = CARTESIAN_POINT('',(9.,-16.25,4.));
#3403 = DIRECTION('',(0.,1.,0.));
#3404 = DIRECTION('',(0.,0.,1.));
#3405 = ADVANCED_FACE('',(#3406),#3416,.T.);
#3406 = FACE_BOUND('',#3407,.T.);
#3407 = EDGE_LOOP('',(#3408,#3414,#3415));
#3408 = ORIENTED_EDGE('',*,*,#3409,.F.);
#3409 = EDGE_CURVE('',#2562,#2521,#3410,.T.);
#3410 = LINE('',#3411,#3412);
#3411 = CARTESIAN_POINT('',(-8.,-38.25,-48.75));
#3412 = VECTOR('',#3413,1.);
#3413 = DIRECTION('',(3.17E-15,-0.707106781187,0.707106781187));
#3414 = ORIENTED_EDGE('',*,*,#2569,.T.);
#3415 = ORIENTED_EDGE('',*,*,#2528,.F.);
#3416 = PLANE('',#3417);
#3417 = AXIS2_PLACEMENT_3D('',#3418,#3419,#3420);
#3418 = CARTESIAN_POINT('',(-8.,-38.,-49.));
#3419 = DIRECTION('',(0.57735026919,-0.57735026919,-0.57735026919));
#3420 = DIRECTION('',(0.707106781187,0.707106781187,0.));
#3421 = ADVANCED_FACE('',(#3422),#3441,.F.);
#3422 = FACE_BOUND('',#3423,.F.);
#3423 = EDGE_LOOP('',(#3424,#3433,#3439,#3440));
#3424 = ORIENTED_EDGE('',*,*,#3425,.F.);
#3425 = EDGE_CURVE('',#3426,#3426,#3428,.T.);
#3426 = VERTEX_POINT('',#3427);
#3427 = CARTESIAN_POINT('',(-23.5,-14.,-12.));
#3428 = CIRCLE('',#3429,2.65);
#3429 = AXIS2_PLACEMENT_3D('',#3430,#3431,#3432);
#3430 = CARTESIAN_POINT('',(-26.15,-14.,-12.));
#3431 = DIRECTION('',(0.,0.,1.));
#3432 = DIRECTION('',(1.,0.,0.));
#3433 = ORIENTED_EDGE('',*,*,#3434,.T.);
#3434 = EDGE_CURVE('',#3426,#2691,#3435,.T.);
#3435 = LINE('',#3436,#3437);
#3436 = CARTESIAN_POINT('',(-23.5,-14.,7.));
#3437 = VECTOR('',#3438,1.);
#3438 = DIRECTION('',(-0.,-0.,-1.));
#3439 = ORIENTED_EDGE('',*,*,#2690,.T.);
#3440 = ORIENTED_EDGE('',*,*,#3434,.F.);
#3441 = CYLINDRICAL_SURFACE('',#3442,2.65);
#3442 = AXIS2_PLACEMENT_3D('',#3443,#3444,#3445);
#3443 = CARTESIAN_POINT('',(-26.15,-14.,7.));
#3444 = DIRECTION('',(0.,0.,1.));
#3445 = DIRECTION('',(1.,0.,0.));
#3446 = ADVANCED_FACE('',(#3447),#3458,.F.);
#3447 = FACE_BOUND('',#3448,.T.);
#3448 = EDGE_LOOP('',(#3449,#3455,#3456,#3457));
#3449 = ORIENTED_EDGE('',*,*,#3450,.F.);
#3450 = EDGE_CURVE('',#3043,#2751,#3451,.T.);
#3451 = LINE('',#3452,#3453);
#3452 = CARTESIAN_POINT('',(-34.99,-29.,6.));
#3453 = VECTOR('',#3454,1.);
#3454 = DIRECTION('',(-0.707106781187,5.E-17,-0.707106781187));
#3455 = ORIENTED_EDGE('',*,*,#3042,.T.);
#3456 = ORIENTED_EDGE('',*,*,#2724,.T.);
#3457 = ORIENTED_EDGE('',*,*,#2750,.F.);
#3458 = PLANE('',#3459);
#3459 = AXIS2_PLACEMENT_3D('',#3460,#3461,#3462);
#3460 = CARTESIAN_POINT('',(-34.49,-29.,6.5));
#3461 = DIRECTION('',(0.707106781187,0.,-0.707106781187));
#3462 = DIRECTION('',(-0.,-1.,-0.));
#3463 = ADVANCED_FACE('',(#3464),#3475,.T.);
#3464 = FACE_BOUND('',#3465,.T.);
#3465 = EDGE_LOOP('',(#3466,#3472,#3473,#3474));
#3466 = ORIENTED_EDGE('',*,*,#3467,.F.);
#3467 = EDGE_CURVE('',#3051,#2776,#3468,.T.);
#3468 = LINE('',#3469,#3470);
#3469 = CARTESIAN_POINT('',(-24.99,-38.5,6.5));
#3470 = VECTOR('',#3471,1.);
#3471 = DIRECTION('',(-0.,-0.707106781187,-0.707106781187));
#3472 = ORIENTED_EDGE('',*,*,#3050,.T.);
#3473 = ORIENTED_EDGE('',*,*,#3450,.T.);
#3474 = ORIENTED_EDGE('',*,*,#2783,.F.);
#3475 = CONICAL_SURFACE('',#3476,10.,0.785398163397);
#3476 = AXIS2_PLACEMENT_3D('',#3477,#3478,#3479);
#3477 = CARTESIAN_POINT('',(-24.99,-29.,6.));
#3478 = DIRECTION('',(-0.,-0.,-1.));
#3479 = DIRECTION('',(-3.6E-16,-1.,0.));
#3480 = ADVANCED_FACE('',(#3481),#3492,.T.);
#3481 = FACE_BOUND('',#3482,.T.);
#3482 = EDGE_LOOP('',(#3483,#3489,#3490,#3491));
#3483 = ORIENTED_EDGE('',*,*,#3484,.F.);
#3484 = EDGE_CURVE('',#3060,#2799,#3485,.T.);
#3485 = LINE('',#3486,#3487);
#3486 = CARTESIAN_POINT('',(23.,-39.,6.));
#3487 = VECTOR('',#3488,1.);
#3488 = DIRECTION('',(4.E-17,-0.707106781187,-0.707106781187));
#3489 = ORIENTED_EDGE('',*,*,#3059,.T.);
#3490 = ORIENTED_EDGE('',*,*,#3467,.T.);
#3491 = ORIENTED_EDGE('',*,*,#2806,.F.);
#3492 = PLANE('',#3493);
#3493 = AXIS2_PLACEMENT_3D('',#3494,#3495,#3496);
#3494 = CARTESIAN_POINT('',(23.,-38.5,6.5));
#3495 = DIRECTION('',(0.,-0.707106781187,0.707106781187));
#3496 = DIRECTION('',(-1.,0.,0.));
#3497 = ADVANCED_FACE('',(#3498),#3504,.F.);
#3498 = FACE_BOUND('',#3499,.T.);
#3499 = EDGE_LOOP('',(#3500,#3501,#3502,#3503));
#3500 = ORIENTED_EDGE('',*,*,#3409,.T.);
#3501 = ORIENTED_EDGE('',*,*,#2822,.T.);
#3502 = ORIENTED_EDGE('',*,*,#2840,.T.);
#3503 = ORIENTED_EDGE('',*,*,#2856,.F.);
#3504 = PLANE('',#3505);
#3505 = AXIS2_PLACEMENT_3D('',#3506,#3507,#3508);
#3506 = CARTESIAN_POINT('',(-7.,-38.5,-48.5));
#3507 = DIRECTION('',(0.,0.707106781187,0.707106781187));
#3508 = DIRECTION('',(1.,0.,0.));
#3509 = ADVANCED_FACE('',(#3510),#3516,.T.);
#3510 = FACE_BOUND('',#3511,.T.);
#3511 = EDGE_LOOP('',(#3512,#3513,#3514,#3515));
#3512 = ORIENTED_EDGE('',*,*,#3226,.F.);
#3513 = ORIENTED_EDGE('',*,*,#3067,.T.);
#3514 = ORIENTED_EDGE('',*,*,#3484,.T.);
#3515 = ORIENTED_EDGE('',*,*,#2880,.F.);
#3516 = CONICAL_SURFACE('',#3517,10.,0.785398163397);
#3517 = AXIS2_PLACEMENT_3D('',#3518,#3519,#3520);
#3518 = CARTESIAN_POINT('',(23.,-29.,6.));
#3519 = DIRECTION('',(-0.,-0.,-1.));
#3520 = DIRECTION('',(1.,0.,0.));
#3521 = ADVANCED_FACE('',(#3522),#3541,.F.);
#3522 = FACE_BOUND('',#3523,.F.);
#3523 = EDGE_LOOP('',(#3524,#3533,#3539,#3540));
#3524 = ORIENTED_EDGE('',*,*,#3525,.F.);
#3525 = EDGE_CURVE('',#3526,#3526,#3528,.T.);
#3526 = VERTEX_POINT('',#3527);
#3527 = CARTESIAN_POINT('',(23.65,28.25,-12.));
#3528 = CIRCLE('',#3529,2.65);
#3529 = AXIS2_PLACEMENT_3D('',#3530,#3531,#3532);
#3530 = CARTESIAN_POINT('',(21.,28.25,-12.));
#3531 = DIRECTION('',(0.,0.,1.));
#3532 = DIRECTION('',(1.,0.,0.));
#3533 = ORIENTED_EDGE('',*,*,#3534,.T.);
#3534 = EDGE_CURVE('',#3526,#2977,#3535,.T.);
#3535 = LINE('',#3536,#3537);
#3536 = CARTESIAN_POINT('',(23.65,28.25,7.));
#3537 = VECTOR('',#3538,1.);
#3538 = DIRECTION('',(-0.,-0.,-1.));
#3539 = ORIENTED_EDGE('',*,*,#2976,.T.);
#3540 = ORIENTED_EDGE('',*,*,#3534,.F.);
#3541 = CYLINDRICAL_SURFACE('',#3542,2.65);
#3542 = AXIS2_PLACEMENT_3D('',#3543,#3544,#3545);
#3543 = CARTESIAN_POINT('',(21.,28.25,7.));
#3544 = DIRECTION('',(0.,0.,1.));
#3545 = DIRECTION('',(1.,0.,0.));
#3546 = ADVANCED_FACE('',(#3547),#3565,.F.);
#3547 = FACE_BOUND('',#3548,.F.);
#3548 = EDGE_LOOP('',(#3549,#3550,#3557,#3564));
#3549 = ORIENTED_EDGE('',*,*,#3086,.F.);
#3550 = ORIENTED_EDGE('',*,*,#3551,.F.);
#3551 = EDGE_CURVE('',#3552,#3087,#3554,.T.);
#3552 = VERTEX_POINT('',#3553);
#3553 = CARTESIAN_POINT('',(-21.65,-14.,-12.));
#3554 = B_SPLINE_CURVE_WITH_KNOTS('',1,(#3555,#3556),.UNSPECIFIED.,.F.,
  .F.,(2,2),(-19.,0.),.PIECEWISE_BEZIER_KNOTS.);
#3555 = CARTESIAN_POINT('',(-21.65,-14.,-12.));
#3556 = CARTESIAN_POINT('',(-21.65,-14.,7.));
#3557 = ORIENTED_EDGE('',*,*,#3558,.T.);
#3558 = EDGE_CURVE('',#3552,#3552,#3559,.T.);
#3559 = CIRCLE('',#3560,4.5);
#3560 = AXIS2_PLACEMENT_3D('',#3561,#3562,#3563);
#3561 = CARTESIAN_POINT('',(-26.15,-14.,-12.));
#3562 = DIRECTION('',(0.,0.,1.));
#3563 = DIRECTION('',(1.,0.,0.));
#3564 = ORIENTED_EDGE('',*,*,#3551,.T.);
#3565 = CYLINDRICAL_SURFACE('',#3566,4.5);
#3566 = AXIS2_PLACEMENT_3D('',#3567,#3568,#3569);
#3567 = CARTESIAN_POINT('',(-26.15,-14.,7.));
#3568 = DIRECTION('',(0.,0.,1.));
#3569 = DIRECTION('',(1.,0.,0.));
#3570 = ADVANCED_FACE('',(#3571),#3589,.F.);
#3571 = FACE_BOUND('',#3572,.F.);
#3572 = EDGE_LOOP('',(#3573,#3574,#3581,#3588));
#3573 = ORIENTED_EDGE('',*,*,#3207,.F.);
#3574 = ORIENTED_EDGE('',*,*,#3575,.F.);
#3575 = EDGE_CURVE('',#3576,#3208,#3578,.T.);
#3576 = VERTEX_POINT('',#3577);
#3577 = CARTESIAN_POINT('',(25.5,28.25,-12.));
#3578 = B_SPLINE_CURVE_WITH_KNOTS('',1,(#3579,#3580),.UNSPECIFIED.,.F.,
  .F.,(2,2),(-19.,0.),.PIECEWISE_BEZIER_KNOTS.);
#3579 = CARTESIAN_POINT('',(25.5,28.25,-12.));
#3580 = CARTESIAN_POINT('',(25.5,28.25,7.));
#3581 = ORIENTED_EDGE('',*,*,#3582,.T.);
#3582 = EDGE_CURVE('',#3576,#3576,#3583,.T.);
#3583 = CIRCLE('',#3584,4.5);
#3584 = AXIS2_PLACEMENT_3D('',#3585,#3586,#3587);
#3585 = CARTESIAN_POINT('',(21.,28.25,-12.));
#3586 = DIRECTION('',(0.,0.,1.));
#3587 = DIRECTION('',(1.,0.,0.));
#3588 = ORIENTED_EDGE('',*,*,#3575,.T.);
#3589 = CYLINDRICAL_SURFACE('',#3590,4.5);
#3590 = AXIS2_PLACEMENT_3D('',#3591,#3592,#3593);
#3591 = CARTESIAN_POINT('',(21.,28.25,7.));
#3592 = DIRECTION('',(0.,0.,1.));
#3593 = DIRECTION('',(1.,0.,0.));
#3594 = ADVANCED_FACE('',(#3595,#3598),#3601,.T.);
#3595 = FACE_BOUND('',#3596,.T.);
#3596 = EDGE_LOOP('',(#3597));
#3597 = ORIENTED_EDGE('',*,*,#3558,.T.);
#3598 = FACE_BOUND('',#3599,.T.);
#3599 = EDGE_LOOP('',(#3600));
#3600 = ORIENTED_EDGE('',*,*,#3425,.F.);
#3601 = PLANE('',#3602);
#3602 = AXIS2_PLACEMENT_3D('',#3603,#3604,#3605);
#3603 = CARTESIAN_POINT('',(-2.575,7.125,-12.));
#3604 = DIRECTION('',(0.,0.,1.));
#3605 = DIRECTION('',(1.,0.,0.));
#3606 = ADVANCED_FACE('',(#3607,#3610),#3613,.T.);
#3607 = FACE_BOUND('',#3608,.T.);
#3608 = EDGE_LOOP('',(#3609));
#3609 = ORIENTED_EDGE('',*,*,#3582,.T.);
#3610 = FACE_BOUND('',#3611,.T.);
#3611 = EDGE_LOOP('',(#3612));
#3612 = ORIENTED_EDGE('',*,*,#3525,.F.);
#3613 = PLANE('',#3614);
#3614 = AXIS2_PLACEMENT_3D('',#3615,#3616,#3617);
#3615 = CARTESIAN_POINT('',(-2.575,7.125,-12.));
#3616 = DIRECTION('',(0.,0.,1.));
#3617 = DIRECTION('',(1.,0.,0.));
#3618 = ( GEOMETRIC_REPRESENTATION_CONTEXT(3) 
GLOBAL_UNCERTAINTY_ASSIGNED_CONTEXT((#3622)) 
GLOBAL_UNIT_ASSIGNED_CONTEXT((#3619,#3620,#3621)) REPRESENTATION_CONTEXT
('Context #1','3D Context with UNIT and UNCERTAINTY') );
#3619 = ( LENGTH_UNIT() NAMED_UNIT(*) SI_UNIT(.MILLI.,.METRE.) );
#3620 = ( NAMED_UNIT(*) PLANE_ANGLE_UNIT() SI_UNIT($,.RADIAN.) );
#3621 = ( NAMED_UNIT(*) SI_UNIT($,.STERADIAN.) SOLID_ANGLE_UNIT() );
#3622 = UNCERTAINTY_MEASURE_WITH_UNIT(LENGTH_MEASURE(5.E-05),#3619,
  'distance_accuracy_value','confusion accuracy');
#3623 = PRODUCT_RELATED_PRODUCT_CATEGORY('part',$,(#7));
#3624 = MECHANICAL_DESIGN_GEOMETRIC_PRESENTATION_REPRESENTATION('',(
    #3625),#3618);
#3625 = STYLED_ITEM('color',(#3626),#15);
#3626 = PRESENTATION_STYLE_ASSIGNMENT((#3627,#3633));
#3627 = SURFACE_STYLE_USAGE(.BOTH.,#3628);
#3628 = SURFACE_SIDE_STYLE('',(#3629));
#3629 = SURFACE_STYLE_FILL_AREA(#3630);
#3630 = FILL_AREA_STYLE('',(#3631));
#3631 = FILL_AREA_STYLE_COLOUR('',#3632);
#3632 = COLOUR_RGB('',0.447058818107,0.474509808674,0.501960817233);
#3633 = CURVE_STYLE('',#3634,POSITIVE_LENGTH_MEASURE(0.1),#3635);
#3634 = DRAUGHTING_PRE_DEFINED_CURVE_FONT('continuous');
#3635 = COLOUR_RGB('',9.803921802644E-02,9.803921802644E-02,
  9.803921802644E-02);
ENDSEC;
END-ISO-10303-21;
