ISO-10303-21;
HEADER;
FILE_DESCRIPTION(('FreeCAD Model'),'2;1');
FILE_NAME('Open CASCADE Shape Model','2025-12-09T15:11:12',(''),(''),
  'Open CASCADE STEP processor 7.8','FreeCAD','Unknown');
FILE_SCHEMA(('AUTOMOTIVE_DESIGN { 1 0 10303 214 1 1 1 1 }'));
ENDSEC;
DATA;
#1 = APPLICATION_PROTOCOL_DEFINITION('international standard',
  'automotive_design',2000,#2);
#2 = APPLICATION_CONTEXT(
  'core data for automotive mechanical design processes');
#3 = SHAPE_DEFINITION_REPRESENTATION(#4,#10);
#4 = PRODUCT_DEFINITION_SHAPE('','',#5);
#5 = PRODUCT_DEFINITION('design','',#6,#9);
#6 = PRODUCT_DEFINITION_FORMATION('','',#7);
#7 = PRODUCT('motor mount top right rear','motor mount top right rear',
  '',(#8));
#8 = PRODUCT_CONTEXT('',#2,'mechanical');
#9 = PRODUCT_DEFINITION_CONTEXT('part definition',#2,'design');
#10 = ADVANCED_BREP_SHAPE_REPRESENTATION('',(#11,#15),#2929);
#11 = AXIS2_PLACEMENT_3D('',#12,#13,#14);
#12 = CARTESIAN_POINT('',(0.,0.,0.));
#13 = DIRECTION('',(0.,0.,1.));
#14 = DIRECTION('',(1.,0.,-0.));
#15 = MANIFOLD_SOLID_BREP('',#16);
#16 = CLOSED_SHELL('',(#17,#557,#588,#613,#638,#662,#686,#711,#736,#753,
    #826,#850,#890,#914,#938,#973,#997,#1021,#1061,#1085,#1109,#1141,
    #1164,#1196,#1244,#1268,#1300,#1317,#1343,#1367,#1399,#1423,#1447,
    #1472,#1497,#1521,#1545,#1563,#1595,#1619,#1643,#1668,#1693,#1717,
    #1741,#1759,#1790,#1815,#1840,#1864,#1888,#1913,#1938,#1955,#1986,
    #2011,#2036,#2060,#2084,#2109,#2134,#2151,#2175,#2206,#2231,#2256,
    #2280,#2304,#2329,#2354,#2371,#2388,#2419,#2440,#2485,#2590,#2602,
    #2626,#2650,#2667,#2713,#2730,#2765,#2791,#2817,#2851,#2863,#2883,
    #2900,#2917));
#17 = ADVANCED_FACE('',(#18,#88,#250,#261,#331,#401,#471,#541),#552,.T.
  );
#18 = FACE_BOUND('',#19,.T.);
#19 = EDGE_LOOP('',(#20,#30,#39,#47,#56,#64,#73,#81));
#20 = ORIENTED_EDGE('',*,*,#21,.F.);
#21 = EDGE_CURVE('',#22,#24,#26,.T.);
#22 = VERTEX_POINT('',#23);
#23 = CARTESIAN_POINT('',(-5.,-17.25,5.5));
#24 = VERTEX_POINT('',#25);
#25 = CARTESIAN_POINT('',(22.,-17.25,5.5));
#26 = LINE('',#27,#28);
#27 = CARTESIAN_POINT('',(-5.,-17.25,5.5));
#28 = VECTOR('',#29,1.);
#29 = DIRECTION('',(1.,0.,0.));
#30 = ORIENTED_EDGE('',*,*,#31,.F.);
#31 = EDGE_CURVE('',#32,#22,#34,.T.);
#32 = VERTEX_POINT('',#33);
#33 = CARTESIAN_POINT('',(-10.,-12.25,5.5));
#34 = CIRCLE('',#35,5.);
#35 = AXIS2_PLACEMENT_3D('',#36,#37,#38);
#36 = CARTESIAN_POINT('',(-5.,-12.25,5.5));
#37 = DIRECTION('',(0.,0.,1.));
#38 = DIRECTION('',(-1.,0.,0.));
#39 = ORIENTED_EDGE('',*,*,#40,.F.);
#40 = EDGE_CURVE('',#41,#32,#43,.T.);
#41 = VERTEX_POINT('',#42);
#42 = CARTESIAN_POINT('',(-10.,2.749999999999,5.5));
#43 = LINE('',#44,#45);
#44 = CARTESIAN_POINT('',(-10.,2.749999999999,5.5));
#45 = VECTOR('',#46,1.);
#46 = DIRECTION('',(0.,-1.,0.));
#47 = ORIENTED_EDGE('',*,*,#48,.F.);
#48 = EDGE_CURVE('',#49,#41,#51,.T.);
#49 = VERTEX_POINT('',#50);
#50 = CARTESIAN_POINT('',(-5.,7.75,5.5));
#51 = CIRCLE('',#52,5.);
#52 = AXIS2_PLACEMENT_3D('',#53,#54,#55);
#53 = CARTESIAN_POINT('',(-5.,2.749999999999,5.5));
#54 = DIRECTION('',(0.,0.,1.));
#55 = DIRECTION('',(-6.550315845288E-14,1.,0.));
#56 = ORIENTED_EDGE('',*,*,#57,.F.);
#57 = EDGE_CURVE('',#58,#49,#60,.T.);
#58 = VERTEX_POINT('',#59);
#59 = CARTESIAN_POINT('',(22.,7.75,5.5));
#60 = LINE('',#61,#62);
#61 = CARTESIAN_POINT('',(22.,7.75,5.5));
#62 = VECTOR('',#63,1.);
#63 = DIRECTION('',(-1.,0.,0.));
#64 = ORIENTED_EDGE('',*,*,#65,.F.);
#65 = EDGE_CURVE('',#66,#58,#68,.T.);
#66 = VERTEX_POINT('',#67);
#67 = CARTESIAN_POINT('',(27.,2.75,5.5));
#68 = CIRCLE('',#69,5.);
#69 = AXIS2_PLACEMENT_3D('',#70,#71,#72);
#70 = CARTESIAN_POINT('',(22.,2.75,5.5));
#71 = DIRECTION('',(0.,0.,1.));
#72 = DIRECTION('',(1.,0.,0.));
#73 = ORIENTED_EDGE('',*,*,#74,.F.);
#74 = EDGE_CURVE('',#75,#66,#77,.T.);
#75 = VERTEX_POINT('',#76);
#76 = CARTESIAN_POINT('',(27.,-12.25,5.5));
#77 = LINE('',#78,#79);
#78 = CARTESIAN_POINT('',(27.,-12.25,5.5));
#79 = VECTOR('',#80,1.);
#80 = DIRECTION('',(0.,1.,0.));
#81 = ORIENTED_EDGE('',*,*,#82,.F.);
#82 = EDGE_CURVE('',#24,#75,#83,.T.);
#83 = CIRCLE('',#84,5.);
#84 = AXIS2_PLACEMENT_3D('',#85,#86,#87);
#85 = CARTESIAN_POINT('',(22.,-12.25,5.5));
#86 = DIRECTION('',(-0.,0.,1.));
#87 = DIRECTION('',(0.,-1.,0.));
#88 = FACE_BOUND('',#89,.T.);
#89 = EDGE_LOOP('',(#90,#100,#108,#116,#124,#132,#140,#148,#156,#164,
    #172,#180,#196,#204,#212,#220,#228,#236,#244));
#90 = ORIENTED_EDGE('',*,*,#91,.T.);
#91 = EDGE_CURVE('',#92,#94,#96,.T.);
#92 = VERTEX_POINT('',#93);
#93 = CARTESIAN_POINT('',(-33.3,-40.,5.5));
#94 = VERTEX_POINT('',#95);
#95 = CARTESIAN_POINT('',(-13.,-40.,5.5));
#96 = LINE('',#97,#98);
#97 = CARTESIAN_POINT('',(-35.,-40.,5.5));
#98 = VECTOR('',#99,1.);
#99 = DIRECTION('',(1.,0.,0.));
#100 = ORIENTED_EDGE('',*,*,#101,.T.);
#101 = EDGE_CURVE('',#94,#102,#104,.T.);
#102 = VERTEX_POINT('',#103);
#103 = CARTESIAN_POINT('',(-15.,-38.,5.5));
#104 = LINE('',#105,#106);
#105 = CARTESIAN_POINT('',(-17.21680148486,-35.78319851513,5.5));
#106 = VECTOR('',#107,1.);
#107 = DIRECTION('',(-0.707106781187,0.707106781187,0.));
#108 = ORIENTED_EDGE('',*,*,#109,.T.);
#109 = EDGE_CURVE('',#102,#110,#112,.T.);
#110 = VERTEX_POINT('',#111);
#111 = CARTESIAN_POINT('',(-15.,-27.,5.5));
#112 = LINE('',#113,#114);
#113 = CARTESIAN_POINT('',(-15.,-14.32004239354,5.5));
#114 = VECTOR('',#115,1.);
#115 = DIRECTION('',(0.,1.,0.));
#116 = ORIENTED_EDGE('',*,*,#117,.F.);
#117 = EDGE_CURVE('',#118,#110,#120,.T.);
#118 = VERTEX_POINT('',#119);
#119 = CARTESIAN_POINT('',(-13.,-25.,5.5));
#120 = LINE('',#121,#122);
#121 = CARTESIAN_POINT('',(-2.786843878417,-14.78684387841,5.5));
#122 = VECTOR('',#123,1.);
#123 = DIRECTION('',(-0.707106781187,-0.707106781187,0.));
#124 = ORIENTED_EDGE('',*,*,#125,.T.);
#125 = EDGE_CURVE('',#118,#126,#128,.T.);
#126 = VERTEX_POINT('',#127);
#127 = CARTESIAN_POINT('',(-7.,-25.,5.5));
#128 = LINE('',#129,#130);
#129 = CARTESIAN_POINT('',(1.746354636714,-25.,5.5));
#130 = VECTOR('',#131,1.);
#131 = DIRECTION('',(1.,0.,0.));
#132 = ORIENTED_EDGE('',*,*,#133,.F.);
#133 = EDGE_CURVE('',#134,#126,#136,.T.);
#134 = VERTEX_POINT('',#135);
#135 = CARTESIAN_POINT('',(-5.,-27.,5.5));
#136 = LINE('',#137,#138);
#137 = CARTESIAN_POINT('',(-7.966801484869,-24.03319851513,5.5));
#138 = VECTOR('',#139,1.);
#139 = DIRECTION('',(-0.707106781187,0.707106781187,0.));
#140 = ORIENTED_EDGE('',*,*,#141,.T.);
#141 = EDGE_CURVE('',#134,#142,#144,.T.);
#142 = VERTEX_POINT('',#143);
#143 = CARTESIAN_POINT('',(25.,-27.,5.5));
#144 = LINE('',#145,#146);
#145 = CARTESIAN_POINT('',(-5.,-27.,5.5));
#146 = VECTOR('',#147,1.);
#147 = DIRECTION('',(1.,0.,0.));
#148 = ORIENTED_EDGE('',*,*,#149,.F.);
#149 = EDGE_CURVE('',#150,#142,#152,.T.);
#150 = VERTEX_POINT('',#151);
#151 = CARTESIAN_POINT('',(25.,-38.,5.5));
#152 = LINE('',#153,#154);
#153 = CARTESIAN_POINT('',(25.,-38.,5.5));
#154 = VECTOR('',#155,1.);
#155 = DIRECTION('',(0.,1.,0.));
#156 = ORIENTED_EDGE('',*,*,#157,.F.);
#157 = EDGE_CURVE('',#158,#150,#160,.T.);
#158 = VERTEX_POINT('',#159);
#159 = CARTESIAN_POINT('',(-5.,-38.,5.5));
#160 = LINE('',#161,#162);
#161 = CARTESIAN_POINT('',(-5.,-38.,5.5));
#162 = VECTOR('',#163,1.);
#163 = DIRECTION('',(1.,0.,0.));
#164 = ORIENTED_EDGE('',*,*,#165,.F.);
#165 = EDGE_CURVE('',#166,#158,#168,.T.);
#166 = VERTEX_POINT('',#167);
#167 = CARTESIAN_POINT('',(-5.3,-38.3,5.5));
#168 = LINE('',#169,#170);
#169 = CARTESIAN_POINT('',(6.463156121583,-26.53684387841,5.5));
#170 = VECTOR('',#171,1.);
#171 = DIRECTION('',(0.707106781187,0.707106781187,0.));
#172 = ORIENTED_EDGE('',*,*,#173,.T.);
#173 = EDGE_CURVE('',#166,#174,#176,.T.);
#174 = VERTEX_POINT('',#175);
#175 = CARTESIAN_POINT('',(23.,-38.3,5.5));
#176 = LINE('',#177,#178);
#177 = CARTESIAN_POINT('',(-7.,-38.3,5.5));
#178 = VECTOR('',#179,1.);
#179 = DIRECTION('',(1.,0.,0.));
#180 = ORIENTED_EDGE('',*,*,#181,.T.);
#181 = EDGE_CURVE('',#174,#182,#184,.T.);
#182 = VERTEX_POINT('',#183);
#183 = CARTESIAN_POINT('',(30.3,-31.,5.5));
#184 = B_SPLINE_CURVE_WITH_KNOTS('',10,(#185,#186,#187,#188,#189,#190,
    #191,#192,#193,#194,#195),.UNSPECIFIED.,.F.,.F.,(11,11),(30.,
    44.137166938749),.PIECEWISE_BEZIER_KNOTS.);
#185 = CARTESIAN_POINT('',(23.,-38.3,5.5));
#186 = CARTESIAN_POINT('',(24.129603037338,-38.3,5.5));
#187 = CARTESIAN_POINT('',(25.271905935756,-38.1057691671,5.499999999999
    ));
#188 = CARTESIAN_POINT('',(26.384289003023,-37.71007557382,
    5.500000000002));
#189 = CARTESIAN_POINT('',(27.423282955101,-37.11756564883,
    5.499999999997));
#190 = CARTESIAN_POINT('',(28.345991782517,-36.34669346126,
    5.500000000003));
#191 = CARTESIAN_POINT('',(29.118061382967,-35.42268329982,
    5.499999999998));
#192 = CARTESIAN_POINT('',(29.709881072565,-34.38457250644,
    5.500000000001));
#193 = CARTESIAN_POINT('',(30.105805294251,-33.27182632405,
    5.499999999999));
#194 = CARTESIAN_POINT('',(30.3,-32.12961239096,5.5));
#195 = CARTESIAN_POINT('',(30.3,-31.,5.5));
#196 = ORIENTED_EDGE('',*,*,#197,.T.);
#197 = EDGE_CURVE('',#182,#198,#200,.T.);
#198 = VERTEX_POINT('',#199);
#199 = CARTESIAN_POINT('',(30.3,38.011745229685,5.5));
#200 = LINE('',#201,#202);
#201 = CARTESIAN_POINT('',(30.3,-31.,5.5));
#202 = VECTOR('',#203,1.);
#203 = DIRECTION('',(0.,1.,0.));
#204 = ORIENTED_EDGE('',*,*,#205,.T.);
#205 = EDGE_CURVE('',#198,#206,#208,.T.);
#206 = VERTEX_POINT('',#207);
#207 = CARTESIAN_POINT('',(10.,38.011745229685,5.5));
#208 = LINE('',#209,#210);
#209 = CARTESIAN_POINT('',(32.,38.011745229685,5.5));
#210 = VECTOR('',#211,1.);
#211 = DIRECTION('',(-1.,0.,0.));
#212 = ORIENTED_EDGE('',*,*,#213,.F.);
#213 = EDGE_CURVE('',#214,#206,#216,.T.);
#214 = VERTEX_POINT('',#215);
#215 = CARTESIAN_POINT('',(10.,19.711745229685,5.5));
#216 = LINE('',#217,#218);
#217 = CARTESIAN_POINT('',(10.,19.711745229685,5.5));
#218 = VECTOR('',#219,1.);
#219 = DIRECTION('',(0.,1.,0.));
#220 = ORIENTED_EDGE('',*,*,#221,.F.);
#221 = EDGE_CURVE('',#222,#214,#224,.T.);
#222 = VERTEX_POINT('',#223);
#223 = CARTESIAN_POINT('',(-15.,19.711745229685,5.5));
#224 = LINE('',#225,#226);
#225 = CARTESIAN_POINT('',(-15.,19.711745229685,5.5));
#226 = VECTOR('',#227,1.);
#227 = DIRECTION('',(1.,0.,0.));
#228 = ORIENTED_EDGE('',*,*,#229,.F.);
#229 = EDGE_CURVE('',#230,#222,#232,.T.);
#230 = VERTEX_POINT('',#231);
#231 = CARTESIAN_POINT('',(-15.,-5.,5.5));
#232 = LINE('',#233,#234);
#233 = CARTESIAN_POINT('',(-15.,-5.,5.5));
#234 = VECTOR('',#235,1.);
#235 = DIRECTION('',(0.,1.,0.));
#236 = ORIENTED_EDGE('',*,*,#237,.F.);
#237 = EDGE_CURVE('',#238,#230,#240,.T.);
#238 = VERTEX_POINT('',#239);
#239 = CARTESIAN_POINT('',(-33.3,-5.,5.5));
#240 = LINE('',#241,#242);
#241 = CARTESIAN_POINT('',(-35.,-5.,5.5));
#242 = VECTOR('',#243,1.);
#243 = DIRECTION('',(1.,0.,0.));
#244 = ORIENTED_EDGE('',*,*,#245,.T.);
#245 = EDGE_CURVE('',#238,#92,#246,.T.);
#246 = LINE('',#247,#248);
#247 = CARTESIAN_POINT('',(-33.3,-5.,5.5));
#248 = VECTOR('',#249,1.);
#249 = DIRECTION('',(0.,-1.,0.));
#250 = FACE_BOUND('',#251,.T.);
#251 = EDGE_LOOP('',(#252));
#252 = ORIENTED_EDGE('',*,*,#253,.F.);
#253 = EDGE_CURVE('',#254,#254,#256,.T.);
#254 = VERTEX_POINT('',#255);
#255 = CARTESIAN_POINT('',(-22.35,-20.,5.5));
#256 = CIRCLE('',#257,2.65);
#257 = AXIS2_PLACEMENT_3D('',#258,#259,#260);
#258 = CARTESIAN_POINT('',(-25.,-20.,5.5));
#259 = DIRECTION('',(0.,0.,1.));
#260 = DIRECTION('',(1.,0.,0.));
#261 = FACE_BOUND('',#262,.T.);
#262 = EDGE_LOOP('',(#263,#274,#282,#291,#299,#308,#316,#325));
#263 = ORIENTED_EDGE('',*,*,#264,.F.);
#264 = EDGE_CURVE('',#265,#267,#269,.T.);
#265 = VERTEX_POINT('',#266);
#266 = CARTESIAN_POINT('',(-12.,-20.825,5.5));
#267 = VERTEX_POINT('',#268);
#268 = CARTESIAN_POINT('',(-11.,-21.825,5.5));
#269 = CIRCLE('',#270,1.);
#270 = AXIS2_PLACEMENT_3D('',#271,#272,#273);
#271 = CARTESIAN_POINT('',(-11.,-20.825,5.5));
#272 = DIRECTION('',(0.,0.,1.));
#273 = DIRECTION('',(1.,0.,0.));
#274 = ORIENTED_EDGE('',*,*,#275,.T.);
#275 = EDGE_CURVE('',#265,#276,#278,.T.);
#276 = VERTEX_POINT('',#277);
#277 = CARTESIAN_POINT('',(-12.,-19.575,5.5));
#278 = LINE('',#279,#280);
#279 = CARTESIAN_POINT('',(-12.,-20.825,5.5));
#280 = VECTOR('',#281,1.);
#281 = DIRECTION('',(0.,1.,0.));
#282 = ORIENTED_EDGE('',*,*,#283,.F.);
#283 = EDGE_CURVE('',#284,#276,#286,.T.);
#284 = VERTEX_POINT('',#285);
#285 = CARTESIAN_POINT('',(-11.,-18.575,5.5));
#286 = CIRCLE('',#287,1.);
#287 = AXIS2_PLACEMENT_3D('',#288,#289,#290);
#288 = CARTESIAN_POINT('',(-11.,-19.575,5.5));
#289 = DIRECTION('',(0.,0.,1.));
#290 = DIRECTION('',(1.,0.,0.));
#291 = ORIENTED_EDGE('',*,*,#292,.T.);
#292 = EDGE_CURVE('',#284,#293,#295,.T.);
#293 = VERTEX_POINT('',#294);
#294 = CARTESIAN_POINT('',(-3.,-18.575,5.5));
#295 = LINE('',#296,#297);
#296 = CARTESIAN_POINT('',(-11.,-18.575,5.5));
#297 = VECTOR('',#298,1.);
#298 = DIRECTION('',(1.,0.,0.));
#299 = ORIENTED_EDGE('',*,*,#300,.F.);
#300 = EDGE_CURVE('',#301,#293,#303,.T.);
#301 = VERTEX_POINT('',#302);
#302 = CARTESIAN_POINT('',(-2.,-19.575,5.5));
#303 = CIRCLE('',#304,1.);
#304 = AXIS2_PLACEMENT_3D('',#305,#306,#307);
#305 = CARTESIAN_POINT('',(-3.,-19.575,5.5));
#306 = DIRECTION('',(0.,0.,1.));
#307 = DIRECTION('',(1.,0.,0.));
#308 = ORIENTED_EDGE('',*,*,#309,.T.);
#309 = EDGE_CURVE('',#301,#310,#312,.T.);
#310 = VERTEX_POINT('',#311);
#311 = CARTESIAN_POINT('',(-2.,-20.825,5.5));
#312 = LINE('',#313,#314);
#313 = CARTESIAN_POINT('',(-2.,-19.575,5.5));
#314 = VECTOR('',#315,1.);
#315 = DIRECTION('',(0.,-1.,0.));
#316 = ORIENTED_EDGE('',*,*,#317,.F.);
#317 = EDGE_CURVE('',#318,#310,#320,.T.);
#318 = VERTEX_POINT('',#319);
#319 = CARTESIAN_POINT('',(-3.,-21.825,5.5));
#320 = CIRCLE('',#321,1.);
#321 = AXIS2_PLACEMENT_3D('',#322,#323,#324);
#322 = CARTESIAN_POINT('',(-3.,-20.825,5.5));
#323 = DIRECTION('',(0.,0.,1.));
#324 = DIRECTION('',(1.,0.,0.));
#325 = ORIENTED_EDGE('',*,*,#326,.T.);
#326 = EDGE_CURVE('',#318,#267,#327,.T.);
#327 = LINE('',#328,#329);
#328 = CARTESIAN_POINT('',(-3.,-21.825,5.5));
#329 = VECTOR('',#330,1.);
#330 = DIRECTION('',(-1.,0.,0.));
#331 = FACE_BOUND('',#332,.T.);
#332 = EDGE_LOOP('',(#333,#344,#352,#361,#369,#378,#386,#395));
#333 = ORIENTED_EDGE('',*,*,#334,.F.);
#334 = EDGE_CURVE('',#335,#337,#339,.T.);
#335 = VERTEX_POINT('',#336);
#336 = CARTESIAN_POINT('',(19.,-20.825,5.5));
#337 = VERTEX_POINT('',#338);
#338 = CARTESIAN_POINT('',(20.,-21.82499999999,5.5));
#339 = CIRCLE('',#340,1.);
#340 = AXIS2_PLACEMENT_3D('',#341,#342,#343);
#341 = CARTESIAN_POINT('',(20.,-20.825,5.5));
#342 = DIRECTION('',(0.,0.,1.));
#343 = DIRECTION('',(1.,0.,0.));
#344 = ORIENTED_EDGE('',*,*,#345,.T.);
#345 = EDGE_CURVE('',#335,#346,#348,.T.);
#346 = VERTEX_POINT('',#347);
#347 = CARTESIAN_POINT('',(19.,-19.575,5.5));
#348 = LINE('',#349,#350);
#349 = CARTESIAN_POINT('',(19.,-20.825,5.5));
#350 = VECTOR('',#351,1.);
#351 = DIRECTION('',(0.,1.,0.));
#352 = ORIENTED_EDGE('',*,*,#353,.F.);
#353 = EDGE_CURVE('',#354,#346,#356,.T.);
#354 = VERTEX_POINT('',#355);
#355 = CARTESIAN_POINT('',(20.,-18.575,5.5));
#356 = CIRCLE('',#357,1.);
#357 = AXIS2_PLACEMENT_3D('',#358,#359,#360);
#358 = CARTESIAN_POINT('',(20.,-19.575,5.5));
#359 = DIRECTION('',(0.,0.,1.));
#360 = DIRECTION('',(1.,0.,0.));
#361 = ORIENTED_EDGE('',*,*,#362,.T.);
#362 = EDGE_CURVE('',#354,#363,#365,.T.);
#363 = VERTEX_POINT('',#364);
#364 = CARTESIAN_POINT('',(28.,-18.575,5.5));
#365 = LINE('',#366,#367);
#366 = CARTESIAN_POINT('',(20.,-18.575,5.5));
#367 = VECTOR('',#368,1.);
#368 = DIRECTION('',(1.,0.,0.));
#369 = ORIENTED_EDGE('',*,*,#370,.F.);
#370 = EDGE_CURVE('',#371,#363,#373,.T.);
#371 = VERTEX_POINT('',#372);
#372 = CARTESIAN_POINT('',(29.,-19.575,5.5));
#373 = CIRCLE('',#374,1.);
#374 = AXIS2_PLACEMENT_3D('',#375,#376,#377);
#375 = CARTESIAN_POINT('',(28.,-19.575,5.5));
#376 = DIRECTION('',(0.,0.,1.));
#377 = DIRECTION('',(1.,0.,0.));
#378 = ORIENTED_EDGE('',*,*,#379,.T.);
#379 = EDGE_CURVE('',#371,#380,#382,.T.);
#380 = VERTEX_POINT('',#381);
#381 = CARTESIAN_POINT('',(29.,-20.82499999999,5.5));
#382 = LINE('',#383,#384);
#383 = CARTESIAN_POINT('',(29.,-19.575,5.5));
#384 = VECTOR('',#385,1.);
#385 = DIRECTION('',(0.,-1.,0.));
#386 = ORIENTED_EDGE('',*,*,#387,.F.);
#387 = EDGE_CURVE('',#388,#380,#390,.T.);
#388 = VERTEX_POINT('',#389);
#389 = CARTESIAN_POINT('',(28.,-21.82499999999,5.5));
#390 = CIRCLE('',#391,1.);
#391 = AXIS2_PLACEMENT_3D('',#392,#393,#394);
#392 = CARTESIAN_POINT('',(28.,-20.82499999999,5.5));
#393 = DIRECTION('',(0.,0.,1.));
#394 = DIRECTION('',(1.,0.,0.));
#395 = ORIENTED_EDGE('',*,*,#396,.T.);
#396 = EDGE_CURVE('',#388,#337,#397,.T.);
#397 = LINE('',#398,#399);
#398 = CARTESIAN_POINT('',(28.,-21.82499999999,5.5));
#399 = VECTOR('',#400,1.);
#400 = DIRECTION('',(-1.,0.,0.));
#401 = FACE_BOUND('',#402,.T.);
#402 = EDGE_LOOP('',(#403,#413,#422,#430,#439,#447,#456,#464));
#403 = ORIENTED_EDGE('',*,*,#404,.F.);
#404 = EDGE_CURVE('',#405,#407,#409,.T.);
#405 = VERTEX_POINT('',#406);
#406 = CARTESIAN_POINT('',(-11.,9.075,5.5));
#407 = VERTEX_POINT('',#408);
#408 = CARTESIAN_POINT('',(-3.,9.075,5.5));
#409 = LINE('',#410,#411);
#410 = CARTESIAN_POINT('',(-11.,9.075,5.5));
#411 = VECTOR('',#412,1.);
#412 = DIRECTION('',(1.,0.,0.));
#413 = ORIENTED_EDGE('',*,*,#414,.F.);
#414 = EDGE_CURVE('',#415,#405,#417,.T.);
#415 = VERTEX_POINT('',#416);
#416 = CARTESIAN_POINT('',(-12.,10.075,5.5));
#417 = CIRCLE('',#418,1.);
#418 = AXIS2_PLACEMENT_3D('',#419,#420,#421);
#419 = CARTESIAN_POINT('',(-11.,10.075,5.5));
#420 = DIRECTION('',(0.,0.,1.));
#421 = DIRECTION('',(1.,0.,0.));
#422 = ORIENTED_EDGE('',*,*,#423,.F.);
#423 = EDGE_CURVE('',#424,#415,#426,.T.);
#424 = VERTEX_POINT('',#425);
#425 = CARTESIAN_POINT('',(-12.,11.325,5.5));
#426 = LINE('',#427,#428);
#427 = CARTESIAN_POINT('',(-12.,11.325,5.5));
#428 = VECTOR('',#429,1.);
#429 = DIRECTION('',(0.,-1.,0.));
#430 = ORIENTED_EDGE('',*,*,#431,.F.);
#431 = EDGE_CURVE('',#432,#424,#434,.T.);
#432 = VERTEX_POINT('',#433);
#433 = CARTESIAN_POINT('',(-11.,12.325,5.5));
#434 = CIRCLE('',#435,1.);
#435 = AXIS2_PLACEMENT_3D('',#436,#437,#438);
#436 = CARTESIAN_POINT('',(-11.,11.325,5.5));
#437 = DIRECTION('',(0.,0.,1.));
#438 = DIRECTION('',(1.,0.,0.));
#439 = ORIENTED_EDGE('',*,*,#440,.F.);
#440 = EDGE_CURVE('',#441,#432,#443,.T.);
#441 = VERTEX_POINT('',#442);
#442 = CARTESIAN_POINT('',(-3.,12.325,5.5));
#443 = LINE('',#444,#445);
#444 = CARTESIAN_POINT('',(-3.,12.325,5.5));
#445 = VECTOR('',#446,1.);
#446 = DIRECTION('',(-1.,0.,0.));
#447 = ORIENTED_EDGE('',*,*,#448,.F.);
#448 = EDGE_CURVE('',#449,#441,#451,.T.);
#449 = VERTEX_POINT('',#450);
#450 = CARTESIAN_POINT('',(-2.,11.325,5.5));
#451 = CIRCLE('',#452,1.);
#452 = AXIS2_PLACEMENT_3D('',#453,#454,#455);
#453 = CARTESIAN_POINT('',(-3.,11.325,5.5));
#454 = DIRECTION('',(0.,0.,1.));
#455 = DIRECTION('',(1.,0.,0.));
#456 = ORIENTED_EDGE('',*,*,#457,.F.);
#457 = EDGE_CURVE('',#458,#449,#460,.T.);
#458 = VERTEX_POINT('',#459);
#459 = CARTESIAN_POINT('',(-2.,10.075,5.5));
#460 = LINE('',#461,#462);
#461 = CARTESIAN_POINT('',(-2.,10.075,5.5));
#462 = VECTOR('',#463,1.);
#463 = DIRECTION('',(0.,1.,0.));
#464 = ORIENTED_EDGE('',*,*,#465,.F.);
#465 = EDGE_CURVE('',#407,#458,#466,.T.);
#466 = CIRCLE('',#467,1.);
#467 = AXIS2_PLACEMENT_3D('',#468,#469,#470);
#468 = CARTESIAN_POINT('',(-3.,10.075,5.5));
#469 = DIRECTION('',(0.,0.,1.));
#470 = DIRECTION('',(1.,0.,0.));
#471 = FACE_BOUND('',#472,.T.);
#472 = EDGE_LOOP('',(#473,#483,#492,#500,#509,#517,#526,#534));
#473 = ORIENTED_EDGE('',*,*,#474,.F.);
#474 = EDGE_CURVE('',#475,#477,#479,.T.);
#475 = VERTEX_POINT('',#476);
#476 = CARTESIAN_POINT('',(20.,9.075,5.5));
#477 = VERTEX_POINT('',#478);
#478 = CARTESIAN_POINT('',(28.,9.075,5.5));
#479 = LINE('',#480,#481);
#480 = CARTESIAN_POINT('',(20.,9.075,5.5));
#481 = VECTOR('',#482,1.);
#482 = DIRECTION('',(1.,0.,0.));
#483 = ORIENTED_EDGE('',*,*,#484,.F.);
#484 = EDGE_CURVE('',#485,#475,#487,.T.);
#485 = VERTEX_POINT('',#486);
#486 = CARTESIAN_POINT('',(19.,10.075,5.5));
#487 = CIRCLE('',#488,1.);
#488 = AXIS2_PLACEMENT_3D('',#489,#490,#491);
#489 = CARTESIAN_POINT('',(20.,10.075,5.5));
#490 = DIRECTION('',(0.,0.,1.));
#491 = DIRECTION('',(1.,0.,0.));
#492 = ORIENTED_EDGE('',*,*,#493,.F.);
#493 = EDGE_CURVE('',#494,#485,#496,.T.);
#494 = VERTEX_POINT('',#495);
#495 = CARTESIAN_POINT('',(19.,11.325,5.5));
#496 = LINE('',#497,#498);
#497 = CARTESIAN_POINT('',(19.,11.325,5.5));
#498 = VECTOR('',#499,1.);
#499 = DIRECTION('',(0.,-1.,0.));
#500 = ORIENTED_EDGE('',*,*,#501,.F.);
#501 = EDGE_CURVE('',#502,#494,#504,.T.);
#502 = VERTEX_POINT('',#503);
#503 = CARTESIAN_POINT('',(20.,12.325,5.5));
#504 = CIRCLE('',#505,1.);
#505 = AXIS2_PLACEMENT_3D('',#506,#507,#508);
#506 = CARTESIAN_POINT('',(20.,11.325,5.5));
#507 = DIRECTION('',(0.,0.,1.));
#508 = DIRECTION('',(1.,0.,0.));
#509 = ORIENTED_EDGE('',*,*,#510,.F.);
#510 = EDGE_CURVE('',#511,#502,#513,.T.);
#511 = VERTEX_POINT('',#512);
#512 = CARTESIAN_POINT('',(28.,12.325,5.5));
#513 = LINE('',#514,#515);
#514 = CARTESIAN_POINT('',(28.,12.325,5.5));
#515 = VECTOR('',#516,1.);
#516 = DIRECTION('',(-1.,0.,0.));
#517 = ORIENTED_EDGE('',*,*,#518,.F.);
#518 = EDGE_CURVE('',#519,#511,#521,.T.);
#519 = VERTEX_POINT('',#520);
#520 = CARTESIAN_POINT('',(29.,11.325,5.5));
#521 = CIRCLE('',#522,1.);
#522 = AXIS2_PLACEMENT_3D('',#523,#524,#525);
#523 = CARTESIAN_POINT('',(28.,11.325,5.5));
#524 = DIRECTION('',(0.,0.,1.));
#525 = DIRECTION('',(1.,0.,0.));
#526 = ORIENTED_EDGE('',*,*,#527,.F.);
#527 = EDGE_CURVE('',#528,#519,#530,.T.);
#528 = VERTEX_POINT('',#529);
#529 = CARTESIAN_POINT('',(29.,10.075,5.5));
#530 = LINE('',#531,#532);
#531 = CARTESIAN_POINT('',(29.,10.075,5.5));
#532 = VECTOR('',#533,1.);
#533 = DIRECTION('',(0.,1.,0.));
#534 = ORIENTED_EDGE('',*,*,#535,.F.);
#535 = EDGE_CURVE('',#477,#528,#536,.T.);
#536 = CIRCLE('',#537,1.);
#537 = AXIS2_PLACEMENT_3D('',#538,#539,#540);
#538 = CARTESIAN_POINT('',(28.,10.075,5.5));
#539 = DIRECTION('',(0.,0.,1.));
#540 = DIRECTION('',(1.,0.,0.));
#541 = FACE_BOUND('',#542,.T.);
#542 = EDGE_LOOP('',(#543));
#543 = ORIENTED_EDGE('',*,*,#544,.F.);
#544 = EDGE_CURVE('',#545,#545,#547,.T.);
#545 = VERTEX_POINT('',#546);
#546 = CARTESIAN_POINT('',(22.65,30.,5.5));
#547 = CIRCLE('',#548,2.65);
#548 = AXIS2_PLACEMENT_3D('',#549,#550,#551);
#549 = CARTESIAN_POINT('',(20.,30.,5.5));
#550 = DIRECTION('',(0.,0.,1.));
#551 = DIRECTION('',(1.,0.,0.));
#552 = PLANE('',#553);
#553 = AXIS2_PLACEMENT_3D('',#554,#555,#556);
#554 = CARTESIAN_POINT('',(8.492709273428,-3.640084787096,5.5));
#555 = DIRECTION('',(0.,0.,1.));
#556 = DIRECTION('',(1.,0.,0.));
#557 = ADVANCED_FACE('',(#558),#583,.T.);
#558 = FACE_BOUND('',#559,.T.);
#559 = EDGE_LOOP('',(#560,#568,#569,#577));
#560 = ORIENTED_EDGE('',*,*,#561,.F.);
#561 = EDGE_CURVE('',#22,#562,#564,.T.);
#562 = VERTEX_POINT('',#563);
#563 = CARTESIAN_POINT('',(-5.,-16.25,4.5));
#564 = LINE('',#565,#566);
#565 = CARTESIAN_POINT('',(-5.,-16.75,5.));
#566 = VECTOR('',#567,1.);
#567 = DIRECTION('',(0.,0.707106781187,-0.707106781187));
#568 = ORIENTED_EDGE('',*,*,#21,.T.);
#569 = ORIENTED_EDGE('',*,*,#570,.T.);
#570 = EDGE_CURVE('',#24,#571,#573,.T.);
#571 = VERTEX_POINT('',#572);
#572 = CARTESIAN_POINT('',(22.,-16.25,4.5));
#573 = LINE('',#574,#575);
#574 = CARTESIAN_POINT('',(22.,-16.75,5.));
#575 = VECTOR('',#576,1.);
#576 = DIRECTION('',(0.,0.707106781187,-0.707106781187));
#577 = ORIENTED_EDGE('',*,*,#578,.F.);
#578 = EDGE_CURVE('',#562,#571,#579,.T.);
#579 = LINE('',#580,#581);
#580 = CARTESIAN_POINT('',(-5.,-16.25,4.5));
#581 = VECTOR('',#582,1.);
#582 = DIRECTION('',(1.,0.,0.));
#583 = PLANE('',#584);
#584 = AXIS2_PLACEMENT_3D('',#585,#586,#587);
#585 = CARTESIAN_POINT('',(-5.,-16.75,5.));
#586 = DIRECTION('',(0.,0.707106781187,0.707106781187));
#587 = DIRECTION('',(1.,0.,0.));
#588 = ADVANCED_FACE('',(#589),#608,.F.);
#589 = FACE_BOUND('',#590,.T.);
#590 = EDGE_LOOP('',(#591,#599,#600,#601));
#591 = ORIENTED_EDGE('',*,*,#592,.F.);
#592 = EDGE_CURVE('',#32,#593,#595,.T.);
#593 = VERTEX_POINT('',#594);
#594 = CARTESIAN_POINT('',(-9.,-12.25,4.5));
#595 = LINE('',#596,#597);
#596 = CARTESIAN_POINT('',(-9.5,-12.25,5.));
#597 = VECTOR('',#598,1.);
#598 = DIRECTION('',(0.707106781187,0.,-0.707106781187));
#599 = ORIENTED_EDGE('',*,*,#31,.T.);
#600 = ORIENTED_EDGE('',*,*,#561,.T.);
#601 = ORIENTED_EDGE('',*,*,#602,.F.);
#602 = EDGE_CURVE('',#593,#562,#603,.T.);
#603 = CIRCLE('',#604,4.);
#604 = AXIS2_PLACEMENT_3D('',#605,#606,#607);
#605 = CARTESIAN_POINT('',(-5.,-12.25,4.5));
#606 = DIRECTION('',(0.,0.,1.));
#607 = DIRECTION('',(-1.,0.,0.));
#608 = CONICAL_SURFACE('',#609,4.,0.785398163397);
#609 = AXIS2_PLACEMENT_3D('',#610,#611,#612);
#610 = CARTESIAN_POINT('',(-5.,-12.25,4.5));
#611 = DIRECTION('',(0.,0.,1.));
#612 = DIRECTION('',(-1.,0.,0.));
#613 = ADVANCED_FACE('',(#614),#633,.F.);
#614 = FACE_BOUND('',#615,.T.);
#615 = EDGE_LOOP('',(#616,#617,#618,#626));
#616 = ORIENTED_EDGE('',*,*,#570,.F.);
#617 = ORIENTED_EDGE('',*,*,#82,.T.);
#618 = ORIENTED_EDGE('',*,*,#619,.T.);
#619 = EDGE_CURVE('',#75,#620,#622,.T.);
#620 = VERTEX_POINT('',#621);
#621 = CARTESIAN_POINT('',(26.,-12.25,4.5));
#622 = LINE('',#623,#624);
#623 = CARTESIAN_POINT('',(26.,-12.25,4.5));
#624 = VECTOR('',#625,1.);
#625 = DIRECTION('',(-0.707106781187,4.329780281177E-17,-0.707106781187)
  );
#626 = ORIENTED_EDGE('',*,*,#627,.F.);
#627 = EDGE_CURVE('',#571,#620,#628,.T.);
#628 = CIRCLE('',#629,4.);
#629 = AXIS2_PLACEMENT_3D('',#630,#631,#632);
#630 = CARTESIAN_POINT('',(22.,-12.25,4.5));
#631 = DIRECTION('',(-0.,0.,1.));
#632 = DIRECTION('',(0.,-1.,0.));
#633 = CONICAL_SURFACE('',#634,4.,0.785398163397);
#634 = AXIS2_PLACEMENT_3D('',#635,#636,#637);
#635 = CARTESIAN_POINT('',(22.,-12.25,4.5));
#636 = DIRECTION('',(0.,0.,1.));
#637 = DIRECTION('',(0.,-1.,0.));
#638 = ADVANCED_FACE('',(#639),#657,.F.);
#639 = FACE_BOUND('',#640,.T.);
#640 = EDGE_LOOP('',(#641,#649,#650,#651));
#641 = ORIENTED_EDGE('',*,*,#642,.F.);
#642 = EDGE_CURVE('',#41,#643,#645,.T.);
#643 = VERTEX_POINT('',#644);
#644 = CARTESIAN_POINT('',(-9.,2.749999999999,4.5));
#645 = LINE('',#646,#647);
#646 = CARTESIAN_POINT('',(-9.,2.749999999999,4.5));
#647 = VECTOR('',#648,1.);
#648 = DIRECTION('',(0.707106781187,-4.329780281176E-17,-0.707106781187)
  );
#649 = ORIENTED_EDGE('',*,*,#40,.T.);
#650 = ORIENTED_EDGE('',*,*,#592,.T.);
#651 = ORIENTED_EDGE('',*,*,#652,.F.);
#652 = EDGE_CURVE('',#643,#593,#653,.T.);
#653 = LINE('',#654,#655);
#654 = CARTESIAN_POINT('',(-9.,2.749999999999,4.5));
#655 = VECTOR('',#656,1.);
#656 = DIRECTION('',(0.,-1.,0.));
#657 = PLANE('',#658);
#658 = AXIS2_PLACEMENT_3D('',#659,#660,#661);
#659 = CARTESIAN_POINT('',(-9.5,2.749999999999,5.));
#660 = DIRECTION('',(-0.707106781187,0.,-0.707106781187));
#661 = DIRECTION('',(-0.,1.,-0.));
#662 = ADVANCED_FACE('',(#663),#681,.F.);
#663 = FACE_BOUND('',#664,.T.);
#664 = EDGE_LOOP('',(#665,#666,#667,#675));
#665 = ORIENTED_EDGE('',*,*,#619,.F.);
#666 = ORIENTED_EDGE('',*,*,#74,.T.);
#667 = ORIENTED_EDGE('',*,*,#668,.T.);
#668 = EDGE_CURVE('',#66,#669,#671,.T.);
#669 = VERTEX_POINT('',#670);
#670 = CARTESIAN_POINT('',(26.,2.75,4.5));
#671 = LINE('',#672,#673);
#672 = CARTESIAN_POINT('',(26.5,2.75,5.));
#673 = VECTOR('',#674,1.);
#674 = DIRECTION('',(-0.707106781187,0.,-0.707106781187));
#675 = ORIENTED_EDGE('',*,*,#676,.F.);
#676 = EDGE_CURVE('',#620,#669,#677,.T.);
#677 = LINE('',#678,#679);
#678 = CARTESIAN_POINT('',(26.,-12.25,4.5));
#679 = VECTOR('',#680,1.);
#680 = DIRECTION('',(0.,1.,0.));
#681 = PLANE('',#682);
#682 = AXIS2_PLACEMENT_3D('',#683,#684,#685);
#683 = CARTESIAN_POINT('',(26.5,-12.25,5.));
#684 = DIRECTION('',(0.707106781187,0.,-0.707106781187));
#685 = DIRECTION('',(-0.,-1.,-0.));
#686 = ADVANCED_FACE('',(#687),#706,.F.);
#687 = FACE_BOUND('',#688,.T.);
#688 = EDGE_LOOP('',(#689,#697,#698,#699));
#689 = ORIENTED_EDGE('',*,*,#690,.F.);
#690 = EDGE_CURVE('',#49,#691,#693,.T.);
#691 = VERTEX_POINT('',#692);
#692 = CARTESIAN_POINT('',(-5.,6.75,4.5));
#693 = LINE('',#694,#695);
#694 = CARTESIAN_POINT('',(-5.,7.25,5.));
#695 = VECTOR('',#696,1.);
#696 = DIRECTION('',(0.,-0.707106781187,-0.707106781187));
#697 = ORIENTED_EDGE('',*,*,#48,.T.);
#698 = ORIENTED_EDGE('',*,*,#642,.T.);
#699 = ORIENTED_EDGE('',*,*,#700,.F.);
#700 = EDGE_CURVE('',#691,#643,#701,.T.);
#701 = CIRCLE('',#702,4.);
#702 = AXIS2_PLACEMENT_3D('',#703,#704,#705);
#703 = CARTESIAN_POINT('',(-5.,2.749999999999,4.5));
#704 = DIRECTION('',(0.,0.,1.));
#705 = DIRECTION('',(-6.550315845288E-14,1.,0.));
#706 = CONICAL_SURFACE('',#707,4.,0.785398163397);
#707 = AXIS2_PLACEMENT_3D('',#708,#709,#710);
#708 = CARTESIAN_POINT('',(-5.,2.749999999999,4.5));
#709 = DIRECTION('',(0.,0.,1.));
#710 = DIRECTION('',(-6.550315845288E-14,1.,0.));
#711 = ADVANCED_FACE('',(#712),#731,.F.);
#712 = FACE_BOUND('',#713,.T.);
#713 = EDGE_LOOP('',(#714,#715,#716,#724));
#714 = ORIENTED_EDGE('',*,*,#668,.F.);
#715 = ORIENTED_EDGE('',*,*,#65,.T.);
#716 = ORIENTED_EDGE('',*,*,#717,.T.);
#717 = EDGE_CURVE('',#58,#718,#720,.T.);
#718 = VERTEX_POINT('',#719);
#719 = CARTESIAN_POINT('',(22.,6.75,4.5));
#720 = LINE('',#721,#722);
#721 = CARTESIAN_POINT('',(22.,6.75,4.5));
#722 = VECTOR('',#723,1.);
#723 = DIRECTION('',(-2.003070486802E-16,-0.707106781187,-0.707106781187
    ));
#724 = ORIENTED_EDGE('',*,*,#725,.F.);
#725 = EDGE_CURVE('',#669,#718,#726,.T.);
#726 = CIRCLE('',#727,4.);
#727 = AXIS2_PLACEMENT_3D('',#728,#729,#730);
#728 = CARTESIAN_POINT('',(22.,2.75,4.5));
#729 = DIRECTION('',(0.,0.,1.));
#730 = DIRECTION('',(1.,0.,0.));
#731 = CONICAL_SURFACE('',#732,4.,0.785398163397);
#732 = AXIS2_PLACEMENT_3D('',#733,#734,#735);
#733 = CARTESIAN_POINT('',(22.,2.75,4.5));
#734 = DIRECTION('',(0.,0.,1.));
#735 = DIRECTION('',(1.,0.,0.));
#736 = ADVANCED_FACE('',(#737),#748,.T.);
#737 = FACE_BOUND('',#738,.T.);
#738 = EDGE_LOOP('',(#739,#740,#741,#742));
#739 = ORIENTED_EDGE('',*,*,#717,.F.);
#740 = ORIENTED_EDGE('',*,*,#57,.T.);
#741 = ORIENTED_EDGE('',*,*,#690,.T.);
#742 = ORIENTED_EDGE('',*,*,#743,.F.);
#743 = EDGE_CURVE('',#718,#691,#744,.T.);
#744 = LINE('',#745,#746);
#745 = CARTESIAN_POINT('',(22.,6.75,4.5));
#746 = VECTOR('',#747,1.);
#747 = DIRECTION('',(-1.,0.,0.));
#748 = PLANE('',#749);
#749 = AXIS2_PLACEMENT_3D('',#750,#751,#752);
#750 = CARTESIAN_POINT('',(22.,7.25,5.));
#751 = DIRECTION('',(4.527128803904E-15,-0.707106781187,0.707106781187)
  );
#752 = DIRECTION('',(-1.,-3.201163476545E-15,3.201163476545E-15));
#753 = ADVANCED_FACE('',(#754),#821,.T.);
#754 = FACE_BOUND('',#755,.T.);
#755 = EDGE_LOOP('',(#756,#757,#765,#773,#781,#791,#799,#807,#815));
#756 = ORIENTED_EDGE('',*,*,#91,.F.);
#757 = ORIENTED_EDGE('',*,*,#758,.T.);
#758 = EDGE_CURVE('',#92,#759,#761,.T.);
#759 = VERTEX_POINT('',#760);
#760 = CARTESIAN_POINT('',(-35.,-40.,3.8));
#761 = LINE('',#762,#763);
#762 = CARTESIAN_POINT('',(-26.02080517884,-40.,12.779194821156));
#763 = VECTOR('',#764,1.);
#764 = DIRECTION('',(-0.707106781187,0.,-0.707106781187));
#765 = ORIENTED_EDGE('',*,*,#766,.F.);
#766 = EDGE_CURVE('',#767,#759,#769,.T.);
#767 = VERTEX_POINT('',#768);
#768 = CARTESIAN_POINT('',(-35.,-40.,1.7));
#769 = LINE('',#770,#771);
#770 = CARTESIAN_POINT('',(-35.,-40.,0.));
#771 = VECTOR('',#772,1.);
#772 = DIRECTION('',(0.,0.,1.));
#773 = ORIENTED_EDGE('',*,*,#774,.T.);
#774 = EDGE_CURVE('',#767,#775,#777,.T.);
#775 = VERTEX_POINT('',#776);
#776 = CARTESIAN_POINT('',(23.,-40.,1.7));
#777 = LINE('',#778,#779);
#778 = CARTESIAN_POINT('',(-35.,-40.,1.7));
#779 = VECTOR('',#780,1.);
#780 = DIRECTION('',(1.,0.,0.));
#781 = ORIENTED_EDGE('',*,*,#782,.F.);
#782 = EDGE_CURVE('',#783,#775,#785,.T.);
#783 = VERTEX_POINT('',#784);
#784 = CARTESIAN_POINT('',(23.,-40.,3.8));
#785 = B_SPLINE_CURVE_WITH_KNOTS('',2,(#786,#787,#788,#789,#790),
  .UNSPECIFIED.,.F.,.F.,(3,1,1,3),(-0.3366,1.22E-14,5.5,5.8366),
  .UNSPECIFIED.);
#786 = CARTESIAN_POINT('',(23.,-40.,5.8366));
#787 = CARTESIAN_POINT('',(23.,-40.,5.6683));
#788 = CARTESIAN_POINT('',(23.,-40.,2.75));
#789 = CARTESIAN_POINT('',(23.,-40.,-0.1683));
#790 = CARTESIAN_POINT('',(23.,-40.,-0.3366));
#791 = ORIENTED_EDGE('',*,*,#792,.F.);
#792 = EDGE_CURVE('',#793,#783,#795,.T.);
#793 = VERTEX_POINT('',#794);
#794 = CARTESIAN_POINT('',(-7.,-40.,3.8));
#795 = LINE('',#796,#797);
#796 = CARTESIAN_POINT('',(-5.,-40.,3.8));
#797 = VECTOR('',#798,1.);
#798 = DIRECTION('',(1.,0.,0.));
#799 = ORIENTED_EDGE('',*,*,#800,.F.);
#800 = EDGE_CURVE('',#801,#793,#803,.T.);
#801 = VERTEX_POINT('',#802);
#802 = CARTESIAN_POINT('',(-7.,-40.,26.5));
#803 = LINE('',#804,#805);
#804 = CARTESIAN_POINT('',(-7.,-40.,26.5));
#805 = VECTOR('',#806,1.);
#806 = DIRECTION('',(-0.,-0.,-1.));
#807 = ORIENTED_EDGE('',*,*,#808,.F.);
#808 = EDGE_CURVE('',#809,#801,#811,.T.);
#809 = VERTEX_POINT('',#810);
#810 = CARTESIAN_POINT('',(-13.,-40.,26.5));
#811 = LINE('',#812,#813);
#812 = CARTESIAN_POINT('',(-15.,-40.,26.5));
#813 = VECTOR('',#814,1.);
#814 = DIRECTION('',(1.,0.,0.));
#815 = ORIENTED_EDGE('',*,*,#816,.F.);
#816 = EDGE_CURVE('',#94,#809,#817,.T.);
#817 = LINE('',#818,#819);
#818 = CARTESIAN_POINT('',(-13.,-40.,5.5));
#819 = VECTOR('',#820,1.);
#820 = DIRECTION('',(0.,0.,1.));
#821 = PLANE('',#822);
#822 = AXIS2_PLACEMENT_3D('',#823,#824,#825);
#823 = CARTESIAN_POINT('',(-4.404556890577,-40.,7.421336175202));
#824 = DIRECTION('',(-0.,-1.,-0.));
#825 = DIRECTION('',(0.,0.,-1.));
#826 = ADVANCED_FACE('',(#827),#845,.F.);
#827 = FACE_BOUND('',#828,.F.);
#828 = EDGE_LOOP('',(#829,#837,#838,#839));
#829 = ORIENTED_EDGE('',*,*,#830,.F.);
#830 = EDGE_CURVE('',#238,#831,#833,.T.);
#831 = VERTEX_POINT('',#832);
#832 = CARTESIAN_POINT('',(-35.,-5.,3.8));
#833 = LINE('',#834,#835);
#834 = CARTESIAN_POINT('',(-35.525,-5.,3.275));
#835 = VECTOR('',#836,1.);
#836 = DIRECTION('',(-0.707106781187,0.,-0.707106781187));
#837 = ORIENTED_EDGE('',*,*,#245,.T.);
#838 = ORIENTED_EDGE('',*,*,#758,.T.);
#839 = ORIENTED_EDGE('',*,*,#840,.F.);
#840 = EDGE_CURVE('',#831,#759,#841,.T.);
#841 = LINE('',#842,#843);
#842 = CARTESIAN_POINT('',(-35.,-5.,3.8));
#843 = VECTOR('',#844,1.);
#844 = DIRECTION('',(0.,-1.,0.));
#845 = PLANE('',#846);
#846 = AXIS2_PLACEMENT_3D('',#847,#848,#849);
#847 = CARTESIAN_POINT('',(-34.15,-5.,4.65));
#848 = DIRECTION('',(0.707106781187,-1.427322211406E-17,-0.707106781187)
  );
#849 = DIRECTION('',(-1.009269214623E-17,-1.,1.009269214623E-17));
#850 = ADVANCED_FACE('',(#851),#885,.T.);
#851 = FACE_BOUND('',#852,.T.);
#852 = EDGE_LOOP('',(#853,#863,#871,#877,#878,#879));
#853 = ORIENTED_EDGE('',*,*,#854,.F.);
#854 = EDGE_CURVE('',#855,#857,#859,.T.);
#855 = VERTEX_POINT('',#856);
#856 = CARTESIAN_POINT('',(-33.3,-5.,-1.110223024625E-16));
#857 = VERTEX_POINT('',#858);
#858 = CARTESIAN_POINT('',(-15.,-5.,0.));
#859 = LINE('',#860,#861);
#860 = CARTESIAN_POINT('',(-35.,-5.,0.));
#861 = VECTOR('',#862,1.);
#862 = DIRECTION('',(1.,0.,0.));
#863 = ORIENTED_EDGE('',*,*,#864,.F.);
#864 = EDGE_CURVE('',#865,#855,#867,.T.);
#865 = VERTEX_POINT('',#866);
#866 = CARTESIAN_POINT('',(-35.,-5.,1.7));
#867 = LINE('',#868,#869);
#868 = CARTESIAN_POINT('',(-34.15,-5.,0.85));
#869 = VECTOR('',#870,1.);
#870 = DIRECTION('',(0.707106781187,0.,-0.707106781187));
#871 = ORIENTED_EDGE('',*,*,#872,.T.);
#872 = EDGE_CURVE('',#865,#831,#873,.T.);
#873 = LINE('',#874,#875);
#874 = CARTESIAN_POINT('',(-35.,-5.,0.));
#875 = VECTOR('',#876,1.);
#876 = DIRECTION('',(0.,0.,1.));
#877 = ORIENTED_EDGE('',*,*,#830,.F.);
#878 = ORIENTED_EDGE('',*,*,#237,.T.);
#879 = ORIENTED_EDGE('',*,*,#880,.F.);
#880 = EDGE_CURVE('',#857,#230,#881,.T.);
#881 = LINE('',#882,#883);
#882 = CARTESIAN_POINT('',(-15.,-5.,0.));
#883 = VECTOR('',#884,1.);
#884 = DIRECTION('',(0.,0.,1.));
#885 = PLANE('',#886);
#886 = AXIS2_PLACEMENT_3D('',#887,#888,#889);
#887 = CARTESIAN_POINT('',(-35.,-5.,0.));
#888 = DIRECTION('',(0.,1.,0.));
#889 = DIRECTION('',(1.,0.,0.));
#890 = ADVANCED_FACE('',(#891),#909,.T.);
#891 = FACE_BOUND('',#892,.T.);
#892 = EDGE_LOOP('',(#893,#894,#895,#903));
#893 = ORIENTED_EDGE('',*,*,#101,.F.);
#894 = ORIENTED_EDGE('',*,*,#816,.T.);
#895 = ORIENTED_EDGE('',*,*,#896,.T.);
#896 = EDGE_CURVE('',#809,#897,#899,.T.);
#897 = VERTEX_POINT('',#898);
#898 = CARTESIAN_POINT('',(-15.,-38.,26.5));
#899 = LINE('',#900,#901);
#900 = CARTESIAN_POINT('',(-14.625,-38.375,26.5));
#901 = VECTOR('',#902,1.);
#902 = DIRECTION('',(-0.707106781187,0.707106781187,0.));
#903 = ORIENTED_EDGE('',*,*,#904,.F.);
#904 = EDGE_CURVE('',#102,#897,#905,.T.);
#905 = LINE('',#906,#907);
#906 = CARTESIAN_POINT('',(-15.,-38.,5.5));
#907 = VECTOR('',#908,1.);
#908 = DIRECTION('',(0.,0.,1.));
#909 = PLANE('',#910);
#910 = AXIS2_PLACEMENT_3D('',#911,#912,#913);
#911 = CARTESIAN_POINT('',(-14.,-39.,5.5));
#912 = DIRECTION('',(-0.707106781187,-0.707106781187,0.));
#913 = DIRECTION('',(0.,0.,1.));
#914 = ADVANCED_FACE('',(#915),#933,.T.);
#915 = FACE_BOUND('',#916,.T.);
#916 = EDGE_LOOP('',(#917,#925,#926,#927));
#917 = ORIENTED_EDGE('',*,*,#918,.F.);
#918 = EDGE_CURVE('',#857,#919,#921,.T.);
#919 = VERTEX_POINT('',#920);
#920 = CARTESIAN_POINT('',(-15.,19.711745229685,0.));
#921 = LINE('',#922,#923);
#922 = CARTESIAN_POINT('',(-15.,-5.,0.));
#923 = VECTOR('',#924,1.);
#924 = DIRECTION('',(0.,1.,0.));
#925 = ORIENTED_EDGE('',*,*,#880,.T.);
#926 = ORIENTED_EDGE('',*,*,#229,.T.);
#927 = ORIENTED_EDGE('',*,*,#928,.F.);
#928 = EDGE_CURVE('',#919,#222,#929,.T.);
#929 = LINE('',#930,#931);
#930 = CARTESIAN_POINT('',(-15.,19.711745229685,0.));
#931 = VECTOR('',#932,1.);
#932 = DIRECTION('',(0.,0.,1.));
#933 = PLANE('',#934);
#934 = AXIS2_PLACEMENT_3D('',#935,#936,#937);
#935 = CARTESIAN_POINT('',(-15.,-5.,0.));
#936 = DIRECTION('',(-1.,0.,0.));
#937 = DIRECTION('',(0.,1.,0.));
#938 = ADVANCED_FACE('',(#939,#957),#968,.T.);
#939 = FACE_BOUND('',#940,.T.);
#940 = EDGE_LOOP('',(#941,#949,#955,#956));
#941 = ORIENTED_EDGE('',*,*,#942,.F.);
#942 = EDGE_CURVE('',#943,#897,#945,.T.);
#943 = VERTEX_POINT('',#944);
#944 = CARTESIAN_POINT('',(-15.,-27.,26.5));
#945 = LINE('',#946,#947);
#946 = CARTESIAN_POINT('',(-15.,-25.,26.5));
#947 = VECTOR('',#948,1.);
#948 = DIRECTION('',(0.,-1.,0.));
#949 = ORIENTED_EDGE('',*,*,#950,.F.);
#950 = EDGE_CURVE('',#110,#943,#951,.T.);
#951 = LINE('',#952,#953);
#952 = CARTESIAN_POINT('',(-15.,-27.,5.5));
#953 = VECTOR('',#954,1.);
#954 = DIRECTION('',(0.,0.,1.));
#955 = ORIENTED_EDGE('',*,*,#109,.F.);
#956 = ORIENTED_EDGE('',*,*,#904,.T.);
#957 = FACE_BOUND('',#958,.T.);
#958 = EDGE_LOOP('',(#959));
#959 = ORIENTED_EDGE('',*,*,#960,.T.);
#960 = EDGE_CURVE('',#961,#961,#963,.T.);
#961 = VERTEX_POINT('',#962);
#962 = CARTESIAN_POINT('',(-15.,-29.85,15.5));
#963 = CIRCLE('',#964,2.65);
#964 = AXIS2_PLACEMENT_3D('',#965,#966,#967);
#965 = CARTESIAN_POINT('',(-15.,-32.5,15.5));
#966 = DIRECTION('',(1.,0.,0.));
#967 = DIRECTION('',(0.,1.,0.));
#968 = PLANE('',#969);
#969 = AXIS2_PLACEMENT_3D('',#970,#971,#972);
#970 = CARTESIAN_POINT('',(-15.,-32.5,16.));
#971 = DIRECTION('',(-1.,-0.,-0.));
#972 = DIRECTION('',(0.,0.,-1.));
#973 = ADVANCED_FACE('',(#974),#992,.T.);
#974 = FACE_BOUND('',#975,.T.);
#975 = EDGE_LOOP('',(#976,#984,#985,#986));
#976 = ORIENTED_EDGE('',*,*,#977,.F.);
#977 = EDGE_CURVE('',#919,#978,#980,.T.);
#978 = VERTEX_POINT('',#979);
#979 = CARTESIAN_POINT('',(10.,19.711745229685,0.));
#980 = LINE('',#981,#982);
#981 = CARTESIAN_POINT('',(-15.,19.711745229685,0.));
#982 = VECTOR('',#983,1.);
#983 = DIRECTION('',(1.,0.,0.));
#984 = ORIENTED_EDGE('',*,*,#928,.T.);
#985 = ORIENTED_EDGE('',*,*,#221,.T.);
#986 = ORIENTED_EDGE('',*,*,#987,.F.);
#987 = EDGE_CURVE('',#978,#214,#988,.T.);
#988 = LINE('',#989,#990);
#989 = CARTESIAN_POINT('',(10.,19.711745229685,0.));
#990 = VECTOR('',#991,1.);
#991 = DIRECTION('',(0.,0.,1.));
#992 = PLANE('',#993);
#993 = AXIS2_PLACEMENT_3D('',#994,#995,#996);
#994 = CARTESIAN_POINT('',(-15.,19.711745229685,0.));
#995 = DIRECTION('',(0.,1.,0.));
#996 = DIRECTION('',(1.,0.,0.));
#997 = ADVANCED_FACE('',(#998),#1016,.T.);
#998 = FACE_BOUND('',#999,.F.);
#999 = EDGE_LOOP('',(#1000,#1001,#1009,#1015));
#1000 = ORIENTED_EDGE('',*,*,#117,.F.);
#1001 = ORIENTED_EDGE('',*,*,#1002,.T.);
#1002 = EDGE_CURVE('',#118,#1003,#1005,.T.);
#1003 = VERTEX_POINT('',#1004);
#1004 = CARTESIAN_POINT('',(-13.,-25.,26.5));
#1005 = LINE('',#1006,#1007);
#1006 = CARTESIAN_POINT('',(-13.,-25.,5.5));
#1007 = VECTOR('',#1008,1.);
#1008 = DIRECTION('',(0.,0.,1.));
#1009 = ORIENTED_EDGE('',*,*,#1010,.T.);
#1010 = EDGE_CURVE('',#1003,#943,#1011,.T.);
#1011 = LINE('',#1012,#1013);
#1012 = CARTESIAN_POINT('',(-14.625,-26.625,26.5));
#1013 = VECTOR('',#1014,1.);
#1014 = DIRECTION('',(-0.707106781187,-0.707106781187,0.));
#1015 = ORIENTED_EDGE('',*,*,#950,.F.);
#1016 = PLANE('',#1017);
#1017 = AXIS2_PLACEMENT_3D('',#1018,#1019,#1020);
#1018 = CARTESIAN_POINT('',(-14.,-26.,5.5));
#1019 = DIRECTION('',(-0.707106781187,0.707106781187,0.));
#1020 = DIRECTION('',(-0.,-0.,-1.));
#1021 = ADVANCED_FACE('',(#1022),#1056,.T.);
#1022 = FACE_BOUND('',#1023,.T.);
#1023 = EDGE_LOOP('',(#1024,#1032,#1033,#1034,#1042,#1050));
#1024 = ORIENTED_EDGE('',*,*,#1025,.F.);
#1025 = EDGE_CURVE('',#978,#1026,#1028,.T.);
#1026 = VERTEX_POINT('',#1027);
#1027 = CARTESIAN_POINT('',(10.,38.011745229685,1.110223024625E-16));
#1028 = LINE('',#1029,#1030);
#1029 = CARTESIAN_POINT('',(10.,19.711745229685,0.));
#1030 = VECTOR('',#1031,1.);
#1031 = DIRECTION('',(0.,1.,0.));
#1032 = ORIENTED_EDGE('',*,*,#987,.T.);
#1033 = ORIENTED_EDGE('',*,*,#213,.T.);
#1034 = ORIENTED_EDGE('',*,*,#1035,.T.);
#1035 = EDGE_CURVE('',#206,#1036,#1038,.T.);
#1036 = VERTEX_POINT('',#1037);
#1037 = CARTESIAN_POINT('',(10.,39.711745229685,3.8));
#1038 = LINE('',#1039,#1040);
#1039 = CARTESIAN_POINT('',(10.,35.236745229685,8.275));
#1040 = VECTOR('',#1041,1.);
#1041 = DIRECTION('',(0.,0.707106781187,-0.707106781187));
#1042 = ORIENTED_EDGE('',*,*,#1043,.F.);
#1043 = EDGE_CURVE('',#1044,#1036,#1046,.T.);
#1044 = VERTEX_POINT('',#1045);
#1045 = CARTESIAN_POINT('',(10.,39.711745229685,1.7));
#1046 = LINE('',#1047,#1048);
#1047 = CARTESIAN_POINT('',(10.,39.711745229685,0.));
#1048 = VECTOR('',#1049,1.);
#1049 = DIRECTION('',(0.,0.,1.));
#1050 = ORIENTED_EDGE('',*,*,#1051,.T.);
#1051 = EDGE_CURVE('',#1044,#1026,#1052,.T.);
#1052 = LINE('',#1053,#1054);
#1053 = CARTESIAN_POINT('',(10.,33.861745229685,-4.15));
#1054 = VECTOR('',#1055,1.);
#1055 = DIRECTION('',(-0.,-0.707106781187,-0.707106781187));
#1056 = PLANE('',#1057);
#1057 = AXIS2_PLACEMENT_3D('',#1058,#1059,#1060);
#1058 = CARTESIAN_POINT('',(10.,19.711745229685,0.));
#1059 = DIRECTION('',(-1.,0.,0.));
#1060 = DIRECTION('',(0.,1.,0.));
#1061 = ADVANCED_FACE('',(#1062),#1080,.T.);
#1062 = FACE_BOUND('',#1063,.T.);
#1063 = EDGE_LOOP('',(#1064,#1072,#1078,#1079));
#1064 = ORIENTED_EDGE('',*,*,#1065,.F.);
#1065 = EDGE_CURVE('',#1066,#1003,#1068,.T.);
#1066 = VERTEX_POINT('',#1067);
#1067 = CARTESIAN_POINT('',(-7.,-25.,26.5));
#1068 = LINE('',#1069,#1070);
#1069 = CARTESIAN_POINT('',(-5.,-25.,26.5));
#1070 = VECTOR('',#1071,1.);
#1071 = DIRECTION('',(-1.,0.,0.));
#1072 = ORIENTED_EDGE('',*,*,#1073,.T.);
#1073 = EDGE_CURVE('',#1066,#126,#1074,.T.);
#1074 = LINE('',#1075,#1076);
#1075 = CARTESIAN_POINT('',(-7.,-25.,26.5));
#1076 = VECTOR('',#1077,1.);
#1077 = DIRECTION('',(-0.,-0.,-1.));
#1078 = ORIENTED_EDGE('',*,*,#125,.F.);
#1079 = ORIENTED_EDGE('',*,*,#1002,.T.);
#1080 = PLANE('',#1081);
#1081 = AXIS2_PLACEMENT_3D('',#1082,#1083,#1084);
#1082 = CARTESIAN_POINT('',(-10.,-25.,16.));
#1083 = DIRECTION('',(0.,1.,0.));
#1084 = DIRECTION('',(0.,0.,1.));
#1085 = ADVANCED_FACE('',(#1086),#1104,.F.);
#1086 = FACE_BOUND('',#1087,.F.);
#1087 = EDGE_LOOP('',(#1088,#1096,#1097,#1098));
#1088 = ORIENTED_EDGE('',*,*,#1089,.F.);
#1089 = EDGE_CURVE('',#198,#1090,#1092,.T.);
#1090 = VERTEX_POINT('',#1091);
#1091 = CARTESIAN_POINT('',(32.,39.711745229685,3.8));
#1092 = LINE('',#1093,#1094);
#1093 = CARTESIAN_POINT('',(19.648042461719,27.359787691404,
    16.151957538281));
#1094 = VECTOR('',#1095,1.);
#1095 = DIRECTION('',(0.57735026919,0.57735026919,-0.57735026919));
#1096 = ORIENTED_EDGE('',*,*,#205,.T.);
#1097 = ORIENTED_EDGE('',*,*,#1035,.T.);
#1098 = ORIENTED_EDGE('',*,*,#1099,.F.);
#1099 = EDGE_CURVE('',#1090,#1036,#1100,.T.);
#1100 = LINE('',#1101,#1102);
#1101 = CARTESIAN_POINT('',(32.,39.711745229685,3.8));
#1102 = VECTOR('',#1103,1.);
#1103 = DIRECTION('',(-1.,0.,0.));
#1104 = PLANE('',#1105);
#1105 = AXIS2_PLACEMENT_3D('',#1106,#1107,#1108);
#1106 = CARTESIAN_POINT('',(32.,38.861745229685,4.65));
#1107 = DIRECTION('',(-1.427322211406E-17,-0.707106781187,
    -0.707106781187));
#1108 = DIRECTION('',(-1.,1.009269214623E-17,1.009269214623E-17));
#1109 = ADVANCED_FACE('',(#1110),#1136,.T.);
#1110 = FACE_BOUND('',#1111,.T.);
#1111 = EDGE_LOOP('',(#1112,#1120,#1121,#1122,#1130));
#1112 = ORIENTED_EDGE('',*,*,#1113,.T.);
#1113 = EDGE_CURVE('',#1114,#134,#1116,.T.);
#1114 = VERTEX_POINT('',#1115);
#1115 = CARTESIAN_POINT('',(-5.,-27.,8.75));
#1116 = LINE('',#1117,#1118);
#1117 = CARTESIAN_POINT('',(-5.,-27.,26.5));
#1118 = VECTOR('',#1119,1.);
#1119 = DIRECTION('',(-0.,-0.,-1.));
#1120 = ORIENTED_EDGE('',*,*,#133,.T.);
#1121 = ORIENTED_EDGE('',*,*,#1073,.F.);
#1122 = ORIENTED_EDGE('',*,*,#1123,.F.);
#1123 = EDGE_CURVE('',#1124,#1066,#1126,.T.);
#1124 = VERTEX_POINT('',#1125);
#1125 = CARTESIAN_POINT('',(-5.,-27.,26.5));
#1126 = LINE('',#1127,#1128);
#1127 = CARTESIAN_POINT('',(-5.375,-26.625,26.5));
#1128 = VECTOR('',#1129,1.);
#1129 = DIRECTION('',(-0.707106781187,0.707106781187,0.));
#1130 = ORIENTED_EDGE('',*,*,#1131,.T.);
#1131 = EDGE_CURVE('',#1124,#1114,#1132,.T.);
#1132 = LINE('',#1133,#1134);
#1133 = CARTESIAN_POINT('',(-5.,-27.,26.5));
#1134 = VECTOR('',#1135,1.);
#1135 = DIRECTION('',(-0.,-0.,-1.));
#1136 = PLANE('',#1137);
#1137 = AXIS2_PLACEMENT_3D('',#1138,#1139,#1140);
#1138 = CARTESIAN_POINT('',(-6.,-26.,26.5));
#1139 = DIRECTION('',(0.707106781187,0.707106781187,0.));
#1140 = DIRECTION('',(0.,0.,-1.));
#1141 = ADVANCED_FACE('',(#1142),#1159,.T.);
#1142 = FACE_BOUND('',#1143,.F.);
#1143 = EDGE_LOOP('',(#1144,#1151,#1152,#1153));
#1144 = ORIENTED_EDGE('',*,*,#1145,.F.);
#1145 = EDGE_CURVE('',#182,#1146,#1148,.T.);
#1146 = VERTEX_POINT('',#1147);
#1147 = CARTESIAN_POINT('',(32.,-31.,3.8));
#1148 = B_SPLINE_CURVE_WITH_KNOTS('',1,(#1149,#1150),.UNSPECIFIED.,.F.,
  .F.,(2,2),(0.,14.137166938749),.PIECEWISE_BEZIER_KNOTS.);
#1149 = CARTESIAN_POINT('',(30.3,-31.,5.5));
#1150 = CARTESIAN_POINT('',(32.,-31.,3.8));
#1151 = ORIENTED_EDGE('',*,*,#197,.T.);
#1152 = ORIENTED_EDGE('',*,*,#1089,.T.);
#1153 = ORIENTED_EDGE('',*,*,#1154,.F.);
#1154 = EDGE_CURVE('',#1146,#1090,#1155,.T.);
#1155 = LINE('',#1156,#1157);
#1156 = CARTESIAN_POINT('',(32.,-31.,3.8));
#1157 = VECTOR('',#1158,1.);
#1158 = DIRECTION('',(0.,1.,0.));
#1159 = PLANE('',#1160);
#1160 = AXIS2_PLACEMENT_3D('',#1161,#1162,#1163);
#1161 = CARTESIAN_POINT('',(31.15,-31.,4.65));
#1162 = DIRECTION('',(0.707106781187,2.854644422812E-17,0.707106781187)
  );
#1163 = DIRECTION('',(2.018538429247E-17,-1.,2.018538429247E-17));
#1164 = ADVANCED_FACE('',(#1165),#1191,.F.);
#1165 = FACE_BOUND('',#1166,.F.);
#1166 = EDGE_LOOP('',(#1167,#1177,#1183,#1184,#1185));
#1167 = ORIENTED_EDGE('',*,*,#1168,.T.);
#1168 = EDGE_CURVE('',#1169,#1171,#1173,.T.);
#1169 = VERTEX_POINT('',#1170);
#1170 = CARTESIAN_POINT('',(25.,-27.,5.51));
#1171 = VERTEX_POINT('',#1172);
#1172 = CARTESIAN_POINT('',(21.76,-27.,8.75));
#1173 = LINE('',#1174,#1175);
#1174 = CARTESIAN_POINT('',(16.1925,-27.,14.3175));
#1175 = VECTOR('',#1176,1.);
#1176 = DIRECTION('',(-0.707106781187,0.,0.707106781187));
#1177 = ORIENTED_EDGE('',*,*,#1178,.F.);
#1178 = EDGE_CURVE('',#1114,#1171,#1179,.T.);
#1179 = LINE('',#1180,#1181);
#1180 = CARTESIAN_POINT('',(-5.,-27.,8.75));
#1181 = VECTOR('',#1182,1.);
#1182 = DIRECTION('',(1.,0.,0.));
#1183 = ORIENTED_EDGE('',*,*,#1113,.T.);
#1184 = ORIENTED_EDGE('',*,*,#141,.T.);
#1185 = ORIENTED_EDGE('',*,*,#1186,.T.);
#1186 = EDGE_CURVE('',#142,#1169,#1187,.T.);
#1187 = LINE('',#1188,#1189);
#1188 = CARTESIAN_POINT('',(25.,-27.,5.5));
#1189 = VECTOR('',#1190,1.);
#1190 = DIRECTION('',(0.,0.,1.));
#1191 = PLANE('',#1192);
#1192 = AXIS2_PLACEMENT_3D('',#1193,#1194,#1195);
#1193 = CARTESIAN_POINT('',(-5.,-27.,5.5));
#1194 = DIRECTION('',(0.,-1.,0.));
#1195 = DIRECTION('',(0.,0.,1.));
#1196 = ADVANCED_FACE('',(#1197),#1221,.T.);
#1197 = FACE_BOUND('',#1198,.T.);
#1198 = EDGE_LOOP('',(#1199,#1205,#1219,#1220));
#1199 = ORIENTED_EDGE('',*,*,#1200,.T.);
#1200 = EDGE_CURVE('',#174,#783,#1201,.T.);
#1201 = LINE('',#1202,#1203);
#1202 = CARTESIAN_POINT('',(23.,-39.15,4.65));
#1203 = VECTOR('',#1204,1.);
#1204 = DIRECTION('',(-0.,-0.707106781187,-0.707106781187));
#1205 = ORIENTED_EDGE('',*,*,#1206,.T.);
#1206 = EDGE_CURVE('',#783,#1146,#1207,.T.);
#1207 = B_SPLINE_CURVE_WITH_KNOTS('',10,(#1208,#1209,#1210,#1211,#1212,
    #1213,#1214,#1215,#1216,#1217,#1218),.UNSPECIFIED.,.F.,.F.,(11,11),(
    30.,44.137166938749),.PIECEWISE_BEZIER_KNOTS.);
#1208 = CARTESIAN_POINT('',(23.,-40.,3.8));
#1209 = CARTESIAN_POINT('',(24.392664979975,-40.,3.8));
#1210 = CARTESIAN_POINT('',(25.80095277602,-39.76054656492,
    3.800000000001));
#1211 = CARTESIAN_POINT('',(27.172505604482,-39.27264236544,
    3.799999999996));
#1212 = CARTESIAN_POINT('',(28.453169170695,-38.54235337166,
    3.800000000004));
#1213 = CARTESIAN_POINT('',(29.591171445458,-37.59157259192,
    3.800000000007));
#1214 = CARTESIAN_POINT('',(30.542660292906,-36.45285092454,
    3.799999999989));
#1215 = CARTESIAN_POINT('',(31.272520554022,-35.1726252373,
    3.800000000007));
#1216 = CARTESIAN_POINT('',(31.760568970505,-33.800929997,3.799999999998
    ));
#1217 = CARTESIAN_POINT('',(32.,-32.39266497997,3.8));
#1218 = CARTESIAN_POINT('',(32.,-31.,3.8));
#1219 = ORIENTED_EDGE('',*,*,#1145,.F.);
#1220 = ORIENTED_EDGE('',*,*,#181,.F.);
#1221 = B_SPLINE_SURFACE_WITH_KNOTS('',1,10,(
    (#1222,#1223,#1224,#1225,#1226,#1227,#1228,#1229,#1230,#1231,#1232)
    ,(#1233,#1234,#1235,#1236,#1237,#1238,#1239,#1240,#1241,#1242,#1243
    )),.UNSPECIFIED.,.F.,.F.,.F.,(2,2),(11,11),(0.,14.137166938749),(30.
    ,44.137166938749),.PIECEWISE_BEZIER_KNOTS.);
#1222 = CARTESIAN_POINT('',(23.,-38.3,5.5));
#1223 = CARTESIAN_POINT('',(24.129603037338,-38.3,5.5));
#1224 = CARTESIAN_POINT('',(25.271905935756,-38.1057691671,
    5.499999999999));
#1225 = CARTESIAN_POINT('',(26.384289003023,-37.71007557382,
    5.500000000002));
#1226 = CARTESIAN_POINT('',(27.423282955101,-37.11756564883,
    5.499999999997));
#1227 = CARTESIAN_POINT('',(28.345991782517,-36.34669346126,
    5.500000000003));
#1228 = CARTESIAN_POINT('',(29.118061382967,-35.42268329982,
    5.499999999998));
#1229 = CARTESIAN_POINT('',(29.709881072565,-34.38457250644,
    5.500000000001));
#1230 = CARTESIAN_POINT('',(30.105805294251,-33.27182632405,
    5.499999999999));
#1231 = CARTESIAN_POINT('',(30.3,-32.12961239096,5.5));
#1232 = CARTESIAN_POINT('',(30.3,-31.,5.5));
#1233 = CARTESIAN_POINT('',(23.,-40.,3.8));
#1234 = CARTESIAN_POINT('',(24.392664979975,-40.,3.8));
#1235 = CARTESIAN_POINT('',(25.80095277602,-39.76054656492,
    3.800000000001));
#1236 = CARTESIAN_POINT('',(27.172505604482,-39.27264236544,
    3.799999999996));
#1237 = CARTESIAN_POINT('',(28.453169170695,-38.54235337166,
    3.800000000004));
#1238 = CARTESIAN_POINT('',(29.591171445458,-37.59157259192,
    3.800000000007));
#1239 = CARTESIAN_POINT('',(30.542660292906,-36.45285092454,
    3.799999999989));
#1240 = CARTESIAN_POINT('',(31.272520554022,-35.1726252373,
    3.800000000007));
#1241 = CARTESIAN_POINT('',(31.760568970505,-33.800929997,3.799999999998
    ));
#1242 = CARTESIAN_POINT('',(32.,-32.39266497997,3.8));
#1243 = CARTESIAN_POINT('',(32.,-31.,3.8));
#1244 = ADVANCED_FACE('',(#1245),#1263,.T.);
#1245 = FACE_BOUND('',#1246,.T.);
#1246 = EDGE_LOOP('',(#1247,#1255,#1256,#1257));
#1247 = ORIENTED_EDGE('',*,*,#1248,.T.);
#1248 = EDGE_CURVE('',#1249,#150,#1251,.T.);
#1249 = VERTEX_POINT('',#1250);
#1250 = CARTESIAN_POINT('',(25.,-38.,5.51));
#1251 = LINE('',#1252,#1253);
#1252 = CARTESIAN_POINT('',(25.,-38.,10.75));
#1253 = VECTOR('',#1254,1.);
#1254 = DIRECTION('',(0.,0.,-1.));
#1255 = ORIENTED_EDGE('',*,*,#149,.T.);
#1256 = ORIENTED_EDGE('',*,*,#1186,.T.);
#1257 = ORIENTED_EDGE('',*,*,#1258,.T.);
#1258 = EDGE_CURVE('',#1169,#1249,#1259,.T.);
#1259 = LINE('',#1260,#1261);
#1260 = CARTESIAN_POINT('',(25.,-27.,5.51));
#1261 = VECTOR('',#1262,1.);
#1262 = DIRECTION('',(0.,-1.,0.));
#1263 = PLANE('',#1264);
#1264 = AXIS2_PLACEMENT_3D('',#1265,#1266,#1267);
#1265 = CARTESIAN_POINT('',(25.,-32.5,8.125));
#1266 = DIRECTION('',(1.,0.,0.));
#1267 = DIRECTION('',(0.,0.,1.));
#1268 = ADVANCED_FACE('',(#1269),#1295,.F.);
#1269 = FACE_BOUND('',#1270,.F.);
#1270 = EDGE_LOOP('',(#1271,#1279,#1280,#1281,#1289));
#1271 = ORIENTED_EDGE('',*,*,#1272,.F.);
#1272 = EDGE_CURVE('',#1249,#1273,#1275,.T.);
#1273 = VERTEX_POINT('',#1274);
#1274 = CARTESIAN_POINT('',(21.76,-38.,8.75));
#1275 = LINE('',#1276,#1277);
#1276 = CARTESIAN_POINT('',(14.88,-38.,15.63));
#1277 = VECTOR('',#1278,1.);
#1278 = DIRECTION('',(-0.707106781187,0.,0.707106781187));
#1279 = ORIENTED_EDGE('',*,*,#1248,.T.);
#1280 = ORIENTED_EDGE('',*,*,#157,.F.);
#1281 = ORIENTED_EDGE('',*,*,#1282,.F.);
#1282 = EDGE_CURVE('',#1283,#158,#1285,.T.);
#1283 = VERTEX_POINT('',#1284);
#1284 = CARTESIAN_POINT('',(-5.,-38.,8.75));
#1285 = LINE('',#1286,#1287);
#1286 = CARTESIAN_POINT('',(-5.,-38.,26.5));
#1287 = VECTOR('',#1288,1.);
#1288 = DIRECTION('',(-0.,-0.,-1.));
#1289 = ORIENTED_EDGE('',*,*,#1290,.T.);
#1290 = EDGE_CURVE('',#1283,#1273,#1291,.T.);
#1291 = LINE('',#1292,#1293);
#1292 = CARTESIAN_POINT('',(-5.,-38.,8.75));
#1293 = VECTOR('',#1294,1.);
#1294 = DIRECTION('',(1.,0.,0.));
#1295 = PLANE('',#1296);
#1296 = AXIS2_PLACEMENT_3D('',#1297,#1298,#1299);
#1297 = CARTESIAN_POINT('',(-5.,-38.,10.75));
#1298 = DIRECTION('',(0.,1.,0.));
#1299 = DIRECTION('',(0.,0.,-1.));
#1300 = ADVANCED_FACE('',(#1301),#1312,.T.);
#1301 = FACE_BOUND('',#1302,.T.);
#1302 = EDGE_LOOP('',(#1303,#1309,#1310,#1311));
#1303 = ORIENTED_EDGE('',*,*,#1304,.T.);
#1304 = EDGE_CURVE('',#166,#793,#1305,.T.);
#1305 = LINE('',#1306,#1307);
#1306 = CARTESIAN_POINT('',(-2.6,-35.6,8.2));
#1307 = VECTOR('',#1308,1.);
#1308 = DIRECTION('',(-0.57735026919,-0.57735026919,-0.57735026919));
#1309 = ORIENTED_EDGE('',*,*,#792,.T.);
#1310 = ORIENTED_EDGE('',*,*,#1200,.F.);
#1311 = ORIENTED_EDGE('',*,*,#173,.F.);
#1312 = PLANE('',#1313);
#1313 = AXIS2_PLACEMENT_3D('',#1314,#1315,#1316);
#1314 = CARTESIAN_POINT('',(8.289919170792,-39.1727027598,4.627297240193
    ));
#1315 = DIRECTION('',(0.,-0.707106781187,0.707106781187));
#1316 = DIRECTION('',(0.,0.707106781187,0.707106781187));
#1317 = ADVANCED_FACE('',(#1318),#1338,.T.);
#1318 = FACE_BOUND('',#1319,.T.);
#1319 = EDGE_LOOP('',(#1320,#1321,#1322,#1330,#1336,#1337));
#1320 = ORIENTED_EDGE('',*,*,#165,.T.);
#1321 = ORIENTED_EDGE('',*,*,#1282,.F.);
#1322 = ORIENTED_EDGE('',*,*,#1323,.F.);
#1323 = EDGE_CURVE('',#1324,#1283,#1326,.T.);
#1324 = VERTEX_POINT('',#1325);
#1325 = CARTESIAN_POINT('',(-5.,-38.,26.5));
#1326 = LINE('',#1327,#1328);
#1327 = CARTESIAN_POINT('',(-5.,-38.,26.5));
#1328 = VECTOR('',#1329,1.);
#1329 = DIRECTION('',(-0.,-0.,-1.));
#1330 = ORIENTED_EDGE('',*,*,#1331,.F.);
#1331 = EDGE_CURVE('',#801,#1324,#1332,.T.);
#1332 = LINE('',#1333,#1334);
#1333 = CARTESIAN_POINT('',(-5.375,-38.375,26.5));
#1334 = VECTOR('',#1335,1.);
#1335 = DIRECTION('',(0.707106781187,0.707106781187,0.));
#1336 = ORIENTED_EDGE('',*,*,#800,.T.);
#1337 = ORIENTED_EDGE('',*,*,#1304,.F.);
#1338 = PLANE('',#1339);
#1339 = AXIS2_PLACEMENT_3D('',#1340,#1341,#1342);
#1340 = CARTESIAN_POINT('',(-6.,-39.,26.5));
#1341 = DIRECTION('',(0.707106781187,-0.707106781187,0.));
#1342 = DIRECTION('',(0.,0.,-1.));
#1343 = ADVANCED_FACE('',(#1344),#1362,.F.);
#1344 = FACE_BOUND('',#1345,.F.);
#1345 = EDGE_LOOP('',(#1346,#1355,#1360,#1361));
#1346 = ORIENTED_EDGE('',*,*,#1347,.T.);
#1347 = EDGE_CURVE('',#1348,#1348,#1350,.T.);
#1348 = VERTEX_POINT('',#1349);
#1349 = CARTESIAN_POINT('',(-22.35,-20.,0.));
#1350 = CIRCLE('',#1351,2.65);
#1351 = AXIS2_PLACEMENT_3D('',#1352,#1353,#1354);
#1352 = CARTESIAN_POINT('',(-25.,-20.,0.));
#1353 = DIRECTION('',(0.,0.,1.));
#1354 = DIRECTION('',(1.,0.,0.));
#1355 = ORIENTED_EDGE('',*,*,#1356,.T.);
#1356 = EDGE_CURVE('',#1348,#254,#1357,.T.);
#1357 = B_SPLINE_CURVE_WITH_KNOTS('',1,(#1358,#1359),.UNSPECIFIED.,.F.,
  .F.,(2,2),(-7.,-1.5),.PIECEWISE_BEZIER_KNOTS.);
#1358 = CARTESIAN_POINT('',(-22.35,-20.,0.));
#1359 = CARTESIAN_POINT('',(-22.35,-20.,5.5));
#1360 = ORIENTED_EDGE('',*,*,#253,.F.);
#1361 = ORIENTED_EDGE('',*,*,#1356,.F.);
#1362 = CYLINDRICAL_SURFACE('',#1363,2.65);
#1363 = AXIS2_PLACEMENT_3D('',#1364,#1365,#1366);
#1364 = CARTESIAN_POINT('',(-25.,-20.,7.));
#1365 = DIRECTION('',(0.,0.,1.));
#1366 = DIRECTION('',(1.,0.,0.));
#1367 = ADVANCED_FACE('',(#1368),#1394,.F.);
#1368 = FACE_BOUND('',#1369,.F.);
#1369 = EDGE_LOOP('',(#1370,#1371,#1379,#1388));
#1370 = ORIENTED_EDGE('',*,*,#264,.F.);
#1371 = ORIENTED_EDGE('',*,*,#1372,.T.);
#1372 = EDGE_CURVE('',#265,#1373,#1375,.T.);
#1373 = VERTEX_POINT('',#1374);
#1374 = CARTESIAN_POINT('',(-12.,-20.825,0.));
#1375 = LINE('',#1376,#1377);
#1376 = CARTESIAN_POINT('',(-12.,-20.825,7.));
#1377 = VECTOR('',#1378,1.);
#1378 = DIRECTION('',(-0.,-0.,-1.));
#1379 = ORIENTED_EDGE('',*,*,#1380,.T.);
#1380 = EDGE_CURVE('',#1373,#1381,#1383,.T.);
#1381 = VERTEX_POINT('',#1382);
#1382 = CARTESIAN_POINT('',(-11.,-21.825,0.));
#1383 = CIRCLE('',#1384,1.);
#1384 = AXIS2_PLACEMENT_3D('',#1385,#1386,#1387);
#1385 = CARTESIAN_POINT('',(-11.,-20.825,0.));
#1386 = DIRECTION('',(0.,0.,1.));
#1387 = DIRECTION('',(1.,0.,0.));
#1388 = ORIENTED_EDGE('',*,*,#1389,.F.);
#1389 = EDGE_CURVE('',#267,#1381,#1390,.T.);
#1390 = LINE('',#1391,#1392);
#1391 = CARTESIAN_POINT('',(-11.,-21.825,7.));
#1392 = VECTOR('',#1393,1.);
#1393 = DIRECTION('',(-0.,-0.,-1.));
#1394 = CYLINDRICAL_SURFACE('',#1395,1.);
#1395 = AXIS2_PLACEMENT_3D('',#1396,#1397,#1398);
#1396 = CARTESIAN_POINT('',(-11.,-20.825,7.));
#1397 = DIRECTION('',(0.,0.,1.));
#1398 = DIRECTION('',(1.,0.,0.));
#1399 = ADVANCED_FACE('',(#1400),#1418,.T.);
#1400 = FACE_BOUND('',#1401,.T.);
#1401 = EDGE_LOOP('',(#1402,#1403,#1404,#1412));
#1402 = ORIENTED_EDGE('',*,*,#275,.F.);
#1403 = ORIENTED_EDGE('',*,*,#1372,.T.);
#1404 = ORIENTED_EDGE('',*,*,#1405,.T.);
#1405 = EDGE_CURVE('',#1373,#1406,#1408,.T.);
#1406 = VERTEX_POINT('',#1407);
#1407 = CARTESIAN_POINT('',(-12.,-19.575,0.));
#1408 = LINE('',#1409,#1410);
#1409 = CARTESIAN_POINT('',(-12.,-12.23254239354,0.));
#1410 = VECTOR('',#1411,1.);
#1411 = DIRECTION('',(0.,1.,0.));
#1412 = ORIENTED_EDGE('',*,*,#1413,.F.);
#1413 = EDGE_CURVE('',#276,#1406,#1414,.T.);
#1414 = LINE('',#1415,#1416);
#1415 = CARTESIAN_POINT('',(-12.,-19.575,7.));
#1416 = VECTOR('',#1417,1.);
#1417 = DIRECTION('',(-0.,-0.,-1.));
#1418 = PLANE('',#1419);
#1419 = AXIS2_PLACEMENT_3D('',#1420,#1421,#1422);
#1420 = CARTESIAN_POINT('',(-12.,-20.825,7.));
#1421 = DIRECTION('',(1.,0.,0.));
#1422 = DIRECTION('',(0.,1.,0.));
#1423 = ADVANCED_FACE('',(#1424),#1442,.T.);
#1424 = FACE_BOUND('',#1425,.T.);
#1425 = EDGE_LOOP('',(#1426,#1427,#1435,#1441));
#1426 = ORIENTED_EDGE('',*,*,#326,.F.);
#1427 = ORIENTED_EDGE('',*,*,#1428,.T.);
#1428 = EDGE_CURVE('',#318,#1429,#1431,.T.);
#1429 = VERTEX_POINT('',#1430);
#1430 = CARTESIAN_POINT('',(-3.,-21.825,0.));
#1431 = LINE('',#1432,#1433);
#1432 = CARTESIAN_POINT('',(-3.,-21.825,7.));
#1433 = VECTOR('',#1434,1.);
#1434 = DIRECTION('',(-0.,-0.,-1.));
#1435 = ORIENTED_EDGE('',*,*,#1436,.T.);
#1436 = EDGE_CURVE('',#1429,#1381,#1437,.T.);
#1437 = LINE('',#1438,#1439);
#1438 = CARTESIAN_POINT('',(2.746354636714,-21.825,0.));
#1439 = VECTOR('',#1440,1.);
#1440 = DIRECTION('',(-1.,0.,0.));
#1441 = ORIENTED_EDGE('',*,*,#1389,.F.);
#1442 = PLANE('',#1443);
#1443 = AXIS2_PLACEMENT_3D('',#1444,#1445,#1446);
#1444 = CARTESIAN_POINT('',(-3.,-21.825,7.));
#1445 = DIRECTION('',(0.,1.,0.));
#1446 = DIRECTION('',(-1.,0.,0.));
#1447 = ADVANCED_FACE('',(#1448),#1467,.F.);
#1448 = FACE_BOUND('',#1449,.F.);
#1449 = EDGE_LOOP('',(#1450,#1451,#1459,#1466));
#1450 = ORIENTED_EDGE('',*,*,#283,.F.);
#1451 = ORIENTED_EDGE('',*,*,#1452,.T.);
#1452 = EDGE_CURVE('',#284,#1453,#1455,.T.);
#1453 = VERTEX_POINT('',#1454);
#1454 = CARTESIAN_POINT('',(-11.,-18.575,0.));
#1455 = LINE('',#1456,#1457);
#1456 = CARTESIAN_POINT('',(-11.,-18.575,7.));
#1457 = VECTOR('',#1458,1.);
#1458 = DIRECTION('',(-0.,-0.,-1.));
#1459 = ORIENTED_EDGE('',*,*,#1460,.T.);
#1460 = EDGE_CURVE('',#1453,#1406,#1461,.T.);
#1461 = CIRCLE('',#1462,1.);
#1462 = AXIS2_PLACEMENT_3D('',#1463,#1464,#1465);
#1463 = CARTESIAN_POINT('',(-11.,-19.575,0.));
#1464 = DIRECTION('',(0.,0.,1.));
#1465 = DIRECTION('',(1.,0.,0.));
#1466 = ORIENTED_EDGE('',*,*,#1413,.F.);
#1467 = CYLINDRICAL_SURFACE('',#1468,1.);
#1468 = AXIS2_PLACEMENT_3D('',#1469,#1470,#1471);
#1469 = CARTESIAN_POINT('',(-11.,-19.575,7.));
#1470 = DIRECTION('',(0.,0.,1.));
#1471 = DIRECTION('',(1.,0.,0.));
#1472 = ADVANCED_FACE('',(#1473),#1492,.F.);
#1473 = FACE_BOUND('',#1474,.F.);
#1474 = EDGE_LOOP('',(#1475,#1476,#1477,#1486));
#1475 = ORIENTED_EDGE('',*,*,#317,.F.);
#1476 = ORIENTED_EDGE('',*,*,#1428,.T.);
#1477 = ORIENTED_EDGE('',*,*,#1478,.T.);
#1478 = EDGE_CURVE('',#1429,#1479,#1481,.T.);
#1479 = VERTEX_POINT('',#1480);
#1480 = CARTESIAN_POINT('',(-2.,-20.825,0.));
#1481 = CIRCLE('',#1482,1.);
#1482 = AXIS2_PLACEMENT_3D('',#1483,#1484,#1485);
#1483 = CARTESIAN_POINT('',(-3.,-20.825,0.));
#1484 = DIRECTION('',(0.,0.,1.));
#1485 = DIRECTION('',(1.,0.,0.));
#1486 = ORIENTED_EDGE('',*,*,#1487,.F.);
#1487 = EDGE_CURVE('',#310,#1479,#1488,.T.);
#1488 = LINE('',#1489,#1490);
#1489 = CARTESIAN_POINT('',(-2.,-20.825,7.));
#1490 = VECTOR('',#1491,1.);
#1491 = DIRECTION('',(-0.,-0.,-1.));
#1492 = CYLINDRICAL_SURFACE('',#1493,1.);
#1493 = AXIS2_PLACEMENT_3D('',#1494,#1495,#1496);
#1494 = CARTESIAN_POINT('',(-3.,-20.825,7.));
#1495 = DIRECTION('',(0.,0.,1.));
#1496 = DIRECTION('',(1.,0.,0.));
#1497 = ADVANCED_FACE('',(#1498),#1516,.T.);
#1498 = FACE_BOUND('',#1499,.T.);
#1499 = EDGE_LOOP('',(#1500,#1501,#1502,#1510));
#1500 = ORIENTED_EDGE('',*,*,#292,.F.);
#1501 = ORIENTED_EDGE('',*,*,#1452,.T.);
#1502 = ORIENTED_EDGE('',*,*,#1503,.T.);
#1503 = EDGE_CURVE('',#1453,#1504,#1506,.T.);
#1504 = VERTEX_POINT('',#1505);
#1505 = CARTESIAN_POINT('',(-3.,-18.575,0.));
#1506 = LINE('',#1507,#1508);
#1507 = CARTESIAN_POINT('',(-1.253645363286,-18.575,0.));
#1508 = VECTOR('',#1509,1.);
#1509 = DIRECTION('',(1.,0.,0.));
#1510 = ORIENTED_EDGE('',*,*,#1511,.F.);
#1511 = EDGE_CURVE('',#293,#1504,#1512,.T.);
#1512 = LINE('',#1513,#1514);
#1513 = CARTESIAN_POINT('',(-3.,-18.575,7.));
#1514 = VECTOR('',#1515,1.);
#1515 = DIRECTION('',(-0.,-0.,-1.));
#1516 = PLANE('',#1517);
#1517 = AXIS2_PLACEMENT_3D('',#1518,#1519,#1520);
#1518 = CARTESIAN_POINT('',(-11.,-18.575,7.));
#1519 = DIRECTION('',(0.,-1.,0.));
#1520 = DIRECTION('',(1.,0.,0.));
#1521 = ADVANCED_FACE('',(#1522),#1540,.T.);
#1522 = FACE_BOUND('',#1523,.T.);
#1523 = EDGE_LOOP('',(#1524,#1525,#1533,#1539));
#1524 = ORIENTED_EDGE('',*,*,#309,.F.);
#1525 = ORIENTED_EDGE('',*,*,#1526,.T.);
#1526 = EDGE_CURVE('',#301,#1527,#1529,.T.);
#1527 = VERTEX_POINT('',#1528);
#1528 = CARTESIAN_POINT('',(-2.,-19.575,0.));
#1529 = LINE('',#1530,#1531);
#1530 = CARTESIAN_POINT('',(-2.,-19.575,7.));
#1531 = VECTOR('',#1532,1.);
#1532 = DIRECTION('',(-0.,-0.,-1.));
#1533 = ORIENTED_EDGE('',*,*,#1534,.T.);
#1534 = EDGE_CURVE('',#1527,#1479,#1535,.T.);
#1535 = LINE('',#1536,#1537);
#1536 = CARTESIAN_POINT('',(-2.,-11.60754239354,0.));
#1537 = VECTOR('',#1538,1.);
#1538 = DIRECTION('',(0.,-1.,0.));
#1539 = ORIENTED_EDGE('',*,*,#1487,.F.);
#1540 = PLANE('',#1541);
#1541 = AXIS2_PLACEMENT_3D('',#1542,#1543,#1544);
#1542 = CARTESIAN_POINT('',(-2.,-19.575,7.));
#1543 = DIRECTION('',(-1.,0.,0.));
#1544 = DIRECTION('',(0.,-1.,0.));
#1545 = ADVANCED_FACE('',(#1546),#1558,.F.);
#1546 = FACE_BOUND('',#1547,.F.);
#1547 = EDGE_LOOP('',(#1548,#1549,#1550,#1557));
#1548 = ORIENTED_EDGE('',*,*,#300,.F.);
#1549 = ORIENTED_EDGE('',*,*,#1526,.T.);
#1550 = ORIENTED_EDGE('',*,*,#1551,.T.);
#1551 = EDGE_CURVE('',#1527,#1504,#1552,.T.);
#1552 = CIRCLE('',#1553,1.);
#1553 = AXIS2_PLACEMENT_3D('',#1554,#1555,#1556);
#1554 = CARTESIAN_POINT('',(-3.,-19.575,0.));
#1555 = DIRECTION('',(0.,0.,1.));
#1556 = DIRECTION('',(1.,0.,0.));
#1557 = ORIENTED_EDGE('',*,*,#1511,.F.);
#1558 = CYLINDRICAL_SURFACE('',#1559,1.);
#1559 = AXIS2_PLACEMENT_3D('',#1560,#1561,#1562);
#1560 = CARTESIAN_POINT('',(-3.,-19.575,7.));
#1561 = DIRECTION('',(0.,0.,1.));
#1562 = DIRECTION('',(1.,0.,0.));
#1563 = ADVANCED_FACE('',(#1564),#1590,.F.);
#1564 = FACE_BOUND('',#1565,.F.);
#1565 = EDGE_LOOP('',(#1566,#1567,#1575,#1584));
#1566 = ORIENTED_EDGE('',*,*,#334,.F.);
#1567 = ORIENTED_EDGE('',*,*,#1568,.T.);
#1568 = EDGE_CURVE('',#335,#1569,#1571,.T.);
#1569 = VERTEX_POINT('',#1570);
#1570 = CARTESIAN_POINT('',(19.,-20.825,0.));
#1571 = LINE('',#1572,#1573);
#1572 = CARTESIAN_POINT('',(19.,-20.825,7.));
#1573 = VECTOR('',#1574,1.);
#1574 = DIRECTION('',(-0.,-0.,-1.));
#1575 = ORIENTED_EDGE('',*,*,#1576,.T.);
#1576 = EDGE_CURVE('',#1569,#1577,#1579,.T.);
#1577 = VERTEX_POINT('',#1578);
#1578 = CARTESIAN_POINT('',(20.,-21.82499999999,0.));
#1579 = CIRCLE('',#1580,1.);
#1580 = AXIS2_PLACEMENT_3D('',#1581,#1582,#1583);
#1581 = CARTESIAN_POINT('',(20.,-20.825,0.));
#1582 = DIRECTION('',(0.,0.,1.));
#1583 = DIRECTION('',(1.,0.,0.));
#1584 = ORIENTED_EDGE('',*,*,#1585,.F.);
#1585 = EDGE_CURVE('',#337,#1577,#1586,.T.);
#1586 = LINE('',#1587,#1588);
#1587 = CARTESIAN_POINT('',(20.,-21.82499999999,7.));
#1588 = VECTOR('',#1589,1.);
#1589 = DIRECTION('',(-0.,-0.,-1.));
#1590 = CYLINDRICAL_SURFACE('',#1591,1.);
#1591 = AXIS2_PLACEMENT_3D('',#1592,#1593,#1594);
#1592 = CARTESIAN_POINT('',(20.,-20.825,7.));
#1593 = DIRECTION('',(0.,0.,1.));
#1594 = DIRECTION('',(1.,0.,0.));
#1595 = ADVANCED_FACE('',(#1596),#1614,.T.);
#1596 = FACE_BOUND('',#1597,.T.);
#1597 = EDGE_LOOP('',(#1598,#1599,#1600,#1608));
#1598 = ORIENTED_EDGE('',*,*,#345,.F.);
#1599 = ORIENTED_EDGE('',*,*,#1568,.T.);
#1600 = ORIENTED_EDGE('',*,*,#1601,.T.);
#1601 = EDGE_CURVE('',#1569,#1602,#1604,.T.);
#1602 = VERTEX_POINT('',#1603);
#1603 = CARTESIAN_POINT('',(19.,-19.575,0.));
#1604 = LINE('',#1605,#1606);
#1605 = CARTESIAN_POINT('',(19.,-12.23254239354,0.));
#1606 = VECTOR('',#1607,1.);
#1607 = DIRECTION('',(0.,1.,0.));
#1608 = ORIENTED_EDGE('',*,*,#1609,.F.);
#1609 = EDGE_CURVE('',#346,#1602,#1610,.T.);
#1610 = LINE('',#1611,#1612);
#1611 = CARTESIAN_POINT('',(19.,-19.575,7.));
#1612 = VECTOR('',#1613,1.);
#1613 = DIRECTION('',(-0.,-0.,-1.));
#1614 = PLANE('',#1615);
#1615 = AXIS2_PLACEMENT_3D('',#1616,#1617,#1618);
#1616 = CARTESIAN_POINT('',(19.,-20.825,7.));
#1617 = DIRECTION('',(1.,0.,0.));
#1618 = DIRECTION('',(0.,1.,0.));
#1619 = ADVANCED_FACE('',(#1620),#1638,.T.);
#1620 = FACE_BOUND('',#1621,.T.);
#1621 = EDGE_LOOP('',(#1622,#1623,#1631,#1637));
#1622 = ORIENTED_EDGE('',*,*,#396,.F.);
#1623 = ORIENTED_EDGE('',*,*,#1624,.T.);
#1624 = EDGE_CURVE('',#388,#1625,#1627,.T.);
#1625 = VERTEX_POINT('',#1626);
#1626 = CARTESIAN_POINT('',(28.,-21.82499999999,0.));
#1627 = LINE('',#1628,#1629);
#1628 = CARTESIAN_POINT('',(28.,-21.82499999999,7.));
#1629 = VECTOR('',#1630,1.);
#1630 = DIRECTION('',(-0.,-0.,-1.));
#1631 = ORIENTED_EDGE('',*,*,#1632,.T.);
#1632 = EDGE_CURVE('',#1625,#1577,#1633,.T.);
#1633 = LINE('',#1634,#1635);
#1634 = CARTESIAN_POINT('',(18.246354636714,-21.82499999999,0.));
#1635 = VECTOR('',#1636,1.);
#1636 = DIRECTION('',(-1.,0.,0.));
#1637 = ORIENTED_EDGE('',*,*,#1585,.F.);
#1638 = PLANE('',#1639);
#1639 = AXIS2_PLACEMENT_3D('',#1640,#1641,#1642);
#1640 = CARTESIAN_POINT('',(28.,-21.82499999999,7.));
#1641 = DIRECTION('',(0.,1.,0.));
#1642 = DIRECTION('',(-1.,0.,0.));
#1643 = ADVANCED_FACE('',(#1644),#1663,.F.);
#1644 = FACE_BOUND('',#1645,.F.);
#1645 = EDGE_LOOP('',(#1646,#1647,#1655,#1662));
#1646 = ORIENTED_EDGE('',*,*,#353,.F.);
#1647 = ORIENTED_EDGE('',*,*,#1648,.T.);
#1648 = EDGE_CURVE('',#354,#1649,#1651,.T.);
#1649 = VERTEX_POINT('',#1650);
#1650 = CARTESIAN_POINT('',(20.,-18.575,0.));
#1651 = LINE('',#1652,#1653);
#1652 = CARTESIAN_POINT('',(20.,-18.575,7.));
#1653 = VECTOR('',#1654,1.);
#1654 = DIRECTION('',(-0.,-0.,-1.));
#1655 = ORIENTED_EDGE('',*,*,#1656,.T.);
#1656 = EDGE_CURVE('',#1649,#1602,#1657,.T.);
#1657 = CIRCLE('',#1658,1.);
#1658 = AXIS2_PLACEMENT_3D('',#1659,#1660,#1661);
#1659 = CARTESIAN_POINT('',(20.,-19.575,0.));
#1660 = DIRECTION('',(0.,0.,1.));
#1661 = DIRECTION('',(1.,0.,0.));
#1662 = ORIENTED_EDGE('',*,*,#1609,.F.);
#1663 = CYLINDRICAL_SURFACE('',#1664,1.);
#1664 = AXIS2_PLACEMENT_3D('',#1665,#1666,#1667);
#1665 = CARTESIAN_POINT('',(20.,-19.575,7.));
#1666 = DIRECTION('',(0.,0.,1.));
#1667 = DIRECTION('',(1.,0.,0.));
#1668 = ADVANCED_FACE('',(#1669),#1688,.F.);
#1669 = FACE_BOUND('',#1670,.F.);
#1670 = EDGE_LOOP('',(#1671,#1672,#1673,#1682));
#1671 = ORIENTED_EDGE('',*,*,#387,.F.);
#1672 = ORIENTED_EDGE('',*,*,#1624,.T.);
#1673 = ORIENTED_EDGE('',*,*,#1674,.T.);
#1674 = EDGE_CURVE('',#1625,#1675,#1677,.T.);
#1675 = VERTEX_POINT('',#1676);
#1676 = CARTESIAN_POINT('',(29.,-20.82499999999,0.));
#1677 = CIRCLE('',#1678,1.);
#1678 = AXIS2_PLACEMENT_3D('',#1679,#1680,#1681);
#1679 = CARTESIAN_POINT('',(28.,-20.82499999999,0.));
#1680 = DIRECTION('',(0.,0.,1.));
#1681 = DIRECTION('',(1.,0.,0.));
#1682 = ORIENTED_EDGE('',*,*,#1683,.F.);
#1683 = EDGE_CURVE('',#380,#1675,#1684,.T.);
#1684 = LINE('',#1685,#1686);
#1685 = CARTESIAN_POINT('',(29.,-20.82499999999,7.));
#1686 = VECTOR('',#1687,1.);
#1687 = DIRECTION('',(-0.,-0.,-1.));
#1688 = CYLINDRICAL_SURFACE('',#1689,1.);
#1689 = AXIS2_PLACEMENT_3D('',#1690,#1691,#1692);
#1690 = CARTESIAN_POINT('',(28.,-20.82499999999,7.));
#1691 = DIRECTION('',(0.,0.,1.));
#1692 = DIRECTION('',(1.,0.,0.));
#1693 = ADVANCED_FACE('',(#1694),#1712,.T.);
#1694 = FACE_BOUND('',#1695,.T.);
#1695 = EDGE_LOOP('',(#1696,#1697,#1698,#1706));
#1696 = ORIENTED_EDGE('',*,*,#362,.F.);
#1697 = ORIENTED_EDGE('',*,*,#1648,.T.);
#1698 = ORIENTED_EDGE('',*,*,#1699,.T.);
#1699 = EDGE_CURVE('',#1649,#1700,#1702,.T.);
#1700 = VERTEX_POINT('',#1701);
#1701 = CARTESIAN_POINT('',(28.,-18.575,0.));
#1702 = LINE('',#1703,#1704);
#1703 = CARTESIAN_POINT('',(14.246354636714,-18.575,0.));
#1704 = VECTOR('',#1705,1.);
#1705 = DIRECTION('',(1.,0.,0.));
#1706 = ORIENTED_EDGE('',*,*,#1707,.F.);
#1707 = EDGE_CURVE('',#363,#1700,#1708,.T.);
#1708 = LINE('',#1709,#1710);
#1709 = CARTESIAN_POINT('',(28.,-18.575,7.));
#1710 = VECTOR('',#1711,1.);
#1711 = DIRECTION('',(-0.,-0.,-1.));
#1712 = PLANE('',#1713);
#1713 = AXIS2_PLACEMENT_3D('',#1714,#1715,#1716);
#1714 = CARTESIAN_POINT('',(20.,-18.575,7.));
#1715 = DIRECTION('',(0.,-1.,0.));
#1716 = DIRECTION('',(1.,0.,0.));
#1717 = ADVANCED_FACE('',(#1718),#1736,.T.);
#1718 = FACE_BOUND('',#1719,.T.);
#1719 = EDGE_LOOP('',(#1720,#1721,#1729,#1735));
#1720 = ORIENTED_EDGE('',*,*,#379,.F.);
#1721 = ORIENTED_EDGE('',*,*,#1722,.T.);
#1722 = EDGE_CURVE('',#371,#1723,#1725,.T.);
#1723 = VERTEX_POINT('',#1724);
#1724 = CARTESIAN_POINT('',(29.,-19.575,0.));
#1725 = LINE('',#1726,#1727);
#1726 = CARTESIAN_POINT('',(29.,-19.575,7.));
#1727 = VECTOR('',#1728,1.);
#1728 = DIRECTION('',(-0.,-0.,-1.));
#1729 = ORIENTED_EDGE('',*,*,#1730,.T.);
#1730 = EDGE_CURVE('',#1723,#1675,#1731,.T.);
#1731 = LINE('',#1732,#1733);
#1732 = CARTESIAN_POINT('',(29.,-11.60754239354,0.));
#1733 = VECTOR('',#1734,1.);
#1734 = DIRECTION('',(0.,-1.,0.));
#1735 = ORIENTED_EDGE('',*,*,#1683,.F.);
#1736 = PLANE('',#1737);
#1737 = AXIS2_PLACEMENT_3D('',#1738,#1739,#1740);
#1738 = CARTESIAN_POINT('',(29.,-19.575,7.));
#1739 = DIRECTION('',(-1.,0.,0.));
#1740 = DIRECTION('',(0.,-1.,0.));
#1741 = ADVANCED_FACE('',(#1742),#1754,.F.);
#1742 = FACE_BOUND('',#1743,.F.);
#1743 = EDGE_LOOP('',(#1744,#1745,#1746,#1753));
#1744 = ORIENTED_EDGE('',*,*,#370,.F.);
#1745 = ORIENTED_EDGE('',*,*,#1722,.T.);
#1746 = ORIENTED_EDGE('',*,*,#1747,.T.);
#1747 = EDGE_CURVE('',#1723,#1700,#1748,.T.);
#1748 = CIRCLE('',#1749,1.);
#1749 = AXIS2_PLACEMENT_3D('',#1750,#1751,#1752);
#1750 = CARTESIAN_POINT('',(28.,-19.575,0.));
#1751 = DIRECTION('',(0.,0.,1.));
#1752 = DIRECTION('',(1.,0.,0.));
#1753 = ORIENTED_EDGE('',*,*,#1707,.F.);
#1754 = CYLINDRICAL_SURFACE('',#1755,1.);
#1755 = AXIS2_PLACEMENT_3D('',#1756,#1757,#1758);
#1756 = CARTESIAN_POINT('',(28.,-19.575,7.));
#1757 = DIRECTION('',(0.,0.,1.));
#1758 = DIRECTION('',(1.,0.,0.));
#1759 = ADVANCED_FACE('',(#1760),#1785,.F.);
#1760 = FACE_BOUND('',#1761,.F.);
#1761 = EDGE_LOOP('',(#1762,#1763,#1771,#1779));
#1762 = ORIENTED_EDGE('',*,*,#404,.F.);
#1763 = ORIENTED_EDGE('',*,*,#1764,.T.);
#1764 = EDGE_CURVE('',#405,#1765,#1767,.T.);
#1765 = VERTEX_POINT('',#1766);
#1766 = CARTESIAN_POINT('',(-11.,9.075,0.));
#1767 = LINE('',#1768,#1769);
#1768 = CARTESIAN_POINT('',(-11.,9.075,7.));
#1769 = VECTOR('',#1770,1.);
#1770 = DIRECTION('',(-0.,-0.,-1.));
#1771 = ORIENTED_EDGE('',*,*,#1772,.T.);
#1772 = EDGE_CURVE('',#1765,#1773,#1775,.T.);
#1773 = VERTEX_POINT('',#1774);
#1774 = CARTESIAN_POINT('',(-3.,9.075,0.));
#1775 = LINE('',#1776,#1777);
#1776 = CARTESIAN_POINT('',(-1.253645363286,9.075,0.));
#1777 = VECTOR('',#1778,1.);
#1778 = DIRECTION('',(1.,0.,0.));
#1779 = ORIENTED_EDGE('',*,*,#1780,.F.);
#1780 = EDGE_CURVE('',#407,#1773,#1781,.T.);
#1781 = LINE('',#1782,#1783);
#1782 = CARTESIAN_POINT('',(-3.,9.075,7.));
#1783 = VECTOR('',#1784,1.);
#1784 = DIRECTION('',(-0.,-0.,-1.));
#1785 = PLANE('',#1786);
#1786 = AXIS2_PLACEMENT_3D('',#1787,#1788,#1789);
#1787 = CARTESIAN_POINT('',(-11.,9.075,7.));
#1788 = DIRECTION('',(0.,-1.,0.));
#1789 = DIRECTION('',(1.,0.,0.));
#1790 = ADVANCED_FACE('',(#1791),#1810,.F.);
#1791 = FACE_BOUND('',#1792,.F.);
#1792 = EDGE_LOOP('',(#1793,#1794,#1802,#1809));
#1793 = ORIENTED_EDGE('',*,*,#414,.F.);
#1794 = ORIENTED_EDGE('',*,*,#1795,.T.);
#1795 = EDGE_CURVE('',#415,#1796,#1798,.T.);
#1796 = VERTEX_POINT('',#1797);
#1797 = CARTESIAN_POINT('',(-12.,10.075,0.));
#1798 = LINE('',#1799,#1800);
#1799 = CARTESIAN_POINT('',(-12.,10.075,7.));
#1800 = VECTOR('',#1801,1.);
#1801 = DIRECTION('',(-0.,-0.,-1.));
#1802 = ORIENTED_EDGE('',*,*,#1803,.T.);
#1803 = EDGE_CURVE('',#1796,#1765,#1804,.T.);
#1804 = CIRCLE('',#1805,1.);
#1805 = AXIS2_PLACEMENT_3D('',#1806,#1807,#1808);
#1806 = CARTESIAN_POINT('',(-11.,10.075,0.));
#1807 = DIRECTION('',(0.,0.,1.));
#1808 = DIRECTION('',(1.,0.,0.));
#1809 = ORIENTED_EDGE('',*,*,#1764,.F.);
#1810 = CYLINDRICAL_SURFACE('',#1811,1.);
#1811 = AXIS2_PLACEMENT_3D('',#1812,#1813,#1814);
#1812 = CARTESIAN_POINT('',(-11.,10.075,7.));
#1813 = DIRECTION('',(0.,0.,1.));
#1814 = DIRECTION('',(1.,0.,0.));
#1815 = ADVANCED_FACE('',(#1816),#1835,.F.);
#1816 = FACE_BOUND('',#1817,.F.);
#1817 = EDGE_LOOP('',(#1818,#1819,#1820,#1829));
#1818 = ORIENTED_EDGE('',*,*,#465,.F.);
#1819 = ORIENTED_EDGE('',*,*,#1780,.T.);
#1820 = ORIENTED_EDGE('',*,*,#1821,.T.);
#1821 = EDGE_CURVE('',#1773,#1822,#1824,.T.);
#1822 = VERTEX_POINT('',#1823);
#1823 = CARTESIAN_POINT('',(-2.,10.075,0.));
#1824 = CIRCLE('',#1825,1.);
#1825 = AXIS2_PLACEMENT_3D('',#1826,#1827,#1828);
#1826 = CARTESIAN_POINT('',(-3.,10.075,0.));
#1827 = DIRECTION('',(0.,0.,1.));
#1828 = DIRECTION('',(1.,0.,0.));
#1829 = ORIENTED_EDGE('',*,*,#1830,.F.);
#1830 = EDGE_CURVE('',#458,#1822,#1831,.T.);
#1831 = LINE('',#1832,#1833);
#1832 = CARTESIAN_POINT('',(-2.,10.075,7.));
#1833 = VECTOR('',#1834,1.);
#1834 = DIRECTION('',(-0.,-0.,-1.));
#1835 = CYLINDRICAL_SURFACE('',#1836,1.);
#1836 = AXIS2_PLACEMENT_3D('',#1837,#1838,#1839);
#1837 = CARTESIAN_POINT('',(-3.,10.075,7.));
#1838 = DIRECTION('',(0.,0.,1.));
#1839 = DIRECTION('',(1.,0.,0.));
#1840 = ADVANCED_FACE('',(#1841),#1859,.F.);
#1841 = FACE_BOUND('',#1842,.F.);
#1842 = EDGE_LOOP('',(#1843,#1844,#1852,#1858));
#1843 = ORIENTED_EDGE('',*,*,#423,.F.);
#1844 = ORIENTED_EDGE('',*,*,#1845,.T.);
#1845 = EDGE_CURVE('',#424,#1846,#1848,.T.);
#1846 = VERTEX_POINT('',#1847);
#1847 = CARTESIAN_POINT('',(-12.,11.325,0.));
#1848 = LINE('',#1849,#1850);
#1849 = CARTESIAN_POINT('',(-12.,11.325,7.));
#1850 = VECTOR('',#1851,1.);
#1851 = DIRECTION('',(-0.,-0.,-1.));
#1852 = ORIENTED_EDGE('',*,*,#1853,.T.);
#1853 = EDGE_CURVE('',#1846,#1796,#1854,.T.);
#1854 = LINE('',#1855,#1856);
#1855 = CARTESIAN_POINT('',(-12.,3.842457606452,0.));
#1856 = VECTOR('',#1857,1.);
#1857 = DIRECTION('',(0.,-1.,0.));
#1858 = ORIENTED_EDGE('',*,*,#1795,.F.);
#1859 = PLANE('',#1860);
#1860 = AXIS2_PLACEMENT_3D('',#1861,#1862,#1863);
#1861 = CARTESIAN_POINT('',(-12.,11.325,7.));
#1862 = DIRECTION('',(-1.,0.,0.));
#1863 = DIRECTION('',(0.,-1.,0.));
#1864 = ADVANCED_FACE('',(#1865),#1883,.F.);
#1865 = FACE_BOUND('',#1866,.F.);
#1866 = EDGE_LOOP('',(#1867,#1868,#1869,#1877));
#1867 = ORIENTED_EDGE('',*,*,#457,.F.);
#1868 = ORIENTED_EDGE('',*,*,#1830,.T.);
#1869 = ORIENTED_EDGE('',*,*,#1870,.T.);
#1870 = EDGE_CURVE('',#1822,#1871,#1873,.T.);
#1871 = VERTEX_POINT('',#1872);
#1872 = CARTESIAN_POINT('',(-2.,11.325,0.));
#1873 = LINE('',#1874,#1875);
#1874 = CARTESIAN_POINT('',(-2.,3.217457606452,0.));
#1875 = VECTOR('',#1876,1.);
#1876 = DIRECTION('',(0.,1.,0.));
#1877 = ORIENTED_EDGE('',*,*,#1878,.F.);
#1878 = EDGE_CURVE('',#449,#1871,#1879,.T.);
#1879 = LINE('',#1880,#1881);
#1880 = CARTESIAN_POINT('',(-2.,11.325,7.));
#1881 = VECTOR('',#1882,1.);
#1882 = DIRECTION('',(-0.,-0.,-1.));
#1883 = PLANE('',#1884);
#1884 = AXIS2_PLACEMENT_3D('',#1885,#1886,#1887);
#1885 = CARTESIAN_POINT('',(-2.,10.075,7.));
#1886 = DIRECTION('',(1.,0.,0.));
#1887 = DIRECTION('',(0.,1.,0.));
#1888 = ADVANCED_FACE('',(#1889),#1908,.F.);
#1889 = FACE_BOUND('',#1890,.F.);
#1890 = EDGE_LOOP('',(#1891,#1892,#1900,#1907));
#1891 = ORIENTED_EDGE('',*,*,#431,.F.);
#1892 = ORIENTED_EDGE('',*,*,#1893,.T.);
#1893 = EDGE_CURVE('',#432,#1894,#1896,.T.);
#1894 = VERTEX_POINT('',#1895);
#1895 = CARTESIAN_POINT('',(-11.,12.325,0.));
#1896 = LINE('',#1897,#1898);
#1897 = CARTESIAN_POINT('',(-11.,12.325,7.));
#1898 = VECTOR('',#1899,1.);
#1899 = DIRECTION('',(-0.,-0.,-1.));
#1900 = ORIENTED_EDGE('',*,*,#1901,.T.);
#1901 = EDGE_CURVE('',#1894,#1846,#1902,.T.);
#1902 = CIRCLE('',#1903,1.);
#1903 = AXIS2_PLACEMENT_3D('',#1904,#1905,#1906);
#1904 = CARTESIAN_POINT('',(-11.,11.325,0.));
#1905 = DIRECTION('',(0.,0.,1.));
#1906 = DIRECTION('',(1.,0.,0.));
#1907 = ORIENTED_EDGE('',*,*,#1845,.F.);
#1908 = CYLINDRICAL_SURFACE('',#1909,1.);
#1909 = AXIS2_PLACEMENT_3D('',#1910,#1911,#1912);
#1910 = CARTESIAN_POINT('',(-11.,11.325,7.));
#1911 = DIRECTION('',(0.,0.,1.));
#1912 = DIRECTION('',(1.,0.,0.));
#1913 = ADVANCED_FACE('',(#1914),#1933,.F.);
#1914 = FACE_BOUND('',#1915,.F.);
#1915 = EDGE_LOOP('',(#1916,#1917,#1918,#1927));
#1916 = ORIENTED_EDGE('',*,*,#448,.F.);
#1917 = ORIENTED_EDGE('',*,*,#1878,.T.);
#1918 = ORIENTED_EDGE('',*,*,#1919,.T.);
#1919 = EDGE_CURVE('',#1871,#1920,#1922,.T.);
#1920 = VERTEX_POINT('',#1921);
#1921 = CARTESIAN_POINT('',(-3.,12.325,0.));
#1922 = CIRCLE('',#1923,1.);
#1923 = AXIS2_PLACEMENT_3D('',#1924,#1925,#1926);
#1924 = CARTESIAN_POINT('',(-3.,11.325,0.));
#1925 = DIRECTION('',(0.,0.,1.));
#1926 = DIRECTION('',(1.,0.,0.));
#1927 = ORIENTED_EDGE('',*,*,#1928,.F.);
#1928 = EDGE_CURVE('',#441,#1920,#1929,.T.);
#1929 = LINE('',#1930,#1931);
#1930 = CARTESIAN_POINT('',(-3.,12.325,7.));
#1931 = VECTOR('',#1932,1.);
#1932 = DIRECTION('',(-0.,-0.,-1.));
#1933 = CYLINDRICAL_SURFACE('',#1934,1.);
#1934 = AXIS2_PLACEMENT_3D('',#1935,#1936,#1937);
#1935 = CARTESIAN_POINT('',(-3.,11.325,7.));
#1936 = DIRECTION('',(0.,0.,1.));
#1937 = DIRECTION('',(1.,0.,0.));
#1938 = ADVANCED_FACE('',(#1939),#1950,.F.);
#1939 = FACE_BOUND('',#1940,.F.);
#1940 = EDGE_LOOP('',(#1941,#1942,#1943,#1949));
#1941 = ORIENTED_EDGE('',*,*,#440,.F.);
#1942 = ORIENTED_EDGE('',*,*,#1928,.T.);
#1943 = ORIENTED_EDGE('',*,*,#1944,.T.);
#1944 = EDGE_CURVE('',#1920,#1894,#1945,.T.);
#1945 = LINE('',#1946,#1947);
#1946 = CARTESIAN_POINT('',(2.746354636714,12.325,0.));
#1947 = VECTOR('',#1948,1.);
#1948 = DIRECTION('',(-1.,0.,0.));
#1949 = ORIENTED_EDGE('',*,*,#1893,.F.);
#1950 = PLANE('',#1951);
#1951 = AXIS2_PLACEMENT_3D('',#1952,#1953,#1954);
#1952 = CARTESIAN_POINT('',(-3.,12.325,7.));
#1953 = DIRECTION('',(0.,1.,0.));
#1954 = DIRECTION('',(-1.,0.,0.));
#1955 = ADVANCED_FACE('',(#1956),#1981,.F.);
#1956 = FACE_BOUND('',#1957,.F.);
#1957 = EDGE_LOOP('',(#1958,#1959,#1967,#1975));
#1958 = ORIENTED_EDGE('',*,*,#474,.F.);
#1959 = ORIENTED_EDGE('',*,*,#1960,.T.);
#1960 = EDGE_CURVE('',#475,#1961,#1963,.T.);
#1961 = VERTEX_POINT('',#1962);
#1962 = CARTESIAN_POINT('',(20.,9.075,0.));
#1963 = LINE('',#1964,#1965);
#1964 = CARTESIAN_POINT('',(20.,9.075,7.));
#1965 = VECTOR('',#1966,1.);
#1966 = DIRECTION('',(-0.,-0.,-1.));
#1967 = ORIENTED_EDGE('',*,*,#1968,.T.);
#1968 = EDGE_CURVE('',#1961,#1969,#1971,.T.);
#1969 = VERTEX_POINT('',#1970);
#1970 = CARTESIAN_POINT('',(28.,9.075,0.));
#1971 = LINE('',#1972,#1973);
#1972 = CARTESIAN_POINT('',(14.246354636714,9.075,0.));
#1973 = VECTOR('',#1974,1.);
#1974 = DIRECTION('',(1.,0.,0.));
#1975 = ORIENTED_EDGE('',*,*,#1976,.F.);
#1976 = EDGE_CURVE('',#477,#1969,#1977,.T.);
#1977 = LINE('',#1978,#1979);
#1978 = CARTESIAN_POINT('',(28.,9.075,7.));
#1979 = VECTOR('',#1980,1.);
#1980 = DIRECTION('',(-0.,-0.,-1.));
#1981 = PLANE('',#1982);
#1982 = AXIS2_PLACEMENT_3D('',#1983,#1984,#1985);
#1983 = CARTESIAN_POINT('',(20.,9.075,7.));
#1984 = DIRECTION('',(0.,-1.,0.));
#1985 = DIRECTION('',(1.,0.,0.));
#1986 = ADVANCED_FACE('',(#1987),#2006,.F.);
#1987 = FACE_BOUND('',#1988,.F.);
#1988 = EDGE_LOOP('',(#1989,#1990,#1998,#2005));
#1989 = ORIENTED_EDGE('',*,*,#484,.F.);
#1990 = ORIENTED_EDGE('',*,*,#1991,.T.);
#1991 = EDGE_CURVE('',#485,#1992,#1994,.T.);
#1992 = VERTEX_POINT('',#1993);
#1993 = CARTESIAN_POINT('',(19.,10.075,0.));
#1994 = LINE('',#1995,#1996);
#1995 = CARTESIAN_POINT('',(19.,10.075,7.));
#1996 = VECTOR('',#1997,1.);
#1997 = DIRECTION('',(-0.,-0.,-1.));
#1998 = ORIENTED_EDGE('',*,*,#1999,.T.);
#1999 = EDGE_CURVE('',#1992,#1961,#2000,.T.);
#2000 = CIRCLE('',#2001,1.);
#2001 = AXIS2_PLACEMENT_3D('',#2002,#2003,#2004);
#2002 = CARTESIAN_POINT('',(20.,10.075,0.));
#2003 = DIRECTION('',(0.,0.,1.));
#2004 = DIRECTION('',(1.,0.,0.));
#2005 = ORIENTED_EDGE('',*,*,#1960,.F.);
#2006 = CYLINDRICAL_SURFACE('',#2007,1.);
#2007 = AXIS2_PLACEMENT_3D('',#2008,#2009,#2010);
#2008 = CARTESIAN_POINT('',(20.,10.075,7.));
#2009 = DIRECTION('',(0.,0.,1.));
#2010 = DIRECTION('',(1.,0.,0.));
#2011 = ADVANCED_FACE('',(#2012),#2031,.F.);
#2012 = FACE_BOUND('',#2013,.F.);
#2013 = EDGE_LOOP('',(#2014,#2015,#2016,#2025));
#2014 = ORIENTED_EDGE('',*,*,#535,.F.);
#2015 = ORIENTED_EDGE('',*,*,#1976,.T.);
#2016 = ORIENTED_EDGE('',*,*,#2017,.T.);
#2017 = EDGE_CURVE('',#1969,#2018,#2020,.T.);
#2018 = VERTEX_POINT('',#2019);
#2019 = CARTESIAN_POINT('',(29.,10.075,0.));
#2020 = CIRCLE('',#2021,1.);
#2021 = AXIS2_PLACEMENT_3D('',#2022,#2023,#2024);
#2022 = CARTESIAN_POINT('',(28.,10.075,0.));
#2023 = DIRECTION('',(0.,0.,1.));
#2024 = DIRECTION('',(1.,0.,0.));
#2025 = ORIENTED_EDGE('',*,*,#2026,.F.);
#2026 = EDGE_CURVE('',#528,#2018,#2027,.T.);
#2027 = LINE('',#2028,#2029);
#2028 = CARTESIAN_POINT('',(29.,10.075,7.));
#2029 = VECTOR('',#2030,1.);
#2030 = DIRECTION('',(-0.,-0.,-1.));
#2031 = CYLINDRICAL_SURFACE('',#2032,1.);
#2032 = AXIS2_PLACEMENT_3D('',#2033,#2034,#2035);
#2033 = CARTESIAN_POINT('',(28.,10.075,7.));
#2034 = DIRECTION('',(0.,0.,1.));
#2035 = DIRECTION('',(1.,0.,0.));
#2036 = ADVANCED_FACE('',(#2037),#2055,.F.);
#2037 = FACE_BOUND('',#2038,.F.);
#2038 = EDGE_LOOP('',(#2039,#2040,#2048,#2054));
#2039 = ORIENTED_EDGE('',*,*,#493,.F.);
#2040 = ORIENTED_EDGE('',*,*,#2041,.T.);
#2041 = EDGE_CURVE('',#494,#2042,#2044,.T.);
#2042 = VERTEX_POINT('',#2043);
#2043 = CARTESIAN_POINT('',(19.,11.325,0.));
#2044 = LINE('',#2045,#2046);
#2045 = CARTESIAN_POINT('',(19.,11.325,7.));
#2046 = VECTOR('',#2047,1.);
#2047 = DIRECTION('',(-0.,-0.,-1.));
#2048 = ORIENTED_EDGE('',*,*,#2049,.T.);
#2049 = EDGE_CURVE('',#2042,#1992,#2050,.T.);
#2050 = LINE('',#2051,#2052);
#2051 = CARTESIAN_POINT('',(19.,3.842457606452,0.));
#2052 = VECTOR('',#2053,1.);
#2053 = DIRECTION('',(0.,-1.,0.));
#2054 = ORIENTED_EDGE('',*,*,#1991,.F.);
#2055 = PLANE('',#2056);
#2056 = AXIS2_PLACEMENT_3D('',#2057,#2058,#2059);
#2057 = CARTESIAN_POINT('',(19.,11.325,7.));
#2058 = DIRECTION('',(-1.,0.,0.));
#2059 = DIRECTION('',(0.,-1.,0.));
#2060 = ADVANCED_FACE('',(#2061),#2079,.F.);
#2061 = FACE_BOUND('',#2062,.F.);
#2062 = EDGE_LOOP('',(#2063,#2064,#2065,#2073));
#2063 = ORIENTED_EDGE('',*,*,#527,.F.);
#2064 = ORIENTED_EDGE('',*,*,#2026,.T.);
#2065 = ORIENTED_EDGE('',*,*,#2066,.T.);
#2066 = EDGE_CURVE('',#2018,#2067,#2069,.T.);
#2067 = VERTEX_POINT('',#2068);
#2068 = CARTESIAN_POINT('',(29.,11.325,0.));
#2069 = LINE('',#2070,#2071);
#2070 = CARTESIAN_POINT('',(29.,3.217457606452,0.));
#2071 = VECTOR('',#2072,1.);
#2072 = DIRECTION('',(0.,1.,0.));
#2073 = ORIENTED_EDGE('',*,*,#2074,.F.);
#2074 = EDGE_CURVE('',#519,#2067,#2075,.T.);
#2075 = LINE('',#2076,#2077);
#2076 = CARTESIAN_POINT('',(29.,11.325,7.));
#2077 = VECTOR('',#2078,1.);
#2078 = DIRECTION('',(-0.,-0.,-1.));
#2079 = PLANE('',#2080);
#2080 = AXIS2_PLACEMENT_3D('',#2081,#2082,#2083);
#2081 = CARTESIAN_POINT('',(29.,10.075,7.));
#2082 = DIRECTION('',(1.,0.,0.));
#2083 = DIRECTION('',(0.,1.,0.));
#2084 = ADVANCED_FACE('',(#2085),#2104,.F.);
#2085 = FACE_BOUND('',#2086,.F.);
#2086 = EDGE_LOOP('',(#2087,#2088,#2096,#2103));
#2087 = ORIENTED_EDGE('',*,*,#501,.F.);
#2088 = ORIENTED_EDGE('',*,*,#2089,.T.);
#2089 = EDGE_CURVE('',#502,#2090,#2092,.T.);
#2090 = VERTEX_POINT('',#2091);
#2091 = CARTESIAN_POINT('',(20.,12.325,0.));
#2092 = LINE('',#2093,#2094);
#2093 = CARTESIAN_POINT('',(20.,12.325,7.));
#2094 = VECTOR('',#2095,1.);
#2095 = DIRECTION('',(-0.,-0.,-1.));
#2096 = ORIENTED_EDGE('',*,*,#2097,.T.);
#2097 = EDGE_CURVE('',#2090,#2042,#2098,.T.);
#2098 = CIRCLE('',#2099,1.);
#2099 = AXIS2_PLACEMENT_3D('',#2100,#2101,#2102);
#2100 = CARTESIAN_POINT('',(20.,11.325,0.));
#2101 = DIRECTION('',(0.,0.,1.));
#2102 = DIRECTION('',(1.,0.,0.));
#2103 = ORIENTED_EDGE('',*,*,#2041,.F.);
#2104 = CYLINDRICAL_SURFACE('',#2105,1.);
#2105 = AXIS2_PLACEMENT_3D('',#2106,#2107,#2108);
#2106 = CARTESIAN_POINT('',(20.,11.325,7.));
#2107 = DIRECTION('',(0.,0.,1.));
#2108 = DIRECTION('',(1.,0.,0.));
#2109 = ADVANCED_FACE('',(#2110),#2129,.F.);
#2110 = FACE_BOUND('',#2111,.F.);
#2111 = EDGE_LOOP('',(#2112,#2113,#2114,#2123));
#2112 = ORIENTED_EDGE('',*,*,#518,.F.);
#2113 = ORIENTED_EDGE('',*,*,#2074,.T.);
#2114 = ORIENTED_EDGE('',*,*,#2115,.T.);
#2115 = EDGE_CURVE('',#2067,#2116,#2118,.T.);
#2116 = VERTEX_POINT('',#2117);
#2117 = CARTESIAN_POINT('',(28.,12.325,0.));
#2118 = CIRCLE('',#2119,1.);
#2119 = AXIS2_PLACEMENT_3D('',#2120,#2121,#2122);
#2120 = CARTESIAN_POINT('',(28.,11.325,0.));
#2121 = DIRECTION('',(0.,0.,1.));
#2122 = DIRECTION('',(1.,0.,0.));
#2123 = ORIENTED_EDGE('',*,*,#2124,.F.);
#2124 = EDGE_CURVE('',#511,#2116,#2125,.T.);
#2125 = LINE('',#2126,#2127);
#2126 = CARTESIAN_POINT('',(28.,12.325,7.));
#2127 = VECTOR('',#2128,1.);
#2128 = DIRECTION('',(-0.,-0.,-1.));
#2129 = CYLINDRICAL_SURFACE('',#2130,1.);
#2130 = AXIS2_PLACEMENT_3D('',#2131,#2132,#2133);
#2131 = CARTESIAN_POINT('',(28.,11.325,7.));
#2132 = DIRECTION('',(0.,0.,1.));
#2133 = DIRECTION('',(1.,0.,0.));
#2134 = ADVANCED_FACE('',(#2135),#2146,.F.);
#2135 = FACE_BOUND('',#2136,.F.);
#2136 = EDGE_LOOP('',(#2137,#2138,#2139,#2145));
#2137 = ORIENTED_EDGE('',*,*,#510,.F.);
#2138 = ORIENTED_EDGE('',*,*,#2124,.T.);
#2139 = ORIENTED_EDGE('',*,*,#2140,.T.);
#2140 = EDGE_CURVE('',#2116,#2090,#2141,.T.);
#2141 = LINE('',#2142,#2143);
#2142 = CARTESIAN_POINT('',(18.246354636714,12.325,0.));
#2143 = VECTOR('',#2144,1.);
#2144 = DIRECTION('',(-1.,0.,0.));
#2145 = ORIENTED_EDGE('',*,*,#2089,.F.);
#2146 = PLANE('',#2147);
#2147 = AXIS2_PLACEMENT_3D('',#2148,#2149,#2150);
#2148 = CARTESIAN_POINT('',(28.,12.325,7.));
#2149 = DIRECTION('',(0.,1.,0.));
#2150 = DIRECTION('',(-1.,0.,0.));
#2151 = ADVANCED_FACE('',(#2152),#2170,.F.);
#2152 = FACE_BOUND('',#2153,.F.);
#2153 = EDGE_LOOP('',(#2154,#2155,#2162,#2169));
#2154 = ORIENTED_EDGE('',*,*,#544,.F.);
#2155 = ORIENTED_EDGE('',*,*,#2156,.F.);
#2156 = EDGE_CURVE('',#2157,#545,#2159,.T.);
#2157 = VERTEX_POINT('',#2158);
#2158 = CARTESIAN_POINT('',(22.65,30.,0.));
#2159 = B_SPLINE_CURVE_WITH_KNOTS('',1,(#2160,#2161),.UNSPECIFIED.,.F.,
  .F.,(2,2),(-4.,1.5),.PIECEWISE_BEZIER_KNOTS.);
#2160 = CARTESIAN_POINT('',(22.65,30.,0.));
#2161 = CARTESIAN_POINT('',(22.65,30.,5.5));
#2162 = ORIENTED_EDGE('',*,*,#2163,.T.);
#2163 = EDGE_CURVE('',#2157,#2157,#2164,.T.);
#2164 = CIRCLE('',#2165,2.65);
#2165 = AXIS2_PLACEMENT_3D('',#2166,#2167,#2168);
#2166 = CARTESIAN_POINT('',(20.,30.,0.));
#2167 = DIRECTION('',(0.,0.,1.));
#2168 = DIRECTION('',(1.,0.,0.));
#2169 = ORIENTED_EDGE('',*,*,#2156,.T.);
#2170 = CYLINDRICAL_SURFACE('',#2171,2.65);
#2171 = AXIS2_PLACEMENT_3D('',#2172,#2173,#2174);
#2172 = CARTESIAN_POINT('',(20.,30.,4.));
#2173 = DIRECTION('',(0.,0.,1.));
#2174 = DIRECTION('',(1.,0.,0.));
#2175 = ADVANCED_FACE('',(#2176),#2201,.T.);
#2176 = FACE_BOUND('',#2177,.T.);
#2177 = EDGE_LOOP('',(#2178,#2186,#2194,#2200));
#2178 = ORIENTED_EDGE('',*,*,#2179,.T.);
#2179 = EDGE_CURVE('',#571,#2180,#2182,.T.);
#2180 = VERTEX_POINT('',#2181);
#2181 = CARTESIAN_POINT('',(22.,-16.25,0.));
#2182 = LINE('',#2183,#2184);
#2183 = CARTESIAN_POINT('',(22.,-16.25,5.5));
#2184 = VECTOR('',#2185,1.);
#2185 = DIRECTION('',(-0.,-0.,-1.));
#2186 = ORIENTED_EDGE('',*,*,#2187,.F.);
#2187 = EDGE_CURVE('',#2188,#2180,#2190,.T.);
#2188 = VERTEX_POINT('',#2189);
#2189 = CARTESIAN_POINT('',(-5.,-16.25,0.));
#2190 = LINE('',#2191,#2192);
#2191 = CARTESIAN_POINT('',(1.746354636714,-16.25,0.));
#2192 = VECTOR('',#2193,1.);
#2193 = DIRECTION('',(1.,0.,0.));
#2194 = ORIENTED_EDGE('',*,*,#2195,.F.);
#2195 = EDGE_CURVE('',#562,#2188,#2196,.T.);
#2196 = LINE('',#2197,#2198);
#2197 = CARTESIAN_POINT('',(-5.,-16.25,5.5));
#2198 = VECTOR('',#2199,1.);
#2199 = DIRECTION('',(-0.,-0.,-1.));
#2200 = ORIENTED_EDGE('',*,*,#578,.T.);
#2201 = PLANE('',#2202);
#2202 = AXIS2_PLACEMENT_3D('',#2203,#2204,#2205);
#2203 = CARTESIAN_POINT('',(8.5,-16.25,2.75));
#2204 = DIRECTION('',(0.,1.,0.));
#2205 = DIRECTION('',(0.,0.,1.));
#2206 = ADVANCED_FACE('',(#2207),#2226,.F.);
#2207 = FACE_BOUND('',#2208,.F.);
#2208 = EDGE_LOOP('',(#2209,#2210,#2211,#2219));
#2209 = ORIENTED_EDGE('',*,*,#2195,.F.);
#2210 = ORIENTED_EDGE('',*,*,#602,.F.);
#2211 = ORIENTED_EDGE('',*,*,#2212,.T.);
#2212 = EDGE_CURVE('',#593,#2213,#2215,.T.);
#2213 = VERTEX_POINT('',#2214);
#2214 = CARTESIAN_POINT('',(-9.,-12.25,0.));
#2215 = LINE('',#2216,#2217);
#2216 = CARTESIAN_POINT('',(-9.,-12.25,5.5));
#2217 = VECTOR('',#2218,1.);
#2218 = DIRECTION('',(-0.,-0.,-1.));
#2219 = ORIENTED_EDGE('',*,*,#2220,.T.);
#2220 = EDGE_CURVE('',#2213,#2188,#2221,.T.);
#2221 = CIRCLE('',#2222,4.);
#2222 = AXIS2_PLACEMENT_3D('',#2223,#2224,#2225);
#2223 = CARTESIAN_POINT('',(-5.,-12.25,0.));
#2224 = DIRECTION('',(0.,0.,1.));
#2225 = DIRECTION('',(1.,0.,0.));
#2226 = CYLINDRICAL_SURFACE('',#2227,4.);
#2227 = AXIS2_PLACEMENT_3D('',#2228,#2229,#2230);
#2228 = CARTESIAN_POINT('',(-5.,-12.25,5.5));
#2229 = DIRECTION('',(0.,0.,1.));
#2230 = DIRECTION('',(1.,0.,0.));
#2231 = ADVANCED_FACE('',(#2232),#2251,.F.);
#2232 = FACE_BOUND('',#2233,.F.);
#2233 = EDGE_LOOP('',(#2234,#2242,#2243,#2244));
#2234 = ORIENTED_EDGE('',*,*,#2235,.F.);
#2235 = EDGE_CURVE('',#620,#2236,#2238,.T.);
#2236 = VERTEX_POINT('',#2237);
#2237 = CARTESIAN_POINT('',(26.,-12.25,0.));
#2238 = LINE('',#2239,#2240);
#2239 = CARTESIAN_POINT('',(26.,-12.25,5.5));
#2240 = VECTOR('',#2241,1.);
#2241 = DIRECTION('',(-0.,-0.,-1.));
#2242 = ORIENTED_EDGE('',*,*,#627,.F.);
#2243 = ORIENTED_EDGE('',*,*,#2179,.T.);
#2244 = ORIENTED_EDGE('',*,*,#2245,.T.);
#2245 = EDGE_CURVE('',#2180,#2236,#2246,.T.);
#2246 = CIRCLE('',#2247,4.);
#2247 = AXIS2_PLACEMENT_3D('',#2248,#2249,#2250);
#2248 = CARTESIAN_POINT('',(22.,-12.25,0.));
#2249 = DIRECTION('',(0.,0.,1.));
#2250 = DIRECTION('',(1.,0.,0.));
#2251 = CYLINDRICAL_SURFACE('',#2252,4.);
#2252 = AXIS2_PLACEMENT_3D('',#2253,#2254,#2255);
#2253 = CARTESIAN_POINT('',(22.,-12.25,5.5));
#2254 = DIRECTION('',(0.,0.,1.));
#2255 = DIRECTION('',(1.,0.,0.));
#2256 = ADVANCED_FACE('',(#2257),#2275,.F.);
#2257 = FACE_BOUND('',#2258,.F.);
#2258 = EDGE_LOOP('',(#2259,#2260,#2261,#2269));
#2259 = ORIENTED_EDGE('',*,*,#2212,.F.);
#2260 = ORIENTED_EDGE('',*,*,#652,.F.);
#2261 = ORIENTED_EDGE('',*,*,#2262,.T.);
#2262 = EDGE_CURVE('',#643,#2263,#2265,.T.);
#2263 = VERTEX_POINT('',#2264);
#2264 = CARTESIAN_POINT('',(-9.,2.749999999999,0.));
#2265 = LINE('',#2266,#2267);
#2266 = CARTESIAN_POINT('',(-9.,2.749999999999,5.5));
#2267 = VECTOR('',#2268,1.);
#2268 = DIRECTION('',(-0.,-0.,-1.));
#2269 = ORIENTED_EDGE('',*,*,#2270,.T.);
#2270 = EDGE_CURVE('',#2263,#2213,#2271,.T.);
#2271 = LINE('',#2272,#2273);
#2272 = CARTESIAN_POINT('',(-9.,-0.445042393548,0.));
#2273 = VECTOR('',#2274,1.);
#2274 = DIRECTION('',(0.,-1.,0.));
#2275 = PLANE('',#2276);
#2276 = AXIS2_PLACEMENT_3D('',#2277,#2278,#2279);
#2277 = CARTESIAN_POINT('',(-9.,2.749999999999,5.5));
#2278 = DIRECTION('',(-1.,0.,0.));
#2279 = DIRECTION('',(0.,-1.,0.));
#2280 = ADVANCED_FACE('',(#2281),#2299,.F.);
#2281 = FACE_BOUND('',#2282,.F.);
#2282 = EDGE_LOOP('',(#2283,#2291,#2292,#2293));
#2283 = ORIENTED_EDGE('',*,*,#2284,.F.);
#2284 = EDGE_CURVE('',#669,#2285,#2287,.T.);
#2285 = VERTEX_POINT('',#2286);
#2286 = CARTESIAN_POINT('',(26.,2.75,0.));
#2287 = LINE('',#2288,#2289);
#2288 = CARTESIAN_POINT('',(26.,2.75,5.5));
#2289 = VECTOR('',#2290,1.);
#2290 = DIRECTION('',(-0.,-0.,-1.));
#2291 = ORIENTED_EDGE('',*,*,#676,.F.);
#2292 = ORIENTED_EDGE('',*,*,#2235,.T.);
#2293 = ORIENTED_EDGE('',*,*,#2294,.T.);
#2294 = EDGE_CURVE('',#2236,#2285,#2295,.T.);
#2295 = LINE('',#2296,#2297);
#2296 = CARTESIAN_POINT('',(26.,-7.945042393548,0.));
#2297 = VECTOR('',#2298,1.);
#2298 = DIRECTION('',(0.,1.,0.));
#2299 = PLANE('',#2300);
#2300 = AXIS2_PLACEMENT_3D('',#2301,#2302,#2303);
#2301 = CARTESIAN_POINT('',(26.,-12.25,5.5));
#2302 = DIRECTION('',(1.,0.,0.));
#2303 = DIRECTION('',(0.,1.,0.));
#2304 = ADVANCED_FACE('',(#2305),#2324,.F.);
#2305 = FACE_BOUND('',#2306,.F.);
#2306 = EDGE_LOOP('',(#2307,#2308,#2309,#2317));
#2307 = ORIENTED_EDGE('',*,*,#2262,.F.);
#2308 = ORIENTED_EDGE('',*,*,#700,.F.);
#2309 = ORIENTED_EDGE('',*,*,#2310,.T.);
#2310 = EDGE_CURVE('',#691,#2311,#2313,.T.);
#2311 = VERTEX_POINT('',#2312);
#2312 = CARTESIAN_POINT('',(-5.,6.749999999999,0.));
#2313 = LINE('',#2314,#2315);
#2314 = CARTESIAN_POINT('',(-5.,6.749999999999,5.5));
#2315 = VECTOR('',#2316,1.);
#2316 = DIRECTION('',(-0.,-0.,-1.));
#2317 = ORIENTED_EDGE('',*,*,#2318,.T.);
#2318 = EDGE_CURVE('',#2311,#2263,#2319,.T.);
#2319 = CIRCLE('',#2320,4.);
#2320 = AXIS2_PLACEMENT_3D('',#2321,#2322,#2323);
#2321 = CARTESIAN_POINT('',(-5.,2.749999999999,0.));
#2322 = DIRECTION('',(0.,0.,1.));
#2323 = DIRECTION('',(1.,0.,0.));
#2324 = CYLINDRICAL_SURFACE('',#2325,4.);
#2325 = AXIS2_PLACEMENT_3D('',#2326,#2327,#2328);
#2326 = CARTESIAN_POINT('',(-5.,2.749999999999,5.5));
#2327 = DIRECTION('',(0.,0.,1.));
#2328 = DIRECTION('',(1.,0.,0.));
#2329 = ADVANCED_FACE('',(#2330),#2349,.F.);
#2330 = FACE_BOUND('',#2331,.F.);
#2331 = EDGE_LOOP('',(#2332,#2340,#2341,#2342));
#2332 = ORIENTED_EDGE('',*,*,#2333,.F.);
#2333 = EDGE_CURVE('',#718,#2334,#2336,.T.);
#2334 = VERTEX_POINT('',#2335);
#2335 = CARTESIAN_POINT('',(22.,6.75,0.));
#2336 = LINE('',#2337,#2338);
#2337 = CARTESIAN_POINT('',(22.,6.75,5.5));
#2338 = VECTOR('',#2339,1.);
#2339 = DIRECTION('',(-0.,-0.,-1.));
#2340 = ORIENTED_EDGE('',*,*,#725,.F.);
#2341 = ORIENTED_EDGE('',*,*,#2284,.T.);
#2342 = ORIENTED_EDGE('',*,*,#2343,.T.);
#2343 = EDGE_CURVE('',#2285,#2334,#2344,.T.);
#2344 = CIRCLE('',#2345,4.);
#2345 = AXIS2_PLACEMENT_3D('',#2346,#2347,#2348);
#2346 = CARTESIAN_POINT('',(22.,2.75,0.));
#2347 = DIRECTION('',(0.,0.,1.));
#2348 = DIRECTION('',(1.,0.,0.));
#2349 = CYLINDRICAL_SURFACE('',#2350,4.);
#2350 = AXIS2_PLACEMENT_3D('',#2351,#2352,#2353);
#2351 = CARTESIAN_POINT('',(22.,2.75,5.5));
#2352 = DIRECTION('',(0.,0.,1.));
#2353 = DIRECTION('',(1.,0.,0.));
#2354 = ADVANCED_FACE('',(#2355),#2366,.T.);
#2355 = FACE_BOUND('',#2356,.T.);
#2356 = EDGE_LOOP('',(#2357,#2358,#2364,#2365));
#2357 = ORIENTED_EDGE('',*,*,#2310,.T.);
#2358 = ORIENTED_EDGE('',*,*,#2359,.F.);
#2359 = EDGE_CURVE('',#2334,#2311,#2360,.T.);
#2360 = LINE('',#2361,#2362);
#2361 = CARTESIAN_POINT('',(15.246354636714,6.75,0.));
#2362 = VECTOR('',#2363,1.);
#2363 = DIRECTION('',(-1.,0.,0.));
#2364 = ORIENTED_EDGE('',*,*,#2333,.F.);
#2365 = ORIENTED_EDGE('',*,*,#743,.T.);
#2366 = PLANE('',#2367);
#2367 = AXIS2_PLACEMENT_3D('',#2368,#2369,#2370);
#2368 = CARTESIAN_POINT('',(8.5,6.75,2.75));
#2369 = DIRECTION('',(6.38E-15,-1.,0.));
#2370 = DIRECTION('',(-1.,-6.38E-15,0.));
#2371 = ADVANCED_FACE('',(#2372),#2383,.F.);
#2372 = FACE_BOUND('',#2373,.F.);
#2373 = EDGE_LOOP('',(#2374,#2375,#2381,#2382));
#2374 = ORIENTED_EDGE('',*,*,#766,.F.);
#2375 = ORIENTED_EDGE('',*,*,#2376,.F.);
#2376 = EDGE_CURVE('',#865,#767,#2377,.T.);
#2377 = LINE('',#2378,#2379);
#2378 = CARTESIAN_POINT('',(-35.,-5.,1.7));
#2379 = VECTOR('',#2380,1.);
#2380 = DIRECTION('',(0.,-1.,0.));
#2381 = ORIENTED_EDGE('',*,*,#872,.T.);
#2382 = ORIENTED_EDGE('',*,*,#840,.T.);
#2383 = PLANE('',#2384);
#2384 = AXIS2_PLACEMENT_3D('',#2385,#2386,#2387);
#2385 = CARTESIAN_POINT('',(-35.,-5.,0.));
#2386 = DIRECTION('',(1.,0.,0.));
#2387 = DIRECTION('',(0.,-1.,0.));
#2388 = ADVANCED_FACE('',(#2389),#2414,.T.);
#2389 = FACE_BOUND('',#2390,.F.);
#2390 = EDGE_LOOP('',(#2391,#2399,#2400,#2408));
#2391 = ORIENTED_EDGE('',*,*,#2392,.F.);
#2392 = EDGE_CURVE('',#767,#2393,#2395,.T.);
#2393 = VERTEX_POINT('',#2394);
#2394 = CARTESIAN_POINT('',(-33.3,-38.3,-1.110223024625E-16));
#2395 = LINE('',#2396,#2397);
#2396 = CARTESIAN_POINT('',(-28.6,-33.6,-4.7));
#2397 = VECTOR('',#2398,1.);
#2398 = DIRECTION('',(0.57735026919,0.57735026919,-0.57735026919));
#2399 = ORIENTED_EDGE('',*,*,#774,.T.);
#2400 = ORIENTED_EDGE('',*,*,#2401,.T.);
#2401 = EDGE_CURVE('',#775,#2402,#2404,.T.);
#2402 = VERTEX_POINT('',#2403);
#2403 = CARTESIAN_POINT('',(23.,-38.3,-6.661338147751E-16));
#2404 = LINE('',#2405,#2406);
#2405 = CARTESIAN_POINT('',(23.,-39.15,0.85));
#2406 = VECTOR('',#2407,1.);
#2407 = DIRECTION('',(0.,0.707106781187,-0.707106781187));
#2408 = ORIENTED_EDGE('',*,*,#2409,.F.);
#2409 = EDGE_CURVE('',#2393,#2402,#2410,.T.);
#2410 = LINE('',#2411,#2412);
#2411 = CARTESIAN_POINT('',(-35.,-38.3,0.));
#2412 = VECTOR('',#2413,1.);
#2413 = DIRECTION('',(1.,0.,0.));
#2414 = PLANE('',#2415);
#2415 = AXIS2_PLACEMENT_3D('',#2416,#2417,#2418);
#2416 = CARTESIAN_POINT('',(-35.,-39.15,0.85));
#2417 = DIRECTION('',(-1.427322211406E-17,-0.707106781187,
    -0.707106781187));
#2418 = DIRECTION('',(-1.,1.009269214623E-17,1.009269214623E-17));
#2419 = ADVANCED_FACE('',(#2420),#2435,.T.);
#2420 = FACE_BOUND('',#2421,.T.);
#2421 = EDGE_LOOP('',(#2422,#2423,#2424,#2425,#2426,#2432,#2433,#2434));
#2422 = ORIENTED_EDGE('',*,*,#942,.T.);
#2423 = ORIENTED_EDGE('',*,*,#896,.F.);
#2424 = ORIENTED_EDGE('',*,*,#808,.T.);
#2425 = ORIENTED_EDGE('',*,*,#1331,.T.);
#2426 = ORIENTED_EDGE('',*,*,#2427,.T.);
#2427 = EDGE_CURVE('',#1324,#1124,#2428,.T.);
#2428 = LINE('',#2429,#2430);
#2429 = CARTESIAN_POINT('',(-5.,-40.,26.5));
#2430 = VECTOR('',#2431,1.);
#2431 = DIRECTION('',(0.,1.,0.));
#2432 = ORIENTED_EDGE('',*,*,#1123,.T.);
#2433 = ORIENTED_EDGE('',*,*,#1065,.T.);
#2434 = ORIENTED_EDGE('',*,*,#1010,.T.);
#2435 = PLANE('',#2436);
#2436 = AXIS2_PLACEMENT_3D('',#2437,#2438,#2439);
#2437 = CARTESIAN_POINT('',(-10.,-32.5,26.5));
#2438 = DIRECTION('',(0.,0.,1.));
#2439 = DIRECTION('',(1.,0.,0.));
#2440 = ADVANCED_FACE('',(#2441),#2469,.F.);
#2441 = FACE_BOUND('',#2442,.F.);
#2442 = EDGE_LOOP('',(#2443,#2444,#2445,#2455));
#2443 = ORIENTED_EDGE('',*,*,#782,.F.);
#2444 = ORIENTED_EDGE('',*,*,#1206,.T.);
#2445 = ORIENTED_EDGE('',*,*,#2446,.T.);
#2446 = EDGE_CURVE('',#1146,#2447,#2449,.T.);
#2447 = VERTEX_POINT('',#2448);
#2448 = CARTESIAN_POINT('',(32.,-31.,1.7));
#2449 = B_SPLINE_CURVE_WITH_KNOTS('',2,(#2450,#2451,#2452,#2453,#2454),
  .UNSPECIFIED.,.F.,.F.,(3,1,1,3),(-0.3366,1.22E-14,5.5,5.8366),
  .UNSPECIFIED.);
#2450 = CARTESIAN_POINT('',(32.,-31.,5.8366));
#2451 = CARTESIAN_POINT('',(32.,-31.,5.6683));
#2452 = CARTESIAN_POINT('',(32.,-31.,2.75));
#2453 = CARTESIAN_POINT('',(32.,-31.,-0.1683));
#2454 = CARTESIAN_POINT('',(32.,-31.,-0.3366));
#2455 = ORIENTED_EDGE('',*,*,#2456,.F.);
#2456 = EDGE_CURVE('',#775,#2447,#2457,.T.);
#2457 = B_SPLINE_CURVE_WITH_KNOTS('',10,(#2458,#2459,#2460,#2461,#2462,
    #2463,#2464,#2465,#2466,#2467,#2468),.UNSPECIFIED.,.F.,.F.,(11,11),(
    58.,72.137166938749),.PIECEWISE_BEZIER_KNOTS.);
#2458 = CARTESIAN_POINT('',(23.,-40.,1.7));
#2459 = CARTESIAN_POINT('',(24.392664979973,-40.,1.7));
#2460 = CARTESIAN_POINT('',(25.800952776021,-39.76054656492,
    1.699999999998));
#2461 = CARTESIAN_POINT('',(27.172505604474,-39.27264236542,
    1.700000000006));
#2462 = CARTESIAN_POINT('',(28.453169170685,-38.5423533717,
    1.699999999994));
#2463 = CARTESIAN_POINT('',(29.591171445469,-37.59157259188,
    1.699999999996));
#2464 = CARTESIAN_POINT('',(30.542660292881,-36.45285092458,
    1.700000000009));
#2465 = CARTESIAN_POINT('',(31.272520554029,-35.1726252373,
    1.699999999994));
#2466 = CARTESIAN_POINT('',(31.760568970503,-33.800929997,1.700000000001
    ));
#2467 = CARTESIAN_POINT('',(32.,-32.39266497997,1.7));
#2468 = CARTESIAN_POINT('',(32.,-31.,1.7));
#2469 = ( BOUNDED_SURFACE() B_SPLINE_SURFACE(2,2,(
    (#2470,#2471,#2472,#2473,#2474)
    ,(#2475,#2476,#2477,#2478,#2479)
    ,(#2480,#2481,#2482,#2483,#2484
)),.UNSPECIFIED.,.F.,.F.,.F.) B_SPLINE_SURFACE_WITH_KNOTS((3,3),(3,1,1,3
    ),(0.,5.5),(-0.3366,1.22E-14,5.5,5.8366),.UNSPECIFIED.) 
GEOMETRIC_REPRESENTATION_ITEM() RATIONAL_B_SPLINE_SURFACE((
    (1.,1.,1.,1.,1.)
    ,(0.707106781187,0.707106781187,0.707106781187,0.707106781187
      ,0.707106781187)
,(1.,1.,1.,1.,1.))) REPRESENTATION_ITEM('') SURFACE() );
#2470 = CARTESIAN_POINT('',(23.,-40.,5.8366));
#2471 = CARTESIAN_POINT('',(23.,-40.,5.6683));
#2472 = CARTESIAN_POINT('',(23.,-40.,2.75));
#2473 = CARTESIAN_POINT('',(23.,-40.,-0.1683));
#2474 = CARTESIAN_POINT('',(23.,-40.,-0.3366));
#2475 = CARTESIAN_POINT('',(32.,-40.,5.8366));
#2476 = CARTESIAN_POINT('',(32.,-40.,5.6683));
#2477 = CARTESIAN_POINT('',(32.,-40.,2.75));
#2478 = CARTESIAN_POINT('',(32.,-40.,-0.1683));
#2479 = CARTESIAN_POINT('',(32.,-40.,-0.3366));
#2480 = CARTESIAN_POINT('',(32.,-31.,5.8366));
#2481 = CARTESIAN_POINT('',(32.,-31.,5.6683));
#2482 = CARTESIAN_POINT('',(32.,-31.,2.75));
#2483 = CARTESIAN_POINT('',(32.,-31.,-0.1683));
#2484 = CARTESIAN_POINT('',(32.,-31.,-0.3366));
#2485 = ADVANCED_FACE('',(#2486,#2529,#2539,#2549,#2559,#2569,#2579,
    #2582),#2585,.T.);
#2486 = FACE_BOUND('',#2487,.T.);
#2487 = EDGE_LOOP('',(#2488,#2489,#2490,#2491,#2492,#2500,#2508,#2522,
    #2523));
#2488 = ORIENTED_EDGE('',*,*,#854,.T.);
#2489 = ORIENTED_EDGE('',*,*,#918,.T.);
#2490 = ORIENTED_EDGE('',*,*,#977,.T.);
#2491 = ORIENTED_EDGE('',*,*,#1025,.T.);
#2492 = ORIENTED_EDGE('',*,*,#2493,.F.);
#2493 = EDGE_CURVE('',#2494,#1026,#2496,.T.);
#2494 = VERTEX_POINT('',#2495);
#2495 = CARTESIAN_POINT('',(30.3,38.011745229685,0.));
#2496 = LINE('',#2497,#2498);
#2497 = CARTESIAN_POINT('',(32.,38.011745229685,0.));
#2498 = VECTOR('',#2499,1.);
#2499 = DIRECTION('',(-1.,0.,0.));
#2500 = ORIENTED_EDGE('',*,*,#2501,.F.);
#2501 = EDGE_CURVE('',#2502,#2494,#2504,.T.);
#2502 = VERTEX_POINT('',#2503);
#2503 = CARTESIAN_POINT('',(30.3,-31.,0.));
#2504 = LINE('',#2505,#2506);
#2505 = CARTESIAN_POINT('',(30.3,-31.,0.));
#2506 = VECTOR('',#2507,1.);
#2507 = DIRECTION('',(0.,1.,0.));
#2508 = ORIENTED_EDGE('',*,*,#2509,.F.);
#2509 = EDGE_CURVE('',#2402,#2502,#2510,.T.);
#2510 = B_SPLINE_CURVE_WITH_KNOTS('',10,(#2511,#2512,#2513,#2514,#2515,
    #2516,#2517,#2518,#2519,#2520,#2521),.UNSPECIFIED.,.F.,.F.,(11,11),(
    58.,72.137166938749),.PIECEWISE_BEZIER_KNOTS.);
#2511 = CARTESIAN_POINT('',(23.,-38.3,0.));
#2512 = CARTESIAN_POINT('',(24.129603037335,-38.3,0.));
#2513 = CARTESIAN_POINT('',(25.271905935758,-38.10576916711,0.));
#2514 = CARTESIAN_POINT('',(26.384289003013,-37.71007557382,0.));
#2515 = CARTESIAN_POINT('',(27.423282955097,-37.11756564884,0.));
#2516 = CARTESIAN_POINT('',(28.345991782523,-36.34669346126,0.));
#2517 = CARTESIAN_POINT('',(29.118061382949,-35.42268329982,0.));
#2518 = CARTESIAN_POINT('',(29.709881072569,-34.38457250647,0.));
#2519 = CARTESIAN_POINT('',(30.105805294251,-33.27182632404,0.));
#2520 = CARTESIAN_POINT('',(30.3,-32.12961239096,0.));
#2521 = CARTESIAN_POINT('',(30.3,-31.,0.));
#2522 = ORIENTED_EDGE('',*,*,#2409,.F.);
#2523 = ORIENTED_EDGE('',*,*,#2524,.F.);
#2524 = EDGE_CURVE('',#855,#2393,#2525,.T.);
#2525 = LINE('',#2526,#2527);
#2526 = CARTESIAN_POINT('',(-33.3,-5.,0.));
#2527 = VECTOR('',#2528,1.);
#2528 = DIRECTION('',(0.,-1.,0.));
#2529 = FACE_BOUND('',#2530,.T.);
#2530 = EDGE_LOOP('',(#2531,#2532,#2533,#2534,#2535,#2536,#2537,#2538));
#2531 = ORIENTED_EDGE('',*,*,#2318,.T.);
#2532 = ORIENTED_EDGE('',*,*,#2270,.T.);
#2533 = ORIENTED_EDGE('',*,*,#2220,.T.);
#2534 = ORIENTED_EDGE('',*,*,#2187,.T.);
#2535 = ORIENTED_EDGE('',*,*,#2245,.T.);
#2536 = ORIENTED_EDGE('',*,*,#2294,.T.);
#2537 = ORIENTED_EDGE('',*,*,#2343,.T.);
#2538 = ORIENTED_EDGE('',*,*,#2359,.T.);
#2539 = FACE_BOUND('',#2540,.T.);
#2540 = EDGE_LOOP('',(#2541,#2542,#2543,#2544,#2545,#2546,#2547,#2548));
#2541 = ORIENTED_EDGE('',*,*,#1576,.T.);
#2542 = ORIENTED_EDGE('',*,*,#1632,.F.);
#2543 = ORIENTED_EDGE('',*,*,#1674,.T.);
#2544 = ORIENTED_EDGE('',*,*,#1730,.F.);
#2545 = ORIENTED_EDGE('',*,*,#1747,.T.);
#2546 = ORIENTED_EDGE('',*,*,#1699,.F.);
#2547 = ORIENTED_EDGE('',*,*,#1656,.T.);
#2548 = ORIENTED_EDGE('',*,*,#1601,.F.);
#2549 = FACE_BOUND('',#2550,.T.);
#2550 = EDGE_LOOP('',(#2551,#2552,#2553,#2554,#2555,#2556,#2557,#2558));
#2551 = ORIENTED_EDGE('',*,*,#1772,.T.);
#2552 = ORIENTED_EDGE('',*,*,#1821,.T.);
#2553 = ORIENTED_EDGE('',*,*,#1870,.T.);
#2554 = ORIENTED_EDGE('',*,*,#1919,.T.);
#2555 = ORIENTED_EDGE('',*,*,#1944,.T.);
#2556 = ORIENTED_EDGE('',*,*,#1901,.T.);
#2557 = ORIENTED_EDGE('',*,*,#1853,.T.);
#2558 = ORIENTED_EDGE('',*,*,#1803,.T.);
#2559 = FACE_BOUND('',#2560,.T.);
#2560 = EDGE_LOOP('',(#2561,#2562,#2563,#2564,#2565,#2566,#2567,#2568));
#2561 = ORIENTED_EDGE('',*,*,#1380,.T.);
#2562 = ORIENTED_EDGE('',*,*,#1436,.F.);
#2563 = ORIENTED_EDGE('',*,*,#1478,.T.);
#2564 = ORIENTED_EDGE('',*,*,#1534,.F.);
#2565 = ORIENTED_EDGE('',*,*,#1551,.T.);
#2566 = ORIENTED_EDGE('',*,*,#1503,.F.);
#2567 = ORIENTED_EDGE('',*,*,#1460,.T.);
#2568 = ORIENTED_EDGE('',*,*,#1405,.F.);
#2569 = FACE_BOUND('',#2570,.T.);
#2570 = EDGE_LOOP('',(#2571,#2572,#2573,#2574,#2575,#2576,#2577,#2578));
#2571 = ORIENTED_EDGE('',*,*,#1968,.T.);
#2572 = ORIENTED_EDGE('',*,*,#2017,.T.);
#2573 = ORIENTED_EDGE('',*,*,#2066,.T.);
#2574 = ORIENTED_EDGE('',*,*,#2115,.T.);
#2575 = ORIENTED_EDGE('',*,*,#2140,.T.);
#2576 = ORIENTED_EDGE('',*,*,#2097,.T.);
#2577 = ORIENTED_EDGE('',*,*,#2049,.T.);
#2578 = ORIENTED_EDGE('',*,*,#1999,.T.);
#2579 = FACE_BOUND('',#2580,.T.);
#2580 = EDGE_LOOP('',(#2581));
#2581 = ORIENTED_EDGE('',*,*,#1347,.T.);
#2582 = FACE_BOUND('',#2583,.T.);
#2583 = EDGE_LOOP('',(#2584));
#2584 = ORIENTED_EDGE('',*,*,#2163,.T.);
#2585 = PLANE('',#2586);
#2586 = AXIS2_PLACEMENT_3D('',#2587,#2588,#2589);
#2587 = CARTESIAN_POINT('',(2.848187628979,-4.407507061782,0.));
#2588 = DIRECTION('',(-0.,-0.,-1.));
#2589 = DIRECTION('',(-1.,0.,0.));
#2590 = ADVANCED_FACE('',(#2591),#2597,.F.);
#2591 = FACE_BOUND('',#2592,.F.);
#2592 = EDGE_LOOP('',(#2593,#2594,#2595,#2596));
#2593 = ORIENTED_EDGE('',*,*,#864,.F.);
#2594 = ORIENTED_EDGE('',*,*,#2376,.T.);
#2595 = ORIENTED_EDGE('',*,*,#2392,.T.);
#2596 = ORIENTED_EDGE('',*,*,#2524,.F.);
#2597 = PLANE('',#2598);
#2598 = AXIS2_PLACEMENT_3D('',#2599,#2600,#2601);
#2599 = CARTESIAN_POINT('',(-34.15,-5.,0.85));
#2600 = DIRECTION('',(0.707106781187,1.427322211406E-17,0.707106781187)
  );
#2601 = DIRECTION('',(1.009269214623E-17,-1.,1.009269214623E-17));
#2602 = ADVANCED_FACE('',(#2603),#2621,.F.);
#2603 = FACE_BOUND('',#2604,.F.);
#2604 = EDGE_LOOP('',(#2605,#2614,#2619,#2620));
#2605 = ORIENTED_EDGE('',*,*,#2606,.F.);
#2606 = EDGE_CURVE('',#2607,#2607,#2609,.T.);
#2607 = VERTEX_POINT('',#2608);
#2608 = CARTESIAN_POINT('',(-8.,-29.85,15.5));
#2609 = CIRCLE('',#2610,2.65);
#2610 = AXIS2_PLACEMENT_3D('',#2611,#2612,#2613);
#2611 = CARTESIAN_POINT('',(-8.,-32.5,15.5));
#2612 = DIRECTION('',(1.,0.,0.));
#2613 = DIRECTION('',(0.,1.,0.));
#2614 = ORIENTED_EDGE('',*,*,#2615,.F.);
#2615 = EDGE_CURVE('',#961,#2607,#2616,.T.);
#2616 = B_SPLINE_CURVE_WITH_KNOTS('',1,(#2617,#2618),.UNSPECIFIED.,.F.,
  .F.,(2,2),(-10.,-3.),.PIECEWISE_BEZIER_KNOTS.);
#2617 = CARTESIAN_POINT('',(-15.,-29.85,15.5));
#2618 = CARTESIAN_POINT('',(-8.,-29.85,15.5));
#2619 = ORIENTED_EDGE('',*,*,#960,.T.);
#2620 = ORIENTED_EDGE('',*,*,#2615,.T.);
#2621 = CYLINDRICAL_SURFACE('',#2622,2.65);
#2622 = AXIS2_PLACEMENT_3D('',#2623,#2624,#2625);
#2623 = CARTESIAN_POINT('',(-5.,-32.5,15.5));
#2624 = DIRECTION('',(1.,0.,0.));
#2625 = DIRECTION('',(0.,1.,0.));
#2626 = ADVANCED_FACE('',(#2627),#2645,.F.);
#2627 = FACE_BOUND('',#2628,.F.);
#2628 = EDGE_LOOP('',(#2629,#2637,#2643,#2644));
#2629 = ORIENTED_EDGE('',*,*,#2630,.F.);
#2630 = EDGE_CURVE('',#2631,#2494,#2633,.T.);
#2631 = VERTEX_POINT('',#2632);
#2632 = CARTESIAN_POINT('',(32.,39.711745229685,1.7));
#2633 = LINE('',#2634,#2635);
#2634 = CARTESIAN_POINT('',(19.648042461719,27.359787691404,
    -10.65195753828));
#2635 = VECTOR('',#2636,1.);
#2636 = DIRECTION('',(-0.57735026919,-0.57735026919,-0.57735026919));
#2637 = ORIENTED_EDGE('',*,*,#2638,.T.);
#2638 = EDGE_CURVE('',#2631,#1044,#2639,.T.);
#2639 = LINE('',#2640,#2641);
#2640 = CARTESIAN_POINT('',(32.,39.711745229685,1.7));
#2641 = VECTOR('',#2642,1.);
#2642 = DIRECTION('',(-1.,0.,0.));
#2643 = ORIENTED_EDGE('',*,*,#1051,.T.);
#2644 = ORIENTED_EDGE('',*,*,#2493,.F.);
#2645 = PLANE('',#2646);
#2646 = AXIS2_PLACEMENT_3D('',#2647,#2648,#2649);
#2647 = CARTESIAN_POINT('',(32.,38.861745229685,0.85));
#2648 = DIRECTION('',(1.427322211406E-17,-0.707106781187,0.707106781187)
  );
#2649 = DIRECTION('',(-1.,-1.009269214623E-17,1.009269214623E-17));
#2650 = ADVANCED_FACE('',(#2651),#2662,.F.);
#2651 = FACE_BOUND('',#2652,.F.);
#2652 = EDGE_LOOP('',(#2653,#2654,#2655,#2661));
#2653 = ORIENTED_EDGE('',*,*,#1043,.F.);
#2654 = ORIENTED_EDGE('',*,*,#2638,.F.);
#2655 = ORIENTED_EDGE('',*,*,#2656,.T.);
#2656 = EDGE_CURVE('',#2631,#1090,#2657,.T.);
#2657 = LINE('',#2658,#2659);
#2658 = CARTESIAN_POINT('',(32.,39.711745229685,0.));
#2659 = VECTOR('',#2660,1.);
#2660 = DIRECTION('',(0.,0.,1.));
#2661 = ORIENTED_EDGE('',*,*,#1099,.T.);
#2662 = PLANE('',#2663);
#2663 = AXIS2_PLACEMENT_3D('',#2664,#2665,#2666);
#2664 = CARTESIAN_POINT('',(45.,39.711745229685,0.));
#2665 = DIRECTION('',(0.,-1.,0.));
#2666 = DIRECTION('',(-1.,0.,0.));
#2667 = ADVANCED_FACE('',(#2668,#2697),#2708,.T.);
#2668 = FACE_BOUND('',#2669,.T.);
#2669 = EDGE_LOOP('',(#2670,#2680,#2687,#2688,#2689,#2690));
#2670 = ORIENTED_EDGE('',*,*,#2671,.F.);
#2671 = EDGE_CURVE('',#2672,#2674,#2676,.T.);
#2672 = VERTEX_POINT('',#2673);
#2673 = CARTESIAN_POINT('',(-5.,-29.,10.75));
#2674 = VERTEX_POINT('',#2675);
#2675 = CARTESIAN_POINT('',(-5.,-36.,10.75));
#2676 = LINE('',#2677,#2678);
#2677 = CARTESIAN_POINT('',(-5.,-27.,10.75));
#2678 = VECTOR('',#2679,1.);
#2679 = DIRECTION('',(0.,-1.,0.));
#2680 = ORIENTED_EDGE('',*,*,#2681,.T.);
#2681 = EDGE_CURVE('',#2672,#1114,#2682,.T.);
#2682 = CIRCLE('',#2683,2.);
#2683 = AXIS2_PLACEMENT_3D('',#2684,#2685,#2686);
#2684 = CARTESIAN_POINT('',(-5.,-29.,8.75));
#2685 = DIRECTION('',(-1.,0.,0.));
#2686 = DIRECTION('',(0.,0.,1.));
#2687 = ORIENTED_EDGE('',*,*,#1131,.F.);
#2688 = ORIENTED_EDGE('',*,*,#2427,.F.);
#2689 = ORIENTED_EDGE('',*,*,#1323,.T.);
#2690 = ORIENTED_EDGE('',*,*,#2691,.T.);
#2691 = EDGE_CURVE('',#1283,#2674,#2692,.T.);
#2692 = CIRCLE('',#2693,2.);
#2693 = AXIS2_PLACEMENT_3D('',#2694,#2695,#2696);
#2694 = CARTESIAN_POINT('',(-5.,-36.,8.75));
#2695 = DIRECTION('',(-1.,0.,0.));
#2696 = DIRECTION('',(0.,0.,1.));
#2697 = FACE_BOUND('',#2698,.T.);
#2698 = EDGE_LOOP('',(#2699));
#2699 = ORIENTED_EDGE('',*,*,#2700,.F.);
#2700 = EDGE_CURVE('',#2701,#2701,#2703,.T.);
#2701 = VERTEX_POINT('',#2702);
#2702 = CARTESIAN_POINT('',(-5.,-28.,15.5));
#2703 = CIRCLE('',#2704,4.5);
#2704 = AXIS2_PLACEMENT_3D('',#2705,#2706,#2707);
#2705 = CARTESIAN_POINT('',(-5.,-32.5,15.5));
#2706 = DIRECTION('',(1.,0.,0.));
#2707 = DIRECTION('',(0.,1.,0.));
#2708 = PLANE('',#2709);
#2709 = AXIS2_PLACEMENT_3D('',#2710,#2711,#2712);
#2710 = CARTESIAN_POINT('',(-5.,-32.5,16.));
#2711 = DIRECTION('',(1.,0.,0.));
#2712 = DIRECTION('',(0.,0.,1.));
#2713 = ADVANCED_FACE('',(#2714),#2725,.T.);
#2714 = FACE_BOUND('',#2715,.T.);
#2715 = EDGE_LOOP('',(#2716,#2717,#2723,#2724));
#2716 = ORIENTED_EDGE('',*,*,#2446,.T.);
#2717 = ORIENTED_EDGE('',*,*,#2718,.T.);
#2718 = EDGE_CURVE('',#2447,#2631,#2719,.T.);
#2719 = LINE('',#2720,#2721);
#2720 = CARTESIAN_POINT('',(32.,-31.,1.7));
#2721 = VECTOR('',#2722,1.);
#2722 = DIRECTION('',(0.,1.,0.));
#2723 = ORIENTED_EDGE('',*,*,#2656,.T.);
#2724 = ORIENTED_EDGE('',*,*,#1154,.F.);
#2725 = PLANE('',#2726);
#2726 = AXIS2_PLACEMENT_3D('',#2727,#2728,#2729);
#2727 = CARTESIAN_POINT('',(32.,-2.344183607127E-02,2.75));
#2728 = DIRECTION('',(1.,0.,0.));
#2729 = DIRECTION('',(0.,0.,1.));
#2730 = ADVANCED_FACE('',(#2731),#2760,.F.);
#2731 = FACE_BOUND('',#2732,.F.);
#2732 = EDGE_LOOP('',(#2733,#2734,#2735,#2736,#2745,#2753));
#2733 = ORIENTED_EDGE('',*,*,#1168,.F.);
#2734 = ORIENTED_EDGE('',*,*,#1258,.T.);
#2735 = ORIENTED_EDGE('',*,*,#1272,.T.);
#2736 = ORIENTED_EDGE('',*,*,#2737,.F.);
#2737 = EDGE_CURVE('',#2738,#1273,#2740,.T.);
#2738 = VERTEX_POINT('',#2739);
#2739 = CARTESIAN_POINT('',(20.345786437627,-37.41421356237,
    10.164213562373));
#2740 = ELLIPSE('',#2741,2.828427124746,2.);
#2741 = AXIS2_PLACEMENT_3D('',#2742,#2743,#2744);
#2742 = CARTESIAN_POINT('',(21.76,-36.,8.75));
#2743 = DIRECTION('',(0.707106781187,-0.,0.707106781187));
#2744 = DIRECTION('',(0.707106781187,0.,-0.707106781187));
#2745 = ORIENTED_EDGE('',*,*,#2746,.F.);
#2746 = EDGE_CURVE('',#2747,#2738,#2749,.T.);
#2747 = VERTEX_POINT('',#2748);
#2748 = CARTESIAN_POINT('',(20.345786437627,-27.58578643762,
    10.164213562373));
#2749 = LINE('',#2750,#2751);
#2750 = CARTESIAN_POINT('',(20.345786437627,-27.,10.164213562373));
#2751 = VECTOR('',#2752,1.);
#2752 = DIRECTION('',(0.,-1.,0.));
#2753 = ORIENTED_EDGE('',*,*,#2754,.T.);
#2754 = EDGE_CURVE('',#2747,#1171,#2755,.T.);
#2755 = ELLIPSE('',#2756,2.828427124746,2.);
#2756 = AXIS2_PLACEMENT_3D('',#2757,#2758,#2759);
#2757 = CARTESIAN_POINT('',(21.76,-29.,8.75));
#2758 = DIRECTION('',(-0.707106781187,-0.,-0.707106781187));
#2759 = DIRECTION('',(0.707106781187,0.,-0.707106781187));
#2760 = PLANE('',#2761);
#2761 = AXIS2_PLACEMENT_3D('',#2762,#2763,#2764);
#2762 = CARTESIAN_POINT('',(22.38,-27.,8.13));
#2763 = DIRECTION('',(-0.707106781187,0.,-0.707106781187));
#2764 = DIRECTION('',(0.,-1.,0.));
#2765 = ADVANCED_FACE('',(#2766),#2786,.T.);
#2766 = FACE_BOUND('',#2767,.F.);
#2767 = EDGE_LOOP('',(#2768,#2769,#2770,#2771,#2780));
#2768 = ORIENTED_EDGE('',*,*,#2681,.T.);
#2769 = ORIENTED_EDGE('',*,*,#1178,.T.);
#2770 = ORIENTED_EDGE('',*,*,#2754,.F.);
#2771 = ORIENTED_EDGE('',*,*,#2772,.F.);
#2772 = EDGE_CURVE('',#2773,#2747,#2775,.T.);
#2773 = VERTEX_POINT('',#2774);
#2774 = CARTESIAN_POINT('',(18.931572875254,-29.,10.75));
#2775 = ELLIPSE('',#2776,2.828427124746,2.);
#2776 = AXIS2_PLACEMENT_3D('',#2777,#2778,#2779);
#2777 = CARTESIAN_POINT('',(18.931572875254,-29.,8.75));
#2778 = DIRECTION('',(-0.707106781187,0.707106781187,0.));
#2779 = DIRECTION('',(-0.707106781187,-0.707106781187,0.));
#2780 = ORIENTED_EDGE('',*,*,#2781,.F.);
#2781 = EDGE_CURVE('',#2672,#2773,#2782,.T.);
#2782 = LINE('',#2783,#2784);
#2783 = CARTESIAN_POINT('',(-5.,-29.,10.75));
#2784 = VECTOR('',#2785,1.);
#2785 = DIRECTION('',(1.,0.,0.));
#2786 = CYLINDRICAL_SURFACE('',#2787,2.);
#2787 = AXIS2_PLACEMENT_3D('',#2788,#2789,#2790);
#2788 = CARTESIAN_POINT('',(-5.,-29.,8.75));
#2789 = DIRECTION('',(1.,0.,0.));
#2790 = DIRECTION('',(0.,0.,1.));
#2791 = ADVANCED_FACE('',(#2792),#2812,.T.);
#2792 = FACE_BOUND('',#2793,.F.);
#2793 = EDGE_LOOP('',(#2794,#2795,#2803,#2810,#2811));
#2794 = ORIENTED_EDGE('',*,*,#2691,.T.);
#2795 = ORIENTED_EDGE('',*,*,#2796,.T.);
#2796 = EDGE_CURVE('',#2674,#2797,#2799,.T.);
#2797 = VERTEX_POINT('',#2798);
#2798 = CARTESIAN_POINT('',(18.931572875254,-36.,10.75));
#2799 = LINE('',#2800,#2801);
#2800 = CARTESIAN_POINT('',(-5.,-36.,10.75));
#2801 = VECTOR('',#2802,1.);
#2802 = DIRECTION('',(1.,0.,0.));
#2803 = ORIENTED_EDGE('',*,*,#2804,.T.);
#2804 = EDGE_CURVE('',#2797,#2738,#2805,.T.);
#2805 = ELLIPSE('',#2806,2.828427124746,2.);
#2806 = AXIS2_PLACEMENT_3D('',#2807,#2808,#2809);
#2807 = CARTESIAN_POINT('',(18.931572875254,-36.,8.75));
#2808 = DIRECTION('',(0.707106781187,0.707106781187,0.));
#2809 = DIRECTION('',(0.707106781187,-0.707106781187,0.));
#2810 = ORIENTED_EDGE('',*,*,#2737,.T.);
#2811 = ORIENTED_EDGE('',*,*,#1290,.F.);
#2812 = CYLINDRICAL_SURFACE('',#2813,2.);
#2813 = AXIS2_PLACEMENT_3D('',#2814,#2815,#2816);
#2814 = CARTESIAN_POINT('',(-5.,-36.,8.75));
#2815 = DIRECTION('',(1.,0.,0.));
#2816 = DIRECTION('',(0.,-1.,0.));
#2817 = ADVANCED_FACE('',(#2818),#2828,.T.);
#2818 = FACE_BOUND('',#2819,.T.);
#2819 = EDGE_LOOP('',(#2820,#2821,#2822,#2827));
#2820 = ORIENTED_EDGE('',*,*,#2401,.T.);
#2821 = ORIENTED_EDGE('',*,*,#2509,.T.);
#2822 = ORIENTED_EDGE('',*,*,#2823,.F.);
#2823 = EDGE_CURVE('',#2447,#2502,#2824,.T.);
#2824 = B_SPLINE_CURVE_WITH_KNOTS('',1,(#2825,#2826),.UNSPECIFIED.,.F.,
  .F.,(2,2),(0.,14.137166938749),.PIECEWISE_BEZIER_KNOTS.);
#2825 = CARTESIAN_POINT('',(32.,-31.,1.7));
#2826 = CARTESIAN_POINT('',(30.3,-31.,0.));
#2827 = ORIENTED_EDGE('',*,*,#2456,.F.);
#2828 = B_SPLINE_SURFACE_WITH_KNOTS('',1,10,(
    (#2829,#2830,#2831,#2832,#2833,#2834,#2835,#2836,#2837,#2838,#2839)
    ,(#2840,#2841,#2842,#2843,#2844,#2845,#2846,#2847,#2848,#2849,#2850
    )),.UNSPECIFIED.,.F.,.F.,.F.,(2,2),(11,11),(0.,14.137166938749),(58.
    ,72.137166938749),.PIECEWISE_BEZIER_KNOTS.);
#2829 = CARTESIAN_POINT('',(23.,-40.,1.7));
#2830 = CARTESIAN_POINT('',(24.392664979973,-40.,1.7));
#2831 = CARTESIAN_POINT('',(25.800952776021,-39.76054656492,
    1.699999999998));
#2832 = CARTESIAN_POINT('',(27.172505604474,-39.27264236542,
    1.700000000006));
#2833 = CARTESIAN_POINT('',(28.453169170685,-38.5423533717,
    1.699999999994));
#2834 = CARTESIAN_POINT('',(29.591171445469,-37.59157259188,
    1.699999999996));
#2835 = CARTESIAN_POINT('',(30.542660292881,-36.45285092458,
    1.700000000009));
#2836 = CARTESIAN_POINT('',(31.272520554029,-35.1726252373,
    1.699999999994));
#2837 = CARTESIAN_POINT('',(31.760568970503,-33.800929997,1.700000000001
    ));
#2838 = CARTESIAN_POINT('',(32.,-32.39266497997,1.7));
#2839 = CARTESIAN_POINT('',(32.,-31.,1.7));
#2840 = CARTESIAN_POINT('',(23.,-38.3,0.));
#2841 = CARTESIAN_POINT('',(24.129603037335,-38.3,0.));
#2842 = CARTESIAN_POINT('',(25.271905935758,-38.10576916711,0.));
#2843 = CARTESIAN_POINT('',(26.384289003013,-37.71007557382,0.));
#2844 = CARTESIAN_POINT('',(27.423282955097,-37.11756564884,0.));
#2845 = CARTESIAN_POINT('',(28.345991782523,-36.34669346126,0.));
#2846 = CARTESIAN_POINT('',(29.118061382949,-35.42268329982,0.));
#2847 = CARTESIAN_POINT('',(29.709881072569,-34.38457250647,0.));
#2848 = CARTESIAN_POINT('',(30.105805294251,-33.27182632404,0.));
#2849 = CARTESIAN_POINT('',(30.3,-32.12961239096,0.));
#2850 = CARTESIAN_POINT('',(30.3,-31.,0.));
#2851 = ADVANCED_FACE('',(#2852),#2858,.T.);
#2852 = FACE_BOUND('',#2853,.F.);
#2853 = EDGE_LOOP('',(#2854,#2855,#2856,#2857));
#2854 = ORIENTED_EDGE('',*,*,#2823,.F.);
#2855 = ORIENTED_EDGE('',*,*,#2718,.T.);
#2856 = ORIENTED_EDGE('',*,*,#2630,.T.);
#2857 = ORIENTED_EDGE('',*,*,#2501,.F.);
#2858 = PLANE('',#2859);
#2859 = AXIS2_PLACEMENT_3D('',#2860,#2861,#2862);
#2860 = CARTESIAN_POINT('',(31.15,-31.,0.85));
#2861 = DIRECTION('',(0.707106781187,-2.854644422812E-17,-0.707106781187
    ));
#2862 = DIRECTION('',(-2.018538429247E-17,-1.,2.018538429247E-17));
#2863 = ADVANCED_FACE('',(#2864,#2875),#2878,.T.);
#2864 = FACE_BOUND('',#2865,.T.);
#2865 = EDGE_LOOP('',(#2866));
#2866 = ORIENTED_EDGE('',*,*,#2867,.T.);
#2867 = EDGE_CURVE('',#2868,#2868,#2870,.T.);
#2868 = VERTEX_POINT('',#2869);
#2869 = CARTESIAN_POINT('',(-8.,-28.,15.5));
#2870 = CIRCLE('',#2871,4.5);
#2871 = AXIS2_PLACEMENT_3D('',#2872,#2873,#2874);
#2872 = CARTESIAN_POINT('',(-8.,-32.5,15.5));
#2873 = DIRECTION('',(1.,0.,0.));
#2874 = DIRECTION('',(0.,1.,0.));
#2875 = FACE_BOUND('',#2876,.T.);
#2876 = EDGE_LOOP('',(#2877));
#2877 = ORIENTED_EDGE('',*,*,#2606,.F.);
#2878 = PLANE('',#2879);
#2879 = AXIS2_PLACEMENT_3D('',#2880,#2881,#2882);
#2880 = CARTESIAN_POINT('',(-8.,-32.5,15.5));
#2881 = DIRECTION('',(1.,0.,0.));
#2882 = DIRECTION('',(0.,0.,1.));
#2883 = ADVANCED_FACE('',(#2884),#2895,.F.);
#2884 = FACE_BOUND('',#2885,.F.);
#2885 = EDGE_LOOP('',(#2886,#2887,#2888,#2894));
#2886 = ORIENTED_EDGE('',*,*,#2671,.F.);
#2887 = ORIENTED_EDGE('',*,*,#2781,.T.);
#2888 = ORIENTED_EDGE('',*,*,#2889,.T.);
#2889 = EDGE_CURVE('',#2773,#2797,#2890,.T.);
#2890 = LINE('',#2891,#2892);
#2891 = CARTESIAN_POINT('',(18.931572875254,-27.,10.75));
#2892 = VECTOR('',#2893,1.);
#2893 = DIRECTION('',(0.,-1.,0.));
#2894 = ORIENTED_EDGE('',*,*,#2796,.F.);
#2895 = PLANE('',#2896);
#2896 = AXIS2_PLACEMENT_3D('',#2897,#2898,#2899);
#2897 = CARTESIAN_POINT('',(-5.,-27.,10.75));
#2898 = DIRECTION('',(0.,0.,-1.));
#2899 = DIRECTION('',(0.,-1.,0.));
#2900 = ADVANCED_FACE('',(#2901),#2912,.F.);
#2901 = FACE_BOUND('',#2902,.F.);
#2902 = EDGE_LOOP('',(#2903,#2904,#2910,#2911));
#2903 = ORIENTED_EDGE('',*,*,#2700,.F.);
#2904 = ORIENTED_EDGE('',*,*,#2905,.T.);
#2905 = EDGE_CURVE('',#2701,#2868,#2906,.T.);
#2906 = LINE('',#2907,#2908);
#2907 = CARTESIAN_POINT('',(-5.,-28.,15.5));
#2908 = VECTOR('',#2909,1.);
#2909 = DIRECTION('',(-1.,-0.,-0.));
#2910 = ORIENTED_EDGE('',*,*,#2867,.T.);
#2911 = ORIENTED_EDGE('',*,*,#2905,.F.);
#2912 = CYLINDRICAL_SURFACE('',#2913,4.5);
#2913 = AXIS2_PLACEMENT_3D('',#2914,#2915,#2916);
#2914 = CARTESIAN_POINT('',(-5.,-32.5,15.5));
#2915 = DIRECTION('',(1.,0.,0.));
#2916 = DIRECTION('',(0.,1.,0.));
#2917 = ADVANCED_FACE('',(#2918),#2924,.T.);
#2918 = FACE_BOUND('',#2919,.F.);
#2919 = EDGE_LOOP('',(#2920,#2921,#2922,#2923));
#2920 = ORIENTED_EDGE('',*,*,#2772,.T.);
#2921 = ORIENTED_EDGE('',*,*,#2746,.T.);
#2922 = ORIENTED_EDGE('',*,*,#2804,.F.);
#2923 = ORIENTED_EDGE('',*,*,#2889,.F.);
#2924 = CYLINDRICAL_SURFACE('',#2925,2.);
#2925 = AXIS2_PLACEMENT_3D('',#2926,#2927,#2928);
#2926 = CARTESIAN_POINT('',(18.931572875254,-27.,8.75));
#2927 = DIRECTION('',(0.,-1.,0.));
#2928 = DIRECTION('',(0.,0.,1.));
#2929 = ( GEOMETRIC_REPRESENTATION_CONTEXT(3) 
GLOBAL_UNCERTAINTY_ASSIGNED_CONTEXT((#2933)) 
GLOBAL_UNIT_ASSIGNED_CONTEXT((#2930,#2931,#2932)) REPRESENTATION_CONTEXT
('Context #1','3D Context with UNIT and UNCERTAINTY') );
#2930 = ( LENGTH_UNIT() NAMED_UNIT(*) SI_UNIT(.MILLI.,.METRE.) );
#2931 = ( NAMED_UNIT(*) PLANE_ANGLE_UNIT() SI_UNIT($,.RADIAN.) );
#2932 = ( NAMED_UNIT(*) SI_UNIT($,.STERADIAN.) SOLID_ANGLE_UNIT() );
#2933 = UNCERTAINTY_MEASURE_WITH_UNIT(LENGTH_MEASURE(5.E-06),#2930,
  'distance_accuracy_value','confusion accuracy');
#2934 = PRODUCT_RELATED_PRODUCT_CATEGORY('part',$,(#7));
#2935 = MECHANICAL_DESIGN_GEOMETRIC_PRESENTATION_REPRESENTATION('',(
    #2936),#2929);
#2936 = STYLED_ITEM('color',(#2937),#15);
#2937 = PRESENTATION_STYLE_ASSIGNMENT((#2938,#2944));
#2938 = SURFACE_STYLE_USAGE(.BOTH.,#2939);
#2939 = SURFACE_SIDE_STYLE('',(#2940));
#2940 = SURFACE_STYLE_FILL_AREA(#2941);
#2941 = FILL_AREA_STYLE('',(#2942));
#2942 = FILL_AREA_STYLE_COLOUR('',#2943);
#2943 = COLOUR_RGB('',0.447058818107,0.474509808674,0.501960817233);
#2944 = CURVE_STYLE('',#2945,POSITIVE_LENGTH_MEASURE(0.1),#2946);
#2945 = DRAUGHTING_PRE_DEFINED_CURVE_FONT('continuous');
#2946 = COLOUR_RGB('',9.803921802644E-02,9.803921802644E-02,
  9.803921802644E-02);
ENDSEC;
END-ISO-10303-21;
