ISO-10303-21;
HEADER;
FILE_DESCRIPTION(('FreeCAD Model'),'2;1');
FILE_NAME('Open CASCADE Shape Model','2025-12-06T11:51:26',(''),(''),
  'Open CASCADE STEP processor 7.8','FreeCAD','Unknown');
FILE_SCHEMA(('AUTOMOTIVE_DESIGN { 1 0 10303 214 1 1 1 1 }'));
ENDSEC;
DATA;
#1 = APPLICATION_PROTOCOL_DEFINITION('international standard',
  'automotive_design',2000,#2);
#2 = APPLICATION_CONTEXT(
  'core data for automotive mechanical design processes');
#3 = SHAPE_DEFINITION_REPRESENTATION(#4,#10);
#4 = PRODUCT_DEFINITION_SHAPE('','',#5);
#5 = PRODUCT_DEFINITION('design','',#6,#9);
#6 = PRODUCT_DEFINITION_FORMATION('','',#7);
#7 = PRODUCT('ZMotor_corner_right','ZMotor_corner_right','',(#8));
#8 = PRODUCT_CONTEXT('',#2,'mechanical');
#9 = PRODUCT_DEFINITION_CONTEXT('part definition',#2,'design');
#10 = ADVANCED_BREP_SHAPE_REPRESENTATION('',(#11,#15),#2608);
#11 = AXIS2_PLACEMENT_3D('',#12,#13,#14);
#12 = CARTESIAN_POINT('',(0.,0.,0.));
#13 = DIRECTION('',(0.,0.,1.));
#14 = DIRECTION('',(1.,0.,-0.));
#15 = MANIFOLD_SOLID_BREP('',#16);
#16 = CLOSED_SHELL('',(#17,#49,#237,#257,#288,#368,#400,#424,#456,#487,
    #518,#543,#567,#598,#630,#654,#678,#702,#726,#750,#774,#798,#822,
    #847,#872,#904,#944,#968,#1024,#1072,#1096,#1283,#1317,#1356,#1372,
    #1403,#1419,#1466,#1491,#1507,#1547,#1578,#1594,#1628,#1683,#1703,
    #1723,#1743,#1802,#1825,#1842,#1865,#1893,#1905,#1929,#1985,#2002,
    #2019,#2049,#2066,#2088,#2105,#2122,#2139,#2156,#2173,#2204,#2227,
    #2244,#2266,#2283,#2300,#2312,#2324,#2336,#2348,#2365,#2382,#2425,
    #2437,#2454,#2471,#2488,#2512,#2536,#2560,#2580,#2592));
#17 = ADVANCED_FACE('',(#18),#44,.F.);
#18 = FACE_BOUND('',#19,.F.);
#19 = EDGE_LOOP('',(#20,#29,#36,#43));
#20 = ORIENTED_EDGE('',*,*,#21,.F.);
#21 = EDGE_CURVE('',#22,#22,#24,.T.);
#22 = VERTEX_POINT('',#23);
#23 = CARTESIAN_POINT('',(-61.5,-20.,43.5));
#24 = CIRCLE('',#25,4.5);
#25 = AXIS2_PLACEMENT_3D('',#26,#27,#28);
#26 = CARTESIAN_POINT('',(-66.,-20.,43.5));
#27 = DIRECTION('',(0.,0.,1.));
#28 = DIRECTION('',(1.,0.,0.));
#29 = ORIENTED_EDGE('',*,*,#30,.F.);
#30 = EDGE_CURVE('',#31,#22,#33,.T.);
#31 = VERTEX_POINT('',#32);
#32 = CARTESIAN_POINT('',(-61.5,-20.,37.));
#33 = B_SPLINE_CURVE_WITH_KNOTS('',1,(#34,#35),.UNSPECIFIED.,.F.,.F.,(2,
    2),(-6.5,0.),.PIECEWISE_BEZIER_KNOTS.);
#34 = CARTESIAN_POINT('',(-61.5,-20.,37.));
#35 = CARTESIAN_POINT('',(-61.5,-20.,43.5));
#36 = ORIENTED_EDGE('',*,*,#37,.T.);
#37 = EDGE_CURVE('',#31,#31,#38,.T.);
#38 = CIRCLE('',#39,4.5);
#39 = AXIS2_PLACEMENT_3D('',#40,#41,#42);
#40 = CARTESIAN_POINT('',(-66.,-20.,37.));
#41 = DIRECTION('',(0.,0.,1.));
#42 = DIRECTION('',(1.,0.,0.));
#43 = ORIENTED_EDGE('',*,*,#30,.T.);
#44 = CYLINDRICAL_SURFACE('',#45,4.5);
#45 = AXIS2_PLACEMENT_3D('',#46,#47,#48);
#46 = CARTESIAN_POINT('',(-66.,-20.,43.5));
#47 = DIRECTION('',(0.,0.,1.));
#48 = DIRECTION('',(1.,0.,0.));
#49 = ADVANCED_FACE('',(#50,#141,#152,#163,#174,#185,#188,#199,#210,#221
    ),#232,.T.);
#50 = FACE_BOUND('',#51,.T.);
#51 = EDGE_LOOP('',(#52,#62,#70,#78,#86,#94,#102,#110,#119,#127,#135));
#52 = ORIENTED_EDGE('',*,*,#53,.F.);
#53 = EDGE_CURVE('',#54,#56,#58,.T.);
#54 = VERTEX_POINT('',#55);
#55 = CARTESIAN_POINT('',(-17.5,24.75,43.5));
#56 = VERTEX_POINT('',#57);
#57 = CARTESIAN_POINT('',(9.5,24.75,43.5));
#58 = LINE('',#59,#60);
#59 = CARTESIAN_POINT('',(-17.5,24.75,43.5));
#60 = VECTOR('',#61,1.);
#61 = DIRECTION('',(1.,0.,0.));
#62 = ORIENTED_EDGE('',*,*,#63,.T.);
#63 = EDGE_CURVE('',#54,#64,#66,.T.);
#64 = VERTEX_POINT('',#65);
#65 = CARTESIAN_POINT('',(-17.5,15.5,43.5));
#66 = LINE('',#67,#68);
#67 = CARTESIAN_POINT('',(-17.5,19.076486435315,43.5));
#68 = VECTOR('',#69,1.);
#69 = DIRECTION('',(0.,-1.,0.));
#70 = ORIENTED_EDGE('',*,*,#71,.T.);
#71 = EDGE_CURVE('',#64,#72,#74,.T.);
#72 = VERTEX_POINT('',#73);
#73 = CARTESIAN_POINT('',(-40.75,15.5,43.5));
#74 = LINE('',#75,#76);
#75 = CARTESIAN_POINT('',(-17.5,15.5,43.5));
#76 = VECTOR('',#77,1.);
#77 = DIRECTION('',(-1.,0.,0.));
#78 = ORIENTED_EDGE('',*,*,#79,.F.);
#79 = EDGE_CURVE('',#80,#72,#82,.T.);
#80 = VERTEX_POINT('',#81);
#81 = CARTESIAN_POINT('',(-40.75,-9.5,43.5));
#82 = LINE('',#83,#84);
#83 = CARTESIAN_POINT('',(-40.75,-7.5,43.5));
#84 = VECTOR('',#85,1.);
#85 = DIRECTION('',(0.,1.,0.));
#86 = ORIENTED_EDGE('',*,*,#87,.F.);
#87 = EDGE_CURVE('',#88,#80,#90,.T.);
#88 = VERTEX_POINT('',#89);
#89 = CARTESIAN_POINT('',(-72.,-9.5,43.5));
#90 = LINE('',#91,#92);
#91 = CARTESIAN_POINT('',(-56.,-9.5,43.5));
#92 = VECTOR('',#93,1.);
#93 = DIRECTION('',(1.,0.,0.));
#94 = ORIENTED_EDGE('',*,*,#95,.T.);
#95 = EDGE_CURVE('',#88,#96,#98,.T.);
#96 = VERTEX_POINT('',#97);
#97 = CARTESIAN_POINT('',(-72.,-48.,43.5));
#98 = LINE('',#99,#100);
#99 = CARTESIAN_POINT('',(-72.,-7.5,43.5));
#100 = VECTOR('',#101,1.);
#101 = DIRECTION('',(0.,-1.,0.));
#102 = ORIENTED_EDGE('',*,*,#103,.F.);
#103 = EDGE_CURVE('',#104,#96,#106,.T.);
#104 = VERTEX_POINT('',#105);
#105 = CARTESIAN_POINT('',(30.,-48.,43.5));
#106 = LINE('',#107,#108);
#107 = CARTESIAN_POINT('',(30.,-48.,43.5));
#108 = VECTOR('',#109,1.);
#109 = DIRECTION('',(-1.,-0.,-0.));
#110 = ORIENTED_EDGE('',*,*,#111,.F.);
#111 = EDGE_CURVE('',#112,#104,#114,.T.);
#112 = VERTEX_POINT('',#113);
#113 = CARTESIAN_POINT('',(48.,-30.,43.5));
#114 = CIRCLE('',#115,18.);
#115 = AXIS2_PLACEMENT_3D('',#116,#117,#118);
#116 = CARTESIAN_POINT('',(30.,-30.,43.5));
#117 = DIRECTION('',(0.,0.,-1.));
#118 = DIRECTION('',(1.,0.,0.));
#119 = ORIENTED_EDGE('',*,*,#120,.F.);
#120 = EDGE_CURVE('',#121,#112,#123,.T.);
#121 = VERTEX_POINT('',#122);
#122 = CARTESIAN_POINT('',(48.,68.,43.5));
#123 = LINE('',#124,#125);
#124 = CARTESIAN_POINT('',(48.,70.,43.5));
#125 = VECTOR('',#126,1.);
#126 = DIRECTION('',(-0.,-1.,-0.));
#127 = ORIENTED_EDGE('',*,*,#128,.T.);
#128 = EDGE_CURVE('',#121,#129,#131,.T.);
#129 = VERTEX_POINT('',#130);
#130 = CARTESIAN_POINT('',(9.5,68.,43.5));
#131 = LINE('',#132,#133);
#132 = CARTESIAN_POINT('',(50.,68.,43.5));
#133 = VECTOR('',#134,1.);
#134 = DIRECTION('',(-1.,0.,0.));
#135 = ORIENTED_EDGE('',*,*,#136,.F.);
#136 = EDGE_CURVE('',#56,#129,#137,.T.);
#137 = LINE('',#138,#139);
#138 = CARTESIAN_POINT('',(9.5,40.,43.5));
#139 = VECTOR('',#140,1.);
#140 = DIRECTION('',(0.,1.,0.));
#141 = FACE_BOUND('',#142,.T.);
#142 = EDGE_LOOP('',(#143));
#143 = ORIENTED_EDGE('',*,*,#144,.T.);
#144 = EDGE_CURVE('',#145,#145,#147,.T.);
#145 = VERTEX_POINT('',#146);
#146 = CARTESIAN_POINT('',(21.25,-11.25,43.5));
#147 = CIRCLE('',#148,11.5);
#148 = AXIS2_PLACEMENT_3D('',#149,#150,#151);
#149 = CARTESIAN_POINT('',(9.75,-11.25,43.5));
#150 = DIRECTION('',(0.,0.,-1.));
#151 = DIRECTION('',(1.,0.,0.));
#152 = FACE_BOUND('',#153,.T.);
#153 = EDGE_LOOP('',(#154));
#154 = ORIENTED_EDGE('',*,*,#155,.F.);
#155 = EDGE_CURVE('',#156,#156,#158,.T.);
#156 = VERTEX_POINT('',#157);
#157 = CARTESIAN_POINT('',(24.5,62.,43.5));
#158 = CIRCLE('',#159,4.5);
#159 = AXIS2_PLACEMENT_3D('',#160,#161,#162);
#160 = CARTESIAN_POINT('',(20.,62.,43.5));
#161 = DIRECTION('',(0.,0.,1.));
#162 = DIRECTION('',(1.,0.,0.));
#163 = FACE_BOUND('',#164,.T.);
#164 = EDGE_LOOP('',(#165));
#165 = ORIENTED_EDGE('',*,*,#166,.F.);
#166 = EDGE_CURVE('',#167,#167,#169,.T.);
#167 = VERTEX_POINT('',#168);
#168 = CARTESIAN_POINT('',(44.5,62.,43.5));
#169 = CIRCLE('',#170,4.5);
#170 = AXIS2_PLACEMENT_3D('',#171,#172,#173);
#171 = CARTESIAN_POINT('',(40.,62.,43.5));
#172 = DIRECTION('',(0.,0.,1.));
#173 = DIRECTION('',(1.,0.,0.));
#174 = FACE_BOUND('',#175,.T.);
#175 = EDGE_LOOP('',(#176));
#176 = ORIENTED_EDGE('',*,*,#177,.F.);
#177 = EDGE_CURVE('',#178,#178,#180,.T.);
#178 = VERTEX_POINT('',#179);
#179 = CARTESIAN_POINT('',(-61.5,-40.,43.5));
#180 = CIRCLE('',#181,4.5);
#181 = AXIS2_PLACEMENT_3D('',#182,#183,#184);
#182 = CARTESIAN_POINT('',(-66.,-40.,43.5));
#183 = DIRECTION('',(0.,0.,1.));
#184 = DIRECTION('',(1.,0.,0.));
#185 = FACE_BOUND('',#186,.T.);
#186 = EDGE_LOOP('',(#187));
#187 = ORIENTED_EDGE('',*,*,#21,.F.);
#188 = FACE_BOUND('',#189,.T.);
#189 = EDGE_LOOP('',(#190));
#190 = ORIENTED_EDGE('',*,*,#191,.T.);
#191 = EDGE_CURVE('',#192,#192,#194,.T.);
#192 = VERTEX_POINT('',#193);
#193 = CARTESIAN_POINT('',(27.,-27.,43.5));
#194 = CIRCLE('',#195,1.75);
#195 = AXIS2_PLACEMENT_3D('',#196,#197,#198);
#196 = CARTESIAN_POINT('',(25.25,-27.,43.5));
#197 = DIRECTION('',(0.,0.,-1.));
#198 = DIRECTION('',(1.,0.,0.));
#199 = FACE_BOUND('',#200,.T.);
#200 = EDGE_LOOP('',(#201));
#201 = ORIENTED_EDGE('',*,*,#202,.T.);
#202 = EDGE_CURVE('',#203,#203,#205,.T.);
#203 = VERTEX_POINT('',#204);
#204 = CARTESIAN_POINT('',(-4.,-27.,43.5));
#205 = CIRCLE('',#206,1.75);
#206 = AXIS2_PLACEMENT_3D('',#207,#208,#209);
#207 = CARTESIAN_POINT('',(-5.75,-27.,43.5));
#208 = DIRECTION('',(0.,0.,-1.));
#209 = DIRECTION('',(1.,0.,0.));
#210 = FACE_BOUND('',#211,.T.);
#211 = EDGE_LOOP('',(#212));
#212 = ORIENTED_EDGE('',*,*,#213,.T.);
#213 = EDGE_CURVE('',#214,#214,#216,.T.);
#214 = VERTEX_POINT('',#215);
#215 = CARTESIAN_POINT('',(27.,4.,43.5));
#216 = CIRCLE('',#217,1.75);
#217 = AXIS2_PLACEMENT_3D('',#218,#219,#220);
#218 = CARTESIAN_POINT('',(25.25,4.,43.5));
#219 = DIRECTION('',(0.,0.,-1.));
#220 = DIRECTION('',(1.,0.,0.));
#221 = FACE_BOUND('',#222,.T.);
#222 = EDGE_LOOP('',(#223));
#223 = ORIENTED_EDGE('',*,*,#224,.T.);
#224 = EDGE_CURVE('',#225,#225,#227,.T.);
#225 = VERTEX_POINT('',#226);
#226 = CARTESIAN_POINT('',(-4.,4.,43.5));
#227 = CIRCLE('',#228,1.75);
#228 = AXIS2_PLACEMENT_3D('',#229,#230,#231);
#229 = CARTESIAN_POINT('',(-5.75,4.,43.5));
#230 = DIRECTION('',(0.,0.,-1.));
#231 = DIRECTION('',(1.,0.,0.));
#232 = PLANE('',#233);
#233 = AXIS2_PLACEMENT_3D('',#234,#235,#236);
#234 = CARTESIAN_POINT('',(-4.533125035602,2.495794652808,43.5));
#235 = DIRECTION('',(0.,0.,1.));
#236 = DIRECTION('',(1.,0.,0.));
#237 = ADVANCED_FACE('',(#238,#241),#252,.T.);
#238 = FACE_BOUND('',#239,.T.);
#239 = EDGE_LOOP('',(#240));
#240 = ORIENTED_EDGE('',*,*,#37,.T.);
#241 = FACE_BOUND('',#242,.T.);
#242 = EDGE_LOOP('',(#243));
#243 = ORIENTED_EDGE('',*,*,#244,.F.);
#244 = EDGE_CURVE('',#245,#245,#247,.T.);
#245 = VERTEX_POINT('',#246);
#246 = CARTESIAN_POINT('',(-63.35,-20.,37.));
#247 = CIRCLE('',#248,2.65);
#248 = AXIS2_PLACEMENT_3D('',#249,#250,#251);
#249 = CARTESIAN_POINT('',(-66.,-20.,37.));
#250 = DIRECTION('',(0.,0.,1.));
#251 = DIRECTION('',(1.,0.,0.));
#252 = PLANE('',#253);
#253 = AXIS2_PLACEMENT_3D('',#254,#255,#256);
#254 = CARTESIAN_POINT('',(-6.9,5.,37.));
#255 = DIRECTION('',(0.,0.,1.));
#256 = DIRECTION('',(1.,0.,0.));
#257 = ADVANCED_FACE('',(#258),#283,.T.);
#258 = FACE_BOUND('',#259,.T.);
#259 = EDGE_LOOP('',(#260,#268,#269,#277));
#260 = ORIENTED_EDGE('',*,*,#261,.F.);
#261 = EDGE_CURVE('',#54,#262,#264,.T.);
#262 = VERTEX_POINT('',#263);
#263 = CARTESIAN_POINT('',(-17.5,28.164213562373,42.085786437627));
#264 = LINE('',#265,#266);
#265 = CARTESIAN_POINT('',(-17.5,33.744134238508,39.774507616606));
#266 = VECTOR('',#267,1.);
#267 = DIRECTION('',(0.,0.923879532511,-0.382683432365));
#268 = ORIENTED_EDGE('',*,*,#53,.T.);
#269 = ORIENTED_EDGE('',*,*,#270,.T.);
#270 = EDGE_CURVE('',#56,#271,#273,.T.);
#271 = VERTEX_POINT('',#272);
#272 = CARTESIAN_POINT('',(8.085786437627,28.164213562373,
    42.085786437627));
#273 = LINE('',#274,#275);
#274 = CARTESIAN_POINT('',(7.030994819681,30.710705791895,
    41.030994819681));
#275 = VECTOR('',#276,1.);
#276 = DIRECTION('',(-0.357406744337,0.862856209461,-0.357406744337));
#277 = ORIENTED_EDGE('',*,*,#278,.F.);
#278 = EDGE_CURVE('',#262,#271,#279,.T.);
#279 = LINE('',#280,#281);
#280 = CARTESIAN_POINT('',(-17.5,28.164213562373,42.085786437627));
#281 = VECTOR('',#282,1.);
#282 = DIRECTION('',(1.,0.,0.));
#283 = PLANE('',#284);
#284 = AXIS2_PLACEMENT_3D('',#285,#286,#287);
#285 = CARTESIAN_POINT('',(-17.5,26.457106781187,42.792893218813));
#286 = DIRECTION('',(0.,0.382683432365,0.923879532511));
#287 = DIRECTION('',(1.,0.,0.));
#288 = ADVANCED_FACE('',(#289),#363,.T.);
#289 = FACE_BOUND('',#290,.T.);
#290 = EDGE_LOOP('',(#291,#299,#307,#315,#323,#331,#339,#347,#355,#361,
    #362));
#291 = ORIENTED_EDGE('',*,*,#292,.T.);
#292 = EDGE_CURVE('',#262,#293,#295,.T.);
#293 = VERTEX_POINT('',#294);
#294 = CARTESIAN_POINT('',(-17.5,40.,30.25));
#295 = LINE('',#296,#297);
#296 = CARTESIAN_POINT('',(-17.5,37.21875,33.03125));
#297 = VECTOR('',#298,1.);
#298 = DIRECTION('',(0.,0.707106781187,-0.707106781187));
#299 = ORIENTED_EDGE('',*,*,#300,.T.);
#300 = EDGE_CURVE('',#293,#301,#303,.T.);
#301 = VERTEX_POINT('',#302);
#302 = CARTESIAN_POINT('',(-17.5,40.,30.));
#303 = LINE('',#304,#305);
#304 = CARTESIAN_POINT('',(-17.5,40.,41.5));
#305 = VECTOR('',#306,1.);
#306 = DIRECTION('',(-0.,-0.,-1.));
#307 = ORIENTED_EDGE('',*,*,#308,.T.);
#308 = EDGE_CURVE('',#301,#309,#311,.T.);
#309 = VERTEX_POINT('',#310);
#310 = CARTESIAN_POINT('',(-17.5,47.75,30.));
#311 = LINE('',#312,#313);
#312 = CARTESIAN_POINT('',(-17.5,38.75,30.));
#313 = VECTOR('',#314,1.);
#314 = DIRECTION('',(0.,1.,0.));
#315 = ORIENTED_EDGE('',*,*,#316,.T.);
#316 = EDGE_CURVE('',#309,#317,#319,.T.);
#317 = VERTEX_POINT('',#318);
#318 = CARTESIAN_POINT('',(-17.5,47.75,2.));
#319 = LINE('',#320,#321);
#320 = CARTESIAN_POINT('',(-17.5,47.75,30.));
#321 = VECTOR('',#322,1.);
#322 = DIRECTION('',(0.,0.,-1.));
#323 = ORIENTED_EDGE('',*,*,#324,.F.);
#324 = EDGE_CURVE('',#325,#317,#327,.T.);
#325 = VERTEX_POINT('',#326);
#326 = CARTESIAN_POINT('',(-17.5,32.75,2.));
#327 = LINE('',#328,#329);
#328 = CARTESIAN_POINT('',(-17.5,38.75,2.));
#329 = VECTOR('',#330,1.);
#330 = DIRECTION('',(0.,1.,0.));
#331 = ORIENTED_EDGE('',*,*,#332,.F.);
#332 = EDGE_CURVE('',#333,#325,#335,.T.);
#333 = VERTEX_POINT('',#334);
#334 = CARTESIAN_POINT('',(-17.5,32.75,30.));
#335 = LINE('',#336,#337);
#336 = CARTESIAN_POINT('',(-17.5,32.75,30.));
#337 = VECTOR('',#338,1.);
#338 = DIRECTION('',(0.,0.,-1.));
#339 = ORIENTED_EDGE('',*,*,#340,.F.);
#340 = EDGE_CURVE('',#341,#333,#343,.T.);
#341 = VERTEX_POINT('',#342);
#342 = CARTESIAN_POINT('',(-17.5,17.5,30.));
#343 = LINE('',#344,#345);
#344 = CARTESIAN_POINT('',(-17.5,14.683677505848,30.));
#345 = VECTOR('',#346,1.);
#346 = DIRECTION('',(0.,1.,0.));
#347 = ORIENTED_EDGE('',*,*,#348,.T.);
#348 = EDGE_CURVE('',#341,#349,#351,.T.);
#349 = VERTEX_POINT('',#350);
#350 = CARTESIAN_POINT('',(-17.5,17.5,41.5));
#351 = LINE('',#352,#353);
#352 = CARTESIAN_POINT('',(-17.5,17.5,41.5));
#353 = VECTOR('',#354,1.);
#354 = DIRECTION('',(0.,0.,1.));
#355 = ORIENTED_EDGE('',*,*,#356,.T.);
#356 = EDGE_CURVE('',#349,#64,#357,.T.);
#357 = LINE('',#358,#359);
#358 = CARTESIAN_POINT('',(-17.5,25.96875,33.03125));
#359 = VECTOR('',#360,1.);
#360 = DIRECTION('',(0.,-0.707106781187,0.707106781187));
#361 = ORIENTED_EDGE('',*,*,#63,.F.);
#362 = ORIENTED_EDGE('',*,*,#261,.T.);
#363 = PLANE('',#364);
#364 = AXIS2_PLACEMENT_3D('',#365,#366,#367);
#365 = CARTESIAN_POINT('',(-17.5,35.657178217822,23.782178217822));
#366 = DIRECTION('',(-1.,-0.,-0.));
#367 = DIRECTION('',(0.,0.,-1.));
#368 = ADVANCED_FACE('',(#369),#395,.T.);
#369 = FACE_BOUND('',#370,.T.);
#370 = EDGE_LOOP('',(#371,#379,#380,#381,#389));
#371 = ORIENTED_EDGE('',*,*,#372,.F.);
#372 = EDGE_CURVE('',#72,#373,#375,.T.);
#373 = VERTEX_POINT('',#374);
#374 = CARTESIAN_POINT('',(-44.16421356237,16.914213562373,
    42.085786437627));
#375 = LINE('',#376,#377);
#376 = CARTESIAN_POINT('',(-29.60136449319,10.882083971129,
    48.117916028871));
#377 = VECTOR('',#378,1.);
#378 = DIRECTION('',(-0.862856209461,0.357406744337,-0.357406744337));
#379 = ORIENTED_EDGE('',*,*,#71,.F.);
#380 = ORIENTED_EDGE('',*,*,#356,.F.);
#381 = ORIENTED_EDGE('',*,*,#382,.T.);
#382 = EDGE_CURVE('',#349,#383,#385,.T.);
#383 = VERTEX_POINT('',#384);
#384 = CARTESIAN_POINT('',(-44.75,17.5,41.5));
#385 = LINE('',#386,#387);
#386 = CARTESIAN_POINT('',(-17.5,17.5,41.5));
#387 = VECTOR('',#388,1.);
#388 = DIRECTION('',(-1.,0.,0.));
#389 = ORIENTED_EDGE('',*,*,#390,.F.);
#390 = EDGE_CURVE('',#373,#383,#391,.T.);
#391 = LINE('',#392,#393);
#392 = CARTESIAN_POINT('',(-37.25,10.,49.));
#393 = VECTOR('',#394,1.);
#394 = DIRECTION('',(-0.57735026919,0.57735026919,-0.57735026919));
#395 = PLANE('',#396);
#396 = AXIS2_PLACEMENT_3D('',#397,#398,#399);
#397 = CARTESIAN_POINT('',(-17.5,16.5,42.5));
#398 = DIRECTION('',(0.,0.707106781187,0.707106781187));
#399 = DIRECTION('',(-1.,0.,0.));
#400 = ADVANCED_FACE('',(#401),#419,.T.);
#401 = FACE_BOUND('',#402,.F.);
#402 = EDGE_LOOP('',(#403,#411,#417,#418));
#403 = ORIENTED_EDGE('',*,*,#404,.T.);
#404 = EDGE_CURVE('',#80,#405,#407,.T.);
#405 = VERTEX_POINT('',#406);
#406 = CARTESIAN_POINT('',(-44.16421356237,-8.085786437627,
    42.085786437627));
#407 = LINE('',#408,#409);
#408 = CARTESIAN_POINT('',(-47.78827348683,-6.584651666064,
    40.584651666064));
#409 = VECTOR('',#410,1.);
#410 = DIRECTION('',(-0.862856209461,0.357406744337,-0.357406744337));
#411 = ORIENTED_EDGE('',*,*,#412,.T.);
#412 = EDGE_CURVE('',#405,#373,#413,.T.);
#413 = LINE('',#414,#415);
#414 = CARTESIAN_POINT('',(-44.16421356237,-7.5,42.085786437627));
#415 = VECTOR('',#416,1.);
#416 = DIRECTION('',(0.,1.,0.));
#417 = ORIENTED_EDGE('',*,*,#372,.F.);
#418 = ORIENTED_EDGE('',*,*,#79,.F.);
#419 = PLANE('',#420);
#420 = AXIS2_PLACEMENT_3D('',#421,#422,#423);
#421 = CARTESIAN_POINT('',(-42.45710678118,-7.5,42.792893218813));
#422 = DIRECTION('',(-0.382683432365,-1.479510523734E-17,0.923879532511)
  );
#423 = DIRECTION('',(5.661841654428E-18,-1.,-1.366889491013E-17));
#424 = ADVANCED_FACE('',(#425),#451,.T.);
#425 = FACE_BOUND('',#426,.T.);
#426 = EDGE_LOOP('',(#427,#428,#436,#444,#450));
#427 = ORIENTED_EDGE('',*,*,#404,.T.);
#428 = ORIENTED_EDGE('',*,*,#429,.T.);
#429 = EDGE_CURVE('',#405,#430,#432,.T.);
#430 = VERTEX_POINT('',#431);
#431 = CARTESIAN_POINT('',(-44.75,-7.5,41.5));
#432 = LINE('',#433,#434);
#433 = CARTESIAN_POINT('',(-47.83333333333,-4.416666666667,
    38.416666666667));
#434 = VECTOR('',#435,1.);
#435 = DIRECTION('',(-0.57735026919,0.57735026919,-0.57735026919));
#436 = ORIENTED_EDGE('',*,*,#437,.F.);
#437 = EDGE_CURVE('',#438,#430,#440,.T.);
#438 = VERTEX_POINT('',#439);
#439 = CARTESIAN_POINT('',(-72.,-7.5,41.5));
#440 = LINE('',#441,#442);
#441 = CARTESIAN_POINT('',(-74.,-7.5,41.5));
#442 = VECTOR('',#443,1.);
#443 = DIRECTION('',(1.,0.,0.));
#444 = ORIENTED_EDGE('',*,*,#445,.F.);
#445 = EDGE_CURVE('',#88,#438,#446,.T.);
#446 = LINE('',#447,#448);
#447 = CARTESIAN_POINT('',(-72.,-8.5,42.5));
#448 = VECTOR('',#449,1.);
#449 = DIRECTION('',(-6.730369402342E-16,0.707106781187,-0.707106781187)
  );
#450 = ORIENTED_EDGE('',*,*,#87,.T.);
#451 = PLANE('',#452);
#452 = AXIS2_PLACEMENT_3D('',#453,#454,#455);
#453 = CARTESIAN_POINT('',(-56.85057805542,-8.566991078793,
    42.566991078793));
#454 = DIRECTION('',(0.,0.707106781187,0.707106781187));
#455 = DIRECTION('',(0.,-0.707106781187,0.707106781187));
#456 = ADVANCED_FACE('',(#457),#482,.T.);
#457 = FACE_BOUND('',#458,.F.);
#458 = EDGE_LOOP('',(#459,#467,#468,#476));
#459 = ORIENTED_EDGE('',*,*,#460,.T.);
#460 = EDGE_CURVE('',#461,#88,#463,.T.);
#461 = VERTEX_POINT('',#462);
#462 = CARTESIAN_POINT('',(-74.,-9.5,41.5));
#463 = LINE('',#464,#465);
#464 = CARTESIAN_POINT('',(-73.5,-9.5,42.));
#465 = VECTOR('',#466,1.);
#466 = DIRECTION('',(0.707106781187,-1.922962686384E-15,0.707106781187)
  );
#467 = ORIENTED_EDGE('',*,*,#95,.T.);
#468 = ORIENTED_EDGE('',*,*,#469,.T.);
#469 = EDGE_CURVE('',#96,#470,#472,.T.);
#470 = VERTEX_POINT('',#471);
#471 = CARTESIAN_POINT('',(-74.,-48.,41.5));
#472 = LINE('',#473,#474);
#473 = CARTESIAN_POINT('',(-73.,-48.,42.5));
#474 = VECTOR('',#475,1.);
#475 = DIRECTION('',(-0.707106781187,-0.,-0.707106781187));
#476 = ORIENTED_EDGE('',*,*,#477,.F.);
#477 = EDGE_CURVE('',#461,#470,#478,.T.);
#478 = LINE('',#479,#480);
#479 = CARTESIAN_POINT('',(-74.,-7.5,41.5));
#480 = VECTOR('',#481,1.);
#481 = DIRECTION('',(0.,-1.,0.));
#482 = PLANE('',#483);
#483 = AXIS2_PLACEMENT_3D('',#484,#485,#486);
#484 = CARTESIAN_POINT('',(-73.,-7.5,42.5));
#485 = DIRECTION('',(-0.707106781187,0.,0.707106781187));
#486 = DIRECTION('',(0.,1.,0.));
#487 = ADVANCED_FACE('',(#488),#513,.T.);
#488 = FACE_BOUND('',#489,.T.);
#489 = EDGE_LOOP('',(#490,#498,#499,#507));
#490 = ORIENTED_EDGE('',*,*,#491,.F.);
#491 = EDGE_CURVE('',#104,#492,#494,.T.);
#492 = VERTEX_POINT('',#493);
#493 = CARTESIAN_POINT('',(30.,-50.,41.5));
#494 = LINE('',#495,#496);
#495 = CARTESIAN_POINT('',(30.,-50.,41.5));
#496 = VECTOR('',#497,1.);
#497 = DIRECTION('',(4.329780281177E-17,-0.707106781187,-0.707106781187)
  );
#498 = ORIENTED_EDGE('',*,*,#103,.T.);
#499 = ORIENTED_EDGE('',*,*,#500,.F.);
#500 = EDGE_CURVE('',#501,#96,#503,.T.);
#501 = VERTEX_POINT('',#502);
#502 = CARTESIAN_POINT('',(-72.,-50.,41.5));
#503 = LINE('',#504,#505);
#504 = CARTESIAN_POINT('',(-72.,-49.5,42.));
#505 = VECTOR('',#506,1.);
#506 = DIRECTION('',(0.,0.707106781187,0.707106781187));
#507 = ORIENTED_EDGE('',*,*,#508,.F.);
#508 = EDGE_CURVE('',#492,#501,#509,.T.);
#509 = LINE('',#510,#511);
#510 = CARTESIAN_POINT('',(30.,-50.,41.5));
#511 = VECTOR('',#512,1.);
#512 = DIRECTION('',(-1.,-0.,-0.));
#513 = PLANE('',#514);
#514 = AXIS2_PLACEMENT_3D('',#515,#516,#517);
#515 = CARTESIAN_POINT('',(30.,-49.,42.5));
#516 = DIRECTION('',(0.,-0.707106781187,0.707106781187));
#517 = DIRECTION('',(-1.,0.,0.));
#518 = ADVANCED_FACE('',(#519),#538,.T.);
#519 = FACE_BOUND('',#520,.T.);
#520 = EDGE_LOOP('',(#521,#529,#530,#531));
#521 = ORIENTED_EDGE('',*,*,#522,.F.);
#522 = EDGE_CURVE('',#112,#523,#525,.T.);
#523 = VERTEX_POINT('',#524);
#524 = CARTESIAN_POINT('',(50.,-30.,41.5));
#525 = LINE('',#526,#527);
#526 = CARTESIAN_POINT('',(49.,-30.,42.5));
#527 = VECTOR('',#528,1.);
#528 = DIRECTION('',(0.707106781187,0.,-0.707106781187));
#529 = ORIENTED_EDGE('',*,*,#111,.T.);
#530 = ORIENTED_EDGE('',*,*,#491,.T.);
#531 = ORIENTED_EDGE('',*,*,#532,.F.);
#532 = EDGE_CURVE('',#523,#492,#533,.T.);
#533 = CIRCLE('',#534,20.);
#534 = AXIS2_PLACEMENT_3D('',#535,#536,#537);
#535 = CARTESIAN_POINT('',(30.,-30.,41.5));
#536 = DIRECTION('',(0.,0.,-1.));
#537 = DIRECTION('',(1.,0.,0.));
#538 = CONICAL_SURFACE('',#539,20.,0.785398163397);
#539 = AXIS2_PLACEMENT_3D('',#540,#541,#542);
#540 = CARTESIAN_POINT('',(30.,-30.,41.5));
#541 = DIRECTION('',(-0.,-0.,-1.));
#542 = DIRECTION('',(1.,0.,0.));
#543 = ADVANCED_FACE('',(#544),#562,.T.);
#544 = FACE_BOUND('',#545,.T.);
#545 = EDGE_LOOP('',(#546,#547,#548,#556));
#546 = ORIENTED_EDGE('',*,*,#120,.T.);
#547 = ORIENTED_EDGE('',*,*,#522,.T.);
#548 = ORIENTED_EDGE('',*,*,#549,.F.);
#549 = EDGE_CURVE('',#550,#523,#552,.T.);
#550 = VERTEX_POINT('',#551);
#551 = CARTESIAN_POINT('',(50.,68.,41.5));
#552 = LINE('',#553,#554);
#553 = CARTESIAN_POINT('',(50.,70.,41.5));
#554 = VECTOR('',#555,1.);
#555 = DIRECTION('',(-0.,-1.,-0.));
#556 = ORIENTED_EDGE('',*,*,#557,.F.);
#557 = EDGE_CURVE('',#121,#550,#558,.T.);
#558 = LINE('',#559,#560);
#559 = CARTESIAN_POINT('',(49.,68.,42.5));
#560 = VECTOR('',#561,1.);
#561 = DIRECTION('',(0.707106781187,0.,-0.707106781187));
#562 = PLANE('',#563);
#563 = AXIS2_PLACEMENT_3D('',#564,#565,#566);
#564 = CARTESIAN_POINT('',(49.,70.,42.5));
#565 = DIRECTION('',(0.707106781187,0.,0.707106781187));
#566 = DIRECTION('',(0.,-1.,0.));
#567 = ADVANCED_FACE('',(#568),#593,.T.);
#568 = FACE_BOUND('',#569,.F.);
#569 = EDGE_LOOP('',(#570,#578,#579,#587));
#570 = ORIENTED_EDGE('',*,*,#571,.T.);
#571 = EDGE_CURVE('',#572,#121,#574,.T.);
#572 = VERTEX_POINT('',#573);
#573 = CARTESIAN_POINT('',(48.,70.,41.5));
#574 = LINE('',#575,#576);
#575 = CARTESIAN_POINT('',(48.,69.5,42.));
#576 = VECTOR('',#577,1.);
#577 = DIRECTION('',(0.,-0.707106781187,0.707106781187));
#578 = ORIENTED_EDGE('',*,*,#128,.T.);
#579 = ORIENTED_EDGE('',*,*,#580,.F.);
#580 = EDGE_CURVE('',#581,#129,#583,.T.);
#581 = VERTEX_POINT('',#582);
#582 = CARTESIAN_POINT('',(9.5,70.,41.5));
#583 = LINE('',#584,#585);
#584 = CARTESIAN_POINT('',(9.5,69.5,42.));
#585 = VECTOR('',#586,1.);
#586 = DIRECTION('',(6.730369402342E-16,-0.707106781187,0.707106781187)
  );
#587 = ORIENTED_EDGE('',*,*,#588,.F.);
#588 = EDGE_CURVE('',#572,#581,#589,.T.);
#589 = LINE('',#590,#591);
#590 = CARTESIAN_POINT('',(50.,70.,41.5));
#591 = VECTOR('',#592,1.);
#592 = DIRECTION('',(-1.,0.,0.));
#593 = PLANE('',#594);
#594 = AXIS2_PLACEMENT_3D('',#595,#596,#597);
#595 = CARTESIAN_POINT('',(50.,69.,42.5));
#596 = DIRECTION('',(0.,0.707106781187,0.707106781187));
#597 = DIRECTION('',(1.,0.,0.));
#598 = ADVANCED_FACE('',(#599),#625,.T.);
#599 = FACE_BOUND('',#600,.T.);
#600 = EDGE_LOOP('',(#601,#602,#603,#611,#619));
#601 = ORIENTED_EDGE('',*,*,#270,.F.);
#602 = ORIENTED_EDGE('',*,*,#136,.T.);
#603 = ORIENTED_EDGE('',*,*,#604,.T.);
#604 = EDGE_CURVE('',#129,#605,#607,.T.);
#605 = VERTEX_POINT('',#606);
#606 = CARTESIAN_POINT('',(7.5,68.,41.5));
#607 = LINE('',#608,#609);
#608 = CARTESIAN_POINT('',(8.5,68.,42.5));
#609 = VECTOR('',#610,1.);
#610 = DIRECTION('',(-0.707106781187,0.,-0.707106781187));
#611 = ORIENTED_EDGE('',*,*,#612,.F.);
#612 = EDGE_CURVE('',#613,#605,#615,.T.);
#613 = VERTEX_POINT('',#614);
#614 = CARTESIAN_POINT('',(7.5,28.75,41.5));
#615 = LINE('',#616,#617);
#616 = CARTESIAN_POINT('',(7.5,26.75,41.5));
#617 = VECTOR('',#618,1.);
#618 = DIRECTION('',(0.,1.,0.));
#619 = ORIENTED_EDGE('',*,*,#620,.F.);
#620 = EDGE_CURVE('',#271,#613,#621,.T.);
#621 = LINE('',#622,#623);
#622 = CARTESIAN_POINT('',(2.458333333333,33.791666666667,
    36.458333333333));
#623 = VECTOR('',#624,1.);
#624 = DIRECTION('',(-0.57735026919,0.57735026919,-0.57735026919));
#625 = PLANE('',#626);
#626 = AXIS2_PLACEMENT_3D('',#627,#628,#629);
#627 = CARTESIAN_POINT('',(8.549186123812,46.847563350052,
    42.549186123812));
#628 = DIRECTION('',(-0.707106781187,0.,0.707106781187));
#629 = DIRECTION('',(0.707106781187,0.,0.707106781187));
#630 = ADVANCED_FACE('',(#631),#649,.F.);
#631 = FACE_BOUND('',#632,.F.);
#632 = EDGE_LOOP('',(#633,#642,#647,#648));
#633 = ORIENTED_EDGE('',*,*,#634,.F.);
#634 = EDGE_CURVE('',#635,#635,#637,.T.);
#635 = VERTEX_POINT('',#636);
#636 = CARTESIAN_POINT('',(21.25,-11.25,39.));
#637 = CIRCLE('',#638,11.5);
#638 = AXIS2_PLACEMENT_3D('',#639,#640,#641);
#639 = CARTESIAN_POINT('',(9.75,-11.25,39.));
#640 = DIRECTION('',(0.,0.,-1.));
#641 = DIRECTION('',(1.,0.,0.));
#642 = ORIENTED_EDGE('',*,*,#643,.F.);
#643 = EDGE_CURVE('',#145,#635,#644,.T.);
#644 = B_SPLINE_CURVE_WITH_KNOTS('',1,(#645,#646),.UNSPECIFIED.,.F.,.F.,
  (2,2),(-2.,2.5),.PIECEWISE_BEZIER_KNOTS.);
#645 = CARTESIAN_POINT('',(21.25,-11.25,43.5));
#646 = CARTESIAN_POINT('',(21.25,-11.25,39.));
#647 = ORIENTED_EDGE('',*,*,#144,.T.);
#648 = ORIENTED_EDGE('',*,*,#643,.T.);
#649 = CYLINDRICAL_SURFACE('',#650,11.5);
#650 = AXIS2_PLACEMENT_3D('',#651,#652,#653);
#651 = CARTESIAN_POINT('',(9.75,-11.25,41.5));
#652 = DIRECTION('',(0.,0.,-1.));
#653 = DIRECTION('',(1.,0.,0.));
#654 = ADVANCED_FACE('',(#655),#673,.F.);
#655 = FACE_BOUND('',#656,.F.);
#656 = EDGE_LOOP('',(#657,#658,#665,#672));
#657 = ORIENTED_EDGE('',*,*,#155,.F.);
#658 = ORIENTED_EDGE('',*,*,#659,.F.);
#659 = EDGE_CURVE('',#660,#156,#662,.T.);
#660 = VERTEX_POINT('',#661);
#661 = CARTESIAN_POINT('',(24.5,62.,37.));
#662 = B_SPLINE_CURVE_WITH_KNOTS('',1,(#663,#664),.UNSPECIFIED.,.F.,.F.,
  (2,2),(-6.5,0.),.PIECEWISE_BEZIER_KNOTS.);
#663 = CARTESIAN_POINT('',(24.5,62.,37.));
#664 = CARTESIAN_POINT('',(24.5,62.,43.5));
#665 = ORIENTED_EDGE('',*,*,#666,.T.);
#666 = EDGE_CURVE('',#660,#660,#667,.T.);
#667 = CIRCLE('',#668,4.5);
#668 = AXIS2_PLACEMENT_3D('',#669,#670,#671);
#669 = CARTESIAN_POINT('',(20.,62.,37.));
#670 = DIRECTION('',(0.,0.,1.));
#671 = DIRECTION('',(1.,0.,0.));
#672 = ORIENTED_EDGE('',*,*,#659,.T.);
#673 = CYLINDRICAL_SURFACE('',#674,4.5);
#674 = AXIS2_PLACEMENT_3D('',#675,#676,#677);
#675 = CARTESIAN_POINT('',(20.,62.,43.5));
#676 = DIRECTION('',(0.,0.,1.));
#677 = DIRECTION('',(1.,0.,0.));
#678 = ADVANCED_FACE('',(#679),#697,.F.);
#679 = FACE_BOUND('',#680,.F.);
#680 = EDGE_LOOP('',(#681,#682,#689,#696));
#681 = ORIENTED_EDGE('',*,*,#166,.F.);
#682 = ORIENTED_EDGE('',*,*,#683,.F.);
#683 = EDGE_CURVE('',#684,#167,#686,.T.);
#684 = VERTEX_POINT('',#685);
#685 = CARTESIAN_POINT('',(44.5,62.,37.));
#686 = B_SPLINE_CURVE_WITH_KNOTS('',1,(#687,#688),.UNSPECIFIED.,.F.,.F.,
  (2,2),(-6.5,0.),.PIECEWISE_BEZIER_KNOTS.);
#687 = CARTESIAN_POINT('',(44.5,62.,37.));
#688 = CARTESIAN_POINT('',(44.5,62.,43.5));
#689 = ORIENTED_EDGE('',*,*,#690,.T.);
#690 = EDGE_CURVE('',#684,#684,#691,.T.);
#691 = CIRCLE('',#692,4.5);
#692 = AXIS2_PLACEMENT_3D('',#693,#694,#695);
#693 = CARTESIAN_POINT('',(40.,62.,37.));
#694 = DIRECTION('',(0.,0.,1.));
#695 = DIRECTION('',(1.,0.,0.));
#696 = ORIENTED_EDGE('',*,*,#683,.T.);
#697 = CYLINDRICAL_SURFACE('',#698,4.5);
#698 = AXIS2_PLACEMENT_3D('',#699,#700,#701);
#699 = CARTESIAN_POINT('',(40.,62.,43.5));
#700 = DIRECTION('',(0.,0.,1.));
#701 = DIRECTION('',(1.,0.,0.));
#702 = ADVANCED_FACE('',(#703),#721,.F.);
#703 = FACE_BOUND('',#704,.F.);
#704 = EDGE_LOOP('',(#705,#706,#713,#720));
#705 = ORIENTED_EDGE('',*,*,#177,.F.);
#706 = ORIENTED_EDGE('',*,*,#707,.F.);
#707 = EDGE_CURVE('',#708,#178,#710,.T.);
#708 = VERTEX_POINT('',#709);
#709 = CARTESIAN_POINT('',(-61.5,-40.,37.));
#710 = B_SPLINE_CURVE_WITH_KNOTS('',1,(#711,#712),.UNSPECIFIED.,.F.,.F.,
  (2,2),(-6.5,0.),.PIECEWISE_BEZIER_KNOTS.);
#711 = CARTESIAN_POINT('',(-61.5,-40.,37.));
#712 = CARTESIAN_POINT('',(-61.5,-40.,43.5));
#713 = ORIENTED_EDGE('',*,*,#714,.T.);
#714 = EDGE_CURVE('',#708,#708,#715,.T.);
#715 = CIRCLE('',#716,4.5);
#716 = AXIS2_PLACEMENT_3D('',#717,#718,#719);
#717 = CARTESIAN_POINT('',(-66.,-40.,37.));
#718 = DIRECTION('',(0.,0.,1.));
#719 = DIRECTION('',(1.,0.,0.));
#720 = ORIENTED_EDGE('',*,*,#707,.T.);
#721 = CYLINDRICAL_SURFACE('',#722,4.5);
#722 = AXIS2_PLACEMENT_3D('',#723,#724,#725);
#723 = CARTESIAN_POINT('',(-66.,-40.,43.5));
#724 = DIRECTION('',(0.,0.,1.));
#725 = DIRECTION('',(1.,0.,0.));
#726 = ADVANCED_FACE('',(#727),#745,.F.);
#727 = FACE_BOUND('',#728,.F.);
#728 = EDGE_LOOP('',(#729,#738,#743,#744));
#729 = ORIENTED_EDGE('',*,*,#730,.F.);
#730 = EDGE_CURVE('',#731,#731,#733,.T.);
#731 = VERTEX_POINT('',#732);
#732 = CARTESIAN_POINT('',(27.,-27.,39.));
#733 = CIRCLE('',#734,1.75);
#734 = AXIS2_PLACEMENT_3D('',#735,#736,#737);
#735 = CARTESIAN_POINT('',(25.25,-27.,39.));
#736 = DIRECTION('',(0.,0.,-1.));
#737 = DIRECTION('',(1.,0.,0.));
#738 = ORIENTED_EDGE('',*,*,#739,.F.);
#739 = EDGE_CURVE('',#192,#731,#740,.T.);
#740 = B_SPLINE_CURVE_WITH_KNOTS('',1,(#741,#742),.UNSPECIFIED.,.F.,.F.,
  (2,2),(-2.,2.5),.PIECEWISE_BEZIER_KNOTS.);
#741 = CARTESIAN_POINT('',(27.,-27.,43.5));
#742 = CARTESIAN_POINT('',(27.,-27.,39.));
#743 = ORIENTED_EDGE('',*,*,#191,.T.);
#744 = ORIENTED_EDGE('',*,*,#739,.T.);
#745 = CYLINDRICAL_SURFACE('',#746,1.75);
#746 = AXIS2_PLACEMENT_3D('',#747,#748,#749);
#747 = CARTESIAN_POINT('',(25.25,-27.,41.5));
#748 = DIRECTION('',(0.,0.,-1.));
#749 = DIRECTION('',(1.,0.,0.));
#750 = ADVANCED_FACE('',(#751),#769,.F.);
#751 = FACE_BOUND('',#752,.F.);
#752 = EDGE_LOOP('',(#753,#762,#767,#768));
#753 = ORIENTED_EDGE('',*,*,#754,.F.);
#754 = EDGE_CURVE('',#755,#755,#757,.T.);
#755 = VERTEX_POINT('',#756);
#756 = CARTESIAN_POINT('',(-4.,-27.,39.));
#757 = CIRCLE('',#758,1.75);
#758 = AXIS2_PLACEMENT_3D('',#759,#760,#761);
#759 = CARTESIAN_POINT('',(-5.75,-27.,39.));
#760 = DIRECTION('',(0.,0.,-1.));
#761 = DIRECTION('',(1.,0.,0.));
#762 = ORIENTED_EDGE('',*,*,#763,.F.);
#763 = EDGE_CURVE('',#203,#755,#764,.T.);
#764 = B_SPLINE_CURVE_WITH_KNOTS('',1,(#765,#766),.UNSPECIFIED.,.F.,.F.,
  (2,2),(-2.,2.5),.PIECEWISE_BEZIER_KNOTS.);
#765 = CARTESIAN_POINT('',(-4.,-27.,43.5));
#766 = CARTESIAN_POINT('',(-4.,-27.,39.));
#767 = ORIENTED_EDGE('',*,*,#202,.T.);
#768 = ORIENTED_EDGE('',*,*,#763,.T.);
#769 = CYLINDRICAL_SURFACE('',#770,1.75);
#770 = AXIS2_PLACEMENT_3D('',#771,#772,#773);
#771 = CARTESIAN_POINT('',(-5.75,-27.,41.5));
#772 = DIRECTION('',(0.,0.,-1.));
#773 = DIRECTION('',(1.,0.,0.));
#774 = ADVANCED_FACE('',(#775),#793,.F.);
#775 = FACE_BOUND('',#776,.F.);
#776 = EDGE_LOOP('',(#777,#778,#785,#792));
#777 = ORIENTED_EDGE('',*,*,#213,.T.);
#778 = ORIENTED_EDGE('',*,*,#779,.T.);
#779 = EDGE_CURVE('',#214,#780,#782,.T.);
#780 = VERTEX_POINT('',#781);
#781 = CARTESIAN_POINT('',(27.,4.,39.));
#782 = B_SPLINE_CURVE_WITH_KNOTS('',1,(#783,#784),.UNSPECIFIED.,.F.,.F.,
  (2,2),(-2.,2.5),.PIECEWISE_BEZIER_KNOTS.);
#783 = CARTESIAN_POINT('',(27.,4.,43.5));
#784 = CARTESIAN_POINT('',(27.,4.,39.));
#785 = ORIENTED_EDGE('',*,*,#786,.F.);
#786 = EDGE_CURVE('',#780,#780,#787,.T.);
#787 = CIRCLE('',#788,1.75);
#788 = AXIS2_PLACEMENT_3D('',#789,#790,#791);
#789 = CARTESIAN_POINT('',(25.25,4.,39.));
#790 = DIRECTION('',(0.,0.,-1.));
#791 = DIRECTION('',(1.,0.,0.));
#792 = ORIENTED_EDGE('',*,*,#779,.F.);
#793 = CYLINDRICAL_SURFACE('',#794,1.75);
#794 = AXIS2_PLACEMENT_3D('',#795,#796,#797);
#795 = CARTESIAN_POINT('',(25.25,4.,41.5));
#796 = DIRECTION('',(0.,0.,-1.));
#797 = DIRECTION('',(1.,0.,0.));
#798 = ADVANCED_FACE('',(#799),#817,.F.);
#799 = FACE_BOUND('',#800,.F.);
#800 = EDGE_LOOP('',(#801,#810,#815,#816));
#801 = ORIENTED_EDGE('',*,*,#802,.F.);
#802 = EDGE_CURVE('',#803,#803,#805,.T.);
#803 = VERTEX_POINT('',#804);
#804 = CARTESIAN_POINT('',(-4.,4.,39.));
#805 = CIRCLE('',#806,1.75);
#806 = AXIS2_PLACEMENT_3D('',#807,#808,#809);
#807 = CARTESIAN_POINT('',(-5.75,4.,39.));
#808 = DIRECTION('',(0.,0.,-1.));
#809 = DIRECTION('',(1.,0.,0.));
#810 = ORIENTED_EDGE('',*,*,#811,.F.);
#811 = EDGE_CURVE('',#225,#803,#812,.T.);
#812 = B_SPLINE_CURVE_WITH_KNOTS('',1,(#813,#814),.UNSPECIFIED.,.F.,.F.,
  (2,2),(-2.,2.5),.PIECEWISE_BEZIER_KNOTS.);
#813 = CARTESIAN_POINT('',(-4.,4.,43.5));
#814 = CARTESIAN_POINT('',(-4.,4.,39.));
#815 = ORIENTED_EDGE('',*,*,#224,.T.);
#816 = ORIENTED_EDGE('',*,*,#811,.T.);
#817 = CYLINDRICAL_SURFACE('',#818,1.75);
#818 = AXIS2_PLACEMENT_3D('',#819,#820,#821);
#819 = CARTESIAN_POINT('',(-5.75,4.,41.5));
#820 = DIRECTION('',(0.,0.,-1.));
#821 = DIRECTION('',(1.,0.,0.));
#822 = ADVANCED_FACE('',(#823),#842,.F.);
#823 = FACE_BOUND('',#824,.F.);
#824 = EDGE_LOOP('',(#825,#826,#834,#841));
#825 = ORIENTED_EDGE('',*,*,#244,.F.);
#826 = ORIENTED_EDGE('',*,*,#827,.T.);
#827 = EDGE_CURVE('',#245,#828,#830,.T.);
#828 = VERTEX_POINT('',#829);
#829 = CARTESIAN_POINT('',(-63.35,-20.,20.));
#830 = LINE('',#831,#832);
#831 = CARTESIAN_POINT('',(-63.35,-20.,43.5));
#832 = VECTOR('',#833,1.);
#833 = DIRECTION('',(-0.,-0.,-1.));
#834 = ORIENTED_EDGE('',*,*,#835,.T.);
#835 = EDGE_CURVE('',#828,#828,#836,.T.);
#836 = CIRCLE('',#837,2.65);
#837 = AXIS2_PLACEMENT_3D('',#838,#839,#840);
#838 = CARTESIAN_POINT('',(-66.,-20.,20.));
#839 = DIRECTION('',(0.,0.,1.));
#840 = DIRECTION('',(1.,0.,0.));
#841 = ORIENTED_EDGE('',*,*,#827,.F.);
#842 = CYLINDRICAL_SURFACE('',#843,2.65);
#843 = AXIS2_PLACEMENT_3D('',#844,#845,#846);
#844 = CARTESIAN_POINT('',(-66.,-20.,43.5));
#845 = DIRECTION('',(0.,0.,1.));
#846 = DIRECTION('',(1.,0.,0.));
#847 = ADVANCED_FACE('',(#848),#867,.T.);
#848 = FACE_BOUND('',#849,.T.);
#849 = EDGE_LOOP('',(#850,#851,#852,#853,#861));
#850 = ORIENTED_EDGE('',*,*,#292,.F.);
#851 = ORIENTED_EDGE('',*,*,#278,.T.);
#852 = ORIENTED_EDGE('',*,*,#620,.T.);
#853 = ORIENTED_EDGE('',*,*,#854,.T.);
#854 = EDGE_CURVE('',#613,#855,#857,.T.);
#855 = VERTEX_POINT('',#856);
#856 = CARTESIAN_POINT('',(7.5,40.,30.25));
#857 = LINE('',#858,#859);
#858 = CARTESIAN_POINT('',(7.5,40.0625,30.1875));
#859 = VECTOR('',#860,1.);
#860 = DIRECTION('',(0.,0.707106781187,-0.707106781187));
#861 = ORIENTED_EDGE('',*,*,#862,.F.);
#862 = EDGE_CURVE('',#293,#855,#863,.T.);
#863 = LINE('',#864,#865);
#864 = CARTESIAN_POINT('',(-17.5,40.,30.25));
#865 = VECTOR('',#866,1.);
#866 = DIRECTION('',(1.,0.,0.));
#867 = PLANE('',#868);
#868 = AXIS2_PLACEMENT_3D('',#869,#870,#871);
#869 = CARTESIAN_POINT('',(-17.5,33.375,36.875));
#870 = DIRECTION('',(0.,0.707106781187,0.707106781187));
#871 = DIRECTION('',(1.,0.,0.));
#872 = ADVANCED_FACE('',(#873),#899,.T.);
#873 = FACE_BOUND('',#874,.T.);
#874 = EDGE_LOOP('',(#875,#876,#877,#885,#893));
#875 = ORIENTED_EDGE('',*,*,#300,.F.);
#876 = ORIENTED_EDGE('',*,*,#862,.T.);
#877 = ORIENTED_EDGE('',*,*,#878,.F.);
#878 = EDGE_CURVE('',#879,#855,#881,.T.);
#879 = VERTEX_POINT('',#880);
#880 = CARTESIAN_POINT('',(7.5,40.,30.));
#881 = LINE('',#882,#883);
#882 = CARTESIAN_POINT('',(7.5,40.,41.5));
#883 = VECTOR('',#884,1.);
#884 = DIRECTION('',(0.,0.,1.));
#885 = ORIENTED_EDGE('',*,*,#886,.T.);
#886 = EDGE_CURVE('',#879,#887,#889,.T.);
#887 = VERTEX_POINT('',#888);
#888 = CARTESIAN_POINT('',(2.5,40.,30.));
#889 = LINE('',#890,#891);
#890 = CARTESIAN_POINT('',(50.,40.,30.));
#891 = VECTOR('',#892,1.);
#892 = DIRECTION('',(-1.,-0.,-0.));
#893 = ORIENTED_EDGE('',*,*,#894,.T.);
#894 = EDGE_CURVE('',#887,#301,#895,.T.);
#895 = LINE('',#896,#897);
#896 = CARTESIAN_POINT('',(50.,40.,30.));
#897 = VECTOR('',#898,1.);
#898 = DIRECTION('',(-1.,-0.,-0.));
#899 = PLANE('',#900);
#900 = AXIS2_PLACEMENT_3D('',#901,#902,#903);
#901 = CARTESIAN_POINT('',(11.751126126126,40.,17.251126126126));
#902 = DIRECTION('',(0.,1.,0.));
#903 = DIRECTION('',(0.,0.,1.));
#904 = ADVANCED_FACE('',(#905),#939,.F.);
#905 = FACE_BOUND('',#906,.F.);
#906 = EDGE_LOOP('',(#907,#915,#916,#917,#925,#933));
#907 = ORIENTED_EDGE('',*,*,#908,.F.);
#908 = EDGE_CURVE('',#887,#909,#911,.T.);
#909 = VERTEX_POINT('',#910);
#910 = CARTESIAN_POINT('',(2.5,47.75,30.));
#911 = LINE('',#912,#913);
#912 = CARTESIAN_POINT('',(2.5,38.75,30.));
#913 = VECTOR('',#914,1.);
#914 = DIRECTION('',(0.,1.,0.));
#915 = ORIENTED_EDGE('',*,*,#894,.T.);
#916 = ORIENTED_EDGE('',*,*,#308,.T.);
#917 = ORIENTED_EDGE('',*,*,#918,.T.);
#918 = EDGE_CURVE('',#309,#919,#921,.T.);
#919 = VERTEX_POINT('',#920);
#920 = CARTESIAN_POINT('',(-13.5,51.75,30.));
#921 = LINE('',#922,#923);
#922 = CARTESIAN_POINT('',(-18.75,46.5,30.));
#923 = VECTOR('',#924,1.);
#924 = DIRECTION('',(0.707106781187,0.707106781187,0.));
#925 = ORIENTED_EDGE('',*,*,#926,.T.);
#926 = EDGE_CURVE('',#919,#927,#929,.T.);
#927 = VERTEX_POINT('',#928);
#928 = CARTESIAN_POINT('',(-1.5,51.75,30.));
#929 = LINE('',#930,#931);
#930 = CARTESIAN_POINT('',(-17.5,51.75,30.));
#931 = VECTOR('',#932,1.);
#932 = DIRECTION('',(1.,0.,0.));
#933 = ORIENTED_EDGE('',*,*,#934,.T.);
#934 = EDGE_CURVE('',#927,#909,#935,.T.);
#935 = LINE('',#936,#937);
#936 = CARTESIAN_POINT('',(-1.25,51.5,30.));
#937 = VECTOR('',#938,1.);
#938 = DIRECTION('',(0.707106781187,-0.707106781187,0.));
#939 = PLANE('',#940);
#940 = AXIS2_PLACEMENT_3D('',#941,#942,#943);
#941 = CARTESIAN_POINT('',(-17.5,38.75,30.));
#942 = DIRECTION('',(0.,0.,-1.));
#943 = DIRECTION('',(1.,0.,0.));
#944 = ADVANCED_FACE('',(#945),#963,.F.);
#945 = FACE_BOUND('',#946,.F.);
#946 = EDGE_LOOP('',(#947,#948,#949,#957));
#947 = ORIENTED_EDGE('',*,*,#918,.F.);
#948 = ORIENTED_EDGE('',*,*,#316,.T.);
#949 = ORIENTED_EDGE('',*,*,#950,.T.);
#950 = EDGE_CURVE('',#317,#951,#953,.T.);
#951 = VERTEX_POINT('',#952);
#952 = CARTESIAN_POINT('',(-13.5,51.75,2.));
#953 = LINE('',#954,#955);
#954 = CARTESIAN_POINT('',(-15.875,49.375,2.));
#955 = VECTOR('',#956,1.);
#956 = DIRECTION('',(0.707106781187,0.707106781187,0.));
#957 = ORIENTED_EDGE('',*,*,#958,.F.);
#958 = EDGE_CURVE('',#919,#951,#959,.T.);
#959 = LINE('',#960,#961);
#960 = CARTESIAN_POINT('',(-13.5,51.75,30.));
#961 = VECTOR('',#962,1.);
#962 = DIRECTION('',(0.,0.,-1.));
#963 = PLANE('',#964);
#964 = AXIS2_PLACEMENT_3D('',#965,#966,#967);
#965 = CARTESIAN_POINT('',(-15.5,49.75,30.));
#966 = DIRECTION('',(0.707106781187,-0.707106781187,0.));
#967 = DIRECTION('',(0.,0.,-1.));
#968 = ADVANCED_FACE('',(#969),#1019,.T.);
#969 = FACE_BOUND('',#970,.T.);
#970 = EDGE_LOOP('',(#971,#981,#987,#988,#989,#997,#1005,#1013));
#971 = ORIENTED_EDGE('',*,*,#972,.T.);
#972 = EDGE_CURVE('',#973,#975,#977,.T.);
#973 = VERTEX_POINT('',#974);
#974 = CARTESIAN_POINT('',(-1.5,28.75,2.));
#975 = VERTEX_POINT('',#976);
#976 = CARTESIAN_POINT('',(-13.5,28.75,2.));
#977 = LINE('',#978,#979);
#978 = CARTESIAN_POINT('',(2.5,28.75,2.));
#979 = VECTOR('',#980,1.);
#980 = DIRECTION('',(-1.,0.,0.));
#981 = ORIENTED_EDGE('',*,*,#982,.F.);
#982 = EDGE_CURVE('',#325,#975,#983,.T.);
#983 = LINE('',#984,#985);
#984 = CARTESIAN_POINT('',(-15.875,31.125,2.));
#985 = VECTOR('',#986,1.);
#986 = DIRECTION('',(0.707106781187,-0.707106781187,0.));
#987 = ORIENTED_EDGE('',*,*,#324,.T.);
#988 = ORIENTED_EDGE('',*,*,#950,.T.);
#989 = ORIENTED_EDGE('',*,*,#990,.T.);
#990 = EDGE_CURVE('',#951,#991,#993,.T.);
#991 = VERTEX_POINT('',#992);
#992 = CARTESIAN_POINT('',(-1.5,51.75,2.));
#993 = LINE('',#994,#995);
#994 = CARTESIAN_POINT('',(-17.5,51.75,2.));
#995 = VECTOR('',#996,1.);
#996 = DIRECTION('',(1.,0.,0.));
#997 = ORIENTED_EDGE('',*,*,#998,.T.);
#998 = EDGE_CURVE('',#991,#999,#1001,.T.);
#999 = VERTEX_POINT('',#1000);
#1000 = CARTESIAN_POINT('',(2.5,47.75,2.));
#1001 = LINE('',#1002,#1003);
#1002 = CARTESIAN_POINT('',(0.875,49.375,2.));
#1003 = VECTOR('',#1004,1.);
#1004 = DIRECTION('',(0.707106781187,-0.707106781187,0.));
#1005 = ORIENTED_EDGE('',*,*,#1006,.F.);
#1006 = EDGE_CURVE('',#1007,#999,#1009,.T.);
#1007 = VERTEX_POINT('',#1008);
#1008 = CARTESIAN_POINT('',(2.5,32.75,2.));
#1009 = LINE('',#1010,#1011);
#1010 = CARTESIAN_POINT('',(2.5,38.75,2.));
#1011 = VECTOR('',#1012,1.);
#1012 = DIRECTION('',(0.,1.,0.));
#1013 = ORIENTED_EDGE('',*,*,#1014,.F.);
#1014 = EDGE_CURVE('',#973,#1007,#1015,.T.);
#1015 = LINE('',#1016,#1017);
#1016 = CARTESIAN_POINT('',(0.875,31.125,2.));
#1017 = VECTOR('',#1018,1.);
#1018 = DIRECTION('',(0.707106781187,0.707106781187,0.));
#1019 = PLANE('',#1020);
#1020 = AXIS2_PLACEMENT_3D('',#1021,#1022,#1023);
#1021 = CARTESIAN_POINT('',(-7.5,40.25,2.));
#1022 = DIRECTION('',(-0.,-0.,-1.));
#1023 = DIRECTION('',(-1.,0.,0.));
#1024 = ADVANCED_FACE('',(#1025),#1067,.T.);
#1025 = FACE_BOUND('',#1026,.T.);
#1026 = EDGE_LOOP('',(#1027,#1035,#1036,#1037,#1045,#1053,#1061));
#1027 = ORIENTED_EDGE('',*,*,#1028,.F.);
#1028 = EDGE_CURVE('',#383,#1029,#1031,.T.);
#1029 = VERTEX_POINT('',#1030);
#1030 = CARTESIAN_POINT('',(-52.,17.5,34.25));
#1031 = LINE('',#1032,#1033);
#1032 = CARTESIAN_POINT('',(-49.75,17.5,36.5));
#1033 = VECTOR('',#1034,1.);
#1034 = DIRECTION('',(-0.707106781187,0.,-0.707106781187));
#1035 = ORIENTED_EDGE('',*,*,#382,.F.);
#1036 = ORIENTED_EDGE('',*,*,#348,.F.);
#1037 = ORIENTED_EDGE('',*,*,#1038,.T.);
#1038 = EDGE_CURVE('',#341,#1039,#1041,.T.);
#1039 = VERTEX_POINT('',#1040);
#1040 = CARTESIAN_POINT('',(-34.,17.5,30.));
#1041 = LINE('',#1042,#1043);
#1042 = CARTESIAN_POINT('',(-17.5,17.5,30.));
#1043 = VECTOR('',#1044,1.);
#1044 = DIRECTION('',(-1.,0.,0.));
#1045 = ORIENTED_EDGE('',*,*,#1046,.T.);
#1046 = EDGE_CURVE('',#1039,#1047,#1049,.T.);
#1047 = VERTEX_POINT('',#1048);
#1048 = CARTESIAN_POINT('',(-34.,17.5,2.));
#1049 = LINE('',#1050,#1051);
#1050 = CARTESIAN_POINT('',(-34.,17.5,30.));
#1051 = VECTOR('',#1052,1.);
#1052 = DIRECTION('',(0.,0.,-1.));
#1053 = ORIENTED_EDGE('',*,*,#1054,.F.);
#1054 = EDGE_CURVE('',#1055,#1047,#1057,.T.);
#1055 = VERTEX_POINT('',#1056);
#1056 = CARTESIAN_POINT('',(-52.,17.5,2.));
#1057 = LINE('',#1058,#1059);
#1058 = CARTESIAN_POINT('',(-40.,17.5,2.));
#1059 = VECTOR('',#1060,1.);
#1060 = DIRECTION('',(1.,0.,0.));
#1061 = ORIENTED_EDGE('',*,*,#1062,.T.);
#1062 = EDGE_CURVE('',#1055,#1029,#1063,.T.);
#1063 = LINE('',#1064,#1065);
#1064 = CARTESIAN_POINT('',(-52.,17.5,2.));
#1065 = VECTOR('',#1066,1.);
#1066 = DIRECTION('',(0.,0.,1.));
#1067 = PLANE('',#1068);
#1068 = AXIS2_PLACEMENT_3D('',#1069,#1070,#1071);
#1069 = CARTESIAN_POINT('',(-38.9375,17.5,24.9375));
#1070 = DIRECTION('',(0.,1.,0.));
#1071 = DIRECTION('',(0.,0.,1.));
#1072 = ADVANCED_FACE('',(#1073),#1091,.F.);
#1073 = FACE_BOUND('',#1074,.T.);
#1074 = EDGE_LOOP('',(#1075,#1083,#1084,#1085));
#1075 = ORIENTED_EDGE('',*,*,#1076,.F.);
#1076 = EDGE_CURVE('',#333,#1077,#1079,.T.);
#1077 = VERTEX_POINT('',#1078);
#1078 = CARTESIAN_POINT('',(-13.5,28.75,30.));
#1079 = LINE('',#1080,#1081);
#1080 = CARTESIAN_POINT('',(-1.95168093431,17.20168093431,30.));
#1081 = VECTOR('',#1082,1.);
#1082 = DIRECTION('',(0.707106781187,-0.707106781187,0.));
#1083 = ORIENTED_EDGE('',*,*,#332,.T.);
#1084 = ORIENTED_EDGE('',*,*,#982,.T.);
#1085 = ORIENTED_EDGE('',*,*,#1086,.F.);
#1086 = EDGE_CURVE('',#1077,#975,#1087,.T.);
#1087 = LINE('',#1088,#1089);
#1088 = CARTESIAN_POINT('',(-13.5,28.75,30.));
#1089 = VECTOR('',#1090,1.);
#1090 = DIRECTION('',(0.,0.,-1.));
#1091 = PLANE('',#1092);
#1092 = AXIS2_PLACEMENT_3D('',#1093,#1094,#1095);
#1093 = CARTESIAN_POINT('',(-15.5,30.75,30.));
#1094 = DIRECTION('',(0.707106781187,0.707106781187,0.));
#1095 = DIRECTION('',(0.,0.,1.));
#1096 = ADVANCED_FACE('',(#1097,#1244),#1278,.T.);
#1097 = FACE_BOUND('',#1098,.T.);
#1098 = EDGE_LOOP('',(#1099,#1109,#1117,#1125,#1133,#1141,#1149,#1155,
    #1156,#1157,#1158,#1166,#1174,#1180,#1181,#1189,#1197,#1205,#1213,
    #1222,#1230,#1238));
#1099 = ORIENTED_EDGE('',*,*,#1100,.T.);
#1100 = EDGE_CURVE('',#1101,#1103,#1105,.T.);
#1101 = VERTEX_POINT('',#1102);
#1102 = CARTESIAN_POINT('',(-42.,-7.5,30.));
#1103 = VERTEX_POINT('',#1104);
#1104 = CARTESIAN_POINT('',(-56.,-7.5,30.));
#1105 = LINE('',#1106,#1107);
#1106 = CARTESIAN_POINT('',(-40.,-7.5,30.));
#1107 = VECTOR('',#1108,1.);
#1108 = DIRECTION('',(-1.,-0.,-0.));
#1109 = ORIENTED_EDGE('',*,*,#1110,.T.);
#1110 = EDGE_CURVE('',#1103,#1111,#1113,.T.);
#1111 = VERTEX_POINT('',#1112);
#1112 = CARTESIAN_POINT('',(-56.,1.5,30.));
#1113 = LINE('',#1114,#1115);
#1114 = CARTESIAN_POINT('',(-56.,-50.,30.));
#1115 = VECTOR('',#1116,1.);
#1116 = DIRECTION('',(0.,1.,-2.22044604925E-16));
#1117 = ORIENTED_EDGE('',*,*,#1118,.T.);
#1118 = EDGE_CURVE('',#1111,#1119,#1121,.T.);
#1119 = VERTEX_POINT('',#1120);
#1120 = CARTESIAN_POINT('',(-52.,-2.5,30.));
#1121 = LINE('',#1122,#1123);
#1122 = CARTESIAN_POINT('',(-38.63918093431,-15.86081906569,30.));
#1123 = VECTOR('',#1124,1.);
#1124 = DIRECTION('',(0.707106781187,-0.707106781187,0.));
#1125 = ORIENTED_EDGE('',*,*,#1126,.F.);
#1126 = EDGE_CURVE('',#1127,#1119,#1129,.T.);
#1127 = VERTEX_POINT('',#1128);
#1128 = CARTESIAN_POINT('',(-34.,-2.5,30.));
#1129 = LINE('',#1130,#1131);
#1130 = CARTESIAN_POINT('',(-40.,-2.5,30.));
#1131 = VECTOR('',#1132,1.);
#1132 = DIRECTION('',(-1.,-0.,-0.));
#1133 = ORIENTED_EDGE('',*,*,#1134,.F.);
#1134 = EDGE_CURVE('',#1135,#1127,#1137,.T.);
#1135 = VERTEX_POINT('',#1136);
#1136 = CARTESIAN_POINT('',(-30.,1.5,30.));
#1137 = LINE('',#1138,#1139);
#1138 = CARTESIAN_POINT('',(-25.03409253737,6.465907462628,30.));
#1139 = VECTOR('',#1140,1.);
#1140 = DIRECTION('',(-0.707106781187,-0.707106781187,0.));
#1141 = ORIENTED_EDGE('',*,*,#1142,.F.);
#1142 = EDGE_CURVE('',#1143,#1135,#1145,.T.);
#1143 = VERTEX_POINT('',#1144);
#1144 = CARTESIAN_POINT('',(-30.,13.5,30.));
#1145 = LINE('',#1146,#1147);
#1146 = CARTESIAN_POINT('',(-30.,17.5,30.));
#1147 = VECTOR('',#1148,1.);
#1148 = DIRECTION('',(0.,-1.,0.));
#1149 = ORIENTED_EDGE('',*,*,#1150,.F.);
#1150 = EDGE_CURVE('',#1039,#1143,#1151,.T.);
#1151 = LINE('',#1152,#1153);
#1152 = CARTESIAN_POINT('',(-18.13918093431,1.63918093431,30.));
#1153 = VECTOR('',#1154,1.);
#1154 = DIRECTION('',(0.707106781187,-0.707106781187,0.));
#1155 = ORIENTED_EDGE('',*,*,#1038,.F.);
#1156 = ORIENTED_EDGE('',*,*,#340,.T.);
#1157 = ORIENTED_EDGE('',*,*,#1076,.T.);
#1158 = ORIENTED_EDGE('',*,*,#1159,.F.);
#1159 = EDGE_CURVE('',#1160,#1077,#1162,.T.);
#1160 = VERTEX_POINT('',#1161);
#1161 = CARTESIAN_POINT('',(-1.5,28.75,30.));
#1162 = LINE('',#1163,#1164);
#1163 = CARTESIAN_POINT('',(2.5,28.75,30.));
#1164 = VECTOR('',#1165,1.);
#1165 = DIRECTION('',(-1.,0.,0.));
#1166 = ORIENTED_EDGE('',*,*,#1167,.T.);
#1167 = EDGE_CURVE('',#1160,#1168,#1170,.T.);
#1168 = VERTEX_POINT('',#1169);
#1169 = CARTESIAN_POINT('',(2.5,32.75,30.));
#1170 = LINE('',#1171,#1172);
#1171 = CARTESIAN_POINT('',(-8.471592537372,21.778407462628,30.));
#1172 = VECTOR('',#1173,1.);
#1173 = DIRECTION('',(0.707106781187,0.707106781187,0.));
#1174 = ORIENTED_EDGE('',*,*,#1175,.F.);
#1175 = EDGE_CURVE('',#887,#1168,#1176,.T.);
#1176 = LINE('',#1177,#1178);
#1177 = CARTESIAN_POINT('',(2.5,38.75,30.));
#1178 = VECTOR('',#1179,1.);
#1179 = DIRECTION('',(0.,-1.,0.));
#1180 = ORIENTED_EDGE('',*,*,#886,.F.);
#1181 = ORIENTED_EDGE('',*,*,#1182,.T.);
#1182 = EDGE_CURVE('',#879,#1183,#1185,.T.);
#1183 = VERTEX_POINT('',#1184);
#1184 = CARTESIAN_POINT('',(7.5,42.,30.));
#1185 = LINE('',#1186,#1187);
#1186 = CARTESIAN_POINT('',(7.5,24.355088396938,30.));
#1187 = VECTOR('',#1188,1.);
#1188 = DIRECTION('',(0.,1.,0.));
#1189 = ORIENTED_EDGE('',*,*,#1190,.T.);
#1190 = EDGE_CURVE('',#1183,#1191,#1193,.T.);
#1191 = VERTEX_POINT('',#1192);
#1192 = CARTESIAN_POINT('',(9.5,40.,30.));
#1193 = LINE('',#1194,#1195);
#1194 = CARTESIAN_POINT('',(18.61081906569,30.88918093431,30.));
#1195 = VECTOR('',#1196,1.);
#1196 = DIRECTION('',(0.707106781187,-0.707106781187,0.));
#1197 = ORIENTED_EDGE('',*,*,#1198,.F.);
#1198 = EDGE_CURVE('',#1199,#1191,#1201,.T.);
#1199 = VERTEX_POINT('',#1200);
#1200 = CARTESIAN_POINT('',(48.,40.,30.));
#1201 = LINE('',#1202,#1203);
#1202 = CARTESIAN_POINT('',(50.,40.,30.));
#1203 = VECTOR('',#1204,1.);
#1204 = DIRECTION('',(-1.,-0.,-0.));
#1205 = ORIENTED_EDGE('',*,*,#1206,.F.);
#1206 = EDGE_CURVE('',#1207,#1199,#1209,.T.);
#1207 = VERTEX_POINT('',#1208);
#1208 = CARTESIAN_POINT('',(48.,-30.,30.));
#1209 = LINE('',#1210,#1211);
#1210 = CARTESIAN_POINT('',(48.,-30.,30.));
#1211 = VECTOR('',#1212,1.);
#1212 = DIRECTION('',(0.,1.,0.));
#1213 = ORIENTED_EDGE('',*,*,#1214,.F.);
#1214 = EDGE_CURVE('',#1215,#1207,#1217,.T.);
#1215 = VERTEX_POINT('',#1216);
#1216 = CARTESIAN_POINT('',(30.,-48.,30.));
#1217 = CIRCLE('',#1218,18.);
#1218 = AXIS2_PLACEMENT_3D('',#1219,#1220,#1221);
#1219 = CARTESIAN_POINT('',(30.,-30.,30.));
#1220 = DIRECTION('',(-0.,0.,1.));
#1221 = DIRECTION('',(-1.7763568394E-16,-1.,-0.));
#1222 = ORIENTED_EDGE('',*,*,#1223,.F.);
#1223 = EDGE_CURVE('',#1224,#1215,#1226,.T.);
#1224 = VERTEX_POINT('',#1225);
#1225 = CARTESIAN_POINT('',(-40.,-48.,30.));
#1226 = LINE('',#1227,#1228);
#1227 = CARTESIAN_POINT('',(-40.,-48.,30.));
#1228 = VECTOR('',#1229,1.);
#1229 = DIRECTION('',(1.,0.,0.));
#1230 = ORIENTED_EDGE('',*,*,#1231,.T.);
#1231 = EDGE_CURVE('',#1224,#1232,#1234,.T.);
#1232 = VERTEX_POINT('',#1233);
#1233 = CARTESIAN_POINT('',(-40.,-9.5,30.));
#1234 = LINE('',#1235,#1236);
#1235 = CARTESIAN_POINT('',(-40.,-50.,30.));
#1236 = VECTOR('',#1237,1.);
#1237 = DIRECTION('',(0.,1.,-2.22044604925E-16));
#1238 = ORIENTED_EDGE('',*,*,#1239,.F.);
#1239 = EDGE_CURVE('',#1101,#1232,#1240,.T.);
#1240 = LINE('',#1241,#1242);
#1241 = CARTESIAN_POINT('',(-30.88918093431,-18.61081906569,30.));
#1242 = VECTOR('',#1243,1.);
#1243 = DIRECTION('',(0.707106781187,-0.707106781187,0.));
#1244 = FACE_BOUND('',#1245,.T.);
#1245 = EDGE_LOOP('',(#1246,#1256,#1264,#1272));
#1246 = ORIENTED_EDGE('',*,*,#1247,.F.);
#1247 = EDGE_CURVE('',#1248,#1250,#1252,.T.);
#1248 = VERTEX_POINT('',#1249);
#1249 = CARTESIAN_POINT('',(31.25,10.25,30.));
#1250 = VERTEX_POINT('',#1251);
#1251 = CARTESIAN_POINT('',(31.25,-32.75,30.));
#1252 = LINE('',#1253,#1254);
#1253 = CARTESIAN_POINT('',(31.25,10.25,30.));
#1254 = VECTOR('',#1255,1.);
#1255 = DIRECTION('',(0.,-1.,0.));
#1256 = ORIENTED_EDGE('',*,*,#1257,.F.);
#1257 = EDGE_CURVE('',#1258,#1248,#1260,.T.);
#1258 = VERTEX_POINT('',#1259);
#1259 = CARTESIAN_POINT('',(-11.75,10.25,30.));
#1260 = LINE('',#1261,#1262);
#1261 = CARTESIAN_POINT('',(-11.75,10.25,30.));
#1262 = VECTOR('',#1263,1.);
#1263 = DIRECTION('',(1.,0.,0.));
#1264 = ORIENTED_EDGE('',*,*,#1265,.F.);
#1265 = EDGE_CURVE('',#1266,#1258,#1268,.T.);
#1266 = VERTEX_POINT('',#1267);
#1267 = CARTESIAN_POINT('',(-11.75,-32.75,30.));
#1268 = LINE('',#1269,#1270);
#1269 = CARTESIAN_POINT('',(-11.75,-32.75,30.));
#1270 = VECTOR('',#1271,1.);
#1271 = DIRECTION('',(0.,1.,0.));
#1272 = ORIENTED_EDGE('',*,*,#1273,.F.);
#1273 = EDGE_CURVE('',#1250,#1266,#1274,.T.);
#1274 = LINE('',#1275,#1276);
#1275 = CARTESIAN_POINT('',(31.25,-32.75,30.));
#1276 = VECTOR('',#1277,1.);
#1277 = DIRECTION('',(-1.,0.,0.));
#1278 = PLANE('',#1279);
#1279 = AXIS2_PLACEMENT_3D('',#1280,#1281,#1282);
#1280 = CARTESIAN_POINT('',(1.653453056636,-6.289823206125,30.));
#1281 = DIRECTION('',(-0.,-0.,-1.));
#1282 = DIRECTION('',(-1.,0.,0.));
#1283 = ADVANCED_FACE('',(#1284),#1312,.T.);
#1284 = FACE_BOUND('',#1285,.T.);
#1285 = EDGE_LOOP('',(#1286,#1294,#1295,#1296,#1297,#1298,#1306));
#1286 = ORIENTED_EDGE('',*,*,#1287,.F.);
#1287 = EDGE_CURVE('',#430,#1288,#1290,.T.);
#1288 = VERTEX_POINT('',#1289);
#1289 = CARTESIAN_POINT('',(-56.,-7.5,30.25));
#1290 = LINE('',#1291,#1292);
#1291 = CARTESIAN_POINT('',(-53.50163043478,-7.5,32.748369565217));
#1292 = VECTOR('',#1293,1.);
#1293 = DIRECTION('',(-0.707106781187,0.,-0.707106781187));
#1294 = ORIENTED_EDGE('',*,*,#429,.F.);
#1295 = ORIENTED_EDGE('',*,*,#412,.T.);
#1296 = ORIENTED_EDGE('',*,*,#390,.T.);
#1297 = ORIENTED_EDGE('',*,*,#1028,.T.);
#1298 = ORIENTED_EDGE('',*,*,#1299,.T.);
#1299 = EDGE_CURVE('',#1029,#1300,#1302,.T.);
#1300 = VERTEX_POINT('',#1301);
#1301 = CARTESIAN_POINT('',(-56.,13.5,30.25));
#1302 = LINE('',#1303,#1304);
#1303 = CARTESIAN_POINT('',(-61.33333333333,8.166666666667,
    24.916666666667));
#1304 = VECTOR('',#1305,1.);
#1305 = DIRECTION('',(-0.57735026919,-0.57735026919,-0.57735026919));
#1306 = ORIENTED_EDGE('',*,*,#1307,.F.);
#1307 = EDGE_CURVE('',#1288,#1300,#1308,.T.);
#1308 = LINE('',#1309,#1310);
#1309 = CARTESIAN_POINT('',(-56.,-7.5,30.25));
#1310 = VECTOR('',#1311,1.);
#1311 = DIRECTION('',(0.,1.,0.));
#1312 = PLANE('',#1313);
#1313 = AXIS2_PLACEMENT_3D('',#1314,#1315,#1316);
#1314 = CARTESIAN_POINT('',(-49.375,-7.5,36.875));
#1315 = DIRECTION('',(-0.707106781187,0.,0.707106781187));
#1316 = DIRECTION('',(0.,1.,0.));
#1317 = ADVANCED_FACE('',(#1318),#1351,.T.);
#1318 = FACE_BOUND('',#1319,.T.);
#1319 = EDGE_LOOP('',(#1320,#1321,#1327,#1328,#1336,#1344,#1350));
#1320 = ORIENTED_EDGE('',*,*,#1287,.T.);
#1321 = ORIENTED_EDGE('',*,*,#1322,.F.);
#1322 = EDGE_CURVE('',#1103,#1288,#1323,.T.);
#1323 = LINE('',#1324,#1325);
#1324 = CARTESIAN_POINT('',(-56.,-7.5,41.5));
#1325 = VECTOR('',#1326,1.);
#1326 = DIRECTION('',(0.,0.,1.));
#1327 = ORIENTED_EDGE('',*,*,#1100,.F.);
#1328 = ORIENTED_EDGE('',*,*,#1329,.F.);
#1329 = EDGE_CURVE('',#1330,#1101,#1332,.T.);
#1330 = VERTEX_POINT('',#1331);
#1331 = CARTESIAN_POINT('',(-42.,-7.5,20.));
#1332 = LINE('',#1333,#1334);
#1333 = CARTESIAN_POINT('',(-42.,-7.5,20.));
#1334 = VECTOR('',#1335,1.);
#1335 = DIRECTION('',(0.,0.,1.));
#1336 = ORIENTED_EDGE('',*,*,#1337,.F.);
#1337 = EDGE_CURVE('',#1338,#1330,#1340,.T.);
#1338 = VERTEX_POINT('',#1339);
#1339 = CARTESIAN_POINT('',(-72.,-7.5,20.));
#1340 = LINE('',#1341,#1342);
#1341 = CARTESIAN_POINT('',(-50.,-7.5,20.));
#1342 = VECTOR('',#1343,1.);
#1343 = DIRECTION('',(1.,0.,0.));
#1344 = ORIENTED_EDGE('',*,*,#1345,.T.);
#1345 = EDGE_CURVE('',#1338,#438,#1346,.T.);
#1346 = LINE('',#1347,#1348);
#1347 = CARTESIAN_POINT('',(-72.,-7.5,20.));
#1348 = VECTOR('',#1349,1.);
#1349 = DIRECTION('',(0.,0.,1.));
#1350 = ORIENTED_EDGE('',*,*,#437,.T.);
#1351 = PLANE('',#1352);
#1352 = AXIS2_PLACEMENT_3D('',#1353,#1354,#1355);
#1353 = CARTESIAN_POINT('',(-58.87826086956,-7.5,29.871739130435));
#1354 = DIRECTION('',(0.,1.,0.));
#1355 = DIRECTION('',(0.,0.,1.));
#1356 = ADVANCED_FACE('',(#1357),#1367,.F.);
#1357 = FACE_BOUND('',#1358,.F.);
#1358 = EDGE_LOOP('',(#1359,#1360,#1366));
#1359 = ORIENTED_EDGE('',*,*,#460,.F.);
#1360 = ORIENTED_EDGE('',*,*,#1361,.T.);
#1361 = EDGE_CURVE('',#461,#438,#1362,.T.);
#1362 = LINE('',#1363,#1364);
#1363 = CARTESIAN_POINT('',(-73.5,-9.,41.5));
#1364 = VECTOR('',#1365,1.);
#1365 = DIRECTION('',(0.707106781187,0.707106781187,-1.249925746149E-15)
  );
#1366 = ORIENTED_EDGE('',*,*,#445,.F.);
#1367 = PLANE('',#1368);
#1368 = AXIS2_PLACEMENT_3D('',#1369,#1370,#1371);
#1369 = CARTESIAN_POINT('',(-74.,-9.5,41.5));
#1370 = DIRECTION('',(0.57735026919,-0.57735026919,-0.57735026919));
#1371 = DIRECTION('',(0.,0.707106781187,-0.707106781187));
#1372 = ADVANCED_FACE('',(#1373),#1398,.T.);
#1373 = FACE_BOUND('',#1374,.T.);
#1374 = EDGE_LOOP('',(#1375,#1385,#1391,#1392));
#1375 = ORIENTED_EDGE('',*,*,#1376,.F.);
#1376 = EDGE_CURVE('',#1377,#1379,#1381,.T.);
#1377 = VERTEX_POINT('',#1378);
#1378 = CARTESIAN_POINT('',(-74.,-48.,20.));
#1379 = VERTEX_POINT('',#1380);
#1380 = CARTESIAN_POINT('',(-74.,-9.5,20.));
#1381 = LINE('',#1382,#1383);
#1382 = CARTESIAN_POINT('',(-74.,-50.,20.));
#1383 = VECTOR('',#1384,1.);
#1384 = DIRECTION('',(0.,1.,-2.22044604925E-16));
#1385 = ORIENTED_EDGE('',*,*,#1386,.T.);
#1386 = EDGE_CURVE('',#1377,#470,#1387,.T.);
#1387 = LINE('',#1388,#1389);
#1388 = CARTESIAN_POINT('',(-74.,-48.,20.));
#1389 = VECTOR('',#1390,1.);
#1390 = DIRECTION('',(0.,0.,1.));
#1391 = ORIENTED_EDGE('',*,*,#477,.F.);
#1392 = ORIENTED_EDGE('',*,*,#1393,.F.);
#1393 = EDGE_CURVE('',#1379,#461,#1394,.T.);
#1394 = LINE('',#1395,#1396);
#1395 = CARTESIAN_POINT('',(-74.,-9.5,20.));
#1396 = VECTOR('',#1397,1.);
#1397 = DIRECTION('',(0.,0.,1.));
#1398 = PLANE('',#1399);
#1399 = AXIS2_PLACEMENT_3D('',#1400,#1401,#1402);
#1400 = CARTESIAN_POINT('',(-74.,-28.75,31.75));
#1401 = DIRECTION('',(-1.,-0.,-0.));
#1402 = DIRECTION('',(0.,0.,-1.));
#1403 = ADVANCED_FACE('',(#1404),#1414,.F.);
#1404 = FACE_BOUND('',#1405,.F.);
#1405 = EDGE_LOOP('',(#1406,#1407,#1413));
#1406 = ORIENTED_EDGE('',*,*,#500,.F.);
#1407 = ORIENTED_EDGE('',*,*,#1408,.T.);
#1408 = EDGE_CURVE('',#501,#470,#1409,.T.);
#1409 = LINE('',#1410,#1411);
#1410 = CARTESIAN_POINT('',(-72.5,-49.5,41.5));
#1411 = VECTOR('',#1412,1.);
#1412 = DIRECTION('',(-0.707106781187,0.707106781187,0.));
#1413 = ORIENTED_EDGE('',*,*,#469,.F.);
#1414 = PLANE('',#1415);
#1415 = AXIS2_PLACEMENT_3D('',#1416,#1417,#1418);
#1416 = CARTESIAN_POINT('',(-72.,-50.,41.5));
#1417 = DIRECTION('',(0.57735026919,0.57735026919,-0.57735026919));
#1418 = DIRECTION('',(-0.707106781187,0.,-0.707106781187));
#1419 = ADVANCED_FACE('',(#1420),#1461,.T.);
#1420 = FACE_BOUND('',#1421,.T.);
#1421 = EDGE_LOOP('',(#1422,#1430,#1431,#1439,#1447,#1455));
#1422 = ORIENTED_EDGE('',*,*,#1423,.T.);
#1423 = EDGE_CURVE('',#1424,#492,#1426,.T.);
#1424 = VERTEX_POINT('',#1425);
#1425 = CARTESIAN_POINT('',(30.,-50.,32.));
#1426 = LINE('',#1427,#1428);
#1427 = CARTESIAN_POINT('',(30.,-50.,0.));
#1428 = VECTOR('',#1429,1.);
#1429 = DIRECTION('',(0.,0.,1.));
#1430 = ORIENTED_EDGE('',*,*,#508,.T.);
#1431 = ORIENTED_EDGE('',*,*,#1432,.F.);
#1432 = EDGE_CURVE('',#1433,#501,#1435,.T.);
#1433 = VERTEX_POINT('',#1434);
#1434 = CARTESIAN_POINT('',(-72.,-50.,20.));
#1435 = LINE('',#1436,#1437);
#1436 = CARTESIAN_POINT('',(-72.,-50.,20.));
#1437 = VECTOR('',#1438,1.);
#1438 = DIRECTION('',(0.,0.,1.));
#1439 = ORIENTED_EDGE('',*,*,#1440,.F.);
#1440 = EDGE_CURVE('',#1441,#1433,#1443,.T.);
#1441 = VERTEX_POINT('',#1442);
#1442 = CARTESIAN_POINT('',(-42.,-50.,20.));
#1443 = LINE('',#1444,#1445);
#1444 = CARTESIAN_POINT('',(-60.,-50.,20.));
#1445 = VECTOR('',#1446,1.);
#1446 = DIRECTION('',(-1.,-0.,-0.));
#1447 = ORIENTED_EDGE('',*,*,#1448,.T.);
#1448 = EDGE_CURVE('',#1441,#1449,#1451,.T.);
#1449 = VERTEX_POINT('',#1450);
#1450 = CARTESIAN_POINT('',(-42.,-50.,32.));
#1451 = LINE('',#1452,#1453);
#1452 = CARTESIAN_POINT('',(-42.,-50.,20.));
#1453 = VECTOR('',#1454,1.);
#1454 = DIRECTION('',(0.,0.,1.));
#1455 = ORIENTED_EDGE('',*,*,#1456,.T.);
#1456 = EDGE_CURVE('',#1449,#1424,#1457,.T.);
#1457 = LINE('',#1458,#1459);
#1458 = CARTESIAN_POINT('',(-40.,-50.,32.));
#1459 = VECTOR('',#1460,1.);
#1460 = DIRECTION('',(1.,0.,0.));
#1461 = PLANE('',#1462);
#1462 = AXIS2_PLACEMENT_3D('',#1463,#1464,#1465);
#1463 = CARTESIAN_POINT('',(-24.74509803921,-50.,34.495098039216));
#1464 = DIRECTION('',(-0.,-1.,-0.));
#1465 = DIRECTION('',(0.,0.,-1.));
#1466 = ADVANCED_FACE('',(#1467),#1486,.T.);
#1467 = FACE_BOUND('',#1468,.F.);
#1468 = EDGE_LOOP('',(#1469,#1477,#1484,#1485));
#1469 = ORIENTED_EDGE('',*,*,#1470,.F.);
#1470 = EDGE_CURVE('',#1471,#523,#1473,.T.);
#1471 = VERTEX_POINT('',#1472);
#1472 = CARTESIAN_POINT('',(50.,-30.,32.));
#1473 = LINE('',#1474,#1475);
#1474 = CARTESIAN_POINT('',(50.,-30.,41.5));
#1475 = VECTOR('',#1476,1.);
#1476 = DIRECTION('',(0.,0.,1.));
#1477 = ORIENTED_EDGE('',*,*,#1478,.F.);
#1478 = EDGE_CURVE('',#1424,#1471,#1479,.T.);
#1479 = CIRCLE('',#1480,20.);
#1480 = AXIS2_PLACEMENT_3D('',#1481,#1482,#1483);
#1481 = CARTESIAN_POINT('',(30.,-30.,32.));
#1482 = DIRECTION('',(-0.,0.,1.));
#1483 = DIRECTION('',(-1.7763568394E-16,-1.,-0.));
#1484 = ORIENTED_EDGE('',*,*,#1423,.T.);
#1485 = ORIENTED_EDGE('',*,*,#532,.F.);
#1486 = CYLINDRICAL_SURFACE('',#1487,20.);
#1487 = AXIS2_PLACEMENT_3D('',#1488,#1489,#1490);
#1488 = CARTESIAN_POINT('',(30.,-30.,0.));
#1489 = DIRECTION('',(-0.,-0.,-1.));
#1490 = DIRECTION('',(1.,0.,0.));
#1491 = ADVANCED_FACE('',(#1492),#1502,.F.);
#1492 = FACE_BOUND('',#1493,.F.);
#1493 = EDGE_LOOP('',(#1494,#1495,#1501));
#1494 = ORIENTED_EDGE('',*,*,#571,.F.);
#1495 = ORIENTED_EDGE('',*,*,#1496,.T.);
#1496 = EDGE_CURVE('',#572,#550,#1497,.T.);
#1497 = LINE('',#1498,#1499);
#1498 = CARTESIAN_POINT('',(48.5,69.5,41.5));
#1499 = VECTOR('',#1500,1.);
#1500 = DIRECTION('',(0.707106781187,-0.707106781187,0.));
#1501 = ORIENTED_EDGE('',*,*,#557,.F.);
#1502 = PLANE('',#1503);
#1503 = AXIS2_PLACEMENT_3D('',#1504,#1505,#1506);
#1504 = CARTESIAN_POINT('',(48.,70.,41.5));
#1505 = DIRECTION('',(-0.57735026919,-0.57735026919,-0.57735026919));
#1506 = DIRECTION('',(0.707106781187,0.,-0.707106781187));
#1507 = ADVANCED_FACE('',(#1508),#1542,.T.);
#1508 = FACE_BOUND('',#1509,.T.);
#1509 = EDGE_LOOP('',(#1510,#1511,#1519,#1527,#1535,#1541));
#1510 = ORIENTED_EDGE('',*,*,#1470,.F.);
#1511 = ORIENTED_EDGE('',*,*,#1512,.T.);
#1512 = EDGE_CURVE('',#1471,#1513,#1515,.T.);
#1513 = VERTEX_POINT('',#1514);
#1514 = CARTESIAN_POINT('',(50.,42.,32.));
#1515 = LINE('',#1516,#1517);
#1516 = CARTESIAN_POINT('',(50.,-30.,32.));
#1517 = VECTOR('',#1518,1.);
#1518 = DIRECTION('',(0.,1.,0.));
#1519 = ORIENTED_EDGE('',*,*,#1520,.F.);
#1520 = EDGE_CURVE('',#1521,#1513,#1523,.T.);
#1521 = VERTEX_POINT('',#1522);
#1522 = CARTESIAN_POINT('',(50.,42.,20.));
#1523 = LINE('',#1524,#1525);
#1524 = CARTESIAN_POINT('',(50.,42.,20.));
#1525 = VECTOR('',#1526,1.);
#1526 = DIRECTION('',(0.,0.,1.));
#1527 = ORIENTED_EDGE('',*,*,#1528,.T.);
#1528 = EDGE_CURVE('',#1521,#1529,#1531,.T.);
#1529 = VERTEX_POINT('',#1530);
#1530 = CARTESIAN_POINT('',(50.,68.,20.));
#1531 = LINE('',#1532,#1533);
#1532 = CARTESIAN_POINT('',(50.,60.,20.));
#1533 = VECTOR('',#1534,1.);
#1534 = DIRECTION('',(0.,1.,0.));
#1535 = ORIENTED_EDGE('',*,*,#1536,.T.);
#1536 = EDGE_CURVE('',#1529,#550,#1537,.T.);
#1537 = LINE('',#1538,#1539);
#1538 = CARTESIAN_POINT('',(50.,68.,20.));
#1539 = VECTOR('',#1540,1.);
#1540 = DIRECTION('',(0.,0.,1.));
#1541 = ORIENTED_EDGE('',*,*,#549,.T.);
#1542 = PLANE('',#1543);
#1543 = AXIS2_PLACEMENT_3D('',#1544,#1545,#1546);
#1544 = CARTESIAN_POINT('',(50.,22.834008097166,34.584008097166));
#1545 = DIRECTION('',(1.,0.,0.));
#1546 = DIRECTION('',(0.,0.,1.));
#1547 = ADVANCED_FACE('',(#1548),#1573,.T.);
#1548 = FACE_BOUND('',#1549,.T.);
#1549 = EDGE_LOOP('',(#1550,#1560,#1566,#1567));
#1550 = ORIENTED_EDGE('',*,*,#1551,.T.);
#1551 = EDGE_CURVE('',#1552,#1554,#1556,.T.);
#1552 = VERTEX_POINT('',#1553);
#1553 = CARTESIAN_POINT('',(48.,70.,20.));
#1554 = VERTEX_POINT('',#1555);
#1555 = CARTESIAN_POINT('',(9.5,70.,20.));
#1556 = LINE('',#1557,#1558);
#1557 = CARTESIAN_POINT('',(50.,70.,20.));
#1558 = VECTOR('',#1559,1.);
#1559 = DIRECTION('',(-1.,-0.,-0.));
#1560 = ORIENTED_EDGE('',*,*,#1561,.F.);
#1561 = EDGE_CURVE('',#581,#1554,#1562,.T.);
#1562 = LINE('',#1563,#1564);
#1563 = CARTESIAN_POINT('',(9.5,70.,43.5));
#1564 = VECTOR('',#1565,1.);
#1565 = DIRECTION('',(-0.,-0.,-1.));
#1566 = ORIENTED_EDGE('',*,*,#588,.F.);
#1567 = ORIENTED_EDGE('',*,*,#1568,.F.);
#1568 = EDGE_CURVE('',#1552,#572,#1569,.T.);
#1569 = LINE('',#1570,#1571);
#1570 = CARTESIAN_POINT('',(48.,70.,20.));
#1571 = VECTOR('',#1572,1.);
#1572 = DIRECTION('',(0.,0.,1.));
#1573 = PLANE('',#1574);
#1574 = AXIS2_PLACEMENT_3D('',#1575,#1576,#1577);
#1575 = CARTESIAN_POINT('',(28.75,70.,31.75));
#1576 = DIRECTION('',(0.,1.,0.));
#1577 = DIRECTION('',(0.,0.,1.));
#1578 = ADVANCED_FACE('',(#1579),#1589,.T.);
#1579 = FACE_BOUND('',#1580,.T.);
#1580 = EDGE_LOOP('',(#1581,#1582,#1588));
#1581 = ORIENTED_EDGE('',*,*,#580,.F.);
#1582 = ORIENTED_EDGE('',*,*,#1583,.T.);
#1583 = EDGE_CURVE('',#581,#605,#1584,.T.);
#1584 = LINE('',#1585,#1586);
#1585 = CARTESIAN_POINT('',(9.,69.5,41.5));
#1586 = VECTOR('',#1587,1.);
#1587 = DIRECTION('',(-0.707106781187,-0.707106781187,
    -6.730369402342E-16));
#1588 = ORIENTED_EDGE('',*,*,#604,.F.);
#1589 = PLANE('',#1590);
#1590 = AXIS2_PLACEMENT_3D('',#1591,#1592,#1593);
#1591 = CARTESIAN_POINT('',(9.5,70.,41.5));
#1592 = DIRECTION('',(-0.57735026919,0.57735026919,0.57735026919));
#1593 = DIRECTION('',(-0.707106781187,0.,-0.707106781187));
#1594 = ADVANCED_FACE('',(#1595),#1623,.T.);
#1595 = FACE_BOUND('',#1596,.T.);
#1596 = EDGE_LOOP('',(#1597,#1598,#1599,#1607,#1615,#1621,#1622));
#1597 = ORIENTED_EDGE('',*,*,#854,.F.);
#1598 = ORIENTED_EDGE('',*,*,#612,.T.);
#1599 = ORIENTED_EDGE('',*,*,#1600,.T.);
#1600 = EDGE_CURVE('',#605,#1601,#1603,.T.);
#1601 = VERTEX_POINT('',#1602);
#1602 = CARTESIAN_POINT('',(7.5,68.,20.));
#1603 = LINE('',#1604,#1605);
#1604 = CARTESIAN_POINT('',(7.5,68.,43.5));
#1605 = VECTOR('',#1606,1.);
#1606 = DIRECTION('',(-0.,-0.,-1.));
#1607 = ORIENTED_EDGE('',*,*,#1608,.F.);
#1608 = EDGE_CURVE('',#1609,#1601,#1611,.T.);
#1609 = VERTEX_POINT('',#1610);
#1610 = CARTESIAN_POINT('',(7.5,42.,20.));
#1611 = LINE('',#1612,#1613);
#1612 = CARTESIAN_POINT('',(7.5,50.,20.));
#1613 = VECTOR('',#1614,1.);
#1614 = DIRECTION('',(0.,1.,0.));
#1615 = ORIENTED_EDGE('',*,*,#1616,.T.);
#1616 = EDGE_CURVE('',#1609,#1183,#1617,.T.);
#1617 = LINE('',#1618,#1619);
#1618 = CARTESIAN_POINT('',(7.5,42.,20.));
#1619 = VECTOR('',#1620,1.);
#1620 = DIRECTION('',(0.,0.,1.));
#1621 = ORIENTED_EDGE('',*,*,#1182,.F.);
#1622 = ORIENTED_EDGE('',*,*,#878,.T.);
#1623 = PLANE('',#1624);
#1624 = AXIS2_PLACEMENT_3D('',#1625,#1626,#1627);
#1625 = CARTESIAN_POINT('',(7.5,55.,31.75));
#1626 = DIRECTION('',(-1.,-0.,-0.));
#1627 = DIRECTION('',(0.,0.,-1.));
#1628 = ADVANCED_FACE('',(#1629,#1663,#1666,#1669,#1672,#1675),#1678,.F.
  );
#1629 = FACE_BOUND('',#1630,.F.);
#1630 = EDGE_LOOP('',(#1631,#1641,#1649,#1657));
#1631 = ORIENTED_EDGE('',*,*,#1632,.F.);
#1632 = EDGE_CURVE('',#1633,#1635,#1637,.T.);
#1633 = VERTEX_POINT('',#1634);
#1634 = CARTESIAN_POINT('',(-11.75,-32.75,39.));
#1635 = VERTEX_POINT('',#1636);
#1636 = CARTESIAN_POINT('',(-11.75,10.25,39.));
#1637 = LINE('',#1638,#1639);
#1638 = CARTESIAN_POINT('',(-11.75,-32.75,39.));
#1639 = VECTOR('',#1640,1.);
#1640 = DIRECTION('',(0.,1.,0.));
#1641 = ORIENTED_EDGE('',*,*,#1642,.F.);
#1642 = EDGE_CURVE('',#1643,#1633,#1645,.T.);
#1643 = VERTEX_POINT('',#1644);
#1644 = CARTESIAN_POINT('',(31.25,-32.75,39.));
#1645 = LINE('',#1646,#1647);
#1646 = CARTESIAN_POINT('',(31.25,-32.75,39.));
#1647 = VECTOR('',#1648,1.);
#1648 = DIRECTION('',(-1.,0.,0.));
#1649 = ORIENTED_EDGE('',*,*,#1650,.F.);
#1650 = EDGE_CURVE('',#1651,#1643,#1653,.T.);
#1651 = VERTEX_POINT('',#1652);
#1652 = CARTESIAN_POINT('',(31.25,10.25,39.));
#1653 = LINE('',#1654,#1655);
#1654 = CARTESIAN_POINT('',(31.25,10.25,39.));
#1655 = VECTOR('',#1656,1.);
#1656 = DIRECTION('',(0.,-1.,0.));
#1657 = ORIENTED_EDGE('',*,*,#1658,.F.);
#1658 = EDGE_CURVE('',#1635,#1651,#1659,.T.);
#1659 = LINE('',#1660,#1661);
#1660 = CARTESIAN_POINT('',(-11.75,10.25,39.));
#1661 = VECTOR('',#1662,1.);
#1662 = DIRECTION('',(1.,0.,0.));
#1663 = FACE_BOUND('',#1664,.F.);
#1664 = EDGE_LOOP('',(#1665));
#1665 = ORIENTED_EDGE('',*,*,#754,.T.);
#1666 = FACE_BOUND('',#1667,.F.);
#1667 = EDGE_LOOP('',(#1668));
#1668 = ORIENTED_EDGE('',*,*,#730,.T.);
#1669 = FACE_BOUND('',#1670,.F.);
#1670 = EDGE_LOOP('',(#1671));
#1671 = ORIENTED_EDGE('',*,*,#802,.T.);
#1672 = FACE_BOUND('',#1673,.F.);
#1673 = EDGE_LOOP('',(#1674));
#1674 = ORIENTED_EDGE('',*,*,#634,.T.);
#1675 = FACE_BOUND('',#1676,.F.);
#1676 = EDGE_LOOP('',(#1677));
#1677 = ORIENTED_EDGE('',*,*,#786,.T.);
#1678 = PLANE('',#1679);
#1679 = AXIS2_PLACEMENT_3D('',#1680,#1681,#1682);
#1680 = CARTESIAN_POINT('',(9.75,-11.25,39.));
#1681 = DIRECTION('',(0.,0.,1.));
#1682 = DIRECTION('',(1.,0.,0.));
#1683 = ADVANCED_FACE('',(#1684,#1687),#1698,.T.);
#1684 = FACE_BOUND('',#1685,.T.);
#1685 = EDGE_LOOP('',(#1686));
#1686 = ORIENTED_EDGE('',*,*,#666,.T.);
#1687 = FACE_BOUND('',#1688,.T.);
#1688 = EDGE_LOOP('',(#1689));
#1689 = ORIENTED_EDGE('',*,*,#1690,.F.);
#1690 = EDGE_CURVE('',#1691,#1691,#1693,.T.);
#1691 = VERTEX_POINT('',#1692);
#1692 = CARTESIAN_POINT('',(22.65,62.,37.));
#1693 = CIRCLE('',#1694,2.65);
#1694 = AXIS2_PLACEMENT_3D('',#1695,#1696,#1697);
#1695 = CARTESIAN_POINT('',(20.,62.,37.));
#1696 = DIRECTION('',(0.,0.,1.));
#1697 = DIRECTION('',(1.,0.,0.));
#1698 = PLANE('',#1699);
#1699 = AXIS2_PLACEMENT_3D('',#1700,#1701,#1702);
#1700 = CARTESIAN_POINT('',(-6.9,5.,37.));
#1701 = DIRECTION('',(0.,0.,1.));
#1702 = DIRECTION('',(1.,0.,0.));
#1703 = ADVANCED_FACE('',(#1704,#1707),#1718,.T.);
#1704 = FACE_BOUND('',#1705,.T.);
#1705 = EDGE_LOOP('',(#1706));
#1706 = ORIENTED_EDGE('',*,*,#690,.T.);
#1707 = FACE_BOUND('',#1708,.T.);
#1708 = EDGE_LOOP('',(#1709));
#1709 = ORIENTED_EDGE('',*,*,#1710,.F.);
#1710 = EDGE_CURVE('',#1711,#1711,#1713,.T.);
#1711 = VERTEX_POINT('',#1712);
#1712 = CARTESIAN_POINT('',(42.65,62.,37.));
#1713 = CIRCLE('',#1714,2.65);
#1714 = AXIS2_PLACEMENT_3D('',#1715,#1716,#1717);
#1715 = CARTESIAN_POINT('',(40.,62.,37.));
#1716 = DIRECTION('',(0.,0.,1.));
#1717 = DIRECTION('',(1.,0.,0.));
#1718 = PLANE('',#1719);
#1719 = AXIS2_PLACEMENT_3D('',#1720,#1721,#1722);
#1720 = CARTESIAN_POINT('',(-6.9,5.,37.));
#1721 = DIRECTION('',(0.,0.,1.));
#1722 = DIRECTION('',(1.,0.,0.));
#1723 = ADVANCED_FACE('',(#1724,#1727),#1738,.T.);
#1724 = FACE_BOUND('',#1725,.T.);
#1725 = EDGE_LOOP('',(#1726));
#1726 = ORIENTED_EDGE('',*,*,#714,.T.);
#1727 = FACE_BOUND('',#1728,.T.);
#1728 = EDGE_LOOP('',(#1729));
#1729 = ORIENTED_EDGE('',*,*,#1730,.F.);
#1730 = EDGE_CURVE('',#1731,#1731,#1733,.T.);
#1731 = VERTEX_POINT('',#1732);
#1732 = CARTESIAN_POINT('',(-63.35,-40.,37.));
#1733 = CIRCLE('',#1734,2.65);
#1734 = AXIS2_PLACEMENT_3D('',#1735,#1736,#1737);
#1735 = CARTESIAN_POINT('',(-66.,-40.,37.));
#1736 = DIRECTION('',(0.,0.,1.));
#1737 = DIRECTION('',(1.,0.,0.));
#1738 = PLANE('',#1739);
#1739 = AXIS2_PLACEMENT_3D('',#1740,#1741,#1742);
#1740 = CARTESIAN_POINT('',(-6.9,5.,37.));
#1741 = DIRECTION('',(0.,0.,1.));
#1742 = DIRECTION('',(1.,0.,0.));
#1743 = ADVANCED_FACE('',(#1744,#1783,#1786),#1797,.T.);
#1744 = FACE_BOUND('',#1745,.T.);
#1745 = EDGE_LOOP('',(#1746,#1747,#1753,#1754,#1760,#1761,#1769,#1777));
#1746 = ORIENTED_EDGE('',*,*,#1440,.T.);
#1747 = ORIENTED_EDGE('',*,*,#1748,.F.);
#1748 = EDGE_CURVE('',#1377,#1433,#1749,.T.);
#1749 = LINE('',#1750,#1751);
#1750 = CARTESIAN_POINT('',(-74.0625,-47.9375,20.));
#1751 = VECTOR('',#1752,1.);
#1752 = DIRECTION('',(0.707106781187,-0.707106781187,1.773280894513E-16)
  );
#1753 = ORIENTED_EDGE('',*,*,#1376,.T.);
#1754 = ORIENTED_EDGE('',*,*,#1755,.F.);
#1755 = EDGE_CURVE('',#1338,#1379,#1756,.T.);
#1756 = LINE('',#1757,#1758);
#1757 = CARTESIAN_POINT('',(-74.0625,-9.5625,20.));
#1758 = VECTOR('',#1759,1.);
#1759 = DIRECTION('',(-0.707106781187,-0.707106781187,1.773280894513E-16
    ));
#1760 = ORIENTED_EDGE('',*,*,#1337,.T.);
#1761 = ORIENTED_EDGE('',*,*,#1762,.T.);
#1762 = EDGE_CURVE('',#1330,#1763,#1765,.T.);
#1763 = VERTEX_POINT('',#1764);
#1764 = CARTESIAN_POINT('',(-40.,-9.5,20.));
#1765 = LINE('',#1766,#1767);
#1766 = CARTESIAN_POINT('',(-39.9375,-9.5625,20.));
#1767 = VECTOR('',#1768,1.);
#1768 = DIRECTION('',(0.707106781187,-0.707106781187,1.773280894513E-16)
  );
#1769 = ORIENTED_EDGE('',*,*,#1770,.F.);
#1770 = EDGE_CURVE('',#1771,#1763,#1773,.T.);
#1771 = VERTEX_POINT('',#1772);
#1772 = CARTESIAN_POINT('',(-40.,-48.,20.));
#1773 = LINE('',#1774,#1775);
#1774 = CARTESIAN_POINT('',(-40.,-50.,20.));
#1775 = VECTOR('',#1776,1.);
#1776 = DIRECTION('',(0.,1.,-2.22044604925E-16));
#1777 = ORIENTED_EDGE('',*,*,#1778,.F.);
#1778 = EDGE_CURVE('',#1441,#1771,#1779,.T.);
#1779 = LINE('',#1780,#1781);
#1780 = CARTESIAN_POINT('',(-39.9375,-47.9375,20.));
#1781 = VECTOR('',#1782,1.);
#1782 = DIRECTION('',(0.707106781187,0.707106781187,-1.773280894513E-16)
  );
#1783 = FACE_BOUND('',#1784,.T.);
#1784 = EDGE_LOOP('',(#1785));
#1785 = ORIENTED_EDGE('',*,*,#835,.T.);
#1786 = FACE_BOUND('',#1787,.T.);
#1787 = EDGE_LOOP('',(#1788));
#1788 = ORIENTED_EDGE('',*,*,#1789,.T.);
#1789 = EDGE_CURVE('',#1790,#1790,#1792,.T.);
#1790 = VERTEX_POINT('',#1791);
#1791 = CARTESIAN_POINT('',(-63.35,-40.,20.));
#1792 = CIRCLE('',#1793,2.65);
#1793 = AXIS2_PLACEMENT_3D('',#1794,#1795,#1796);
#1794 = CARTESIAN_POINT('',(-66.,-40.,20.));
#1795 = DIRECTION('',(0.,0.,1.));
#1796 = DIRECTION('',(1.,0.,0.));
#1797 = PLANE('',#1798);
#1798 = AXIS2_PLACEMENT_3D('',#1799,#1800,#1801);
#1799 = CARTESIAN_POINT('',(-57.,-28.75,20.));
#1800 = DIRECTION('',(-0.,-2.507797890918E-16,-1.));
#1801 = DIRECTION('',(0.,-1.,2.507797890918E-16));
#1802 = ADVANCED_FACE('',(#1803),#1820,.T.);
#1803 = FACE_BOUND('',#1804,.T.);
#1804 = EDGE_LOOP('',(#1805,#1806,#1812,#1813,#1819));
#1805 = ORIENTED_EDGE('',*,*,#1175,.T.);
#1806 = ORIENTED_EDGE('',*,*,#1807,.T.);
#1807 = EDGE_CURVE('',#1168,#1007,#1808,.T.);
#1808 = LINE('',#1809,#1810);
#1809 = CARTESIAN_POINT('',(2.5,32.75,30.));
#1810 = VECTOR('',#1811,1.);
#1811 = DIRECTION('',(0.,0.,-1.));
#1812 = ORIENTED_EDGE('',*,*,#1006,.T.);
#1813 = ORIENTED_EDGE('',*,*,#1814,.F.);
#1814 = EDGE_CURVE('',#909,#999,#1815,.T.);
#1815 = LINE('',#1816,#1817);
#1816 = CARTESIAN_POINT('',(2.5,47.75,30.));
#1817 = VECTOR('',#1818,1.);
#1818 = DIRECTION('',(0.,0.,-1.));
#1819 = ORIENTED_EDGE('',*,*,#908,.F.);
#1820 = PLANE('',#1821);
#1821 = AXIS2_PLACEMENT_3D('',#1822,#1823,#1824);
#1822 = CARTESIAN_POINT('',(2.5,40.25,16.));
#1823 = DIRECTION('',(1.,0.,0.));
#1824 = DIRECTION('',(0.,0.,1.));
#1825 = ADVANCED_FACE('',(#1826),#1837,.F.);
#1826 = FACE_BOUND('',#1827,.F.);
#1827 = EDGE_LOOP('',(#1828,#1829,#1835,#1836));
#1828 = ORIENTED_EDGE('',*,*,#934,.F.);
#1829 = ORIENTED_EDGE('',*,*,#1830,.T.);
#1830 = EDGE_CURVE('',#927,#991,#1831,.T.);
#1831 = LINE('',#1832,#1833);
#1832 = CARTESIAN_POINT('',(-1.5,51.75,30.));
#1833 = VECTOR('',#1834,1.);
#1834 = DIRECTION('',(0.,0.,-1.));
#1835 = ORIENTED_EDGE('',*,*,#998,.T.);
#1836 = ORIENTED_EDGE('',*,*,#1814,.F.);
#1837 = PLANE('',#1838);
#1838 = AXIS2_PLACEMENT_3D('',#1839,#1840,#1841);
#1839 = CARTESIAN_POINT('',(0.5,49.75,30.));
#1840 = DIRECTION('',(-0.707106781187,-0.707106781187,0.));
#1841 = DIRECTION('',(0.,0.,-1.));
#1842 = ADVANCED_FACE('',(#1843,#1849),#1860,.F.);
#1843 = FACE_BOUND('',#1844,.F.);
#1844 = EDGE_LOOP('',(#1845,#1846,#1847,#1848));
#1845 = ORIENTED_EDGE('',*,*,#926,.F.);
#1846 = ORIENTED_EDGE('',*,*,#958,.T.);
#1847 = ORIENTED_EDGE('',*,*,#990,.T.);
#1848 = ORIENTED_EDGE('',*,*,#1830,.F.);
#1849 = FACE_BOUND('',#1850,.F.);
#1850 = EDGE_LOOP('',(#1851));
#1851 = ORIENTED_EDGE('',*,*,#1852,.F.);
#1852 = EDGE_CURVE('',#1853,#1853,#1855,.T.);
#1853 = VERTEX_POINT('',#1854);
#1854 = CARTESIAN_POINT('',(-5.35,51.75,10.));
#1855 = CIRCLE('',#1856,2.65);
#1856 = AXIS2_PLACEMENT_3D('',#1857,#1858,#1859);
#1857 = CARTESIAN_POINT('',(-8.,51.75,10.));
#1858 = DIRECTION('',(0.,-1.,2.22044604925E-16));
#1859 = DIRECTION('',(1.,0.,0.));
#1860 = PLANE('',#1861);
#1861 = AXIS2_PLACEMENT_3D('',#1862,#1863,#1864);
#1862 = CARTESIAN_POINT('',(-17.5,51.75,30.));
#1863 = DIRECTION('',(0.,-1.,0.));
#1864 = DIRECTION('',(1.,0.,0.));
#1865 = ADVANCED_FACE('',(#1866,#1877),#1888,.F.);
#1866 = FACE_BOUND('',#1867,.F.);
#1867 = EDGE_LOOP('',(#1868,#1869,#1875,#1876));
#1868 = ORIENTED_EDGE('',*,*,#1159,.F.);
#1869 = ORIENTED_EDGE('',*,*,#1870,.T.);
#1870 = EDGE_CURVE('',#1160,#973,#1871,.T.);
#1871 = LINE('',#1872,#1873);
#1872 = CARTESIAN_POINT('',(-1.5,28.75,30.));
#1873 = VECTOR('',#1874,1.);
#1874 = DIRECTION('',(0.,0.,-1.));
#1875 = ORIENTED_EDGE('',*,*,#972,.T.);
#1876 = ORIENTED_EDGE('',*,*,#1086,.F.);
#1877 = FACE_BOUND('',#1878,.F.);
#1878 = EDGE_LOOP('',(#1879));
#1879 = ORIENTED_EDGE('',*,*,#1880,.T.);
#1880 = EDGE_CURVE('',#1881,#1881,#1883,.T.);
#1881 = VERTEX_POINT('',#1882);
#1882 = CARTESIAN_POINT('',(-3.5,28.75,10.));
#1883 = CIRCLE('',#1884,4.5);
#1884 = AXIS2_PLACEMENT_3D('',#1885,#1886,#1887);
#1885 = CARTESIAN_POINT('',(-8.,28.75,10.));
#1886 = DIRECTION('',(0.,-1.,2.22044604925E-16));
#1887 = DIRECTION('',(1.,0.,0.));
#1888 = PLANE('',#1889);
#1889 = AXIS2_PLACEMENT_3D('',#1890,#1891,#1892);
#1890 = CARTESIAN_POINT('',(2.5,28.75,30.));
#1891 = DIRECTION('',(0.,1.,0.));
#1892 = DIRECTION('',(-1.,0.,0.));
#1893 = ADVANCED_FACE('',(#1894),#1900,.F.);
#1894 = FACE_BOUND('',#1895,.T.);
#1895 = EDGE_LOOP('',(#1896,#1897,#1898,#1899));
#1896 = ORIENTED_EDGE('',*,*,#1167,.F.);
#1897 = ORIENTED_EDGE('',*,*,#1870,.T.);
#1898 = ORIENTED_EDGE('',*,*,#1014,.T.);
#1899 = ORIENTED_EDGE('',*,*,#1807,.F.);
#1900 = PLANE('',#1901);
#1901 = AXIS2_PLACEMENT_3D('',#1902,#1903,#1904);
#1902 = CARTESIAN_POINT('',(0.5,30.75,30.));
#1903 = DIRECTION('',(-0.707106781187,0.707106781187,0.));
#1904 = DIRECTION('',(0.,0.,1.));
#1905 = ADVANCED_FACE('',(#1906),#1924,.T.);
#1906 = FACE_BOUND('',#1907,.F.);
#1907 = EDGE_LOOP('',(#1908,#1916,#1917,#1918));
#1908 = ORIENTED_EDGE('',*,*,#1909,.F.);
#1909 = EDGE_CURVE('',#1055,#1910,#1912,.T.);
#1910 = VERTEX_POINT('',#1911);
#1911 = CARTESIAN_POINT('',(-56.,13.5,2.));
#1912 = LINE('',#1913,#1914);
#1913 = CARTESIAN_POINT('',(-53.25,16.25,2.));
#1914 = VECTOR('',#1915,1.);
#1915 = DIRECTION('',(-0.707106781187,-0.707106781187,0.));
#1916 = ORIENTED_EDGE('',*,*,#1062,.T.);
#1917 = ORIENTED_EDGE('',*,*,#1299,.T.);
#1918 = ORIENTED_EDGE('',*,*,#1919,.F.);
#1919 = EDGE_CURVE('',#1910,#1300,#1920,.T.);
#1920 = LINE('',#1921,#1922);
#1921 = CARTESIAN_POINT('',(-56.,13.5,2.));
#1922 = VECTOR('',#1923,1.);
#1923 = DIRECTION('',(0.,0.,1.));
#1924 = PLANE('',#1925);
#1925 = AXIS2_PLACEMENT_3D('',#1926,#1927,#1928);
#1926 = CARTESIAN_POINT('',(-54.,15.5,2.));
#1927 = DIRECTION('',(-0.707106781187,0.707106781187,0.));
#1928 = DIRECTION('',(-0.,-0.,-1.));
#1929 = ADVANCED_FACE('',(#1930),#1980,.T.);
#1930 = FACE_BOUND('',#1931,.T.);
#1931 = EDGE_LOOP('',(#1932,#1942,#1950,#1958,#1966,#1972,#1973,#1974));
#1932 = ORIENTED_EDGE('',*,*,#1933,.T.);
#1933 = EDGE_CURVE('',#1934,#1936,#1938,.T.);
#1934 = VERTEX_POINT('',#1935);
#1935 = CARTESIAN_POINT('',(-30.,13.5,2.));
#1936 = VERTEX_POINT('',#1937);
#1937 = CARTESIAN_POINT('',(-30.,1.5,2.));
#1938 = LINE('',#1939,#1940);
#1939 = CARTESIAN_POINT('',(-30.,17.5,2.));
#1940 = VECTOR('',#1941,1.);
#1941 = DIRECTION('',(0.,-1.,0.));
#1942 = ORIENTED_EDGE('',*,*,#1943,.T.);
#1943 = EDGE_CURVE('',#1936,#1944,#1946,.T.);
#1944 = VERTEX_POINT('',#1945);
#1945 = CARTESIAN_POINT('',(-34.,-2.5,2.));
#1946 = LINE('',#1947,#1948);
#1947 = CARTESIAN_POINT('',(-32.75,-1.25,2.));
#1948 = VECTOR('',#1949,1.);
#1949 = DIRECTION('',(-0.707106781187,-0.707106781187,0.));
#1950 = ORIENTED_EDGE('',*,*,#1951,.T.);
#1951 = EDGE_CURVE('',#1944,#1952,#1954,.T.);
#1952 = VERTEX_POINT('',#1953);
#1953 = CARTESIAN_POINT('',(-52.,-2.5,2.));
#1954 = LINE('',#1955,#1956);
#1955 = CARTESIAN_POINT('',(-30.,-2.5,2.));
#1956 = VECTOR('',#1957,1.);
#1957 = DIRECTION('',(-1.,0.,0.));
#1958 = ORIENTED_EDGE('',*,*,#1959,.F.);
#1959 = EDGE_CURVE('',#1960,#1952,#1962,.T.);
#1960 = VERTEX_POINT('',#1961);
#1961 = CARTESIAN_POINT('',(-56.,1.5,2.));
#1962 = LINE('',#1963,#1964);
#1963 = CARTESIAN_POINT('',(-53.25,-1.25,2.));
#1964 = VECTOR('',#1965,1.);
#1965 = DIRECTION('',(0.707106781187,-0.707106781187,0.));
#1966 = ORIENTED_EDGE('',*,*,#1967,.T.);
#1967 = EDGE_CURVE('',#1960,#1910,#1968,.T.);
#1968 = LINE('',#1969,#1970);
#1969 = CARTESIAN_POINT('',(-56.,-2.5,2.));
#1970 = VECTOR('',#1971,1.);
#1971 = DIRECTION('',(0.,1.,0.));
#1972 = ORIENTED_EDGE('',*,*,#1909,.F.);
#1973 = ORIENTED_EDGE('',*,*,#1054,.T.);
#1974 = ORIENTED_EDGE('',*,*,#1975,.T.);
#1975 = EDGE_CURVE('',#1047,#1934,#1976,.T.);
#1976 = LINE('',#1977,#1978);
#1977 = CARTESIAN_POINT('',(-32.75,16.25,2.));
#1978 = VECTOR('',#1979,1.);
#1979 = DIRECTION('',(0.707106781187,-0.707106781187,0.));
#1980 = PLANE('',#1981);
#1981 = AXIS2_PLACEMENT_3D('',#1982,#1983,#1984);
#1982 = CARTESIAN_POINT('',(-43.,7.5,2.));
#1983 = DIRECTION('',(-0.,-0.,-1.));
#1984 = DIRECTION('',(-1.,0.,0.));
#1985 = ADVANCED_FACE('',(#1986),#1997,.F.);
#1986 = FACE_BOUND('',#1987,.F.);
#1987 = EDGE_LOOP('',(#1988,#1989,#1990,#1991));
#1988 = ORIENTED_EDGE('',*,*,#1150,.F.);
#1989 = ORIENTED_EDGE('',*,*,#1046,.T.);
#1990 = ORIENTED_EDGE('',*,*,#1975,.T.);
#1991 = ORIENTED_EDGE('',*,*,#1992,.F.);
#1992 = EDGE_CURVE('',#1143,#1934,#1993,.T.);
#1993 = LINE('',#1994,#1995);
#1994 = CARTESIAN_POINT('',(-30.,13.5,30.));
#1995 = VECTOR('',#1996,1.);
#1996 = DIRECTION('',(0.,0.,-1.));
#1997 = PLANE('',#1998);
#1998 = AXIS2_PLACEMENT_3D('',#1999,#2000,#2001);
#1999 = CARTESIAN_POINT('',(-32.,15.5,30.));
#2000 = DIRECTION('',(-0.707106781187,-0.707106781187,0.));
#2001 = DIRECTION('',(0.,0.,-1.));
#2002 = ADVANCED_FACE('',(#2003),#2014,.F.);
#2003 = FACE_BOUND('',#2004,.T.);
#2004 = EDGE_LOOP('',(#2005,#2006,#2007,#2008));
#2005 = ORIENTED_EDGE('',*,*,#1762,.F.);
#2006 = ORIENTED_EDGE('',*,*,#1329,.T.);
#2007 = ORIENTED_EDGE('',*,*,#1239,.T.);
#2008 = ORIENTED_EDGE('',*,*,#2009,.F.);
#2009 = EDGE_CURVE('',#1763,#1232,#2010,.T.);
#2010 = LINE('',#2011,#2012);
#2011 = CARTESIAN_POINT('',(-40.,-9.5,20.));
#2012 = VECTOR('',#2013,1.);
#2013 = DIRECTION('',(0.,0.,1.));
#2014 = PLANE('',#2015);
#2015 = AXIS2_PLACEMENT_3D('',#2016,#2017,#2018);
#2016 = CARTESIAN_POINT('',(-41.,-8.5,20.));
#2017 = DIRECTION('',(-0.707106781187,-0.707106781187,0.));
#2018 = DIRECTION('',(-0.,-0.,-1.));
#2019 = ADVANCED_FACE('',(#2020,#2033),#2044,.T.);
#2020 = FACE_BOUND('',#2021,.T.);
#2021 = EDGE_LOOP('',(#2022,#2023,#2024,#2025,#2031,#2032));
#2022 = ORIENTED_EDGE('',*,*,#1307,.T.);
#2023 = ORIENTED_EDGE('',*,*,#1919,.F.);
#2024 = ORIENTED_EDGE('',*,*,#1967,.F.);
#2025 = ORIENTED_EDGE('',*,*,#2026,.F.);
#2026 = EDGE_CURVE('',#1111,#1960,#2027,.T.);
#2027 = LINE('',#2028,#2029);
#2028 = CARTESIAN_POINT('',(-56.,1.5,30.));
#2029 = VECTOR('',#2030,1.);
#2030 = DIRECTION('',(0.,0.,-1.));
#2031 = ORIENTED_EDGE('',*,*,#1110,.F.);
#2032 = ORIENTED_EDGE('',*,*,#1322,.T.);
#2033 = FACE_BOUND('',#2034,.T.);
#2034 = EDGE_LOOP('',(#2035));
#2035 = ORIENTED_EDGE('',*,*,#2036,.T.);
#2036 = EDGE_CURVE('',#2037,#2037,#2039,.T.);
#2037 = VERTEX_POINT('',#2038);
#2038 = CARTESIAN_POINT('',(-56.,10.65,10.));
#2039 = CIRCLE('',#2040,2.65);
#2040 = AXIS2_PLACEMENT_3D('',#2041,#2042,#2043);
#2041 = CARTESIAN_POINT('',(-56.,8.,10.));
#2042 = DIRECTION('',(1.,0.,0.));
#2043 = DIRECTION('',(0.,1.,0.));
#2044 = PLANE('',#2045);
#2045 = AXIS2_PLACEMENT_3D('',#2046,#2047,#2048);
#2046 = CARTESIAN_POINT('',(-56.,6.052631578947,23.802631578947));
#2047 = DIRECTION('',(-1.,-0.,-0.));
#2048 = DIRECTION('',(0.,0.,-1.));
#2049 = ADVANCED_FACE('',(#2050),#2061,.F.);
#2050 = FACE_BOUND('',#2051,.F.);
#2051 = EDGE_LOOP('',(#2052,#2053,#2059,#2060));
#2052 = ORIENTED_EDGE('',*,*,#1770,.F.);
#2053 = ORIENTED_EDGE('',*,*,#2054,.T.);
#2054 = EDGE_CURVE('',#1771,#1224,#2055,.T.);
#2055 = LINE('',#2056,#2057);
#2056 = CARTESIAN_POINT('',(-40.,-48.,20.));
#2057 = VECTOR('',#2058,1.);
#2058 = DIRECTION('',(0.,0.,1.));
#2059 = ORIENTED_EDGE('',*,*,#1231,.T.);
#2060 = ORIENTED_EDGE('',*,*,#2009,.F.);
#2061 = PLANE('',#2062);
#2062 = AXIS2_PLACEMENT_3D('',#2063,#2064,#2065);
#2063 = CARTESIAN_POINT('',(-40.,-50.,0.));
#2064 = DIRECTION('',(-1.,0.,0.));
#2065 = DIRECTION('',(0.,1.,-2.22044604925E-16));
#2066 = ADVANCED_FACE('',(#2067),#2083,.T.);
#2067 = FACE_BOUND('',#2068,.T.);
#2068 = EDGE_LOOP('',(#2069,#2075,#2076,#2082));
#2069 = ORIENTED_EDGE('',*,*,#2070,.F.);
#2070 = EDGE_CURVE('',#1224,#1449,#2071,.T.);
#2071 = LINE('',#2072,#2073);
#2072 = CARTESIAN_POINT('',(-39.,-47.,29.));
#2073 = VECTOR('',#2074,1.);
#2074 = DIRECTION('',(-0.57735026919,-0.57735026919,0.57735026919));
#2075 = ORIENTED_EDGE('',*,*,#1223,.T.);
#2076 = ORIENTED_EDGE('',*,*,#2077,.T.);
#2077 = EDGE_CURVE('',#1215,#1424,#2078,.T.);
#2078 = LINE('',#2079,#2080);
#2079 = CARTESIAN_POINT('',(30.,-49.,31.));
#2080 = VECTOR('',#2081,1.);
#2081 = DIRECTION('',(0.,-0.707106781187,0.707106781187));
#2082 = ORIENTED_EDGE('',*,*,#1456,.F.);
#2083 = PLANE('',#2084);
#2084 = AXIS2_PLACEMENT_3D('',#2085,#2086,#2087);
#2085 = CARTESIAN_POINT('',(-40.,-49.,31.));
#2086 = DIRECTION('',(0.,-0.707106781187,-0.707106781187));
#2087 = DIRECTION('',(1.,0.,0.));
#2088 = ADVANCED_FACE('',(#2089),#2100,.T.);
#2089 = FACE_BOUND('',#2090,.T.);
#2090 = EDGE_LOOP('',(#2091,#2092,#2093,#2094));
#2091 = ORIENTED_EDGE('',*,*,#1118,.F.);
#2092 = ORIENTED_EDGE('',*,*,#2026,.T.);
#2093 = ORIENTED_EDGE('',*,*,#1959,.T.);
#2094 = ORIENTED_EDGE('',*,*,#2095,.F.);
#2095 = EDGE_CURVE('',#1119,#1952,#2096,.T.);
#2096 = LINE('',#2097,#2098);
#2097 = CARTESIAN_POINT('',(-52.,-2.5,30.));
#2098 = VECTOR('',#2099,1.);
#2099 = DIRECTION('',(0.,0.,-1.));
#2100 = PLANE('',#2101);
#2101 = AXIS2_PLACEMENT_3D('',#2102,#2103,#2104);
#2102 = CARTESIAN_POINT('',(-54.,-0.5,30.));
#2103 = DIRECTION('',(-0.707106781187,-0.707106781187,0.));
#2104 = DIRECTION('',(0.,0.,-1.));
#2105 = ADVANCED_FACE('',(#2106),#2117,.T.);
#2106 = FACE_BOUND('',#2107,.T.);
#2107 = EDGE_LOOP('',(#2108,#2109,#2110,#2116));
#2108 = ORIENTED_EDGE('',*,*,#2077,.F.);
#2109 = ORIENTED_EDGE('',*,*,#1214,.T.);
#2110 = ORIENTED_EDGE('',*,*,#2111,.T.);
#2111 = EDGE_CURVE('',#1207,#1471,#2112,.T.);
#2112 = LINE('',#2113,#2114);
#2113 = CARTESIAN_POINT('',(50.,-30.,32.));
#2114 = VECTOR('',#2115,1.);
#2115 = DIRECTION('',(0.707106781187,-1.689051995065E-16,0.707106781187)
  );
#2116 = ORIENTED_EDGE('',*,*,#1478,.F.);
#2117 = CONICAL_SURFACE('',#2118,20.,0.785398163397);
#2118 = AXIS2_PLACEMENT_3D('',#2119,#2120,#2121);
#2119 = CARTESIAN_POINT('',(30.,-30.,32.));
#2120 = DIRECTION('',(0.,0.,1.));
#2121 = DIRECTION('',(-1.7763568394E-16,-1.,-0.));
#2122 = ADVANCED_FACE('',(#2123),#2134,.T.);
#2123 = FACE_BOUND('',#2124,.T.);
#2124 = EDGE_LOOP('',(#2125,#2126,#2127,#2128));
#2125 = ORIENTED_EDGE('',*,*,#1126,.T.);
#2126 = ORIENTED_EDGE('',*,*,#2095,.T.);
#2127 = ORIENTED_EDGE('',*,*,#1951,.F.);
#2128 = ORIENTED_EDGE('',*,*,#2129,.F.);
#2129 = EDGE_CURVE('',#1127,#1944,#2130,.T.);
#2130 = LINE('',#2131,#2132);
#2131 = CARTESIAN_POINT('',(-34.,-2.5,30.));
#2132 = VECTOR('',#2133,1.);
#2133 = DIRECTION('',(0.,0.,-1.));
#2134 = PLANE('',#2135);
#2135 = AXIS2_PLACEMENT_3D('',#2136,#2137,#2138);
#2136 = CARTESIAN_POINT('',(-43.,-2.5,16.));
#2137 = DIRECTION('',(-0.,-1.,-0.));
#2138 = DIRECTION('',(0.,0.,-1.));
#2139 = ADVANCED_FACE('',(#2140),#2151,.T.);
#2140 = FACE_BOUND('',#2141,.T.);
#2141 = EDGE_LOOP('',(#2142,#2143,#2144,#2150));
#2142 = ORIENTED_EDGE('',*,*,#2111,.F.);
#2143 = ORIENTED_EDGE('',*,*,#1206,.T.);
#2144 = ORIENTED_EDGE('',*,*,#2145,.T.);
#2145 = EDGE_CURVE('',#1199,#1513,#2146,.T.);
#2146 = LINE('',#2147,#2148);
#2147 = CARTESIAN_POINT('',(35.333333333333,27.333333333333,
    17.333333333333));
#2148 = VECTOR('',#2149,1.);
#2149 = DIRECTION('',(0.57735026919,0.57735026919,0.57735026919));
#2150 = ORIENTED_EDGE('',*,*,#1512,.F.);
#2151 = PLANE('',#2152);
#2152 = AXIS2_PLACEMENT_3D('',#2153,#2154,#2155);
#2153 = CARTESIAN_POINT('',(49.,-30.,31.));
#2154 = DIRECTION('',(0.707106781187,0.,-0.707106781187));
#2155 = DIRECTION('',(0.,1.,0.));
#2156 = ADVANCED_FACE('',(#2157),#2168,.F.);
#2157 = FACE_BOUND('',#2158,.F.);
#2158 = EDGE_LOOP('',(#2159,#2160,#2166,#2167));
#2159 = ORIENTED_EDGE('',*,*,#1134,.F.);
#2160 = ORIENTED_EDGE('',*,*,#2161,.T.);
#2161 = EDGE_CURVE('',#1135,#1936,#2162,.T.);
#2162 = LINE('',#2163,#2164);
#2163 = CARTESIAN_POINT('',(-30.,1.5,30.));
#2164 = VECTOR('',#2165,1.);
#2165 = DIRECTION('',(0.,0.,-1.));
#2166 = ORIENTED_EDGE('',*,*,#1943,.T.);
#2167 = ORIENTED_EDGE('',*,*,#2129,.F.);
#2168 = PLANE('',#2169);
#2169 = AXIS2_PLACEMENT_3D('',#2170,#2171,#2172);
#2170 = CARTESIAN_POINT('',(-32.,-0.5,30.));
#2171 = DIRECTION('',(-0.707106781187,0.707106781187,0.));
#2172 = DIRECTION('',(0.,0.,-1.));
#2173 = ADVANCED_FACE('',(#2174),#2199,.T.);
#2174 = FACE_BOUND('',#2175,.T.);
#2175 = EDGE_LOOP('',(#2176,#2186,#2192,#2193));
#2176 = ORIENTED_EDGE('',*,*,#2177,.F.);
#2177 = EDGE_CURVE('',#2178,#2180,#2182,.T.);
#2178 = VERTEX_POINT('',#2179);
#2179 = CARTESIAN_POINT('',(48.,40.,20.));
#2180 = VERTEX_POINT('',#2181);
#2181 = CARTESIAN_POINT('',(9.5,40.,20.));
#2182 = LINE('',#2183,#2184);
#2183 = CARTESIAN_POINT('',(50.,40.,20.));
#2184 = VECTOR('',#2185,1.);
#2185 = DIRECTION('',(-1.,-0.,-0.));
#2186 = ORIENTED_EDGE('',*,*,#2187,.T.);
#2187 = EDGE_CURVE('',#2178,#1199,#2188,.T.);
#2188 = LINE('',#2189,#2190);
#2189 = CARTESIAN_POINT('',(48.,40.,20.));
#2190 = VECTOR('',#2191,1.);
#2191 = DIRECTION('',(0.,0.,1.));
#2192 = ORIENTED_EDGE('',*,*,#1198,.T.);
#2193 = ORIENTED_EDGE('',*,*,#2194,.F.);
#2194 = EDGE_CURVE('',#2180,#1191,#2195,.T.);
#2195 = LINE('',#2196,#2197);
#2196 = CARTESIAN_POINT('',(9.5,40.,20.));
#2197 = VECTOR('',#2198,1.);
#2198 = DIRECTION('',(0.,0.,1.));
#2199 = PLANE('',#2200);
#2200 = AXIS2_PLACEMENT_3D('',#2201,#2202,#2203);
#2201 = CARTESIAN_POINT('',(50.,40.,0.));
#2202 = DIRECTION('',(0.,-1.,0.));
#2203 = DIRECTION('',(-1.,0.,0.));
#2204 = ADVANCED_FACE('',(#2205,#2211),#2222,.F.);
#2205 = FACE_BOUND('',#2206,.F.);
#2206 = EDGE_LOOP('',(#2207,#2208,#2209,#2210));
#2207 = ORIENTED_EDGE('',*,*,#1142,.F.);
#2208 = ORIENTED_EDGE('',*,*,#1992,.T.);
#2209 = ORIENTED_EDGE('',*,*,#1933,.T.);
#2210 = ORIENTED_EDGE('',*,*,#2161,.F.);
#2211 = FACE_BOUND('',#2212,.F.);
#2212 = EDGE_LOOP('',(#2213));
#2213 = ORIENTED_EDGE('',*,*,#2214,.T.);
#2214 = EDGE_CURVE('',#2215,#2215,#2217,.T.);
#2215 = VERTEX_POINT('',#2216);
#2216 = CARTESIAN_POINT('',(-30.,12.5,10.));
#2217 = CIRCLE('',#2218,4.5);
#2218 = AXIS2_PLACEMENT_3D('',#2219,#2220,#2221);
#2219 = CARTESIAN_POINT('',(-30.,8.,10.));
#2220 = DIRECTION('',(1.,0.,0.));
#2221 = DIRECTION('',(0.,1.,0.));
#2222 = PLANE('',#2223);
#2223 = AXIS2_PLACEMENT_3D('',#2224,#2225,#2226);
#2224 = CARTESIAN_POINT('',(-30.,17.5,30.));
#2225 = DIRECTION('',(-1.,-0.,-0.));
#2226 = DIRECTION('',(0.,-1.,0.));
#2227 = ADVANCED_FACE('',(#2228),#2239,.T.);
#2228 = FACE_BOUND('',#2229,.F.);
#2229 = EDGE_LOOP('',(#2230,#2236,#2237,#2238));
#2230 = ORIENTED_EDGE('',*,*,#2231,.F.);
#2231 = EDGE_CURVE('',#1609,#2180,#2232,.T.);
#2232 = LINE('',#2233,#2234);
#2233 = CARTESIAN_POINT('',(10.0625,39.4375,20.));
#2234 = VECTOR('',#2235,1.);
#2235 = DIRECTION('',(0.707106781187,-0.707106781187,0.));
#2236 = ORIENTED_EDGE('',*,*,#1616,.T.);
#2237 = ORIENTED_EDGE('',*,*,#1190,.T.);
#2238 = ORIENTED_EDGE('',*,*,#2194,.F.);
#2239 = PLANE('',#2240);
#2240 = AXIS2_PLACEMENT_3D('',#2241,#2242,#2243);
#2241 = CARTESIAN_POINT('',(8.5,41.,20.));
#2242 = DIRECTION('',(-0.707106781187,-0.707106781187,0.));
#2243 = DIRECTION('',(-0.,-0.,-1.));
#2244 = ADVANCED_FACE('',(#2245),#2261,.F.);
#2245 = FACE_BOUND('',#2246,.F.);
#2246 = EDGE_LOOP('',(#2247,#2248,#2254,#2255));
#2247 = ORIENTED_EDGE('',*,*,#1247,.F.);
#2248 = ORIENTED_EDGE('',*,*,#2249,.T.);
#2249 = EDGE_CURVE('',#1248,#1651,#2250,.T.);
#2250 = LINE('',#2251,#2252);
#2251 = CARTESIAN_POINT('',(31.25,10.25,0.));
#2252 = VECTOR('',#2253,1.);
#2253 = DIRECTION('',(0.,0.,1.));
#2254 = ORIENTED_EDGE('',*,*,#1650,.T.);
#2255 = ORIENTED_EDGE('',*,*,#2256,.F.);
#2256 = EDGE_CURVE('',#1250,#1643,#2257,.T.);
#2257 = LINE('',#2258,#2259);
#2258 = CARTESIAN_POINT('',(31.25,-32.75,0.));
#2259 = VECTOR('',#2260,1.);
#2260 = DIRECTION('',(0.,0.,1.));
#2261 = PLANE('',#2262);
#2262 = AXIS2_PLACEMENT_3D('',#2263,#2264,#2265);
#2263 = CARTESIAN_POINT('',(31.25,10.25,0.));
#2264 = DIRECTION('',(1.,0.,0.));
#2265 = DIRECTION('',(0.,-1.,0.));
#2266 = ADVANCED_FACE('',(#2267),#2278,.F.);
#2267 = FACE_BOUND('',#2268,.F.);
#2268 = EDGE_LOOP('',(#2269,#2270,#2271,#2277));
#2269 = ORIENTED_EDGE('',*,*,#2249,.F.);
#2270 = ORIENTED_EDGE('',*,*,#1257,.F.);
#2271 = ORIENTED_EDGE('',*,*,#2272,.T.);
#2272 = EDGE_CURVE('',#1258,#1635,#2273,.T.);
#2273 = LINE('',#2274,#2275);
#2274 = CARTESIAN_POINT('',(-11.75,10.25,0.));
#2275 = VECTOR('',#2276,1.);
#2276 = DIRECTION('',(0.,0.,1.));
#2277 = ORIENTED_EDGE('',*,*,#1658,.T.);
#2278 = PLANE('',#2279);
#2279 = AXIS2_PLACEMENT_3D('',#2280,#2281,#2282);
#2280 = CARTESIAN_POINT('',(-11.75,10.25,0.));
#2281 = DIRECTION('',(0.,1.,0.));
#2282 = DIRECTION('',(1.,0.,0.));
#2283 = ADVANCED_FACE('',(#2284),#2295,.F.);
#2284 = FACE_BOUND('',#2285,.F.);
#2285 = EDGE_LOOP('',(#2286,#2287,#2288,#2294));
#2286 = ORIENTED_EDGE('',*,*,#2272,.F.);
#2287 = ORIENTED_EDGE('',*,*,#1265,.F.);
#2288 = ORIENTED_EDGE('',*,*,#2289,.T.);
#2289 = EDGE_CURVE('',#1266,#1633,#2290,.T.);
#2290 = LINE('',#2291,#2292);
#2291 = CARTESIAN_POINT('',(-11.75,-32.75,0.));
#2292 = VECTOR('',#2293,1.);
#2293 = DIRECTION('',(0.,0.,1.));
#2294 = ORIENTED_EDGE('',*,*,#1632,.T.);
#2295 = PLANE('',#2296);
#2296 = AXIS2_PLACEMENT_3D('',#2297,#2298,#2299);
#2297 = CARTESIAN_POINT('',(-11.75,-32.75,0.));
#2298 = DIRECTION('',(-1.,0.,0.));
#2299 = DIRECTION('',(0.,1.,0.));
#2300 = ADVANCED_FACE('',(#2301),#2307,.F.);
#2301 = FACE_BOUND('',#2302,.F.);
#2302 = EDGE_LOOP('',(#2303,#2304,#2305,#2306));
#2303 = ORIENTED_EDGE('',*,*,#1273,.F.);
#2304 = ORIENTED_EDGE('',*,*,#2256,.T.);
#2305 = ORIENTED_EDGE('',*,*,#1642,.T.);
#2306 = ORIENTED_EDGE('',*,*,#2289,.F.);
#2307 = PLANE('',#2308);
#2308 = AXIS2_PLACEMENT_3D('',#2309,#2310,#2311);
#2309 = CARTESIAN_POINT('',(31.25,-32.75,0.));
#2310 = DIRECTION('',(0.,-1.,0.));
#2311 = DIRECTION('',(-1.,0.,0.));
#2312 = ADVANCED_FACE('',(#2313),#2319,.T.);
#2313 = FACE_BOUND('',#2314,.F.);
#2314 = EDGE_LOOP('',(#2315,#2316,#2317,#2318));
#2315 = ORIENTED_EDGE('',*,*,#1755,.F.);
#2316 = ORIENTED_EDGE('',*,*,#1345,.T.);
#2317 = ORIENTED_EDGE('',*,*,#1361,.F.);
#2318 = ORIENTED_EDGE('',*,*,#1393,.F.);
#2319 = PLANE('',#2320);
#2320 = AXIS2_PLACEMENT_3D('',#2321,#2322,#2323);
#2321 = CARTESIAN_POINT('',(-73.,-8.5,20.));
#2322 = DIRECTION('',(-0.707106781187,0.707106781187,0.));
#2323 = DIRECTION('',(-0.,-0.,-1.));
#2324 = ADVANCED_FACE('',(#2325),#2331,.T.);
#2325 = FACE_BOUND('',#2326,.F.);
#2326 = EDGE_LOOP('',(#2327,#2328,#2329,#2330));
#2327 = ORIENTED_EDGE('',*,*,#1748,.F.);
#2328 = ORIENTED_EDGE('',*,*,#1386,.T.);
#2329 = ORIENTED_EDGE('',*,*,#1408,.F.);
#2330 = ORIENTED_EDGE('',*,*,#1432,.F.);
#2331 = PLANE('',#2332);
#2332 = AXIS2_PLACEMENT_3D('',#2333,#2334,#2335);
#2333 = CARTESIAN_POINT('',(-73.,-49.,20.));
#2334 = DIRECTION('',(-0.707106781187,-0.707106781187,0.));
#2335 = DIRECTION('',(-0.,-0.,-1.));
#2336 = ADVANCED_FACE('',(#2337),#2343,.F.);
#2337 = FACE_BOUND('',#2338,.F.);
#2338 = EDGE_LOOP('',(#2339,#2340,#2341,#2342));
#2339 = ORIENTED_EDGE('',*,*,#1778,.F.);
#2340 = ORIENTED_EDGE('',*,*,#1448,.T.);
#2341 = ORIENTED_EDGE('',*,*,#2070,.F.);
#2342 = ORIENTED_EDGE('',*,*,#2054,.F.);
#2343 = PLANE('',#2344);
#2344 = AXIS2_PLACEMENT_3D('',#2345,#2346,#2347);
#2345 = CARTESIAN_POINT('',(-41.,-49.,20.));
#2346 = DIRECTION('',(-0.707106781187,0.707106781187,0.));
#2347 = DIRECTION('',(0.,0.,1.));
#2348 = ADVANCED_FACE('',(#2349),#2360,.T.);
#2349 = FACE_BOUND('',#2350,.T.);
#2350 = EDGE_LOOP('',(#2351,#2357,#2358,#2359));
#2351 = ORIENTED_EDGE('',*,*,#2352,.F.);
#2352 = EDGE_CURVE('',#1552,#1529,#2353,.T.);
#2353 = LINE('',#2354,#2355);
#2354 = CARTESIAN_POINT('',(47.4375,70.5625,20.));
#2355 = VECTOR('',#2356,1.);
#2356 = DIRECTION('',(0.707106781187,-0.707106781187,0.));
#2357 = ORIENTED_EDGE('',*,*,#1568,.T.);
#2358 = ORIENTED_EDGE('',*,*,#1496,.T.);
#2359 = ORIENTED_EDGE('',*,*,#1536,.F.);
#2360 = PLANE('',#2361);
#2361 = AXIS2_PLACEMENT_3D('',#2362,#2363,#2364);
#2362 = CARTESIAN_POINT('',(49.,69.,20.));
#2363 = DIRECTION('',(0.707106781187,0.707106781187,0.));
#2364 = DIRECTION('',(0.,0.,1.));
#2365 = ADVANCED_FACE('',(#2366),#2377,.T.);
#2366 = FACE_BOUND('',#2367,.T.);
#2367 = EDGE_LOOP('',(#2368,#2374,#2375,#2376));
#2368 = ORIENTED_EDGE('',*,*,#2369,.F.);
#2369 = EDGE_CURVE('',#1521,#2178,#2370,.T.);
#2370 = LINE('',#2371,#2372);
#2371 = CARTESIAN_POINT('',(47.4375,39.4375,20.));
#2372 = VECTOR('',#2373,1.);
#2373 = DIRECTION('',(-0.707106781187,-0.707106781187,0.));
#2374 = ORIENTED_EDGE('',*,*,#1520,.T.);
#2375 = ORIENTED_EDGE('',*,*,#2145,.F.);
#2376 = ORIENTED_EDGE('',*,*,#2187,.F.);
#2377 = PLANE('',#2378);
#2378 = AXIS2_PLACEMENT_3D('',#2379,#2380,#2381);
#2379 = CARTESIAN_POINT('',(49.,41.,20.));
#2380 = DIRECTION('',(0.707106781187,-0.707106781187,0.));
#2381 = DIRECTION('',(0.,0.,1.));
#2382 = ADVANCED_FACE('',(#2383,#2398,#2409),#2420,.T.);
#2383 = FACE_BOUND('',#2384,.T.);
#2384 = EDGE_LOOP('',(#2385,#2386,#2387,#2388,#2394,#2395,#2396,#2397));
#2385 = ORIENTED_EDGE('',*,*,#2177,.T.);
#2386 = ORIENTED_EDGE('',*,*,#2231,.F.);
#2387 = ORIENTED_EDGE('',*,*,#1608,.T.);
#2388 = ORIENTED_EDGE('',*,*,#2389,.T.);
#2389 = EDGE_CURVE('',#1601,#1554,#2390,.T.);
#2390 = LINE('',#2391,#2392);
#2391 = CARTESIAN_POINT('',(10.0625,70.5625,20.));
#2392 = VECTOR('',#2393,1.);
#2393 = DIRECTION('',(0.707106781187,0.707106781187,0.));
#2394 = ORIENTED_EDGE('',*,*,#1551,.F.);
#2395 = ORIENTED_EDGE('',*,*,#2352,.T.);
#2396 = ORIENTED_EDGE('',*,*,#1528,.F.);
#2397 = ORIENTED_EDGE('',*,*,#2369,.T.);
#2398 = FACE_BOUND('',#2399,.T.);
#2399 = EDGE_LOOP('',(#2400));
#2400 = ORIENTED_EDGE('',*,*,#2401,.T.);
#2401 = EDGE_CURVE('',#2402,#2402,#2404,.T.);
#2402 = VERTEX_POINT('',#2403);
#2403 = CARTESIAN_POINT('',(42.65,62.,20.));
#2404 = CIRCLE('',#2405,2.65);
#2405 = AXIS2_PLACEMENT_3D('',#2406,#2407,#2408);
#2406 = CARTESIAN_POINT('',(40.,62.,20.));
#2407 = DIRECTION('',(0.,0.,1.));
#2408 = DIRECTION('',(1.,0.,0.));
#2409 = FACE_BOUND('',#2410,.T.);
#2410 = EDGE_LOOP('',(#2411));
#2411 = ORIENTED_EDGE('',*,*,#2412,.T.);
#2412 = EDGE_CURVE('',#2413,#2413,#2415,.T.);
#2413 = VERTEX_POINT('',#2414);
#2414 = CARTESIAN_POINT('',(22.65,62.,20.));
#2415 = CIRCLE('',#2416,2.65);
#2416 = AXIS2_PLACEMENT_3D('',#2417,#2418,#2419);
#2417 = CARTESIAN_POINT('',(20.,62.,20.));
#2418 = DIRECTION('',(0.,0.,1.));
#2419 = DIRECTION('',(1.,0.,0.));
#2420 = PLANE('',#2421);
#2421 = AXIS2_PLACEMENT_3D('',#2422,#2423,#2424);
#2422 = CARTESIAN_POINT('',(28.75,55.,20.));
#2423 = DIRECTION('',(-0.,-0.,-1.));
#2424 = DIRECTION('',(-1.,0.,0.));
#2425 = ADVANCED_FACE('',(#2426),#2432,.T.);
#2426 = FACE_BOUND('',#2427,.F.);
#2427 = EDGE_LOOP('',(#2428,#2429,#2430,#2431));
#2428 = ORIENTED_EDGE('',*,*,#1583,.T.);
#2429 = ORIENTED_EDGE('',*,*,#1600,.T.);
#2430 = ORIENTED_EDGE('',*,*,#2389,.T.);
#2431 = ORIENTED_EDGE('',*,*,#1561,.F.);
#2432 = PLANE('',#2433);
#2433 = AXIS2_PLACEMENT_3D('',#2434,#2435,#2436);
#2434 = CARTESIAN_POINT('',(8.5,69.,43.5));
#2435 = DIRECTION('',(-0.707106781187,0.707106781187,0.));
#2436 = DIRECTION('',(0.,0.,1.));
#2437 = ADVANCED_FACE('',(#2438),#2449,.F.);
#2438 = FACE_BOUND('',#2439,.F.);
#2439 = EDGE_LOOP('',(#2440,#2441,#2447,#2448));
#2440 = ORIENTED_EDGE('',*,*,#1690,.F.);
#2441 = ORIENTED_EDGE('',*,*,#2442,.T.);
#2442 = EDGE_CURVE('',#1691,#2413,#2443,.T.);
#2443 = LINE('',#2444,#2445);
#2444 = CARTESIAN_POINT('',(22.65,62.,43.5));
#2445 = VECTOR('',#2446,1.);
#2446 = DIRECTION('',(-0.,-0.,-1.));
#2447 = ORIENTED_EDGE('',*,*,#2412,.T.);
#2448 = ORIENTED_EDGE('',*,*,#2442,.F.);
#2449 = CYLINDRICAL_SURFACE('',#2450,2.65);
#2450 = AXIS2_PLACEMENT_3D('',#2451,#2452,#2453);
#2451 = CARTESIAN_POINT('',(20.,62.,43.5));
#2452 = DIRECTION('',(0.,0.,1.));
#2453 = DIRECTION('',(1.,0.,0.));
#2454 = ADVANCED_FACE('',(#2455),#2466,.F.);
#2455 = FACE_BOUND('',#2456,.F.);
#2456 = EDGE_LOOP('',(#2457,#2458,#2464,#2465));
#2457 = ORIENTED_EDGE('',*,*,#1710,.F.);
#2458 = ORIENTED_EDGE('',*,*,#2459,.T.);
#2459 = EDGE_CURVE('',#1711,#2402,#2460,.T.);
#2460 = LINE('',#2461,#2462);
#2461 = CARTESIAN_POINT('',(42.65,62.,43.5));
#2462 = VECTOR('',#2463,1.);
#2463 = DIRECTION('',(-0.,-0.,-1.));
#2464 = ORIENTED_EDGE('',*,*,#2401,.T.);
#2465 = ORIENTED_EDGE('',*,*,#2459,.F.);
#2466 = CYLINDRICAL_SURFACE('',#2467,2.65);
#2467 = AXIS2_PLACEMENT_3D('',#2468,#2469,#2470);
#2468 = CARTESIAN_POINT('',(40.,62.,43.5));
#2469 = DIRECTION('',(0.,0.,1.));
#2470 = DIRECTION('',(1.,0.,0.));
#2471 = ADVANCED_FACE('',(#2472),#2483,.F.);
#2472 = FACE_BOUND('',#2473,.F.);
#2473 = EDGE_LOOP('',(#2474,#2475,#2481,#2482));
#2474 = ORIENTED_EDGE('',*,*,#1730,.F.);
#2475 = ORIENTED_EDGE('',*,*,#2476,.T.);
#2476 = EDGE_CURVE('',#1731,#1790,#2477,.T.);
#2477 = LINE('',#2478,#2479);
#2478 = CARTESIAN_POINT('',(-63.35,-40.,43.5));
#2479 = VECTOR('',#2480,1.);
#2480 = DIRECTION('',(-0.,-0.,-1.));
#2481 = ORIENTED_EDGE('',*,*,#1789,.T.);
#2482 = ORIENTED_EDGE('',*,*,#2476,.F.);
#2483 = CYLINDRICAL_SURFACE('',#2484,2.65);
#2484 = AXIS2_PLACEMENT_3D('',#2485,#2486,#2487);
#2485 = CARTESIAN_POINT('',(-66.,-40.,43.5));
#2486 = DIRECTION('',(0.,0.,1.));
#2487 = DIRECTION('',(1.,0.,0.));
#2488 = ADVANCED_FACE('',(#2489),#2507,.F.);
#2489 = FACE_BOUND('',#2490,.F.);
#2490 = EDGE_LOOP('',(#2491,#2500,#2505,#2506));
#2491 = ORIENTED_EDGE('',*,*,#2492,.F.);
#2492 = EDGE_CURVE('',#2493,#2493,#2495,.T.);
#2493 = VERTEX_POINT('',#2494);
#2494 = CARTESIAN_POINT('',(-5.35,34.75,10.));
#2495 = CIRCLE('',#2496,2.65);
#2496 = AXIS2_PLACEMENT_3D('',#2497,#2498,#2499);
#2497 = CARTESIAN_POINT('',(-8.,34.75,10.));
#2498 = DIRECTION('',(0.,-1.,2.22044604925E-16));
#2499 = DIRECTION('',(1.,0.,0.));
#2500 = ORIENTED_EDGE('',*,*,#2501,.F.);
#2501 = EDGE_CURVE('',#1853,#2493,#2502,.T.);
#2502 = B_SPLINE_CURVE_WITH_KNOTS('',1,(#2503,#2504),.UNSPECIFIED.,.F.,
  .F.,(2,2),(-13.,5.),.PIECEWISE_BEZIER_KNOTS.);
#2503 = CARTESIAN_POINT('',(-5.35,51.75,10.));
#2504 = CARTESIAN_POINT('',(-5.35,33.75,10.));
#2505 = ORIENTED_EDGE('',*,*,#1852,.T.);
#2506 = ORIENTED_EDGE('',*,*,#2501,.T.);
#2507 = CYLINDRICAL_SURFACE('',#2508,2.65);
#2508 = AXIS2_PLACEMENT_3D('',#2509,#2510,#2511);
#2509 = CARTESIAN_POINT('',(-8.,38.75,10.));
#2510 = DIRECTION('',(0.,-1.,2.22044604925E-16));
#2511 = DIRECTION('',(1.,0.,0.));
#2512 = ADVANCED_FACE('',(#2513),#2531,.F.);
#2513 = FACE_BOUND('',#2514,.F.);
#2514 = EDGE_LOOP('',(#2515,#2522,#2523,#2524));
#2515 = ORIENTED_EDGE('',*,*,#2516,.F.);
#2516 = EDGE_CURVE('',#2037,#2517,#2519,.T.);
#2517 = VERTEX_POINT('',#2518);
#2518 = CARTESIAN_POINT('',(-39.,10.65,10.));
#2519 = B_SPLINE_CURVE_WITH_KNOTS('',1,(#2520,#2521),.UNSPECIFIED.,.F.,
  .F.,(2,2),(-16.,5.),.PIECEWISE_BEZIER_KNOTS.);
#2520 = CARTESIAN_POINT('',(-56.,10.65,10.));
#2521 = CARTESIAN_POINT('',(-35.,10.65,10.));
#2522 = ORIENTED_EDGE('',*,*,#2036,.T.);
#2523 = ORIENTED_EDGE('',*,*,#2516,.T.);
#2524 = ORIENTED_EDGE('',*,*,#2525,.F.);
#2525 = EDGE_CURVE('',#2517,#2517,#2526,.T.);
#2526 = CIRCLE('',#2527,2.65);
#2527 = AXIS2_PLACEMENT_3D('',#2528,#2529,#2530);
#2528 = CARTESIAN_POINT('',(-39.,8.,10.));
#2529 = DIRECTION('',(1.,0.,0.));
#2530 = DIRECTION('',(0.,1.,0.));
#2531 = CYLINDRICAL_SURFACE('',#2532,2.65);
#2532 = AXIS2_PLACEMENT_3D('',#2533,#2534,#2535);
#2533 = CARTESIAN_POINT('',(-40.,8.,10.));
#2534 = DIRECTION('',(1.,0.,0.));
#2535 = DIRECTION('',(0.,1.,0.));
#2536 = ADVANCED_FACE('',(#2537),#2555,.F.);
#2537 = FACE_BOUND('',#2538,.F.);
#2538 = EDGE_LOOP('',(#2539,#2548,#2553,#2554));
#2539 = ORIENTED_EDGE('',*,*,#2540,.T.);
#2540 = EDGE_CURVE('',#2541,#2541,#2543,.T.);
#2541 = VERTEX_POINT('',#2542);
#2542 = CARTESIAN_POINT('',(-39.,12.5,10.));
#2543 = CIRCLE('',#2544,4.5);
#2544 = AXIS2_PLACEMENT_3D('',#2545,#2546,#2547);
#2545 = CARTESIAN_POINT('',(-39.,8.,10.));
#2546 = DIRECTION('',(1.,0.,0.));
#2547 = DIRECTION('',(0.,1.,0.));
#2548 = ORIENTED_EDGE('',*,*,#2549,.T.);
#2549 = EDGE_CURVE('',#2541,#2215,#2550,.T.);
#2550 = B_SPLINE_CURVE_WITH_KNOTS('',1,(#2551,#2552),.UNSPECIFIED.,.F.,
  .F.,(2,2),(-9.,0.),.PIECEWISE_BEZIER_KNOTS.);
#2551 = CARTESIAN_POINT('',(-39.,12.5,10.));
#2552 = CARTESIAN_POINT('',(-30.,12.5,10.));
#2553 = ORIENTED_EDGE('',*,*,#2214,.F.);
#2554 = ORIENTED_EDGE('',*,*,#2549,.F.);
#2555 = CYLINDRICAL_SURFACE('',#2556,4.5);
#2556 = AXIS2_PLACEMENT_3D('',#2557,#2558,#2559);
#2557 = CARTESIAN_POINT('',(-30.,8.,10.));
#2558 = DIRECTION('',(1.,0.,0.));
#2559 = DIRECTION('',(0.,1.,0.));
#2560 = ADVANCED_FACE('',(#2561,#2572),#2575,.F.);
#2561 = FACE_BOUND('',#2562,.F.);
#2562 = EDGE_LOOP('',(#2563));
#2563 = ORIENTED_EDGE('',*,*,#2564,.F.);
#2564 = EDGE_CURVE('',#2565,#2565,#2567,.T.);
#2565 = VERTEX_POINT('',#2566);
#2566 = CARTESIAN_POINT('',(-3.5,34.75,10.));
#2567 = CIRCLE('',#2568,4.5);
#2568 = AXIS2_PLACEMENT_3D('',#2569,#2570,#2571);
#2569 = CARTESIAN_POINT('',(-8.,34.75,10.));
#2570 = DIRECTION('',(0.,-1.,2.22044604925E-16));
#2571 = DIRECTION('',(1.,0.,0.));
#2572 = FACE_BOUND('',#2573,.F.);
#2573 = EDGE_LOOP('',(#2574));
#2574 = ORIENTED_EDGE('',*,*,#2492,.T.);
#2575 = PLANE('',#2576);
#2576 = AXIS2_PLACEMENT_3D('',#2577,#2578,#2579);
#2577 = CARTESIAN_POINT('',(-8.,34.75,10.));
#2578 = DIRECTION('',(-2.631639762074E-16,1.,-4.558133775131E-16));
#2579 = DIRECTION('',(0.,4.558133775131E-16,1.));
#2580 = ADVANCED_FACE('',(#2581,#2584),#2587,.T.);
#2581 = FACE_BOUND('',#2582,.T.);
#2582 = EDGE_LOOP('',(#2583));
#2583 = ORIENTED_EDGE('',*,*,#2540,.T.);
#2584 = FACE_BOUND('',#2585,.T.);
#2585 = EDGE_LOOP('',(#2586));
#2586 = ORIENTED_EDGE('',*,*,#2525,.F.);
#2587 = PLANE('',#2588);
#2588 = AXIS2_PLACEMENT_3D('',#2589,#2590,#2591);
#2589 = CARTESIAN_POINT('',(-39.,8.,10.));
#2590 = DIRECTION('',(1.,0.,0.));
#2591 = DIRECTION('',(0.,0.,1.));
#2592 = ADVANCED_FACE('',(#2593),#2603,.F.);
#2593 = FACE_BOUND('',#2594,.F.);
#2594 = EDGE_LOOP('',(#2595,#2596,#2601,#2602));
#2595 = ORIENTED_EDGE('',*,*,#1880,.F.);
#2596 = ORIENTED_EDGE('',*,*,#2597,.F.);
#2597 = EDGE_CURVE('',#2565,#1881,#2598,.T.);
#2598 = B_SPLINE_CURVE_WITH_KNOTS('',1,(#2599,#2600),.UNSPECIFIED.,.F.,
  .F.,(2,2),(-6.,0.),.PIECEWISE_BEZIER_KNOTS.);
#2599 = CARTESIAN_POINT('',(-3.5,34.75,10.));
#2600 = CARTESIAN_POINT('',(-3.5,28.75,10.));
#2601 = ORIENTED_EDGE('',*,*,#2564,.T.);
#2602 = ORIENTED_EDGE('',*,*,#2597,.T.);
#2603 = CYLINDRICAL_SURFACE('',#2604,4.5);
#2604 = AXIS2_PLACEMENT_3D('',#2605,#2606,#2607);
#2605 = CARTESIAN_POINT('',(-8.,28.75,10.));
#2606 = DIRECTION('',(0.,-1.,2.22044604925E-16));
#2607 = DIRECTION('',(1.,0.,0.));
#2608 = ( GEOMETRIC_REPRESENTATION_CONTEXT(3) 
GLOBAL_UNCERTAINTY_ASSIGNED_CONTEXT((#2612)) 
GLOBAL_UNIT_ASSIGNED_CONTEXT((#2609,#2610,#2611)) REPRESENTATION_CONTEXT
('Context #1','3D Context with UNIT and UNCERTAINTY') );
#2609 = ( LENGTH_UNIT() NAMED_UNIT(*) SI_UNIT(.MILLI.,.METRE.) );
#2610 = ( NAMED_UNIT(*) PLANE_ANGLE_UNIT() SI_UNIT($,.RADIAN.) );
#2611 = ( NAMED_UNIT(*) SI_UNIT($,.STERADIAN.) SOLID_ANGLE_UNIT() );
#2612 = UNCERTAINTY_MEASURE_WITH_UNIT(LENGTH_MEASURE(2.E-05),#2609,
  'distance_accuracy_value','confusion accuracy');
#2613 = PRODUCT_RELATED_PRODUCT_CATEGORY('part',$,(#7));
#2614 = MECHANICAL_DESIGN_GEOMETRIC_PRESENTATION_REPRESENTATION('',(
    #2615),#2608);
#2615 = STYLED_ITEM('color',(#2616),#15);
#2616 = PRESENTATION_STYLE_ASSIGNMENT((#2617,#2623));
#2617 = SURFACE_STYLE_USAGE(.BOTH.,#2618);
#2618 = SURFACE_SIDE_STYLE('',(#2619));
#2619 = SURFACE_STYLE_FILL_AREA(#2620);
#2620 = FILL_AREA_STYLE('',(#2621));
#2621 = FILL_AREA_STYLE_COLOUR('',#2622);
#2622 = COLOUR_RGB('',0.447058818107,0.474509808674,0.501960817233);
#2623 = CURVE_STYLE('',#2624,POSITIVE_LENGTH_MEASURE(0.1),#2625);
#2624 = DRAUGHTING_PRE_DEFINED_CURVE_FONT('continuous');
#2625 = COLOUR_RGB('',9.803921802644E-02,9.803921802644E-02,
  9.803921802644E-02);
ENDSEC;
END-ISO-10303-21;
