ISO-10303-21;
HEADER;
FILE_DESCRIPTION(('FreeCAD Model'),'2;1');
FILE_NAME('Open CASCADE Shape Model','2025-12-06T11:54:47',(''),(''),
  'Open CASCADE STEP processor 7.8','FreeCAD','Unknown');
FILE_SCHEMA(('AUTOMOTIVE_DESIGN { 1 0 10303 214 1 1 1 1 }'));
ENDSEC;
DATA;
#1 = APPLICATION_PROTOCOL_DEFINITION('international standard',
  'automotive_design',2000,#2);
#2 = APPLICATION_CONTEXT(
  'core data for automotive mechanical design processes');
#3 = SHAPE_DEFINITION_REPRESENTATION(#4,#10);
#4 = PRODUCT_DEFINITION_SHAPE('','',#5);
#5 = PRODUCT_DEFINITION('design','',#6,#9);
#6 = PRODUCT_DEFINITION_FORMATION('','',#7);
#7 = PRODUCT('ZMotor_corner_left','ZMotor_corner_left','',(#8));
#8 = PRODUCT_CONTEXT('',#2,'mechanical');
#9 = PRODUCT_DEFINITION_CONTEXT('part definition',#2,'design');
#10 = ADVANCED_BREP_SHAPE_REPRESENTATION('',(#11,#15),#2662);
#11 = AXIS2_PLACEMENT_3D('',#12,#13,#14);
#12 = CARTESIAN_POINT('',(0.,0.,0.));
#13 = DIRECTION('',(0.,0.,1.));
#14 = DIRECTION('',(1.,0.,-0.));
#15 = MANIFOLD_SOLID_BREP('',#16);
#16 = CLOSED_SHELL('',(#17,#49,#237,#257,#296,#327,#358,#383,#407,#438,
    #477,#501,#533,#565,#582,#607,#631,#655,#679,#703,#727,#751,#775,
    #800,#833,#881,#897,#928,#944,#991,#1016,#1032,#1072,#1103,#1119,
    #1152,#1200,#1264,#1321,#1345,#1365,#1385,#1405,#1460,#1535,#1552,
    #1577,#1589,#1633,#1645,#1669,#1693,#1718,#1735,#1759,#1783,#1854,
    #1866,#1883,#1908,#1952,#2071,#2088,#2112,#2154,#2171,#2195,#2237,
    #2254,#2271,#2288,#2310,#2327,#2344,#2356,#2373,#2397,#2409,#2433,
    #2450,#2474,#2486,#2510,#2527,#2550,#2567,#2590,#2610,#2630,#2646));
#17 = ADVANCED_FACE('',(#18),#44,.F.);
#18 = FACE_BOUND('',#19,.F.);
#19 = EDGE_LOOP('',(#20,#29,#36,#43));
#20 = ORIENTED_EDGE('',*,*,#21,.F.);
#21 = EDGE_CURVE('',#22,#22,#24,.T.);
#22 = VERTEX_POINT('',#23);
#23 = CARTESIAN_POINT('',(-59.25,-20.,43.5));
#24 = CIRCLE('',#25,4.5);
#25 = AXIS2_PLACEMENT_3D('',#26,#27,#28);
#26 = CARTESIAN_POINT('',(-63.75,-20.,43.5));
#27 = DIRECTION('',(0.,0.,1.));
#28 = DIRECTION('',(1.,0.,0.));
#29 = ORIENTED_EDGE('',*,*,#30,.F.);
#30 = EDGE_CURVE('',#31,#22,#33,.T.);
#31 = VERTEX_POINT('',#32);
#32 = CARTESIAN_POINT('',(-59.25,-20.,37.));
#33 = B_SPLINE_CURVE_WITH_KNOTS('',1,(#34,#35),.UNSPECIFIED.,.F.,.F.,(2,
    2),(-6.5,0.),.PIECEWISE_BEZIER_KNOTS.);
#34 = CARTESIAN_POINT('',(-59.25,-20.,37.));
#35 = CARTESIAN_POINT('',(-59.25,-20.,43.5));
#36 = ORIENTED_EDGE('',*,*,#37,.T.);
#37 = EDGE_CURVE('',#31,#31,#38,.T.);
#38 = CIRCLE('',#39,4.5);
#39 = AXIS2_PLACEMENT_3D('',#40,#41,#42);
#40 = CARTESIAN_POINT('',(-63.75,-20.,37.));
#41 = DIRECTION('',(0.,0.,1.));
#42 = DIRECTION('',(1.,0.,0.));
#43 = ORIENTED_EDGE('',*,*,#30,.T.);
#44 = CYLINDRICAL_SURFACE('',#45,4.5);
#45 = AXIS2_PLACEMENT_3D('',#46,#47,#48);
#46 = CARTESIAN_POINT('',(-63.75,-20.,43.5));
#47 = DIRECTION('',(0.,0.,1.));
#48 = DIRECTION('',(1.,0.,0.));
#49 = ADVANCED_FACE('',(#50,#141,#152,#163,#174,#185,#188,#199,#210,#221
    ),#232,.T.);
#50 = FACE_BOUND('',#51,.T.);
#51 = EDGE_LOOP('',(#52,#62,#70,#78,#87,#95,#103,#111,#119,#127,#135));
#52 = ORIENTED_EDGE('',*,*,#53,.T.);
#53 = EDGE_CURVE('',#54,#56,#58,.T.);
#54 = VERTEX_POINT('',#55);
#55 = CARTESIAN_POINT('',(-25.,-9.5,43.5));
#56 = VERTEX_POINT('',#57);
#57 = CARTESIAN_POINT('',(-71.,-9.5,43.5));
#58 = LINE('',#59,#60);
#59 = CARTESIAN_POINT('',(-27.,-9.5,43.5));
#60 = VECTOR('',#61,1.);
#61 = DIRECTION('',(-1.,-0.,-0.));
#62 = ORIENTED_EDGE('',*,*,#63,.T.);
#63 = EDGE_CURVE('',#56,#64,#66,.T.);
#64 = VERTEX_POINT('',#65);
#65 = CARTESIAN_POINT('',(-71.,-48.,43.5));
#66 = LINE('',#67,#68);
#67 = CARTESIAN_POINT('',(-71.,-7.5,43.5));
#68 = VECTOR('',#69,1.);
#69 = DIRECTION('',(0.,-1.,0.));
#70 = ORIENTED_EDGE('',*,*,#71,.F.);
#71 = EDGE_CURVE('',#72,#64,#74,.T.);
#72 = VERTEX_POINT('',#73);
#73 = CARTESIAN_POINT('',(30.,-48.,43.5));
#74 = LINE('',#75,#76);
#75 = CARTESIAN_POINT('',(30.,-48.,43.5));
#76 = VECTOR('',#77,1.);
#77 = DIRECTION('',(-1.,-0.,-0.));
#78 = ORIENTED_EDGE('',*,*,#79,.F.);
#79 = EDGE_CURVE('',#80,#72,#82,.T.);
#80 = VERTEX_POINT('',#81);
#81 = CARTESIAN_POINT('',(48.,-30.,43.5));
#82 = CIRCLE('',#83,18.);
#83 = AXIS2_PLACEMENT_3D('',#84,#85,#86);
#84 = CARTESIAN_POINT('',(30.,-30.,43.5));
#85 = DIRECTION('',(0.,-0.,-1.));
#86 = DIRECTION('',(1.,-1.7763568394E-16,0.));
#87 = ORIENTED_EDGE('',*,*,#88,.F.);
#88 = EDGE_CURVE('',#89,#80,#91,.T.);
#89 = VERTEX_POINT('',#90);
#90 = CARTESIAN_POINT('',(48.,71.,43.5));
#91 = LINE('',#92,#93);
#92 = CARTESIAN_POINT('',(48.,73.,43.5));
#93 = VECTOR('',#94,1.);
#94 = DIRECTION('',(-0.,-1.,-0.));
#95 = ORIENTED_EDGE('',*,*,#96,.T.);
#96 = EDGE_CURVE('',#89,#97,#99,.T.);
#97 = VERTEX_POINT('',#98);
#98 = CARTESIAN_POINT('',(9.5,71.,43.5));
#99 = LINE('',#100,#101);
#100 = CARTESIAN_POINT('',(50.,71.,43.5));
#101 = VECTOR('',#102,1.);
#102 = DIRECTION('',(-1.,0.,0.));
#103 = ORIENTED_EDGE('',*,*,#104,.F.);
#104 = EDGE_CURVE('',#105,#97,#107,.T.);
#105 = VERTEX_POINT('',#106);
#106 = CARTESIAN_POINT('',(9.5,25.,43.5));
#107 = LINE('',#108,#109);
#108 = CARTESIAN_POINT('',(9.5,40.,43.5));
#109 = VECTOR('',#110,1.);
#110 = DIRECTION('',(0.,1.,0.));
#111 = ORIENTED_EDGE('',*,*,#112,.F.);
#112 = EDGE_CURVE('',#113,#105,#115,.T.);
#113 = VERTEX_POINT('',#114);
#114 = CARTESIAN_POINT('',(-15.5,25.,43.5));
#115 = LINE('',#116,#117);
#116 = CARTESIAN_POINT('',(-17.5,25.,43.5));
#117 = VECTOR('',#118,1.);
#118 = DIRECTION('',(1.,0.,0.));
#119 = ORIENTED_EDGE('',*,*,#120,.T.);
#120 = EDGE_CURVE('',#113,#121,#123,.T.);
#121 = VERTEX_POINT('',#122);
#122 = CARTESIAN_POINT('',(-15.5,15.5,43.5));
#123 = LINE('',#124,#125);
#124 = CARTESIAN_POINT('',(-15.5,27.,43.5));
#125 = VECTOR('',#126,1.);
#126 = DIRECTION('',(0.,-1.,0.));
#127 = ORIENTED_EDGE('',*,*,#128,.T.);
#128 = EDGE_CURVE('',#121,#129,#131,.T.);
#129 = VERTEX_POINT('',#130);
#130 = CARTESIAN_POINT('',(-25.,15.5,43.5));
#131 = LINE('',#132,#133);
#132 = CARTESIAN_POINT('',(-17.5,15.5,43.5));
#133 = VECTOR('',#134,1.);
#134 = DIRECTION('',(-1.,0.,0.));
#135 = ORIENTED_EDGE('',*,*,#136,.T.);
#136 = EDGE_CURVE('',#129,#54,#137,.T.);
#137 = LINE('',#138,#139);
#138 = CARTESIAN_POINT('',(-25.,17.5,43.5));
#139 = VECTOR('',#140,1.);
#140 = DIRECTION('',(0.,-1.,0.));
#141 = FACE_BOUND('',#142,.T.);
#142 = EDGE_LOOP('',(#143));
#143 = ORIENTED_EDGE('',*,*,#144,.T.);
#144 = EDGE_CURVE('',#145,#145,#147,.T.);
#145 = VERTEX_POINT('',#146);
#146 = CARTESIAN_POINT('',(23.35,-9.75,43.5));
#147 = CIRCLE('',#148,13.5);
#148 = AXIS2_PLACEMENT_3D('',#149,#150,#151);
#149 = CARTESIAN_POINT('',(9.85,-9.75,43.5));
#150 = DIRECTION('',(0.,0.,-1.));
#151 = DIRECTION('',(1.,0.,0.));
#152 = FACE_BOUND('',#153,.T.);
#153 = EDGE_LOOP('',(#154));
#154 = ORIENTED_EDGE('',*,*,#155,.F.);
#155 = EDGE_CURVE('',#156,#156,#158,.T.);
#156 = VERTEX_POINT('',#157);
#157 = CARTESIAN_POINT('',(24.5,65.,43.5));
#158 = CIRCLE('',#159,4.5);
#159 = AXIS2_PLACEMENT_3D('',#160,#161,#162);
#160 = CARTESIAN_POINT('',(20.,65.,43.5));
#161 = DIRECTION('',(0.,0.,1.));
#162 = DIRECTION('',(1.,0.,0.));
#163 = FACE_BOUND('',#164,.T.);
#164 = EDGE_LOOP('',(#165));
#165 = ORIENTED_EDGE('',*,*,#166,.F.);
#166 = EDGE_CURVE('',#167,#167,#169,.T.);
#167 = VERTEX_POINT('',#168);
#168 = CARTESIAN_POINT('',(44.5,65.,43.5));
#169 = CIRCLE('',#170,4.5);
#170 = AXIS2_PLACEMENT_3D('',#171,#172,#173);
#171 = CARTESIAN_POINT('',(40.,65.,43.5));
#172 = DIRECTION('',(0.,0.,1.));
#173 = DIRECTION('',(1.,0.,0.));
#174 = FACE_BOUND('',#175,.T.);
#175 = EDGE_LOOP('',(#176));
#176 = ORIENTED_EDGE('',*,*,#177,.F.);
#177 = EDGE_CURVE('',#178,#178,#180,.T.);
#178 = VERTEX_POINT('',#179);
#179 = CARTESIAN_POINT('',(-59.25,-40.,43.5));
#180 = CIRCLE('',#181,4.5);
#181 = AXIS2_PLACEMENT_3D('',#182,#183,#184);
#182 = CARTESIAN_POINT('',(-63.75,-40.,43.5));
#183 = DIRECTION('',(0.,0.,1.));
#184 = DIRECTION('',(1.,0.,0.));
#185 = FACE_BOUND('',#186,.T.);
#186 = EDGE_LOOP('',(#187));
#187 = ORIENTED_EDGE('',*,*,#21,.F.);
#188 = FACE_BOUND('',#189,.T.);
#189 = EDGE_LOOP('',(#190));
#190 = ORIENTED_EDGE('',*,*,#191,.T.);
#191 = EDGE_CURVE('',#192,#192,#194,.T.);
#192 = VERTEX_POINT('',#193);
#193 = CARTESIAN_POINT('',(27.15,-25.25,43.5));
#194 = CIRCLE('',#195,1.75);
#195 = AXIS2_PLACEMENT_3D('',#196,#197,#198);
#196 = CARTESIAN_POINT('',(25.4,-25.25,43.5));
#197 = DIRECTION('',(0.,0.,-1.));
#198 = DIRECTION('',(1.,0.,0.));
#199 = FACE_BOUND('',#200,.T.);
#200 = EDGE_LOOP('',(#201));
#201 = ORIENTED_EDGE('',*,*,#202,.T.);
#202 = EDGE_CURVE('',#203,#203,#205,.T.);
#203 = VERTEX_POINT('',#204);
#204 = CARTESIAN_POINT('',(-3.85,-25.25,43.5));
#205 = CIRCLE('',#206,1.75);
#206 = AXIS2_PLACEMENT_3D('',#207,#208,#209);
#207 = CARTESIAN_POINT('',(-5.6,-25.25,43.5));
#208 = DIRECTION('',(0.,0.,-1.));
#209 = DIRECTION('',(1.,0.,0.));
#210 = FACE_BOUND('',#211,.T.);
#211 = EDGE_LOOP('',(#212));
#212 = ORIENTED_EDGE('',*,*,#213,.T.);
#213 = EDGE_CURVE('',#214,#214,#216,.T.);
#214 = VERTEX_POINT('',#215);
#215 = CARTESIAN_POINT('',(-3.65,5.75,43.5));
#216 = CIRCLE('',#217,1.75);
#217 = AXIS2_PLACEMENT_3D('',#218,#219,#220);
#218 = CARTESIAN_POINT('',(-5.4,5.75,43.5));
#219 = DIRECTION('',(0.,0.,-1.));
#220 = DIRECTION('',(1.,0.,0.));
#221 = FACE_BOUND('',#222,.T.);
#222 = EDGE_LOOP('',(#223));
#223 = ORIENTED_EDGE('',*,*,#224,.T.);
#224 = EDGE_CURVE('',#225,#225,#227,.T.);
#225 = VERTEX_POINT('',#226);
#226 = CARTESIAN_POINT('',(27.15,5.75,43.5));
#227 = CIRCLE('',#228,1.75);
#228 = AXIS2_PLACEMENT_3D('',#229,#230,#231);
#229 = CARTESIAN_POINT('',(25.4,5.75,43.5));
#230 = DIRECTION('',(0.,0.,-1.));
#231 = DIRECTION('',(1.,0.,0.));
#232 = PLANE('',#233);
#233 = AXIS2_PLACEMENT_3D('',#234,#235,#236);
#234 = CARTESIAN_POINT('',(-2.918138762307,2.918138762307,43.5));
#235 = DIRECTION('',(0.,0.,1.));
#236 = DIRECTION('',(1.,0.,0.));
#237 = ADVANCED_FACE('',(#238,#241),#252,.T.);
#238 = FACE_BOUND('',#239,.T.);
#239 = EDGE_LOOP('',(#240));
#240 = ORIENTED_EDGE('',*,*,#37,.T.);
#241 = FACE_BOUND('',#242,.T.);
#242 = EDGE_LOOP('',(#243));
#243 = ORIENTED_EDGE('',*,*,#244,.F.);
#244 = EDGE_CURVE('',#245,#245,#247,.T.);
#245 = VERTEX_POINT('',#246);
#246 = CARTESIAN_POINT('',(-61.1,-20.,37.));
#247 = CIRCLE('',#248,2.65);
#248 = AXIS2_PLACEMENT_3D('',#249,#250,#251);
#249 = CARTESIAN_POINT('',(-63.75,-20.,37.));
#250 = DIRECTION('',(0.,0.,1.));
#251 = DIRECTION('',(1.,0.,0.));
#252 = PLANE('',#253);
#253 = AXIS2_PLACEMENT_3D('',#254,#255,#256);
#254 = CARTESIAN_POINT('',(-6.225,6.6,37.));
#255 = DIRECTION('',(0.,0.,1.));
#256 = DIRECTION('',(1.,0.,0.));
#257 = ADVANCED_FACE('',(#258),#291,.T.);
#258 = FACE_BOUND('',#259,.T.);
#259 = EDGE_LOOP('',(#260,#270,#278,#284,#285));
#260 = ORIENTED_EDGE('',*,*,#261,.T.);
#261 = EDGE_CURVE('',#262,#264,#266,.T.);
#262 = VERTEX_POINT('',#263);
#263 = CARTESIAN_POINT('',(-28.41421356237,-8.085786437627,
    42.085786437627));
#264 = VERTEX_POINT('',#265);
#265 = CARTESIAN_POINT('',(-29.,-7.5,41.5));
#266 = LINE('',#267,#268);
#267 = CARTESIAN_POINT('',(-29.83333333333,-6.666666666667,
    40.666666666667));
#268 = VECTOR('',#269,1.);
#269 = DIRECTION('',(-0.57735026919,0.57735026919,-0.57735026919));
#270 = ORIENTED_EDGE('',*,*,#271,.T.);
#271 = EDGE_CURVE('',#264,#272,#274,.T.);
#272 = VERTEX_POINT('',#273);
#273 = CARTESIAN_POINT('',(-71.,-7.5,41.5));
#274 = LINE('',#275,#276);
#275 = CARTESIAN_POINT('',(-40.,-7.5,41.5));
#276 = VECTOR('',#277,1.);
#277 = DIRECTION('',(-1.,-0.,-0.));
#278 = ORIENTED_EDGE('',*,*,#279,.F.);
#279 = EDGE_CURVE('',#56,#272,#280,.T.);
#280 = LINE('',#281,#282);
#281 = CARTESIAN_POINT('',(-71.,-8.5,42.5));
#282 = VECTOR('',#283,1.);
#283 = DIRECTION('',(-1.826814552064E-15,0.707106781187,-0.707106781187)
  );
#284 = ORIENTED_EDGE('',*,*,#53,.F.);
#285 = ORIENTED_EDGE('',*,*,#286,.F.);
#286 = EDGE_CURVE('',#262,#54,#287,.T.);
#287 = LINE('',#288,#289);
#288 = CARTESIAN_POINT('',(-39.27072321388,-3.588872899935,
    37.588872899935));
#289 = VECTOR('',#290,1.);
#290 = DIRECTION('',(0.862856209461,-0.357406744337,0.357406744337));
#291 = PLANE('',#292);
#292 = AXIS2_PLACEMENT_3D('',#293,#294,#295);
#293 = CARTESIAN_POINT('',(-49.3410813774,-8.521670226478,
    42.521670226478));
#294 = DIRECTION('',(0.,0.707106781187,0.707106781187));
#295 = DIRECTION('',(0.,0.707106781187,-0.707106781187));
#296 = ADVANCED_FACE('',(#297),#322,.T.);
#297 = FACE_BOUND('',#298,.F.);
#298 = EDGE_LOOP('',(#299,#307,#308,#316));
#299 = ORIENTED_EDGE('',*,*,#300,.T.);
#300 = EDGE_CURVE('',#301,#56,#303,.T.);
#301 = VERTEX_POINT('',#302);
#302 = CARTESIAN_POINT('',(-73.,-9.5,41.5));
#303 = LINE('',#304,#305);
#304 = CARTESIAN_POINT('',(-72.5,-9.5,42.));
#305 = VECTOR('',#306,1.);
#306 = DIRECTION('',(0.707106781187,-2.403703357979E-15,0.707106781187)
  );
#307 = ORIENTED_EDGE('',*,*,#63,.T.);
#308 = ORIENTED_EDGE('',*,*,#309,.T.);
#309 = EDGE_CURVE('',#64,#310,#312,.T.);
#310 = VERTEX_POINT('',#311);
#311 = CARTESIAN_POINT('',(-73.,-48.,41.5));
#312 = LINE('',#313,#314);
#313 = CARTESIAN_POINT('',(-72.,-48.,42.5));
#314 = VECTOR('',#315,1.);
#315 = DIRECTION('',(-0.707106781187,-0.,-0.707106781187));
#316 = ORIENTED_EDGE('',*,*,#317,.F.);
#317 = EDGE_CURVE('',#301,#310,#318,.T.);
#318 = LINE('',#319,#320);
#319 = CARTESIAN_POINT('',(-73.,-7.5,41.5));
#320 = VECTOR('',#321,1.);
#321 = DIRECTION('',(0.,-1.,0.));
#322 = PLANE('',#323);
#323 = AXIS2_PLACEMENT_3D('',#324,#325,#326);
#324 = CARTESIAN_POINT('',(-72.,-7.5,42.5));
#325 = DIRECTION('',(-0.707106781187,0.,0.707106781187));
#326 = DIRECTION('',(0.,1.,0.));
#327 = ADVANCED_FACE('',(#328),#353,.T.);
#328 = FACE_BOUND('',#329,.T.);
#329 = EDGE_LOOP('',(#330,#338,#339,#347));
#330 = ORIENTED_EDGE('',*,*,#331,.F.);
#331 = EDGE_CURVE('',#72,#332,#334,.T.);
#332 = VERTEX_POINT('',#333);
#333 = CARTESIAN_POINT('',(30.,-50.,41.5));
#334 = LINE('',#335,#336);
#335 = CARTESIAN_POINT('',(30.,-50.,41.5));
#336 = VECTOR('',#337,1.);
#337 = DIRECTION('',(-8.230959388293E-17,-0.707106781187,-0.707106781187
    ));
#338 = ORIENTED_EDGE('',*,*,#71,.T.);
#339 = ORIENTED_EDGE('',*,*,#340,.F.);
#340 = EDGE_CURVE('',#341,#64,#343,.T.);
#341 = VERTEX_POINT('',#342);
#342 = CARTESIAN_POINT('',(-71.,-50.,41.5));
#343 = LINE('',#344,#345);
#344 = CARTESIAN_POINT('',(-71.,-49.5,42.));
#345 = VECTOR('',#346,1.);
#346 = DIRECTION('',(0.,0.707106781187,0.707106781187));
#347 = ORIENTED_EDGE('',*,*,#348,.F.);
#348 = EDGE_CURVE('',#332,#341,#349,.T.);
#349 = LINE('',#350,#351);
#350 = CARTESIAN_POINT('',(30.,-50.,41.5));
#351 = VECTOR('',#352,1.);
#352 = DIRECTION('',(-1.,-0.,-0.));
#353 = PLANE('',#354);
#354 = AXIS2_PLACEMENT_3D('',#355,#356,#357);
#355 = CARTESIAN_POINT('',(30.,-49.,42.5));
#356 = DIRECTION('',(0.,-0.707106781187,0.707106781187));
#357 = DIRECTION('',(-1.,0.,0.));
#358 = ADVANCED_FACE('',(#359),#378,.T.);
#359 = FACE_BOUND('',#360,.T.);
#360 = EDGE_LOOP('',(#361,#369,#370,#371));
#361 = ORIENTED_EDGE('',*,*,#362,.F.);
#362 = EDGE_CURVE('',#80,#363,#365,.T.);
#363 = VERTEX_POINT('',#364);
#364 = CARTESIAN_POINT('',(50.,-30.,41.5));
#365 = LINE('',#366,#367);
#366 = CARTESIAN_POINT('',(49.,-30.,42.5));
#367 = VECTOR('',#368,1.);
#368 = DIRECTION('',(0.707106781187,0.,-0.707106781187));
#369 = ORIENTED_EDGE('',*,*,#79,.T.);
#370 = ORIENTED_EDGE('',*,*,#331,.T.);
#371 = ORIENTED_EDGE('',*,*,#372,.F.);
#372 = EDGE_CURVE('',#363,#332,#373,.T.);
#373 = CIRCLE('',#374,20.);
#374 = AXIS2_PLACEMENT_3D('',#375,#376,#377);
#375 = CARTESIAN_POINT('',(30.,-30.,41.5));
#376 = DIRECTION('',(0.,-0.,-1.));
#377 = DIRECTION('',(1.,-1.7763568394E-16,0.));
#378 = CONICAL_SURFACE('',#379,20.,0.785398163397);
#379 = AXIS2_PLACEMENT_3D('',#380,#381,#382);
#380 = CARTESIAN_POINT('',(30.,-30.,41.5));
#381 = DIRECTION('',(-0.,-0.,-1.));
#382 = DIRECTION('',(1.,-1.7763568394E-16,0.));
#383 = ADVANCED_FACE('',(#384),#402,.T.);
#384 = FACE_BOUND('',#385,.T.);
#385 = EDGE_LOOP('',(#386,#387,#388,#396));
#386 = ORIENTED_EDGE('',*,*,#88,.T.);
#387 = ORIENTED_EDGE('',*,*,#362,.T.);
#388 = ORIENTED_EDGE('',*,*,#389,.F.);
#389 = EDGE_CURVE('',#390,#363,#392,.T.);
#390 = VERTEX_POINT('',#391);
#391 = CARTESIAN_POINT('',(50.,71.,41.5));
#392 = LINE('',#393,#394);
#393 = CARTESIAN_POINT('',(50.,73.,41.5));
#394 = VECTOR('',#395,1.);
#395 = DIRECTION('',(-0.,-1.,-0.));
#396 = ORIENTED_EDGE('',*,*,#397,.F.);
#397 = EDGE_CURVE('',#89,#390,#398,.T.);
#398 = LINE('',#399,#400);
#399 = CARTESIAN_POINT('',(49.,71.,42.5));
#400 = VECTOR('',#401,1.);
#401 = DIRECTION('',(0.707106781187,0.,-0.707106781187));
#402 = PLANE('',#403);
#403 = AXIS2_PLACEMENT_3D('',#404,#405,#406);
#404 = CARTESIAN_POINT('',(49.,73.,42.5));
#405 = DIRECTION('',(0.707106781187,0.,0.707106781187));
#406 = DIRECTION('',(0.,-1.,0.));
#407 = ADVANCED_FACE('',(#408),#433,.T.);
#408 = FACE_BOUND('',#409,.F.);
#409 = EDGE_LOOP('',(#410,#418,#419,#427));
#410 = ORIENTED_EDGE('',*,*,#411,.T.);
#411 = EDGE_CURVE('',#412,#89,#414,.T.);
#412 = VERTEX_POINT('',#413);
#413 = CARTESIAN_POINT('',(48.,73.,41.5));
#414 = LINE('',#415,#416);
#415 = CARTESIAN_POINT('',(48.,72.5,42.));
#416 = VECTOR('',#417,1.);
#417 = DIRECTION('',(0.,-0.707106781187,0.707106781187));
#418 = ORIENTED_EDGE('',*,*,#96,.T.);
#419 = ORIENTED_EDGE('',*,*,#420,.T.);
#420 = EDGE_CURVE('',#97,#421,#423,.T.);
#421 = VERTEX_POINT('',#422);
#422 = CARTESIAN_POINT('',(9.5,73.,41.5));
#423 = LINE('',#424,#425);
#424 = CARTESIAN_POINT('',(9.5,72.,42.5));
#425 = VECTOR('',#426,1.);
#426 = DIRECTION('',(-5.768888059151E-16,0.707106781187,-0.707106781187)
  );
#427 = ORIENTED_EDGE('',*,*,#428,.F.);
#428 = EDGE_CURVE('',#412,#421,#429,.T.);
#429 = LINE('',#430,#431);
#430 = CARTESIAN_POINT('',(50.,73.,41.5));
#431 = VECTOR('',#432,1.);
#432 = DIRECTION('',(-1.,0.,0.));
#433 = PLANE('',#434);
#434 = AXIS2_PLACEMENT_3D('',#435,#436,#437);
#435 = CARTESIAN_POINT('',(50.,72.,42.5));
#436 = DIRECTION('',(0.,0.707106781187,0.707106781187));
#437 = DIRECTION('',(1.,0.,0.));
#438 = ADVANCED_FACE('',(#439),#472,.T.);
#439 = FACE_BOUND('',#440,.T.);
#440 = EDGE_LOOP('',(#441,#451,#457,#458,#466));
#441 = ORIENTED_EDGE('',*,*,#442,.F.);
#442 = EDGE_CURVE('',#443,#445,#447,.T.);
#443 = VERTEX_POINT('',#444);
#444 = CARTESIAN_POINT('',(8.085786437627,28.414213562373,
    42.085786437627));
#445 = VERTEX_POINT('',#446);
#446 = CARTESIAN_POINT('',(7.5,29.,41.5));
#447 = LINE('',#448,#449);
#448 = CARTESIAN_POINT('',(2.5,34.,36.5));
#449 = VECTOR('',#450,1.);
#450 = DIRECTION('',(-0.57735026919,0.57735026919,-0.57735026919));
#451 = ORIENTED_EDGE('',*,*,#452,.F.);
#452 = EDGE_CURVE('',#105,#443,#453,.T.);
#453 = LINE('',#454,#455);
#454 = CARTESIAN_POINT('',(3.588872899935,39.270723213888,
    37.588872899935));
#455 = VECTOR('',#456,1.);
#456 = DIRECTION('',(-0.357406744337,0.862856209461,-0.357406744337));
#457 = ORIENTED_EDGE('',*,*,#104,.T.);
#458 = ORIENTED_EDGE('',*,*,#459,.F.);
#459 = EDGE_CURVE('',#460,#97,#462,.T.);
#460 = VERTEX_POINT('',#461);
#461 = CARTESIAN_POINT('',(7.5,71.,41.5));
#462 = LINE('',#463,#464);
#463 = CARTESIAN_POINT('',(8.,71.,42.));
#464 = VECTOR('',#465,1.);
#465 = DIRECTION('',(0.707106781187,-9.614813431918E-16,0.707106781187)
  );
#466 = ORIENTED_EDGE('',*,*,#467,.F.);
#467 = EDGE_CURVE('',#445,#460,#468,.T.);
#468 = LINE('',#469,#470);
#469 = CARTESIAN_POINT('',(7.5,27.,41.5));
#470 = VECTOR('',#471,1.);
#471 = DIRECTION('',(0.,1.,0.));
#472 = PLANE('',#473);
#473 = AXIS2_PLACEMENT_3D('',#474,#475,#476);
#474 = CARTESIAN_POINT('',(8.521670226478,49.341081377402,
    42.521670226478));
#475 = DIRECTION('',(-0.707106781187,0.,0.707106781187));
#476 = DIRECTION('',(0.707106781187,0.,0.707106781187));
#477 = ADVANCED_FACE('',(#478),#496,.T.);
#478 = FACE_BOUND('',#479,.T.);
#479 = EDGE_LOOP('',(#480,#488,#489,#490));
#480 = ORIENTED_EDGE('',*,*,#481,.F.);
#481 = EDGE_CURVE('',#113,#482,#484,.T.);
#482 = VERTEX_POINT('',#483);
#483 = CARTESIAN_POINT('',(-16.91421356237,28.414213562373,
    42.085786437627));
#484 = LINE('',#485,#486);
#485 = CARTESIAN_POINT('',(-16.3722604191,27.105822933719,
    42.627739580897));
#486 = VECTOR('',#487,1.);
#487 = DIRECTION('',(-0.357406744337,0.862856209461,-0.357406744337));
#488 = ORIENTED_EDGE('',*,*,#112,.T.);
#489 = ORIENTED_EDGE('',*,*,#452,.T.);
#490 = ORIENTED_EDGE('',*,*,#491,.F.);
#491 = EDGE_CURVE('',#482,#443,#492,.T.);
#492 = LINE('',#493,#494);
#493 = CARTESIAN_POINT('',(-17.5,28.414213562373,42.085786437627));
#494 = VECTOR('',#495,1.);
#495 = DIRECTION('',(1.,0.,0.));
#496 = PLANE('',#497);
#497 = AXIS2_PLACEMENT_3D('',#498,#499,#500);
#498 = CARTESIAN_POINT('',(-17.5,26.707106781187,42.792893218813));
#499 = DIRECTION('',(0.,0.382683432365,0.923879532511));
#500 = DIRECTION('',(1.,0.,0.));
#501 = ADVANCED_FACE('',(#502),#528,.T.);
#502 = FACE_BOUND('',#503,.F.);
#503 = EDGE_LOOP('',(#504,#505,#506,#514,#522));
#504 = ORIENTED_EDGE('',*,*,#481,.F.);
#505 = ORIENTED_EDGE('',*,*,#120,.T.);
#506 = ORIENTED_EDGE('',*,*,#507,.T.);
#507 = EDGE_CURVE('',#121,#508,#510,.T.);
#508 = VERTEX_POINT('',#509);
#509 = CARTESIAN_POINT('',(-17.5,17.5,41.5));
#510 = LINE('',#511,#512);
#511 = CARTESIAN_POINT('',(-18.41666666666,18.416666666667,
    40.583333333333));
#512 = VECTOR('',#513,1.);
#513 = DIRECTION('',(-0.57735026919,0.57735026919,-0.57735026919));
#514 = ORIENTED_EDGE('',*,*,#515,.F.);
#515 = EDGE_CURVE('',#516,#508,#518,.T.);
#516 = VERTEX_POINT('',#517);
#517 = CARTESIAN_POINT('',(-17.5,29.,41.5));
#518 = LINE('',#519,#520);
#519 = CARTESIAN_POINT('',(-17.5,27.,41.5));
#520 = VECTOR('',#521,1.);
#521 = DIRECTION('',(0.,-1.,0.));
#522 = ORIENTED_EDGE('',*,*,#523,.F.);
#523 = EDGE_CURVE('',#482,#516,#524,.T.);
#524 = LINE('',#525,#526);
#525 = CARTESIAN_POINT('',(-18.33333333333,29.833333333333,
    40.666666666667));
#526 = VECTOR('',#527,1.);
#527 = DIRECTION('',(-0.57735026919,0.57735026919,-0.57735026919));
#528 = PLANE('',#529);
#529 = AXIS2_PLACEMENT_3D('',#530,#531,#532);
#530 = CARTESIAN_POINT('',(-16.5,27.,42.5));
#531 = DIRECTION('',(-0.707106781187,0.,0.707106781187));
#532 = DIRECTION('',(0.,1.,0.));
#533 = ADVANCED_FACE('',(#534),#560,.T.);
#534 = FACE_BOUND('',#535,.F.);
#535 = EDGE_LOOP('',(#536,#544,#552,#558,#559));
#536 = ORIENTED_EDGE('',*,*,#537,.T.);
#537 = EDGE_CURVE('',#129,#538,#540,.T.);
#538 = VERTEX_POINT('',#539);
#539 = CARTESIAN_POINT('',(-28.41421356237,16.914213562373,
    42.085786437627));
#540 = LINE('',#541,#542);
#541 = CARTESIAN_POINT('',(-23.56934895224,14.907404932996,
    44.092595067004));
#542 = VECTOR('',#543,1.);
#543 = DIRECTION('',(-0.862856209461,0.357406744337,-0.357406744337));
#544 = ORIENTED_EDGE('',*,*,#545,.T.);
#545 = EDGE_CURVE('',#538,#546,#548,.T.);
#546 = VERTEX_POINT('',#547);
#547 = CARTESIAN_POINT('',(-29.,17.5,41.5));
#548 = LINE('',#549,#550);
#549 = CARTESIAN_POINT('',(-24.08333333333,12.583333333333,
    46.416666666667));
#550 = VECTOR('',#551,1.);
#551 = DIRECTION('',(-0.57735026919,0.57735026919,-0.57735026919));
#552 = ORIENTED_EDGE('',*,*,#553,.F.);
#553 = EDGE_CURVE('',#508,#546,#554,.T.);
#554 = LINE('',#555,#556);
#555 = CARTESIAN_POINT('',(-17.5,17.5,41.5));
#556 = VECTOR('',#557,1.);
#557 = DIRECTION('',(-1.,0.,0.));
#558 = ORIENTED_EDGE('',*,*,#507,.F.);
#559 = ORIENTED_EDGE('',*,*,#128,.T.);
#560 = PLANE('',#561);
#561 = AXIS2_PLACEMENT_3D('',#562,#563,#564);
#562 = CARTESIAN_POINT('',(-17.5,16.5,42.5));
#563 = DIRECTION('',(0.,0.707106781187,0.707106781187));
#564 = DIRECTION('',(1.,0.,0.));
#565 = ADVANCED_FACE('',(#566),#577,.T.);
#566 = FACE_BOUND('',#567,.T.);
#567 = EDGE_LOOP('',(#568,#569,#575,#576));
#568 = ORIENTED_EDGE('',*,*,#537,.T.);
#569 = ORIENTED_EDGE('',*,*,#570,.T.);
#570 = EDGE_CURVE('',#538,#262,#571,.T.);
#571 = LINE('',#572,#573);
#572 = CARTESIAN_POINT('',(-28.41421356237,17.5,42.085786437627));
#573 = VECTOR('',#574,1.);
#574 = DIRECTION('',(0.,-1.,0.));
#575 = ORIENTED_EDGE('',*,*,#286,.T.);
#576 = ORIENTED_EDGE('',*,*,#136,.F.);
#577 = PLANE('',#578);
#578 = AXIS2_PLACEMENT_3D('',#579,#580,#581);
#579 = CARTESIAN_POINT('',(-26.70710678118,17.5,42.792893218813));
#580 = DIRECTION('',(-0.382683432365,0.,0.923879532511));
#581 = DIRECTION('',(0.,-1.,0.));
#582 = ADVANCED_FACE('',(#583),#602,.F.);
#583 = FACE_BOUND('',#584,.F.);
#584 = EDGE_LOOP('',(#585,#593,#594,#595));
#585 = ORIENTED_EDGE('',*,*,#586,.F.);
#586 = EDGE_CURVE('',#145,#587,#589,.T.);
#587 = VERTEX_POINT('',#588);
#588 = CARTESIAN_POINT('',(21.35,-9.75,41.5));
#589 = LINE('',#590,#591);
#590 = CARTESIAN_POINT('',(21.35,-9.75,41.5));
#591 = VECTOR('',#592,1.);
#592 = DIRECTION('',(-0.707106781187,0.,-0.707106781187));
#593 = ORIENTED_EDGE('',*,*,#144,.T.);
#594 = ORIENTED_EDGE('',*,*,#586,.T.);
#595 = ORIENTED_EDGE('',*,*,#596,.F.);
#596 = EDGE_CURVE('',#587,#587,#597,.T.);
#597 = CIRCLE('',#598,11.5);
#598 = AXIS2_PLACEMENT_3D('',#599,#600,#601);
#599 = CARTESIAN_POINT('',(9.85,-9.75,41.5));
#600 = DIRECTION('',(0.,0.,-1.));
#601 = DIRECTION('',(1.,0.,0.));
#602 = CONICAL_SURFACE('',#603,11.5,0.785398163397);
#603 = AXIS2_PLACEMENT_3D('',#604,#605,#606);
#604 = CARTESIAN_POINT('',(9.85,-9.75,41.5));
#605 = DIRECTION('',(0.,0.,1.));
#606 = DIRECTION('',(1.,0.,0.));
#607 = ADVANCED_FACE('',(#608),#626,.F.);
#608 = FACE_BOUND('',#609,.F.);
#609 = EDGE_LOOP('',(#610,#611,#618,#625));
#610 = ORIENTED_EDGE('',*,*,#155,.F.);
#611 = ORIENTED_EDGE('',*,*,#612,.F.);
#612 = EDGE_CURVE('',#613,#156,#615,.T.);
#613 = VERTEX_POINT('',#614);
#614 = CARTESIAN_POINT('',(24.5,65.,37.));
#615 = B_SPLINE_CURVE_WITH_KNOTS('',1,(#616,#617),.UNSPECIFIED.,.F.,.F.,
  (2,2),(-6.5,0.),.PIECEWISE_BEZIER_KNOTS.);
#616 = CARTESIAN_POINT('',(24.5,65.,37.));
#617 = CARTESIAN_POINT('',(24.5,65.,43.5));
#618 = ORIENTED_EDGE('',*,*,#619,.T.);
#619 = EDGE_CURVE('',#613,#613,#620,.T.);
#620 = CIRCLE('',#621,4.5);
#621 = AXIS2_PLACEMENT_3D('',#622,#623,#624);
#622 = CARTESIAN_POINT('',(20.,65.,37.));
#623 = DIRECTION('',(0.,0.,1.));
#624 = DIRECTION('',(1.,0.,0.));
#625 = ORIENTED_EDGE('',*,*,#612,.T.);
#626 = CYLINDRICAL_SURFACE('',#627,4.5);
#627 = AXIS2_PLACEMENT_3D('',#628,#629,#630);
#628 = CARTESIAN_POINT('',(20.,65.,43.5));
#629 = DIRECTION('',(0.,0.,1.));
#630 = DIRECTION('',(1.,0.,0.));
#631 = ADVANCED_FACE('',(#632),#650,.F.);
#632 = FACE_BOUND('',#633,.F.);
#633 = EDGE_LOOP('',(#634,#635,#642,#649));
#634 = ORIENTED_EDGE('',*,*,#166,.F.);
#635 = ORIENTED_EDGE('',*,*,#636,.F.);
#636 = EDGE_CURVE('',#637,#167,#639,.T.);
#637 = VERTEX_POINT('',#638);
#638 = CARTESIAN_POINT('',(44.5,65.,37.));
#639 = B_SPLINE_CURVE_WITH_KNOTS('',1,(#640,#641),.UNSPECIFIED.,.F.,.F.,
  (2,2),(-6.5,0.),.PIECEWISE_BEZIER_KNOTS.);
#640 = CARTESIAN_POINT('',(44.5,65.,37.));
#641 = CARTESIAN_POINT('',(44.5,65.,43.5));
#642 = ORIENTED_EDGE('',*,*,#643,.T.);
#643 = EDGE_CURVE('',#637,#637,#644,.T.);
#644 = CIRCLE('',#645,4.5);
#645 = AXIS2_PLACEMENT_3D('',#646,#647,#648);
#646 = CARTESIAN_POINT('',(40.,65.,37.));
#647 = DIRECTION('',(0.,0.,1.));
#648 = DIRECTION('',(1.,0.,0.));
#649 = ORIENTED_EDGE('',*,*,#636,.T.);
#650 = CYLINDRICAL_SURFACE('',#651,4.5);
#651 = AXIS2_PLACEMENT_3D('',#652,#653,#654);
#652 = CARTESIAN_POINT('',(40.,65.,43.5));
#653 = DIRECTION('',(0.,0.,1.));
#654 = DIRECTION('',(1.,0.,0.));
#655 = ADVANCED_FACE('',(#656),#674,.F.);
#656 = FACE_BOUND('',#657,.F.);
#657 = EDGE_LOOP('',(#658,#659,#666,#673));
#658 = ORIENTED_EDGE('',*,*,#177,.F.);
#659 = ORIENTED_EDGE('',*,*,#660,.F.);
#660 = EDGE_CURVE('',#661,#178,#663,.T.);
#661 = VERTEX_POINT('',#662);
#662 = CARTESIAN_POINT('',(-59.25,-40.,37.));
#663 = B_SPLINE_CURVE_WITH_KNOTS('',1,(#664,#665),.UNSPECIFIED.,.F.,.F.,
  (2,2),(-6.5,0.),.PIECEWISE_BEZIER_KNOTS.);
#664 = CARTESIAN_POINT('',(-59.25,-40.,37.));
#665 = CARTESIAN_POINT('',(-59.25,-40.,43.5));
#666 = ORIENTED_EDGE('',*,*,#667,.T.);
#667 = EDGE_CURVE('',#661,#661,#668,.T.);
#668 = CIRCLE('',#669,4.5);
#669 = AXIS2_PLACEMENT_3D('',#670,#671,#672);
#670 = CARTESIAN_POINT('',(-63.75,-40.,37.));
#671 = DIRECTION('',(0.,0.,1.));
#672 = DIRECTION('',(1.,0.,0.));
#673 = ORIENTED_EDGE('',*,*,#660,.T.);
#674 = CYLINDRICAL_SURFACE('',#675,4.5);
#675 = AXIS2_PLACEMENT_3D('',#676,#677,#678);
#676 = CARTESIAN_POINT('',(-63.75,-40.,43.5));
#677 = DIRECTION('',(0.,0.,1.));
#678 = DIRECTION('',(1.,0.,0.));
#679 = ADVANCED_FACE('',(#680),#698,.F.);
#680 = FACE_BOUND('',#681,.F.);
#681 = EDGE_LOOP('',(#682,#683,#690,#697));
#682 = ORIENTED_EDGE('',*,*,#191,.T.);
#683 = ORIENTED_EDGE('',*,*,#684,.T.);
#684 = EDGE_CURVE('',#192,#685,#687,.T.);
#685 = VERTEX_POINT('',#686);
#686 = CARTESIAN_POINT('',(27.15,-25.25,39.));
#687 = B_SPLINE_CURVE_WITH_KNOTS('',1,(#688,#689),.UNSPECIFIED.,.F.,.F.,
  (2,2),(-2.,2.5),.PIECEWISE_BEZIER_KNOTS.);
#688 = CARTESIAN_POINT('',(27.15,-25.25,43.5));
#689 = CARTESIAN_POINT('',(27.15,-25.25,39.));
#690 = ORIENTED_EDGE('',*,*,#691,.F.);
#691 = EDGE_CURVE('',#685,#685,#692,.T.);
#692 = CIRCLE('',#693,1.75);
#693 = AXIS2_PLACEMENT_3D('',#694,#695,#696);
#694 = CARTESIAN_POINT('',(25.4,-25.25,39.));
#695 = DIRECTION('',(0.,0.,-1.));
#696 = DIRECTION('',(1.,0.,0.));
#697 = ORIENTED_EDGE('',*,*,#684,.F.);
#698 = CYLINDRICAL_SURFACE('',#699,1.75);
#699 = AXIS2_PLACEMENT_3D('',#700,#701,#702);
#700 = CARTESIAN_POINT('',(25.4,-25.25,41.5));
#701 = DIRECTION('',(0.,0.,-1.));
#702 = DIRECTION('',(1.,0.,0.));
#703 = ADVANCED_FACE('',(#704),#722,.F.);
#704 = FACE_BOUND('',#705,.F.);
#705 = EDGE_LOOP('',(#706,#715,#720,#721));
#706 = ORIENTED_EDGE('',*,*,#707,.F.);
#707 = EDGE_CURVE('',#708,#708,#710,.T.);
#708 = VERTEX_POINT('',#709);
#709 = CARTESIAN_POINT('',(-3.85,-25.25,39.));
#710 = CIRCLE('',#711,1.75);
#711 = AXIS2_PLACEMENT_3D('',#712,#713,#714);
#712 = CARTESIAN_POINT('',(-5.6,-25.25,39.));
#713 = DIRECTION('',(0.,0.,-1.));
#714 = DIRECTION('',(1.,0.,0.));
#715 = ORIENTED_EDGE('',*,*,#716,.F.);
#716 = EDGE_CURVE('',#203,#708,#717,.T.);
#717 = B_SPLINE_CURVE_WITH_KNOTS('',1,(#718,#719),.UNSPECIFIED.,.F.,.F.,
  (2,2),(-2.,2.5),.PIECEWISE_BEZIER_KNOTS.);
#718 = CARTESIAN_POINT('',(-3.85,-25.25,43.5));
#719 = CARTESIAN_POINT('',(-3.85,-25.25,39.));
#720 = ORIENTED_EDGE('',*,*,#202,.T.);
#721 = ORIENTED_EDGE('',*,*,#716,.T.);
#722 = CYLINDRICAL_SURFACE('',#723,1.75);
#723 = AXIS2_PLACEMENT_3D('',#724,#725,#726);
#724 = CARTESIAN_POINT('',(-5.6,-25.25,41.5));
#725 = DIRECTION('',(0.,0.,-1.));
#726 = DIRECTION('',(1.,0.,0.));
#727 = ADVANCED_FACE('',(#728),#746,.F.);
#728 = FACE_BOUND('',#729,.F.);
#729 = EDGE_LOOP('',(#730,#739,#744,#745));
#730 = ORIENTED_EDGE('',*,*,#731,.F.);
#731 = EDGE_CURVE('',#732,#732,#734,.T.);
#732 = VERTEX_POINT('',#733);
#733 = CARTESIAN_POINT('',(-3.65,5.75,39.));
#734 = CIRCLE('',#735,1.75);
#735 = AXIS2_PLACEMENT_3D('',#736,#737,#738);
#736 = CARTESIAN_POINT('',(-5.4,5.75,39.));
#737 = DIRECTION('',(0.,0.,-1.));
#738 = DIRECTION('',(1.,0.,0.));
#739 = ORIENTED_EDGE('',*,*,#740,.F.);
#740 = EDGE_CURVE('',#214,#732,#741,.T.);
#741 = B_SPLINE_CURVE_WITH_KNOTS('',1,(#742,#743),.UNSPECIFIED.,.F.,.F.,
  (2,2),(-2.,2.5),.PIECEWISE_BEZIER_KNOTS.);
#742 = CARTESIAN_POINT('',(-3.65,5.75,43.5));
#743 = CARTESIAN_POINT('',(-3.65,5.75,39.));
#744 = ORIENTED_EDGE('',*,*,#213,.T.);
#745 = ORIENTED_EDGE('',*,*,#740,.T.);
#746 = CYLINDRICAL_SURFACE('',#747,1.75);
#747 = AXIS2_PLACEMENT_3D('',#748,#749,#750);
#748 = CARTESIAN_POINT('',(-5.4,5.75,41.5));
#749 = DIRECTION('',(0.,0.,-1.));
#750 = DIRECTION('',(1.,0.,0.));
#751 = ADVANCED_FACE('',(#752),#770,.F.);
#752 = FACE_BOUND('',#753,.F.);
#753 = EDGE_LOOP('',(#754,#763,#768,#769));
#754 = ORIENTED_EDGE('',*,*,#755,.F.);
#755 = EDGE_CURVE('',#756,#756,#758,.T.);
#756 = VERTEX_POINT('',#757);
#757 = CARTESIAN_POINT('',(27.15,5.75,39.));
#758 = CIRCLE('',#759,1.75);
#759 = AXIS2_PLACEMENT_3D('',#760,#761,#762);
#760 = CARTESIAN_POINT('',(25.4,5.75,39.));
#761 = DIRECTION('',(0.,0.,-1.));
#762 = DIRECTION('',(1.,0.,0.));
#763 = ORIENTED_EDGE('',*,*,#764,.F.);
#764 = EDGE_CURVE('',#225,#756,#765,.T.);
#765 = B_SPLINE_CURVE_WITH_KNOTS('',1,(#766,#767),.UNSPECIFIED.,.F.,.F.,
  (2,2),(-2.,2.5),.PIECEWISE_BEZIER_KNOTS.);
#766 = CARTESIAN_POINT('',(27.15,5.75,43.5));
#767 = CARTESIAN_POINT('',(27.15,5.75,39.));
#768 = ORIENTED_EDGE('',*,*,#224,.T.);
#769 = ORIENTED_EDGE('',*,*,#764,.T.);
#770 = CYLINDRICAL_SURFACE('',#771,1.75);
#771 = AXIS2_PLACEMENT_3D('',#772,#773,#774);
#772 = CARTESIAN_POINT('',(25.4,5.75,41.5));
#773 = DIRECTION('',(0.,0.,-1.));
#774 = DIRECTION('',(1.,0.,0.));
#775 = ADVANCED_FACE('',(#776),#795,.F.);
#776 = FACE_BOUND('',#777,.F.);
#777 = EDGE_LOOP('',(#778,#779,#787,#794));
#778 = ORIENTED_EDGE('',*,*,#244,.F.);
#779 = ORIENTED_EDGE('',*,*,#780,.T.);
#780 = EDGE_CURVE('',#245,#781,#783,.T.);
#781 = VERTEX_POINT('',#782);
#782 = CARTESIAN_POINT('',(-61.1,-20.,20.));
#783 = LINE('',#784,#785);
#784 = CARTESIAN_POINT('',(-61.1,-20.,43.5));
#785 = VECTOR('',#786,1.);
#786 = DIRECTION('',(-0.,-0.,-1.));
#787 = ORIENTED_EDGE('',*,*,#788,.T.);
#788 = EDGE_CURVE('',#781,#781,#789,.T.);
#789 = CIRCLE('',#790,2.65);
#790 = AXIS2_PLACEMENT_3D('',#791,#792,#793);
#791 = CARTESIAN_POINT('',(-63.75,-20.,20.));
#792 = DIRECTION('',(0.,0.,1.));
#793 = DIRECTION('',(1.,0.,0.));
#794 = ORIENTED_EDGE('',*,*,#780,.F.);
#795 = CYLINDRICAL_SURFACE('',#796,2.65);
#796 = AXIS2_PLACEMENT_3D('',#797,#798,#799);
#797 = CARTESIAN_POINT('',(-63.75,-20.,43.5));
#798 = DIRECTION('',(0.,0.,1.));
#799 = DIRECTION('',(1.,0.,0.));
#800 = ADVANCED_FACE('',(#801),#828,.T.);
#801 = FACE_BOUND('',#802,.T.);
#802 = EDGE_LOOP('',(#803,#804,#805,#806,#814,#822));
#803 = ORIENTED_EDGE('',*,*,#261,.F.);
#804 = ORIENTED_EDGE('',*,*,#570,.F.);
#805 = ORIENTED_EDGE('',*,*,#545,.T.);
#806 = ORIENTED_EDGE('',*,*,#807,.T.);
#807 = EDGE_CURVE('',#546,#808,#810,.T.);
#808 = VERTEX_POINT('',#809);
#809 = CARTESIAN_POINT('',(-40.,17.5,30.5));
#810 = LINE('',#811,#812);
#811 = CARTESIAN_POINT('',(-37.66875,17.5,32.83125));
#812 = VECTOR('',#813,1.);
#813 = DIRECTION('',(-0.707106781187,0.,-0.707106781187));
#814 = ORIENTED_EDGE('',*,*,#815,.F.);
#815 = EDGE_CURVE('',#816,#808,#818,.T.);
#816 = VERTEX_POINT('',#817);
#817 = CARTESIAN_POINT('',(-40.,-7.5,30.5));
#818 = LINE('',#819,#820);
#819 = CARTESIAN_POINT('',(-40.,-7.5,30.5));
#820 = VECTOR('',#821,1.);
#821 = DIRECTION('',(0.,1.,0.));
#822 = ORIENTED_EDGE('',*,*,#823,.F.);
#823 = EDGE_CURVE('',#264,#816,#824,.T.);
#824 = LINE('',#825,#826);
#825 = CARTESIAN_POINT('',(-40.5625,-7.5,29.9375));
#826 = VECTOR('',#827,1.);
#827 = DIRECTION('',(-0.707106781187,0.,-0.707106781187));
#828 = PLANE('',#829);
#829 = AXIS2_PLACEMENT_3D('',#830,#831,#832);
#830 = CARTESIAN_POINT('',(-33.5,-7.5,37.));
#831 = DIRECTION('',(-0.707106781187,0.,0.707106781187));
#832 = DIRECTION('',(0.,1.,0.));
#833 = ADVANCED_FACE('',(#834),#876,.T.);
#834 = FACE_BOUND('',#835,.T.);
#835 = EDGE_LOOP('',(#836,#837,#845,#853,#861,#869,#875));
#836 = ORIENTED_EDGE('',*,*,#823,.T.);
#837 = ORIENTED_EDGE('',*,*,#838,.F.);
#838 = EDGE_CURVE('',#839,#816,#841,.T.);
#839 = VERTEX_POINT('',#840);
#840 = CARTESIAN_POINT('',(-40.,-7.5,30.));
#841 = LINE('',#842,#843);
#842 = CARTESIAN_POINT('',(-40.,-7.5,41.5));
#843 = VECTOR('',#844,1.);
#844 = DIRECTION('',(0.,0.,1.));
#845 = ORIENTED_EDGE('',*,*,#846,.T.);
#846 = EDGE_CURVE('',#839,#847,#849,.T.);
#847 = VERTEX_POINT('',#848);
#848 = CARTESIAN_POINT('',(-53.35,-7.5,30.));
#849 = LINE('',#850,#851);
#850 = CARTESIAN_POINT('',(-40.,-7.5,30.));
#851 = VECTOR('',#852,1.);
#852 = DIRECTION('',(-1.,-0.,-0.));
#853 = ORIENTED_EDGE('',*,*,#854,.T.);
#854 = EDGE_CURVE('',#847,#855,#857,.T.);
#855 = VERTEX_POINT('',#856);
#856 = CARTESIAN_POINT('',(-53.35,-7.5,20.));
#857 = LINE('',#858,#859);
#858 = CARTESIAN_POINT('',(-53.35,-7.5,30.));
#859 = VECTOR('',#860,1.);
#860 = DIRECTION('',(0.,0.,-1.));
#861 = ORIENTED_EDGE('',*,*,#862,.F.);
#862 = EDGE_CURVE('',#863,#855,#865,.T.);
#863 = VERTEX_POINT('',#864);
#864 = CARTESIAN_POINT('',(-71.,-7.5,20.));
#865 = LINE('',#866,#867);
#866 = CARTESIAN_POINT('',(-50.,-7.5,20.));
#867 = VECTOR('',#868,1.);
#868 = DIRECTION('',(1.,0.,0.));
#869 = ORIENTED_EDGE('',*,*,#870,.T.);
#870 = EDGE_CURVE('',#863,#272,#871,.T.);
#871 = LINE('',#872,#873);
#872 = CARTESIAN_POINT('',(-71.,-7.5,20.));
#873 = VECTOR('',#874,1.);
#874 = DIRECTION('',(0.,0.,1.));
#875 = ORIENTED_EDGE('',*,*,#271,.F.);
#876 = PLANE('',#877);
#877 = AXIS2_PLACEMENT_3D('',#878,#879,#880);
#878 = CARTESIAN_POINT('',(-57.6814159292,-7.5,32.931415929204));
#879 = DIRECTION('',(0.,1.,0.));
#880 = DIRECTION('',(0.,0.,1.));
#881 = ADVANCED_FACE('',(#882),#892,.F.);
#882 = FACE_BOUND('',#883,.F.);
#883 = EDGE_LOOP('',(#884,#885,#891));
#884 = ORIENTED_EDGE('',*,*,#300,.F.);
#885 = ORIENTED_EDGE('',*,*,#886,.T.);
#886 = EDGE_CURVE('',#301,#272,#887,.T.);
#887 = LINE('',#888,#889);
#888 = CARTESIAN_POINT('',(-72.5,-9.,41.5));
#889 = VECTOR('',#890,1.);
#890 = DIRECTION('',(0.707106781187,0.707106781187,-5.768888059151E-16)
  );
#891 = ORIENTED_EDGE('',*,*,#279,.F.);
#892 = PLANE('',#893);
#893 = AXIS2_PLACEMENT_3D('',#894,#895,#896);
#894 = CARTESIAN_POINT('',(-73.,-9.5,41.5));
#895 = DIRECTION('',(0.57735026919,-0.57735026919,-0.57735026919));
#896 = DIRECTION('',(0.,0.707106781187,-0.707106781187));
#897 = ADVANCED_FACE('',(#898),#923,.T.);
#898 = FACE_BOUND('',#899,.T.);
#899 = EDGE_LOOP('',(#900,#910,#916,#917));
#900 = ORIENTED_EDGE('',*,*,#901,.F.);
#901 = EDGE_CURVE('',#902,#904,#906,.T.);
#902 = VERTEX_POINT('',#903);
#903 = CARTESIAN_POINT('',(-73.,-48.,20.));
#904 = VERTEX_POINT('',#905);
#905 = CARTESIAN_POINT('',(-73.,-9.5,20.));
#906 = LINE('',#907,#908);
#907 = CARTESIAN_POINT('',(-73.,-50.,20.));
#908 = VECTOR('',#909,1.);
#909 = DIRECTION('',(0.,1.,-2.22044604925E-16));
#910 = ORIENTED_EDGE('',*,*,#911,.T.);
#911 = EDGE_CURVE('',#902,#310,#912,.T.);
#912 = LINE('',#913,#914);
#913 = CARTESIAN_POINT('',(-73.,-48.,20.));
#914 = VECTOR('',#915,1.);
#915 = DIRECTION('',(0.,0.,1.));
#916 = ORIENTED_EDGE('',*,*,#317,.F.);
#917 = ORIENTED_EDGE('',*,*,#918,.F.);
#918 = EDGE_CURVE('',#904,#301,#919,.T.);
#919 = LINE('',#920,#921);
#920 = CARTESIAN_POINT('',(-73.,-9.5,20.));
#921 = VECTOR('',#922,1.);
#922 = DIRECTION('',(0.,0.,1.));
#923 = PLANE('',#924);
#924 = AXIS2_PLACEMENT_3D('',#925,#926,#927);
#925 = CARTESIAN_POINT('',(-73.,-28.75,31.75));
#926 = DIRECTION('',(-1.,-0.,-0.));
#927 = DIRECTION('',(0.,0.,-1.));
#928 = ADVANCED_FACE('',(#929),#939,.F.);
#929 = FACE_BOUND('',#930,.F.);
#930 = EDGE_LOOP('',(#931,#932,#938));
#931 = ORIENTED_EDGE('',*,*,#340,.F.);
#932 = ORIENTED_EDGE('',*,*,#933,.T.);
#933 = EDGE_CURVE('',#341,#310,#934,.T.);
#934 = LINE('',#935,#936);
#935 = CARTESIAN_POINT('',(-71.5,-49.5,41.5));
#936 = VECTOR('',#937,1.);
#937 = DIRECTION('',(-0.707106781187,0.707106781187,0.));
#938 = ORIENTED_EDGE('',*,*,#309,.F.);
#939 = PLANE('',#940);
#940 = AXIS2_PLACEMENT_3D('',#941,#942,#943);
#941 = CARTESIAN_POINT('',(-71.,-50.,41.5));
#942 = DIRECTION('',(0.57735026919,0.57735026919,-0.57735026919));
#943 = DIRECTION('',(-0.707106781187,0.,-0.707106781187));
#944 = ADVANCED_FACE('',(#945),#986,.T.);
#945 = FACE_BOUND('',#946,.T.);
#946 = EDGE_LOOP('',(#947,#957,#965,#973,#979,#980));
#947 = ORIENTED_EDGE('',*,*,#948,.F.);
#948 = EDGE_CURVE('',#949,#951,#953,.T.);
#949 = VERTEX_POINT('',#950);
#950 = CARTESIAN_POINT('',(-42.,-50.,20.));
#951 = VERTEX_POINT('',#952);
#952 = CARTESIAN_POINT('',(-71.,-50.,20.));
#953 = LINE('',#954,#955);
#954 = CARTESIAN_POINT('',(-40.,-50.,20.));
#955 = VECTOR('',#956,1.);
#956 = DIRECTION('',(-1.,0.,0.));
#957 = ORIENTED_EDGE('',*,*,#958,.T.);
#958 = EDGE_CURVE('',#949,#959,#961,.T.);
#959 = VERTEX_POINT('',#960);
#960 = CARTESIAN_POINT('',(-42.,-50.,32.));
#961 = LINE('',#962,#963);
#962 = CARTESIAN_POINT('',(-42.,-50.,20.));
#963 = VECTOR('',#964,1.);
#964 = DIRECTION('',(0.,0.,1.));
#965 = ORIENTED_EDGE('',*,*,#966,.T.);
#966 = EDGE_CURVE('',#959,#967,#969,.T.);
#967 = VERTEX_POINT('',#968);
#968 = CARTESIAN_POINT('',(30.,-50.,32.));
#969 = LINE('',#970,#971);
#970 = CARTESIAN_POINT('',(-40.,-50.,32.));
#971 = VECTOR('',#972,1.);
#972 = DIRECTION('',(1.,0.,0.));
#973 = ORIENTED_EDGE('',*,*,#974,.T.);
#974 = EDGE_CURVE('',#967,#332,#975,.T.);
#975 = LINE('',#976,#977);
#976 = CARTESIAN_POINT('',(30.,-50.,0.));
#977 = VECTOR('',#978,1.);
#978 = DIRECTION('',(0.,0.,1.));
#979 = ORIENTED_EDGE('',*,*,#348,.T.);
#980 = ORIENTED_EDGE('',*,*,#981,.F.);
#981 = EDGE_CURVE('',#951,#341,#982,.T.);
#982 = LINE('',#983,#984);
#983 = CARTESIAN_POINT('',(-71.,-50.,20.));
#984 = VECTOR('',#985,1.);
#985 = DIRECTION('',(0.,0.,1.));
#986 = PLANE('',#987);
#987 = AXIS2_PLACEMENT_3D('',#988,#989,#990);
#988 = CARTESIAN_POINT('',(-24.26679841897,-50.,34.516798418972));
#989 = DIRECTION('',(-0.,-1.,-0.));
#990 = DIRECTION('',(0.,0.,-1.));
#991 = ADVANCED_FACE('',(#992),#1011,.T.);
#992 = FACE_BOUND('',#993,.F.);
#993 = EDGE_LOOP('',(#994,#1002,#1009,#1010));
#994 = ORIENTED_EDGE('',*,*,#995,.F.);
#995 = EDGE_CURVE('',#996,#363,#998,.T.);
#996 = VERTEX_POINT('',#997);
#997 = CARTESIAN_POINT('',(50.,-30.,32.));
#998 = LINE('',#999,#1000);
#999 = CARTESIAN_POINT('',(50.,-30.,41.5));
#1000 = VECTOR('',#1001,1.);
#1001 = DIRECTION('',(0.,0.,1.));
#1002 = ORIENTED_EDGE('',*,*,#1003,.F.);
#1003 = EDGE_CURVE('',#967,#996,#1004,.T.);
#1004 = CIRCLE('',#1005,20.);
#1005 = AXIS2_PLACEMENT_3D('',#1006,#1007,#1008);
#1006 = CARTESIAN_POINT('',(30.,-30.,32.));
#1007 = DIRECTION('',(-0.,0.,1.));
#1008 = DIRECTION('',(-1.7763568394E-16,-1.,-0.));
#1009 = ORIENTED_EDGE('',*,*,#974,.T.);
#1010 = ORIENTED_EDGE('',*,*,#372,.F.);
#1011 = CYLINDRICAL_SURFACE('',#1012,20.);
#1012 = AXIS2_PLACEMENT_3D('',#1013,#1014,#1015);
#1013 = CARTESIAN_POINT('',(30.,-30.,0.));
#1014 = DIRECTION('',(-0.,-0.,-1.));
#1015 = DIRECTION('',(1.,0.,0.));
#1016 = ADVANCED_FACE('',(#1017),#1027,.F.);
#1017 = FACE_BOUND('',#1018,.F.);
#1018 = EDGE_LOOP('',(#1019,#1020,#1026));
#1019 = ORIENTED_EDGE('',*,*,#411,.F.);
#1020 = ORIENTED_EDGE('',*,*,#1021,.T.);
#1021 = EDGE_CURVE('',#412,#390,#1022,.T.);
#1022 = LINE('',#1023,#1024);
#1023 = CARTESIAN_POINT('',(48.5,72.5,41.5));
#1024 = VECTOR('',#1025,1.);
#1025 = DIRECTION('',(0.707106781187,-0.707106781187,0.));
#1026 = ORIENTED_EDGE('',*,*,#397,.F.);
#1027 = PLANE('',#1028);
#1028 = AXIS2_PLACEMENT_3D('',#1029,#1030,#1031);
#1029 = CARTESIAN_POINT('',(48.,73.,41.5));
#1030 = DIRECTION('',(-0.57735026919,-0.57735026919,-0.57735026919));
#1031 = DIRECTION('',(0.707106781187,0.,-0.707106781187));
#1032 = ADVANCED_FACE('',(#1033),#1067,.T.);
#1033 = FACE_BOUND('',#1034,.T.);
#1034 = EDGE_LOOP('',(#1035,#1036,#1044,#1052,#1060,#1066));
#1035 = ORIENTED_EDGE('',*,*,#995,.F.);
#1036 = ORIENTED_EDGE('',*,*,#1037,.T.);
#1037 = EDGE_CURVE('',#996,#1038,#1040,.T.);
#1038 = VERTEX_POINT('',#1039);
#1039 = CARTESIAN_POINT('',(50.,42.,32.));
#1040 = LINE('',#1041,#1042);
#1041 = CARTESIAN_POINT('',(50.,-30.,32.));
#1042 = VECTOR('',#1043,1.);
#1043 = DIRECTION('',(0.,1.,0.));
#1044 = ORIENTED_EDGE('',*,*,#1045,.F.);
#1045 = EDGE_CURVE('',#1046,#1038,#1048,.T.);
#1046 = VERTEX_POINT('',#1047);
#1047 = CARTESIAN_POINT('',(50.,42.,20.));
#1048 = LINE('',#1049,#1050);
#1049 = CARTESIAN_POINT('',(50.,42.,20.));
#1050 = VECTOR('',#1051,1.);
#1051 = DIRECTION('',(0.,0.,1.));
#1052 = ORIENTED_EDGE('',*,*,#1053,.F.);
#1053 = EDGE_CURVE('',#1054,#1046,#1056,.T.);
#1054 = VERTEX_POINT('',#1055);
#1055 = CARTESIAN_POINT('',(50.,71.,20.));
#1056 = LINE('',#1057,#1058);
#1057 = CARTESIAN_POINT('',(50.,60.,20.));
#1058 = VECTOR('',#1059,1.);
#1059 = DIRECTION('',(0.,-1.,0.));
#1060 = ORIENTED_EDGE('',*,*,#1061,.T.);
#1061 = EDGE_CURVE('',#1054,#390,#1062,.T.);
#1062 = LINE('',#1063,#1064);
#1063 = CARTESIAN_POINT('',(50.,71.,20.));
#1064 = VECTOR('',#1065,1.);
#1065 = DIRECTION('',(0.,0.,1.));
#1066 = ORIENTED_EDGE('',*,*,#389,.T.);
#1067 = PLANE('',#1068);
#1068 = AXIS2_PLACEMENT_3D('',#1069,#1070,#1071);
#1069 = CARTESIAN_POINT('',(50.,24.266798418972,34.516798418972));
#1070 = DIRECTION('',(1.,0.,0.));
#1071 = DIRECTION('',(0.,0.,1.));
#1072 = ADVANCED_FACE('',(#1073),#1098,.T.);
#1073 = FACE_BOUND('',#1074,.T.);
#1074 = EDGE_LOOP('',(#1075,#1085,#1091,#1092));
#1075 = ORIENTED_EDGE('',*,*,#1076,.T.);
#1076 = EDGE_CURVE('',#1077,#1079,#1081,.T.);
#1077 = VERTEX_POINT('',#1078);
#1078 = CARTESIAN_POINT('',(48.,73.,20.));
#1079 = VERTEX_POINT('',#1080);
#1080 = CARTESIAN_POINT('',(9.5,73.,20.));
#1081 = LINE('',#1082,#1083);
#1082 = CARTESIAN_POINT('',(50.,73.,20.));
#1083 = VECTOR('',#1084,1.);
#1084 = DIRECTION('',(-1.,-0.,-0.));
#1085 = ORIENTED_EDGE('',*,*,#1086,.F.);
#1086 = EDGE_CURVE('',#421,#1079,#1087,.T.);
#1087 = LINE('',#1088,#1089);
#1088 = CARTESIAN_POINT('',(9.5,73.,43.5));
#1089 = VECTOR('',#1090,1.);
#1090 = DIRECTION('',(-0.,-0.,-1.));
#1091 = ORIENTED_EDGE('',*,*,#428,.F.);
#1092 = ORIENTED_EDGE('',*,*,#1093,.F.);
#1093 = EDGE_CURVE('',#1077,#412,#1094,.T.);
#1094 = LINE('',#1095,#1096);
#1095 = CARTESIAN_POINT('',(48.,73.,20.));
#1096 = VECTOR('',#1097,1.);
#1097 = DIRECTION('',(0.,0.,1.));
#1098 = PLANE('',#1099);
#1099 = AXIS2_PLACEMENT_3D('',#1100,#1101,#1102);
#1100 = CARTESIAN_POINT('',(28.75,73.,31.75));
#1101 = DIRECTION('',(0.,1.,0.));
#1102 = DIRECTION('',(0.,0.,1.));
#1103 = ADVANCED_FACE('',(#1104),#1114,.F.);
#1104 = FACE_BOUND('',#1105,.F.);
#1105 = EDGE_LOOP('',(#1106,#1107,#1113));
#1106 = ORIENTED_EDGE('',*,*,#459,.F.);
#1107 = ORIENTED_EDGE('',*,*,#1108,.T.);
#1108 = EDGE_CURVE('',#460,#421,#1109,.T.);
#1109 = LINE('',#1110,#1111);
#1110 = CARTESIAN_POINT('',(8.,71.5,41.5));
#1111 = VECTOR('',#1112,1.);
#1112 = DIRECTION('',(0.707106781187,0.707106781187,-3.845925372767E-16)
  );
#1113 = ORIENTED_EDGE('',*,*,#420,.F.);
#1114 = PLANE('',#1115);
#1115 = AXIS2_PLACEMENT_3D('',#1116,#1117,#1118);
#1116 = CARTESIAN_POINT('',(7.5,71.,41.5));
#1117 = DIRECTION('',(0.57735026919,-0.57735026919,-0.57735026919));
#1118 = DIRECTION('',(-6.106226635438E-16,0.707106781187,-0.707106781187
    ));
#1119 = ADVANCED_FACE('',(#1120),#1147,.T.);
#1120 = FACE_BOUND('',#1121,.T.);
#1121 = EDGE_LOOP('',(#1122,#1123,#1131,#1139,#1145,#1146));
#1122 = ORIENTED_EDGE('',*,*,#442,.T.);
#1123 = ORIENTED_EDGE('',*,*,#1124,.T.);
#1124 = EDGE_CURVE('',#445,#1125,#1127,.T.);
#1125 = VERTEX_POINT('',#1126);
#1126 = CARTESIAN_POINT('',(7.5,40.,30.5));
#1127 = LINE('',#1128,#1129);
#1128 = CARTESIAN_POINT('',(7.5,40.5625,29.9375));
#1129 = VECTOR('',#1130,1.);
#1130 = DIRECTION('',(0.,0.707106781187,-0.707106781187));
#1131 = ORIENTED_EDGE('',*,*,#1132,.F.);
#1132 = EDGE_CURVE('',#1133,#1125,#1135,.T.);
#1133 = VERTEX_POINT('',#1134);
#1134 = CARTESIAN_POINT('',(-17.5,40.,30.5));
#1135 = LINE('',#1136,#1137);
#1136 = CARTESIAN_POINT('',(-17.5,40.,30.5));
#1137 = VECTOR('',#1138,1.);
#1138 = DIRECTION('',(1.,0.,0.));
#1139 = ORIENTED_EDGE('',*,*,#1140,.F.);
#1140 = EDGE_CURVE('',#516,#1133,#1141,.T.);
#1141 = LINE('',#1142,#1143);
#1142 = CARTESIAN_POINT('',(-17.5,37.8125,32.6875));
#1143 = VECTOR('',#1144,1.);
#1144 = DIRECTION('',(0.,0.707106781187,-0.707106781187));
#1145 = ORIENTED_EDGE('',*,*,#523,.F.);
#1146 = ORIENTED_EDGE('',*,*,#491,.T.);
#1147 = PLANE('',#1148);
#1148 = AXIS2_PLACEMENT_3D('',#1149,#1150,#1151);
#1149 = CARTESIAN_POINT('',(-17.5,33.5,37.));
#1150 = DIRECTION('',(0.,0.707106781187,0.707106781187));
#1151 = DIRECTION('',(1.,0.,0.));
#1152 = ADVANCED_FACE('',(#1153),#1195,.T.);
#1153 = FACE_BOUND('',#1154,.T.);
#1154 = EDGE_LOOP('',(#1155,#1156,#1157,#1165,#1173,#1181,#1189));
#1155 = ORIENTED_EDGE('',*,*,#1124,.F.);
#1156 = ORIENTED_EDGE('',*,*,#467,.T.);
#1157 = ORIENTED_EDGE('',*,*,#1158,.T.);
#1158 = EDGE_CURVE('',#460,#1159,#1161,.T.);
#1159 = VERTEX_POINT('',#1160);
#1160 = CARTESIAN_POINT('',(7.5,71.,20.));
#1161 = LINE('',#1162,#1163);
#1162 = CARTESIAN_POINT('',(7.5,71.,43.5));
#1163 = VECTOR('',#1164,1.);
#1164 = DIRECTION('',(-0.,-0.,-1.));
#1165 = ORIENTED_EDGE('',*,*,#1166,.F.);
#1166 = EDGE_CURVE('',#1167,#1159,#1169,.T.);
#1167 = VERTEX_POINT('',#1168);
#1168 = CARTESIAN_POINT('',(7.5,54.5,20.));
#1169 = LINE('',#1170,#1171);
#1170 = CARTESIAN_POINT('',(7.5,60.,20.));
#1171 = VECTOR('',#1172,1.);
#1172 = DIRECTION('',(0.,1.,0.));
#1173 = ORIENTED_EDGE('',*,*,#1174,.T.);
#1174 = EDGE_CURVE('',#1167,#1175,#1177,.T.);
#1175 = VERTEX_POINT('',#1176);
#1176 = CARTESIAN_POINT('',(7.5,54.5,30.));
#1177 = LINE('',#1178,#1179);
#1178 = CARTESIAN_POINT('',(7.5,54.5,41.5));
#1179 = VECTOR('',#1180,1.);
#1180 = DIRECTION('',(0.,0.,1.));
#1181 = ORIENTED_EDGE('',*,*,#1182,.F.);
#1182 = EDGE_CURVE('',#1183,#1175,#1185,.T.);
#1183 = VERTEX_POINT('',#1184);
#1184 = CARTESIAN_POINT('',(7.5,40.,30.));
#1185 = LINE('',#1186,#1187);
#1186 = CARTESIAN_POINT('',(7.5,40.,30.));
#1187 = VECTOR('',#1188,1.);
#1188 = DIRECTION('',(0.,1.,0.));
#1189 = ORIENTED_EDGE('',*,*,#1190,.T.);
#1190 = EDGE_CURVE('',#1183,#1125,#1191,.T.);
#1191 = LINE('',#1192,#1193);
#1192 = CARTESIAN_POINT('',(7.5,40.,41.5));
#1193 = VECTOR('',#1194,1.);
#1194 = DIRECTION('',(0.,0.,1.));
#1195 = PLANE('',#1196);
#1196 = AXIS2_PLACEMENT_3D('',#1197,#1198,#1199);
#1197 = CARTESIAN_POINT('',(7.5,57.783185840708,33.033185840708));
#1198 = DIRECTION('',(-1.,-0.,-0.));
#1199 = DIRECTION('',(0.,0.,-1.));
#1200 = ADVANCED_FACE('',(#1201),#1259,.T.);
#1201 = FACE_BOUND('',#1202,.T.);
#1202 = EDGE_LOOP('',(#1203,#1204,#1212,#1220,#1228,#1236,#1244,#1252,
    #1258));
#1203 = ORIENTED_EDGE('',*,*,#1140,.T.);
#1204 = ORIENTED_EDGE('',*,*,#1205,.T.);
#1205 = EDGE_CURVE('',#1133,#1206,#1208,.T.);
#1206 = VERTEX_POINT('',#1207);
#1207 = CARTESIAN_POINT('',(-17.5,40.,30.));
#1208 = LINE('',#1209,#1210);
#1209 = CARTESIAN_POINT('',(-17.5,40.,41.5));
#1210 = VECTOR('',#1211,1.);
#1211 = DIRECTION('',(-0.,-0.,-1.));
#1212 = ORIENTED_EDGE('',*,*,#1213,.T.);
#1213 = EDGE_CURVE('',#1206,#1214,#1216,.T.);
#1214 = VERTEX_POINT('',#1215);
#1215 = CARTESIAN_POINT('',(-17.5,49.5,30.));
#1216 = LINE('',#1217,#1218);
#1217 = CARTESIAN_POINT('',(-17.5,40.,30.));
#1218 = VECTOR('',#1219,1.);
#1219 = DIRECTION('',(0.,1.,0.));
#1220 = ORIENTED_EDGE('',*,*,#1221,.T.);
#1221 = EDGE_CURVE('',#1214,#1222,#1224,.T.);
#1222 = VERTEX_POINT('',#1223);
#1223 = CARTESIAN_POINT('',(-17.5,49.5,1.));
#1224 = LINE('',#1225,#1226);
#1225 = CARTESIAN_POINT('',(-17.5,49.5,30.));
#1226 = VECTOR('',#1227,1.);
#1227 = DIRECTION('',(0.,0.,-1.));
#1228 = ORIENTED_EDGE('',*,*,#1229,.F.);
#1229 = EDGE_CURVE('',#1230,#1222,#1232,.T.);
#1230 = VERTEX_POINT('',#1231);
#1231 = CARTESIAN_POINT('',(-17.5,30.,1.));
#1232 = LINE('',#1233,#1234);
#1233 = CARTESIAN_POINT('',(-17.5,40.,1.));
#1234 = VECTOR('',#1235,1.);
#1235 = DIRECTION('',(0.,1.,0.));
#1236 = ORIENTED_EDGE('',*,*,#1237,.F.);
#1237 = EDGE_CURVE('',#1238,#1230,#1240,.T.);
#1238 = VERTEX_POINT('',#1239);
#1239 = CARTESIAN_POINT('',(-17.5,30.,30.));
#1240 = LINE('',#1241,#1242);
#1241 = CARTESIAN_POINT('',(-17.5,30.,30.));
#1242 = VECTOR('',#1243,1.);
#1243 = DIRECTION('',(0.,0.,-1.));
#1244 = ORIENTED_EDGE('',*,*,#1245,.F.);
#1245 = EDGE_CURVE('',#1246,#1238,#1248,.T.);
#1246 = VERTEX_POINT('',#1247);
#1247 = CARTESIAN_POINT('',(-17.5,17.5,30.));
#1248 = LINE('',#1249,#1250);
#1249 = CARTESIAN_POINT('',(-17.5,15.470011615236,30.));
#1250 = VECTOR('',#1251,1.);
#1251 = DIRECTION('',(0.,1.,0.));
#1252 = ORIENTED_EDGE('',*,*,#1253,.T.);
#1253 = EDGE_CURVE('',#1246,#508,#1254,.T.);
#1254 = LINE('',#1255,#1256);
#1255 = CARTESIAN_POINT('',(-17.5,17.5,41.5));
#1256 = VECTOR('',#1257,1.);
#1257 = DIRECTION('',(0.,0.,1.));
#1258 = ORIENTED_EDGE('',*,*,#515,.F.);
#1259 = PLANE('',#1260);
#1260 = AXIS2_PLACEMENT_3D('',#1261,#1262,#1263);
#1261 = CARTESIAN_POINT('',(-17.5,36.13679245283,22.38679245283));
#1262 = DIRECTION('',(-1.,-0.,-0.));
#1263 = DIRECTION('',(0.,0.,-1.));
#1264 = ADVANCED_FACE('',(#1265),#1316,.T.);
#1265 = FACE_BOUND('',#1266,.T.);
#1266 = EDGE_LOOP('',(#1267,#1268,#1269,#1270,#1278,#1286,#1294,#1302,
    #1310));
#1267 = ORIENTED_EDGE('',*,*,#807,.F.);
#1268 = ORIENTED_EDGE('',*,*,#553,.F.);
#1269 = ORIENTED_EDGE('',*,*,#1253,.F.);
#1270 = ORIENTED_EDGE('',*,*,#1271,.T.);
#1271 = EDGE_CURVE('',#1246,#1272,#1274,.T.);
#1272 = VERTEX_POINT('',#1273);
#1273 = CARTESIAN_POINT('',(-30.,17.5,30.));
#1274 = LINE('',#1275,#1276);
#1275 = CARTESIAN_POINT('',(-17.5,17.5,30.));
#1276 = VECTOR('',#1277,1.);
#1277 = DIRECTION('',(-1.,0.,0.));
#1278 = ORIENTED_EDGE('',*,*,#1279,.T.);
#1279 = EDGE_CURVE('',#1272,#1280,#1282,.T.);
#1280 = VERTEX_POINT('',#1281);
#1281 = CARTESIAN_POINT('',(-30.,17.5,1.));
#1282 = LINE('',#1283,#1284);
#1283 = CARTESIAN_POINT('',(-30.,17.5,30.));
#1284 = VECTOR('',#1285,1.);
#1285 = DIRECTION('',(0.,0.,-1.));
#1286 = ORIENTED_EDGE('',*,*,#1287,.F.);
#1287 = EDGE_CURVE('',#1288,#1280,#1290,.T.);
#1288 = VERTEX_POINT('',#1289);
#1289 = CARTESIAN_POINT('',(-48.35,17.5,1.));
#1290 = LINE('',#1291,#1292);
#1291 = CARTESIAN_POINT('',(-40.,17.5,1.));
#1292 = VECTOR('',#1293,1.);
#1293 = DIRECTION('',(1.,0.,0.));
#1294 = ORIENTED_EDGE('',*,*,#1295,.F.);
#1295 = EDGE_CURVE('',#1296,#1288,#1298,.T.);
#1296 = VERTEX_POINT('',#1297);
#1297 = CARTESIAN_POINT('',(-48.35,17.5,30.));
#1298 = LINE('',#1299,#1300);
#1299 = CARTESIAN_POINT('',(-48.35,17.5,30.));
#1300 = VECTOR('',#1301,1.);
#1301 = DIRECTION('',(0.,0.,-1.));
#1302 = ORIENTED_EDGE('',*,*,#1303,.F.);
#1303 = EDGE_CURVE('',#1304,#1296,#1306,.T.);
#1304 = VERTEX_POINT('',#1305);
#1305 = CARTESIAN_POINT('',(-40.,17.5,30.));
#1306 = LINE('',#1307,#1308);
#1307 = CARTESIAN_POINT('',(-40.,17.5,30.));
#1308 = VECTOR('',#1309,1.);
#1309 = DIRECTION('',(-1.,-0.,-0.));
#1310 = ORIENTED_EDGE('',*,*,#1311,.T.);
#1311 = EDGE_CURVE('',#1304,#808,#1312,.T.);
#1312 = LINE('',#1313,#1314);
#1313 = CARTESIAN_POINT('',(-40.,17.5,41.5));
#1314 = VECTOR('',#1315,1.);
#1315 = DIRECTION('',(0.,0.,1.));
#1316 = PLANE('',#1317);
#1317 = AXIS2_PLACEMENT_3D('',#1318,#1319,#1320);
#1318 = CARTESIAN_POINT('',(-35.66287492023,17.5,22.48787492023));
#1319 = DIRECTION('',(0.,1.,0.));
#1320 = DIRECTION('',(0.,0.,1.));
#1321 = ADVANCED_FACE('',(#1322),#1340,.F.);
#1322 = FACE_BOUND('',#1323,.F.);
#1323 = EDGE_LOOP('',(#1324,#1331,#1332,#1333));
#1324 = ORIENTED_EDGE('',*,*,#1325,.F.);
#1325 = EDGE_CURVE('',#587,#1326,#1328,.T.);
#1326 = VERTEX_POINT('',#1327);
#1327 = CARTESIAN_POINT('',(21.35,-9.75,39.));
#1328 = B_SPLINE_CURVE_WITH_KNOTS('',1,(#1329,#1330),.UNSPECIFIED.,.F.,
  .F.,(2,2),(-2.,2.5),.PIECEWISE_BEZIER_KNOTS.);
#1329 = CARTESIAN_POINT('',(21.35,-9.75,43.5));
#1330 = CARTESIAN_POINT('',(21.35,-9.75,39.));
#1331 = ORIENTED_EDGE('',*,*,#596,.T.);
#1332 = ORIENTED_EDGE('',*,*,#1325,.T.);
#1333 = ORIENTED_EDGE('',*,*,#1334,.F.);
#1334 = EDGE_CURVE('',#1326,#1326,#1335,.T.);
#1335 = CIRCLE('',#1336,11.5);
#1336 = AXIS2_PLACEMENT_3D('',#1337,#1338,#1339);
#1337 = CARTESIAN_POINT('',(9.85,-9.75,39.));
#1338 = DIRECTION('',(0.,0.,-1.));
#1339 = DIRECTION('',(1.,0.,0.));
#1340 = CYLINDRICAL_SURFACE('',#1341,11.5);
#1341 = AXIS2_PLACEMENT_3D('',#1342,#1343,#1344);
#1342 = CARTESIAN_POINT('',(9.85,-9.75,41.5));
#1343 = DIRECTION('',(0.,0.,-1.));
#1344 = DIRECTION('',(1.,0.,0.));
#1345 = ADVANCED_FACE('',(#1346,#1349),#1360,.T.);
#1346 = FACE_BOUND('',#1347,.T.);
#1347 = EDGE_LOOP('',(#1348));
#1348 = ORIENTED_EDGE('',*,*,#619,.T.);
#1349 = FACE_BOUND('',#1350,.T.);
#1350 = EDGE_LOOP('',(#1351));
#1351 = ORIENTED_EDGE('',*,*,#1352,.F.);
#1352 = EDGE_CURVE('',#1353,#1353,#1355,.T.);
#1353 = VERTEX_POINT('',#1354);
#1354 = CARTESIAN_POINT('',(22.65,65.,37.));
#1355 = CIRCLE('',#1356,2.65);
#1356 = AXIS2_PLACEMENT_3D('',#1357,#1358,#1359);
#1357 = CARTESIAN_POINT('',(20.,65.,37.));
#1358 = DIRECTION('',(0.,0.,1.));
#1359 = DIRECTION('',(1.,0.,0.));
#1360 = PLANE('',#1361);
#1361 = AXIS2_PLACEMENT_3D('',#1362,#1363,#1364);
#1362 = CARTESIAN_POINT('',(-6.225,6.6,37.));
#1363 = DIRECTION('',(0.,0.,1.));
#1364 = DIRECTION('',(1.,0.,0.));
#1365 = ADVANCED_FACE('',(#1366,#1369),#1380,.T.);
#1366 = FACE_BOUND('',#1367,.T.);
#1367 = EDGE_LOOP('',(#1368));
#1368 = ORIENTED_EDGE('',*,*,#643,.T.);
#1369 = FACE_BOUND('',#1370,.T.);
#1370 = EDGE_LOOP('',(#1371));
#1371 = ORIENTED_EDGE('',*,*,#1372,.F.);
#1372 = EDGE_CURVE('',#1373,#1373,#1375,.T.);
#1373 = VERTEX_POINT('',#1374);
#1374 = CARTESIAN_POINT('',(42.65,65.,37.));
#1375 = CIRCLE('',#1376,2.65);
#1376 = AXIS2_PLACEMENT_3D('',#1377,#1378,#1379);
#1377 = CARTESIAN_POINT('',(40.,65.,37.));
#1378 = DIRECTION('',(0.,0.,1.));
#1379 = DIRECTION('',(1.,0.,0.));
#1380 = PLANE('',#1381);
#1381 = AXIS2_PLACEMENT_3D('',#1382,#1383,#1384);
#1382 = CARTESIAN_POINT('',(-6.225,6.6,37.));
#1383 = DIRECTION('',(0.,0.,1.));
#1384 = DIRECTION('',(1.,0.,0.));
#1385 = ADVANCED_FACE('',(#1386,#1389),#1400,.T.);
#1386 = FACE_BOUND('',#1387,.T.);
#1387 = EDGE_LOOP('',(#1388));
#1388 = ORIENTED_EDGE('',*,*,#667,.T.);
#1389 = FACE_BOUND('',#1390,.T.);
#1390 = EDGE_LOOP('',(#1391));
#1391 = ORIENTED_EDGE('',*,*,#1392,.F.);
#1392 = EDGE_CURVE('',#1393,#1393,#1395,.T.);
#1393 = VERTEX_POINT('',#1394);
#1394 = CARTESIAN_POINT('',(-61.1,-40.,37.));
#1395 = CIRCLE('',#1396,2.65);
#1396 = AXIS2_PLACEMENT_3D('',#1397,#1398,#1399);
#1397 = CARTESIAN_POINT('',(-63.75,-40.,37.));
#1398 = DIRECTION('',(0.,0.,1.));
#1399 = DIRECTION('',(1.,0.,0.));
#1400 = PLANE('',#1401);
#1401 = AXIS2_PLACEMENT_3D('',#1402,#1403,#1404);
#1402 = CARTESIAN_POINT('',(-6.225,6.6,37.));
#1403 = DIRECTION('',(0.,0.,1.));
#1404 = DIRECTION('',(1.,0.,0.));
#1405 = ADVANCED_FACE('',(#1406,#1440,#1443,#1446,#1449,#1452),#1455,.F.
  );
#1406 = FACE_BOUND('',#1407,.F.);
#1407 = EDGE_LOOP('',(#1408,#1418,#1426,#1434));
#1408 = ORIENTED_EDGE('',*,*,#1409,.F.);
#1409 = EDGE_CURVE('',#1410,#1412,#1414,.T.);
#1410 = VERTEX_POINT('',#1411);
#1411 = CARTESIAN_POINT('',(-11.65,-31.15,39.));
#1412 = VERTEX_POINT('',#1413);
#1413 = CARTESIAN_POINT('',(-11.65,11.85,39.));
#1414 = LINE('',#1415,#1416);
#1415 = CARTESIAN_POINT('',(-11.65,-31.15,39.));
#1416 = VECTOR('',#1417,1.);
#1417 = DIRECTION('',(0.,1.,0.));
#1418 = ORIENTED_EDGE('',*,*,#1419,.F.);
#1419 = EDGE_CURVE('',#1420,#1410,#1422,.T.);
#1420 = VERTEX_POINT('',#1421);
#1421 = CARTESIAN_POINT('',(31.35,-31.15,39.));
#1422 = LINE('',#1423,#1424);
#1423 = CARTESIAN_POINT('',(31.35,-31.15,39.));
#1424 = VECTOR('',#1425,1.);
#1425 = DIRECTION('',(-1.,0.,0.));
#1426 = ORIENTED_EDGE('',*,*,#1427,.F.);
#1427 = EDGE_CURVE('',#1428,#1420,#1430,.T.);
#1428 = VERTEX_POINT('',#1429);
#1429 = CARTESIAN_POINT('',(31.35,11.85,39.));
#1430 = LINE('',#1431,#1432);
#1431 = CARTESIAN_POINT('',(31.35,11.85,39.));
#1432 = VECTOR('',#1433,1.);
#1433 = DIRECTION('',(0.,-1.,0.));
#1434 = ORIENTED_EDGE('',*,*,#1435,.F.);
#1435 = EDGE_CURVE('',#1412,#1428,#1436,.T.);
#1436 = LINE('',#1437,#1438);
#1437 = CARTESIAN_POINT('',(-11.65,11.85,39.));
#1438 = VECTOR('',#1439,1.);
#1439 = DIRECTION('',(1.,0.,0.));
#1440 = FACE_BOUND('',#1441,.F.);
#1441 = EDGE_LOOP('',(#1442));
#1442 = ORIENTED_EDGE('',*,*,#707,.T.);
#1443 = FACE_BOUND('',#1444,.F.);
#1444 = EDGE_LOOP('',(#1445));
#1445 = ORIENTED_EDGE('',*,*,#691,.T.);
#1446 = FACE_BOUND('',#1447,.F.);
#1447 = EDGE_LOOP('',(#1448));
#1448 = ORIENTED_EDGE('',*,*,#1334,.T.);
#1449 = FACE_BOUND('',#1450,.F.);
#1450 = EDGE_LOOP('',(#1451));
#1451 = ORIENTED_EDGE('',*,*,#731,.T.);
#1452 = FACE_BOUND('',#1453,.F.);
#1453 = EDGE_LOOP('',(#1454));
#1454 = ORIENTED_EDGE('',*,*,#755,.T.);
#1455 = PLANE('',#1456);
#1456 = AXIS2_PLACEMENT_3D('',#1457,#1458,#1459);
#1457 = CARTESIAN_POINT('',(9.85,-9.65,39.));
#1458 = DIRECTION('',(0.,0.,1.));
#1459 = DIRECTION('',(1.,0.,0.));
#1460 = ADVANCED_FACE('',(#1461,#1516,#1519),#1530,.T.);
#1461 = FACE_BOUND('',#1462,.T.);
#1462 = EDGE_LOOP('',(#1463,#1473,#1479,#1480,#1486,#1487,#1493,#1494,
    #1502,#1510));
#1463 = ORIENTED_EDGE('',*,*,#1464,.F.);
#1464 = EDGE_CURVE('',#1465,#1467,#1469,.T.);
#1465 = VERTEX_POINT('',#1466);
#1466 = CARTESIAN_POINT('',(-40.,-48.,20.));
#1467 = VERTEX_POINT('',#1468);
#1468 = CARTESIAN_POINT('',(-40.,-7.5,20.));
#1469 = LINE('',#1470,#1471);
#1470 = CARTESIAN_POINT('',(-40.,-50.,20.));
#1471 = VECTOR('',#1472,1.);
#1472 = DIRECTION('',(0.,1.,-2.22044604925E-16));
#1473 = ORIENTED_EDGE('',*,*,#1474,.F.);
#1474 = EDGE_CURVE('',#949,#1465,#1475,.T.);
#1475 = LINE('',#1476,#1477);
#1476 = CARTESIAN_POINT('',(-39.8125,-47.8125,20.));
#1477 = VECTOR('',#1478,1.);
#1478 = DIRECTION('',(0.707106781187,0.707106781187,-1.773280894513E-16)
  );
#1479 = ORIENTED_EDGE('',*,*,#948,.T.);
#1480 = ORIENTED_EDGE('',*,*,#1481,.F.);
#1481 = EDGE_CURVE('',#902,#951,#1482,.T.);
#1482 = LINE('',#1483,#1484);
#1483 = CARTESIAN_POINT('',(-73.1875,-47.8125,20.));
#1484 = VECTOR('',#1485,1.);
#1485 = DIRECTION('',(0.707106781187,-0.707106781187,1.773280894513E-16)
  );
#1486 = ORIENTED_EDGE('',*,*,#901,.T.);
#1487 = ORIENTED_EDGE('',*,*,#1488,.F.);
#1488 = EDGE_CURVE('',#863,#904,#1489,.T.);
#1489 = LINE('',#1490,#1491);
#1490 = CARTESIAN_POINT('',(-73.1875,-9.6875,20.));
#1491 = VECTOR('',#1492,1.);
#1492 = DIRECTION('',(-0.707106781187,-0.707106781187,1.773280894513E-16
    ));
#1493 = ORIENTED_EDGE('',*,*,#862,.T.);
#1494 = ORIENTED_EDGE('',*,*,#1495,.T.);
#1495 = EDGE_CURVE('',#855,#1496,#1498,.T.);
#1496 = VERTEX_POINT('',#1497);
#1497 = CARTESIAN_POINT('',(-53.35,-2.5,20.));
#1498 = LINE('',#1499,#1500);
#1499 = CARTESIAN_POINT('',(-53.35,-18.125,20.));
#1500 = VECTOR('',#1501,1.);
#1501 = DIRECTION('',(0.,1.,-2.507797890918E-16));
#1502 = ORIENTED_EDGE('',*,*,#1503,.T.);
#1503 = EDGE_CURVE('',#1496,#1504,#1506,.T.);
#1504 = VERTEX_POINT('',#1505);
#1505 = CARTESIAN_POINT('',(-48.35,-7.5,20.));
#1506 = LINE('',#1507,#1508);
#1507 = CARTESIAN_POINT('',(-46.325,-9.525,20.));
#1508 = VECTOR('',#1509,1.);
#1509 = DIRECTION('',(0.707106781187,-0.707106781187,1.773280894513E-16)
  );
#1510 = ORIENTED_EDGE('',*,*,#1511,.T.);
#1511 = EDGE_CURVE('',#1504,#1467,#1512,.T.);
#1512 = LINE('',#1513,#1514);
#1513 = CARTESIAN_POINT('',(-50.,-7.5,20.));
#1514 = VECTOR('',#1515,1.);
#1515 = DIRECTION('',(1.,0.,0.));
#1516 = FACE_BOUND('',#1517,.T.);
#1517 = EDGE_LOOP('',(#1518));
#1518 = ORIENTED_EDGE('',*,*,#788,.T.);
#1519 = FACE_BOUND('',#1520,.T.);
#1520 = EDGE_LOOP('',(#1521));
#1521 = ORIENTED_EDGE('',*,*,#1522,.T.);
#1522 = EDGE_CURVE('',#1523,#1523,#1525,.T.);
#1523 = VERTEX_POINT('',#1524);
#1524 = CARTESIAN_POINT('',(-61.1,-40.,20.));
#1525 = CIRCLE('',#1526,2.65);
#1526 = AXIS2_PLACEMENT_3D('',#1527,#1528,#1529);
#1527 = CARTESIAN_POINT('',(-63.75,-40.,20.));
#1528 = DIRECTION('',(0.,0.,1.));
#1529 = DIRECTION('',(1.,0.,0.));
#1530 = PLANE('',#1531);
#1531 = AXIS2_PLACEMENT_3D('',#1532,#1533,#1534);
#1532 = CARTESIAN_POINT('',(-56.5,-28.75,20.));
#1533 = DIRECTION('',(-0.,-2.507797890918E-16,-1.));
#1534 = DIRECTION('',(0.,-1.,2.507797890918E-16));
#1535 = ADVANCED_FACE('',(#1536),#1547,.T.);
#1536 = FACE_BOUND('',#1537,.T.);
#1537 = EDGE_LOOP('',(#1538,#1539,#1545,#1546));
#1538 = ORIENTED_EDGE('',*,*,#1311,.F.);
#1539 = ORIENTED_EDGE('',*,*,#1540,.F.);
#1540 = EDGE_CURVE('',#839,#1304,#1541,.T.);
#1541 = LINE('',#1542,#1543);
#1542 = CARTESIAN_POINT('',(-40.,-50.,30.));
#1543 = VECTOR('',#1544,1.);
#1544 = DIRECTION('',(0.,1.,-2.22044604925E-16));
#1545 = ORIENTED_EDGE('',*,*,#838,.T.);
#1546 = ORIENTED_EDGE('',*,*,#815,.T.);
#1547 = PLANE('',#1548);
#1548 = AXIS2_PLACEMENT_3D('',#1549,#1550,#1551);
#1549 = CARTESIAN_POINT('',(-40.,-11.75112612612,17.251126126126));
#1550 = DIRECTION('',(-1.,-0.,-0.));
#1551 = DIRECTION('',(0.,0.,-1.));
#1552 = ADVANCED_FACE('',(#1553),#1572,.F.);
#1553 = FACE_BOUND('',#1554,.F.);
#1554 = EDGE_LOOP('',(#1555,#1556,#1557,#1558,#1566));
#1555 = ORIENTED_EDGE('',*,*,#1303,.F.);
#1556 = ORIENTED_EDGE('',*,*,#1540,.F.);
#1557 = ORIENTED_EDGE('',*,*,#846,.T.);
#1558 = ORIENTED_EDGE('',*,*,#1559,.T.);
#1559 = EDGE_CURVE('',#847,#1560,#1562,.T.);
#1560 = VERTEX_POINT('',#1561);
#1561 = CARTESIAN_POINT('',(-53.35,12.5,30.));
#1562 = LINE('',#1563,#1564);
#1563 = CARTESIAN_POINT('',(-53.35,-50.,30.));
#1564 = VECTOR('',#1565,1.);
#1565 = DIRECTION('',(0.,1.,-2.22044604925E-16));
#1566 = ORIENTED_EDGE('',*,*,#1567,.F.);
#1567 = EDGE_CURVE('',#1296,#1560,#1568,.T.);
#1568 = LINE('',#1569,#1570);
#1569 = CARTESIAN_POINT('',(-53.7625,12.0875,30.));
#1570 = VECTOR('',#1571,1.);
#1571 = DIRECTION('',(-0.707106781187,-0.707106781187,1.570092458684E-16
    ));
#1572 = PLANE('',#1573);
#1573 = AXIS2_PLACEMENT_3D('',#1574,#1575,#1576);
#1574 = CARTESIAN_POINT('',(-40.,-7.5,30.));
#1575 = DIRECTION('',(0.,-2.22044604925E-16,-1.));
#1576 = DIRECTION('',(0.,1.,-2.22044604925E-16));
#1577 = ADVANCED_FACE('',(#1578),#1584,.T.);
#1578 = FACE_BOUND('',#1579,.F.);
#1579 = EDGE_LOOP('',(#1580,#1581,#1582,#1583));
#1580 = ORIENTED_EDGE('',*,*,#1488,.F.);
#1581 = ORIENTED_EDGE('',*,*,#870,.T.);
#1582 = ORIENTED_EDGE('',*,*,#886,.F.);
#1583 = ORIENTED_EDGE('',*,*,#918,.F.);
#1584 = PLANE('',#1585);
#1585 = AXIS2_PLACEMENT_3D('',#1586,#1587,#1588);
#1586 = CARTESIAN_POINT('',(-72.,-8.5,20.));
#1587 = DIRECTION('',(-0.707106781187,0.707106781187,0.));
#1588 = DIRECTION('',(-0.,-0.,-1.));
#1589 = ADVANCED_FACE('',(#1590,#1617),#1628,.F.);
#1590 = FACE_BOUND('',#1591,.F.);
#1591 = EDGE_LOOP('',(#1592,#1593,#1594,#1595,#1603,#1611));
#1592 = ORIENTED_EDGE('',*,*,#1559,.F.);
#1593 = ORIENTED_EDGE('',*,*,#854,.T.);
#1594 = ORIENTED_EDGE('',*,*,#1495,.T.);
#1595 = ORIENTED_EDGE('',*,*,#1596,.T.);
#1596 = EDGE_CURVE('',#1496,#1597,#1599,.T.);
#1597 = VERTEX_POINT('',#1598);
#1598 = CARTESIAN_POINT('',(-53.35,-2.5,1.));
#1599 = LINE('',#1600,#1601);
#1600 = CARTESIAN_POINT('',(-53.35,-2.5,20.));
#1601 = VECTOR('',#1602,1.);
#1602 = DIRECTION('',(0.,0.,-1.));
#1603 = ORIENTED_EDGE('',*,*,#1604,.T.);
#1604 = EDGE_CURVE('',#1597,#1605,#1607,.T.);
#1605 = VERTEX_POINT('',#1606);
#1606 = CARTESIAN_POINT('',(-53.35,12.5,1.));
#1607 = LINE('',#1608,#1609);
#1608 = CARTESIAN_POINT('',(-53.35,-7.5,1.));
#1609 = VECTOR('',#1610,1.);
#1610 = DIRECTION('',(0.,1.,0.));
#1611 = ORIENTED_EDGE('',*,*,#1612,.F.);
#1612 = EDGE_CURVE('',#1560,#1605,#1613,.T.);
#1613 = LINE('',#1614,#1615);
#1614 = CARTESIAN_POINT('',(-53.35,12.5,30.));
#1615 = VECTOR('',#1616,1.);
#1616 = DIRECTION('',(0.,0.,-1.));
#1617 = FACE_BOUND('',#1618,.F.);
#1618 = EDGE_LOOP('',(#1619));
#1619 = ORIENTED_EDGE('',*,*,#1620,.F.);
#1620 = EDGE_CURVE('',#1621,#1621,#1623,.T.);
#1621 = VERTEX_POINT('',#1622);
#1622 = CARTESIAN_POINT('',(-53.35,7.65,10.));
#1623 = CIRCLE('',#1624,2.65);
#1624 = AXIS2_PLACEMENT_3D('',#1625,#1626,#1627);
#1625 = CARTESIAN_POINT('',(-53.35,5.,10.));
#1626 = DIRECTION('',(1.,0.,0.));
#1627 = DIRECTION('',(0.,1.,0.));
#1628 = PLANE('',#1629);
#1629 = AXIS2_PLACEMENT_3D('',#1630,#1631,#1632);
#1630 = CARTESIAN_POINT('',(-53.35,-7.5,30.));
#1631 = DIRECTION('',(1.,0.,0.));
#1632 = DIRECTION('',(0.,1.,0.));
#1633 = ADVANCED_FACE('',(#1634),#1640,.T.);
#1634 = FACE_BOUND('',#1635,.F.);
#1635 = EDGE_LOOP('',(#1636,#1637,#1638,#1639));
#1636 = ORIENTED_EDGE('',*,*,#1481,.F.);
#1637 = ORIENTED_EDGE('',*,*,#911,.T.);
#1638 = ORIENTED_EDGE('',*,*,#933,.F.);
#1639 = ORIENTED_EDGE('',*,*,#981,.F.);
#1640 = PLANE('',#1641);
#1641 = AXIS2_PLACEMENT_3D('',#1642,#1643,#1644);
#1642 = CARTESIAN_POINT('',(-72.,-49.,20.));
#1643 = DIRECTION('',(-0.707106781187,-0.707106781187,0.));
#1644 = DIRECTION('',(-0.,-0.,-1.));
#1645 = ADVANCED_FACE('',(#1646),#1664,.F.);
#1646 = FACE_BOUND('',#1647,.F.);
#1647 = EDGE_LOOP('',(#1648,#1649,#1650,#1658));
#1648 = ORIENTED_EDGE('',*,*,#1474,.F.);
#1649 = ORIENTED_EDGE('',*,*,#958,.T.);
#1650 = ORIENTED_EDGE('',*,*,#1651,.F.);
#1651 = EDGE_CURVE('',#1652,#959,#1654,.T.);
#1652 = VERTEX_POINT('',#1653);
#1653 = CARTESIAN_POINT('',(-40.,-48.,30.));
#1654 = LINE('',#1655,#1656);
#1655 = CARTESIAN_POINT('',(-39.,-47.,29.));
#1656 = VECTOR('',#1657,1.);
#1657 = DIRECTION('',(-0.57735026919,-0.57735026919,0.57735026919));
#1658 = ORIENTED_EDGE('',*,*,#1659,.F.);
#1659 = EDGE_CURVE('',#1465,#1652,#1660,.T.);
#1660 = LINE('',#1661,#1662);
#1661 = CARTESIAN_POINT('',(-40.,-48.,20.));
#1662 = VECTOR('',#1663,1.);
#1663 = DIRECTION('',(0.,0.,1.));
#1664 = PLANE('',#1665);
#1665 = AXIS2_PLACEMENT_3D('',#1666,#1667,#1668);
#1666 = CARTESIAN_POINT('',(-41.,-49.,20.));
#1667 = DIRECTION('',(-0.707106781187,0.707106781187,0.));
#1668 = DIRECTION('',(0.,0.,1.));
#1669 = ADVANCED_FACE('',(#1670),#1688,.T.);
#1670 = FACE_BOUND('',#1671,.T.);
#1671 = EDGE_LOOP('',(#1672,#1673,#1681,#1687));
#1672 = ORIENTED_EDGE('',*,*,#1651,.F.);
#1673 = ORIENTED_EDGE('',*,*,#1674,.T.);
#1674 = EDGE_CURVE('',#1652,#1675,#1677,.T.);
#1675 = VERTEX_POINT('',#1676);
#1676 = CARTESIAN_POINT('',(30.,-48.,30.));
#1677 = LINE('',#1678,#1679);
#1678 = CARTESIAN_POINT('',(-40.,-48.,30.));
#1679 = VECTOR('',#1680,1.);
#1680 = DIRECTION('',(1.,0.,0.));
#1681 = ORIENTED_EDGE('',*,*,#1682,.T.);
#1682 = EDGE_CURVE('',#1675,#967,#1683,.T.);
#1683 = LINE('',#1684,#1685);
#1684 = CARTESIAN_POINT('',(30.,-49.,31.));
#1685 = VECTOR('',#1686,1.);
#1686 = DIRECTION('',(0.,-0.707106781187,0.707106781187));
#1687 = ORIENTED_EDGE('',*,*,#966,.F.);
#1688 = PLANE('',#1689);
#1689 = AXIS2_PLACEMENT_3D('',#1690,#1691,#1692);
#1690 = CARTESIAN_POINT('',(-40.,-49.,31.));
#1691 = DIRECTION('',(0.,-0.707106781187,-0.707106781187));
#1692 = DIRECTION('',(1.,0.,0.));
#1693 = ADVANCED_FACE('',(#1694),#1713,.T.);
#1694 = FACE_BOUND('',#1695,.T.);
#1695 = EDGE_LOOP('',(#1696,#1697,#1706,#1712));
#1696 = ORIENTED_EDGE('',*,*,#1682,.F.);
#1697 = ORIENTED_EDGE('',*,*,#1698,.T.);
#1698 = EDGE_CURVE('',#1675,#1699,#1701,.T.);
#1699 = VERTEX_POINT('',#1700);
#1700 = CARTESIAN_POINT('',(48.,-30.,30.));
#1701 = CIRCLE('',#1702,18.);
#1702 = AXIS2_PLACEMENT_3D('',#1703,#1704,#1705);
#1703 = CARTESIAN_POINT('',(30.,-30.,30.));
#1704 = DIRECTION('',(-0.,0.,1.));
#1705 = DIRECTION('',(-1.7763568394E-16,-1.,-0.));
#1706 = ORIENTED_EDGE('',*,*,#1707,.T.);
#1707 = EDGE_CURVE('',#1699,#996,#1708,.T.);
#1708 = LINE('',#1709,#1710);
#1709 = CARTESIAN_POINT('',(50.,-30.,32.));
#1710 = VECTOR('',#1711,1.);
#1711 = DIRECTION('',(0.707106781187,-1.689051995065E-16,0.707106781187)
  );
#1712 = ORIENTED_EDGE('',*,*,#1003,.F.);
#1713 = CONICAL_SURFACE('',#1714,20.,0.785398163397);
#1714 = AXIS2_PLACEMENT_3D('',#1715,#1716,#1717);
#1715 = CARTESIAN_POINT('',(30.,-30.,32.));
#1716 = DIRECTION('',(0.,0.,1.));
#1717 = DIRECTION('',(-1.7763568394E-16,-1.,-0.));
#1718 = ADVANCED_FACE('',(#1719),#1730,.T.);
#1719 = FACE_BOUND('',#1720,.T.);
#1720 = EDGE_LOOP('',(#1721,#1727,#1728,#1729));
#1721 = ORIENTED_EDGE('',*,*,#1722,.F.);
#1722 = EDGE_CURVE('',#1077,#1054,#1723,.T.);
#1723 = LINE('',#1724,#1725);
#1724 = CARTESIAN_POINT('',(47.8125,73.1875,20.));
#1725 = VECTOR('',#1726,1.);
#1726 = DIRECTION('',(0.707106781187,-0.707106781187,0.));
#1727 = ORIENTED_EDGE('',*,*,#1093,.T.);
#1728 = ORIENTED_EDGE('',*,*,#1021,.T.);
#1729 = ORIENTED_EDGE('',*,*,#1061,.F.);
#1730 = PLANE('',#1731);
#1731 = AXIS2_PLACEMENT_3D('',#1732,#1733,#1734);
#1732 = CARTESIAN_POINT('',(49.,72.,20.));
#1733 = DIRECTION('',(0.707106781187,0.707106781187,0.));
#1734 = DIRECTION('',(0.,0.,1.));
#1735 = ADVANCED_FACE('',(#1736),#1754,.T.);
#1736 = FACE_BOUND('',#1737,.T.);
#1737 = EDGE_LOOP('',(#1738,#1739,#1747,#1753));
#1738 = ORIENTED_EDGE('',*,*,#1707,.F.);
#1739 = ORIENTED_EDGE('',*,*,#1740,.T.);
#1740 = EDGE_CURVE('',#1699,#1741,#1743,.T.);
#1741 = VERTEX_POINT('',#1742);
#1742 = CARTESIAN_POINT('',(48.,40.,30.));
#1743 = LINE('',#1744,#1745);
#1744 = CARTESIAN_POINT('',(48.,-30.,30.));
#1745 = VECTOR('',#1746,1.);
#1746 = DIRECTION('',(0.,1.,0.));
#1747 = ORIENTED_EDGE('',*,*,#1748,.T.);
#1748 = EDGE_CURVE('',#1741,#1038,#1749,.T.);
#1749 = LINE('',#1750,#1751);
#1750 = CARTESIAN_POINT('',(35.333333333333,27.333333333333,
    17.333333333333));
#1751 = VECTOR('',#1752,1.);
#1752 = DIRECTION('',(0.57735026919,0.57735026919,0.57735026919));
#1753 = ORIENTED_EDGE('',*,*,#1037,.F.);
#1754 = PLANE('',#1755);
#1755 = AXIS2_PLACEMENT_3D('',#1756,#1757,#1758);
#1756 = CARTESIAN_POINT('',(49.,-30.,31.));
#1757 = DIRECTION('',(0.707106781187,0.,-0.707106781187));
#1758 = DIRECTION('',(0.,1.,0.));
#1759 = ADVANCED_FACE('',(#1760),#1778,.T.);
#1760 = FACE_BOUND('',#1761,.T.);
#1761 = EDGE_LOOP('',(#1762,#1770,#1771,#1772));
#1762 = ORIENTED_EDGE('',*,*,#1763,.F.);
#1763 = EDGE_CURVE('',#1046,#1764,#1766,.T.);
#1764 = VERTEX_POINT('',#1765);
#1765 = CARTESIAN_POINT('',(48.,40.,20.));
#1766 = LINE('',#1767,#1768);
#1767 = CARTESIAN_POINT('',(47.8125,39.8125,20.));
#1768 = VECTOR('',#1769,1.);
#1769 = DIRECTION('',(-0.707106781187,-0.707106781187,0.));
#1770 = ORIENTED_EDGE('',*,*,#1045,.T.);
#1771 = ORIENTED_EDGE('',*,*,#1748,.F.);
#1772 = ORIENTED_EDGE('',*,*,#1773,.F.);
#1773 = EDGE_CURVE('',#1764,#1741,#1774,.T.);
#1774 = LINE('',#1775,#1776);
#1775 = CARTESIAN_POINT('',(48.,40.,20.));
#1776 = VECTOR('',#1777,1.);
#1777 = DIRECTION('',(0.,0.,1.));
#1778 = PLANE('',#1779);
#1779 = AXIS2_PLACEMENT_3D('',#1780,#1781,#1782);
#1780 = CARTESIAN_POINT('',(49.,41.,20.));
#1781 = DIRECTION('',(0.707106781187,-0.707106781187,0.));
#1782 = DIRECTION('',(0.,0.,1.));
#1783 = ADVANCED_FACE('',(#1784,#1827,#1838),#1849,.T.);
#1784 = FACE_BOUND('',#1785,.T.);
#1785 = EDGE_LOOP('',(#1786,#1794,#1802,#1810,#1816,#1817,#1823,#1824,
    #1825,#1826));
#1786 = ORIENTED_EDGE('',*,*,#1787,.T.);
#1787 = EDGE_CURVE('',#1764,#1788,#1790,.T.);
#1788 = VERTEX_POINT('',#1789);
#1789 = CARTESIAN_POINT('',(7.5,40.,20.));
#1790 = LINE('',#1791,#1792);
#1791 = CARTESIAN_POINT('',(50.,40.,20.));
#1792 = VECTOR('',#1793,1.);
#1793 = DIRECTION('',(-1.,-0.,-0.));
#1794 = ORIENTED_EDGE('',*,*,#1795,.T.);
#1795 = EDGE_CURVE('',#1788,#1796,#1798,.T.);
#1796 = VERTEX_POINT('',#1797);
#1797 = CARTESIAN_POINT('',(7.5,49.5,20.));
#1798 = LINE('',#1799,#1800);
#1799 = CARTESIAN_POINT('',(7.5,50.,20.));
#1800 = VECTOR('',#1801,1.);
#1801 = DIRECTION('',(0.,1.,0.));
#1802 = ORIENTED_EDGE('',*,*,#1803,.F.);
#1803 = EDGE_CURVE('',#1804,#1796,#1806,.T.);
#1804 = VERTEX_POINT('',#1805);
#1805 = CARTESIAN_POINT('',(2.5,54.5,20.));
#1806 = LINE('',#1807,#1808);
#1807 = CARTESIAN_POINT('',(9.8125,47.1875,20.));
#1808 = VECTOR('',#1809,1.);
#1809 = DIRECTION('',(0.707106781187,-0.707106781187,0.));
#1810 = ORIENTED_EDGE('',*,*,#1811,.F.);
#1811 = EDGE_CURVE('',#1167,#1804,#1812,.T.);
#1812 = LINE('',#1813,#1814);
#1813 = CARTESIAN_POINT('',(5.625,54.5,20.));
#1814 = VECTOR('',#1815,1.);
#1815 = DIRECTION('',(-1.,0.,0.));
#1816 = ORIENTED_EDGE('',*,*,#1166,.T.);
#1817 = ORIENTED_EDGE('',*,*,#1818,.T.);
#1818 = EDGE_CURVE('',#1159,#1079,#1819,.T.);
#1819 = LINE('',#1820,#1821);
#1820 = CARTESIAN_POINT('',(9.6875,73.1875,20.));
#1821 = VECTOR('',#1822,1.);
#1822 = DIRECTION('',(0.707106781187,0.707106781187,0.));
#1823 = ORIENTED_EDGE('',*,*,#1076,.F.);
#1824 = ORIENTED_EDGE('',*,*,#1722,.T.);
#1825 = ORIENTED_EDGE('',*,*,#1053,.T.);
#1826 = ORIENTED_EDGE('',*,*,#1763,.T.);
#1827 = FACE_BOUND('',#1828,.T.);
#1828 = EDGE_LOOP('',(#1829));
#1829 = ORIENTED_EDGE('',*,*,#1830,.T.);
#1830 = EDGE_CURVE('',#1831,#1831,#1833,.T.);
#1831 = VERTEX_POINT('',#1832);
#1832 = CARTESIAN_POINT('',(42.65,65.,20.));
#1833 = CIRCLE('',#1834,2.65);
#1834 = AXIS2_PLACEMENT_3D('',#1835,#1836,#1837);
#1835 = CARTESIAN_POINT('',(40.,65.,20.));
#1836 = DIRECTION('',(0.,0.,1.));
#1837 = DIRECTION('',(1.,0.,0.));
#1838 = FACE_BOUND('',#1839,.T.);
#1839 = EDGE_LOOP('',(#1840));
#1840 = ORIENTED_EDGE('',*,*,#1841,.T.);
#1841 = EDGE_CURVE('',#1842,#1842,#1844,.T.);
#1842 = VERTEX_POINT('',#1843);
#1843 = CARTESIAN_POINT('',(22.65,65.,20.));
#1844 = CIRCLE('',#1845,2.65);
#1845 = AXIS2_PLACEMENT_3D('',#1846,#1847,#1848);
#1846 = CARTESIAN_POINT('',(20.,65.,20.));
#1847 = DIRECTION('',(0.,0.,1.));
#1848 = DIRECTION('',(1.,0.,0.));
#1849 = PLANE('',#1850);
#1850 = AXIS2_PLACEMENT_3D('',#1851,#1852,#1853);
#1851 = CARTESIAN_POINT('',(28.75,56.5,20.));
#1852 = DIRECTION('',(-0.,-0.,-1.));
#1853 = DIRECTION('',(-1.,0.,0.));
#1854 = ADVANCED_FACE('',(#1855),#1861,.T.);
#1855 = FACE_BOUND('',#1856,.F.);
#1856 = EDGE_LOOP('',(#1857,#1858,#1859,#1860));
#1857 = ORIENTED_EDGE('',*,*,#1108,.F.);
#1858 = ORIENTED_EDGE('',*,*,#1158,.T.);
#1859 = ORIENTED_EDGE('',*,*,#1818,.T.);
#1860 = ORIENTED_EDGE('',*,*,#1086,.F.);
#1861 = PLANE('',#1862);
#1862 = AXIS2_PLACEMENT_3D('',#1863,#1864,#1865);
#1863 = CARTESIAN_POINT('',(8.5,72.,43.5));
#1864 = DIRECTION('',(-0.707106781187,0.707106781187,0.));
#1865 = DIRECTION('',(0.,0.,1.));
#1866 = ADVANCED_FACE('',(#1867),#1878,.T.);
#1867 = FACE_BOUND('',#1868,.T.);
#1868 = EDGE_LOOP('',(#1869,#1870,#1871,#1872));
#1869 = ORIENTED_EDGE('',*,*,#1205,.F.);
#1870 = ORIENTED_EDGE('',*,*,#1132,.T.);
#1871 = ORIENTED_EDGE('',*,*,#1190,.F.);
#1872 = ORIENTED_EDGE('',*,*,#1873,.T.);
#1873 = EDGE_CURVE('',#1183,#1206,#1874,.T.);
#1874 = LINE('',#1875,#1876);
#1875 = CARTESIAN_POINT('',(50.,40.,30.));
#1876 = VECTOR('',#1877,1.);
#1877 = DIRECTION('',(-1.,-0.,-0.));
#1878 = PLANE('',#1879);
#1879 = AXIS2_PLACEMENT_3D('',#1880,#1881,#1882);
#1880 = CARTESIAN_POINT('',(11.751126126126,40.,17.251126126126));
#1881 = DIRECTION('',(0.,1.,0.));
#1882 = DIRECTION('',(0.,0.,1.));
#1883 = ADVANCED_FACE('',(#1884),#1903,.T.);
#1884 = FACE_BOUND('',#1885,.T.);
#1885 = EDGE_LOOP('',(#1886,#1887,#1888,#1889,#1897));
#1886 = ORIENTED_EDGE('',*,*,#1213,.F.);
#1887 = ORIENTED_EDGE('',*,*,#1873,.F.);
#1888 = ORIENTED_EDGE('',*,*,#1182,.T.);
#1889 = ORIENTED_EDGE('',*,*,#1890,.T.);
#1890 = EDGE_CURVE('',#1175,#1891,#1893,.T.);
#1891 = VERTEX_POINT('',#1892);
#1892 = CARTESIAN_POINT('',(-12.5,54.5,30.));
#1893 = LINE('',#1894,#1895);
#1894 = CARTESIAN_POINT('',(50.,54.5,30.));
#1895 = VECTOR('',#1896,1.);
#1896 = DIRECTION('',(-1.,-0.,-0.));
#1897 = ORIENTED_EDGE('',*,*,#1898,.F.);
#1898 = EDGE_CURVE('',#1214,#1891,#1899,.T.);
#1899 = LINE('',#1900,#1901);
#1900 = CARTESIAN_POINT('',(-12.375,54.625,30.));
#1901 = VECTOR('',#1902,1.);
#1902 = DIRECTION('',(0.707106781187,0.707106781187,0.));
#1903 = PLANE('',#1904);
#1904 = AXIS2_PLACEMENT_3D('',#1905,#1906,#1907);
#1905 = CARTESIAN_POINT('',(7.5,40.,30.));
#1906 = DIRECTION('',(0.,0.,1.));
#1907 = DIRECTION('',(-1.,0.,0.));
#1908 = ADVANCED_FACE('',(#1909,#1936),#1947,.F.);
#1909 = FACE_BOUND('',#1910,.F.);
#1910 = EDGE_LOOP('',(#1911,#1912,#1920,#1928,#1934,#1935));
#1911 = ORIENTED_EDGE('',*,*,#1890,.T.);
#1912 = ORIENTED_EDGE('',*,*,#1913,.T.);
#1913 = EDGE_CURVE('',#1891,#1914,#1916,.T.);
#1914 = VERTEX_POINT('',#1915);
#1915 = CARTESIAN_POINT('',(-12.5,54.5,1.));
#1916 = LINE('',#1917,#1918);
#1917 = CARTESIAN_POINT('',(-12.5,54.5,30.));
#1918 = VECTOR('',#1919,1.);
#1919 = DIRECTION('',(0.,0.,-1.));
#1920 = ORIENTED_EDGE('',*,*,#1921,.T.);
#1921 = EDGE_CURVE('',#1914,#1922,#1924,.T.);
#1922 = VERTEX_POINT('',#1923);
#1923 = CARTESIAN_POINT('',(2.5,54.5,1.));
#1924 = LINE('',#1925,#1926);
#1925 = CARTESIAN_POINT('',(-17.5,54.5,1.));
#1926 = VECTOR('',#1927,1.);
#1927 = DIRECTION('',(1.,0.,0.));
#1928 = ORIENTED_EDGE('',*,*,#1929,.T.);
#1929 = EDGE_CURVE('',#1922,#1804,#1930,.T.);
#1930 = LINE('',#1931,#1932);
#1931 = CARTESIAN_POINT('',(2.5,54.5,1.));
#1932 = VECTOR('',#1933,1.);
#1933 = DIRECTION('',(0.,0.,1.));
#1934 = ORIENTED_EDGE('',*,*,#1811,.F.);
#1935 = ORIENTED_EDGE('',*,*,#1174,.T.);
#1936 = FACE_BOUND('',#1937,.F.);
#1937 = EDGE_LOOP('',(#1938));
#1938 = ORIENTED_EDGE('',*,*,#1939,.F.);
#1939 = EDGE_CURVE('',#1940,#1940,#1942,.T.);
#1940 = VERTEX_POINT('',#1941);
#1941 = CARTESIAN_POINT('',(-2.35,54.5,10.));
#1942 = CIRCLE('',#1943,2.65);
#1943 = AXIS2_PLACEMENT_3D('',#1944,#1945,#1946);
#1944 = CARTESIAN_POINT('',(-5.,54.5,10.));
#1945 = DIRECTION('',(0.,-1.,2.22044604925E-16));
#1946 = DIRECTION('',(1.,0.,0.));
#1947 = PLANE('',#1948);
#1948 = AXIS2_PLACEMENT_3D('',#1949,#1950,#1951);
#1949 = CARTESIAN_POINT('',(-17.5,54.5,30.));
#1950 = DIRECTION('',(0.,-1.,0.));
#1951 = DIRECTION('',(1.,0.,0.));
#1952 = ADVANCED_FACE('',(#1953,#2032),#2066,.T.);
#1953 = FACE_BOUND('',#1954,.T.);
#1954 = EDGE_LOOP('',(#1955,#1961,#1962,#1963,#1964,#1970,#1978,#1986,
    #1994,#2000,#2001,#2002,#2010,#2018,#2026));
#1955 = ORIENTED_EDGE('',*,*,#1956,.F.);
#1956 = EDGE_CURVE('',#1741,#1183,#1957,.T.);
#1957 = LINE('',#1958,#1959);
#1958 = CARTESIAN_POINT('',(50.,40.,30.));
#1959 = VECTOR('',#1960,1.);
#1960 = DIRECTION('',(-1.,-0.,-0.));
#1961 = ORIENTED_EDGE('',*,*,#1740,.F.);
#1962 = ORIENTED_EDGE('',*,*,#1698,.F.);
#1963 = ORIENTED_EDGE('',*,*,#1674,.F.);
#1964 = ORIENTED_EDGE('',*,*,#1965,.T.);
#1965 = EDGE_CURVE('',#1652,#839,#1966,.T.);
#1966 = LINE('',#1967,#1968);
#1967 = CARTESIAN_POINT('',(-40.,-50.,30.));
#1968 = VECTOR('',#1969,1.);
#1969 = DIRECTION('',(0.,1.,-2.22044604925E-16));
#1970 = ORIENTED_EDGE('',*,*,#1971,.F.);
#1971 = EDGE_CURVE('',#1972,#839,#1974,.T.);
#1972 = VERTEX_POINT('',#1973);
#1973 = CARTESIAN_POINT('',(-30.,-7.5,30.));
#1974 = LINE('',#1975,#1976);
#1975 = CARTESIAN_POINT('',(-25.,-7.5,30.));
#1976 = VECTOR('',#1977,1.);
#1977 = DIRECTION('',(-1.,0.,0.));
#1978 = ORIENTED_EDGE('',*,*,#1979,.F.);
#1979 = EDGE_CURVE('',#1980,#1972,#1982,.T.);
#1980 = VERTEX_POINT('',#1981);
#1981 = CARTESIAN_POINT('',(-25.,-2.5,30.));
#1982 = LINE('',#1983,#1984);
#1983 = CARTESIAN_POINT('',(-19.375,3.125,30.));
#1984 = VECTOR('',#1985,1.);
#1985 = DIRECTION('',(-0.707106781187,-0.707106781187,0.));
#1986 = ORIENTED_EDGE('',*,*,#1987,.F.);
#1987 = EDGE_CURVE('',#1988,#1980,#1990,.T.);
#1988 = VERTEX_POINT('',#1989);
#1989 = CARTESIAN_POINT('',(-25.,12.5,30.));
#1990 = LINE('',#1991,#1992);
#1991 = CARTESIAN_POINT('',(-25.,17.5,30.));
#1992 = VECTOR('',#1993,1.);
#1993 = DIRECTION('',(0.,-1.,0.));
#1994 = ORIENTED_EDGE('',*,*,#1995,.F.);
#1995 = EDGE_CURVE('',#1272,#1988,#1996,.T.);
#1996 = LINE('',#1997,#1998);
#1997 = CARTESIAN_POINT('',(-14.27661538882,1.776615388821,30.));
#1998 = VECTOR('',#1999,1.);
#1999 = DIRECTION('',(0.707106781187,-0.707106781187,0.));
#2000 = ORIENTED_EDGE('',*,*,#1271,.F.);
#2001 = ORIENTED_EDGE('',*,*,#1245,.T.);
#2002 = ORIENTED_EDGE('',*,*,#2003,.T.);
#2003 = EDGE_CURVE('',#1238,#2004,#2006,.T.);
#2004 = VERTEX_POINT('',#2005);
#2005 = CARTESIAN_POINT('',(-12.5,25.,30.));
#2006 = LINE('',#2007,#2008);
#2007 = CARTESIAN_POINT('',(-1.776615388821,14.276615388821,30.));
#2008 = VECTOR('',#2009,1.);
#2009 = DIRECTION('',(0.707106781187,-0.707106781187,0.));
#2010 = ORIENTED_EDGE('',*,*,#2011,.F.);
#2011 = EDGE_CURVE('',#2012,#2004,#2014,.T.);
#2012 = VERTEX_POINT('',#2013);
#2013 = CARTESIAN_POINT('',(2.5,25.,30.));
#2014 = LINE('',#2015,#2016);
#2015 = CARTESIAN_POINT('',(7.5,25.,30.));
#2016 = VECTOR('',#2017,1.);
#2017 = DIRECTION('',(-1.,0.,0.));
#2018 = ORIENTED_EDGE('',*,*,#2019,.T.);
#2019 = EDGE_CURVE('',#2012,#2020,#2022,.T.);
#2020 = VERTEX_POINT('',#2021);
#2021 = CARTESIAN_POINT('',(7.5,30.,30.));
#2022 = LINE('',#2023,#2024);
#2023 = CARTESIAN_POINT('',(-3.125,19.375,30.));
#2024 = VECTOR('',#2025,1.);
#2025 = DIRECTION('',(0.707106781187,0.707106781187,0.));
#2026 = ORIENTED_EDGE('',*,*,#2027,.F.);
#2027 = EDGE_CURVE('',#1183,#2020,#2028,.T.);
#2028 = LINE('',#2029,#2030);
#2029 = CARTESIAN_POINT('',(7.5,40.,30.));
#2030 = VECTOR('',#2031,1.);
#2031 = DIRECTION('',(0.,-1.,0.));
#2032 = FACE_BOUND('',#2033,.T.);
#2033 = EDGE_LOOP('',(#2034,#2044,#2052,#2060));
#2034 = ORIENTED_EDGE('',*,*,#2035,.F.);
#2035 = EDGE_CURVE('',#2036,#2038,#2040,.T.);
#2036 = VERTEX_POINT('',#2037);
#2037 = CARTESIAN_POINT('',(31.35,11.85,30.));
#2038 = VERTEX_POINT('',#2039);
#2039 = CARTESIAN_POINT('',(31.35,-31.15,30.));
#2040 = LINE('',#2041,#2042);
#2041 = CARTESIAN_POINT('',(31.35,11.85,30.));
#2042 = VECTOR('',#2043,1.);
#2043 = DIRECTION('',(0.,-1.,0.));
#2044 = ORIENTED_EDGE('',*,*,#2045,.F.);
#2045 = EDGE_CURVE('',#2046,#2036,#2048,.T.);
#2046 = VERTEX_POINT('',#2047);
#2047 = CARTESIAN_POINT('',(-11.65,11.85,30.));
#2048 = LINE('',#2049,#2050);
#2049 = CARTESIAN_POINT('',(-11.65,11.85,30.));
#2050 = VECTOR('',#2051,1.);
#2051 = DIRECTION('',(1.,0.,0.));
#2052 = ORIENTED_EDGE('',*,*,#2053,.F.);
#2053 = EDGE_CURVE('',#2054,#2046,#2056,.T.);
#2054 = VERTEX_POINT('',#2055);
#2055 = CARTESIAN_POINT('',(-11.65,-31.15,30.));
#2056 = LINE('',#2057,#2058);
#2057 = CARTESIAN_POINT('',(-11.65,-31.15,30.));
#2058 = VECTOR('',#2059,1.);
#2059 = DIRECTION('',(0.,1.,0.));
#2060 = ORIENTED_EDGE('',*,*,#2061,.F.);
#2061 = EDGE_CURVE('',#2038,#2054,#2062,.T.);
#2062 = LINE('',#2063,#2064);
#2063 = CARTESIAN_POINT('',(31.35,-31.15,30.));
#2064 = VECTOR('',#2065,1.);
#2065 = DIRECTION('',(-1.,0.,0.));
#2066 = PLANE('',#2067);
#2067 = AXIS2_PLACEMENT_3D('',#2068,#2069,#2070);
#2068 = CARTESIAN_POINT('',(5.196769222359,-5.196769222359,30.));
#2069 = DIRECTION('',(-0.,-0.,-1.));
#2070 = DIRECTION('',(-1.,0.,0.));
#2071 = ADVANCED_FACE('',(#2072),#2083,.F.);
#2072 = FACE_BOUND('',#2073,.F.);
#2073 = EDGE_LOOP('',(#2074,#2075,#2076,#2082));
#2074 = ORIENTED_EDGE('',*,*,#1898,.F.);
#2075 = ORIENTED_EDGE('',*,*,#1221,.T.);
#2076 = ORIENTED_EDGE('',*,*,#2077,.T.);
#2077 = EDGE_CURVE('',#1222,#1914,#2078,.T.);
#2078 = LINE('',#2079,#2080);
#2079 = CARTESIAN_POINT('',(-15.5625,51.4375,1.));
#2080 = VECTOR('',#2081,1.);
#2081 = DIRECTION('',(0.707106781187,0.707106781187,0.));
#2082 = ORIENTED_EDGE('',*,*,#1913,.F.);
#2083 = PLANE('',#2084);
#2084 = AXIS2_PLACEMENT_3D('',#2085,#2086,#2087);
#2085 = CARTESIAN_POINT('',(-15.,52.,30.));
#2086 = DIRECTION('',(0.707106781187,-0.707106781187,0.));
#2087 = DIRECTION('',(0.,0.,-1.));
#2088 = ADVANCED_FACE('',(#2089),#2107,.F.);
#2089 = FACE_BOUND('',#2090,.T.);
#2090 = EDGE_LOOP('',(#2091,#2092,#2093,#2101));
#2091 = ORIENTED_EDGE('',*,*,#2003,.F.);
#2092 = ORIENTED_EDGE('',*,*,#1237,.T.);
#2093 = ORIENTED_EDGE('',*,*,#2094,.T.);
#2094 = EDGE_CURVE('',#1230,#2095,#2097,.T.);
#2095 = VERTEX_POINT('',#2096);
#2096 = CARTESIAN_POINT('',(-12.5,25.,1.));
#2097 = LINE('',#2098,#2099);
#2098 = CARTESIAN_POINT('',(-15.5625,28.0625,1.));
#2099 = VECTOR('',#2100,1.);
#2100 = DIRECTION('',(0.707106781187,-0.707106781187,0.));
#2101 = ORIENTED_EDGE('',*,*,#2102,.F.);
#2102 = EDGE_CURVE('',#2004,#2095,#2103,.T.);
#2103 = LINE('',#2104,#2105);
#2104 = CARTESIAN_POINT('',(-12.5,25.,30.));
#2105 = VECTOR('',#2106,1.);
#2106 = DIRECTION('',(0.,0.,-1.));
#2107 = PLANE('',#2108);
#2108 = AXIS2_PLACEMENT_3D('',#2109,#2110,#2111);
#2109 = CARTESIAN_POINT('',(-15.,27.5,30.));
#2110 = DIRECTION('',(0.707106781187,0.707106781187,0.));
#2111 = DIRECTION('',(0.,0.,1.));
#2112 = ADVANCED_FACE('',(#2113),#2149,.T.);
#2113 = FACE_BOUND('',#2114,.T.);
#2114 = EDGE_LOOP('',(#2115,#2116,#2117,#2118,#2126,#2134,#2142,#2148));
#2115 = ORIENTED_EDGE('',*,*,#1229,.T.);
#2116 = ORIENTED_EDGE('',*,*,#2077,.T.);
#2117 = ORIENTED_EDGE('',*,*,#1921,.T.);
#2118 = ORIENTED_EDGE('',*,*,#2119,.T.);
#2119 = EDGE_CURVE('',#1922,#2120,#2122,.T.);
#2120 = VERTEX_POINT('',#2121);
#2121 = CARTESIAN_POINT('',(7.5,49.5,1.));
#2122 = LINE('',#2123,#2124);
#2123 = CARTESIAN_POINT('',(5.5625,51.4375,1.));
#2124 = VECTOR('',#2125,1.);
#2125 = DIRECTION('',(0.707106781187,-0.707106781187,0.));
#2126 = ORIENTED_EDGE('',*,*,#2127,.T.);
#2127 = EDGE_CURVE('',#2120,#2128,#2130,.T.);
#2128 = VERTEX_POINT('',#2129);
#2129 = CARTESIAN_POINT('',(7.5,30.,1.));
#2130 = LINE('',#2131,#2132);
#2131 = CARTESIAN_POINT('',(7.5,40.,1.));
#2132 = VECTOR('',#2133,1.);
#2133 = DIRECTION('',(0.,-1.,0.));
#2134 = ORIENTED_EDGE('',*,*,#2135,.F.);
#2135 = EDGE_CURVE('',#2136,#2128,#2138,.T.);
#2136 = VERTEX_POINT('',#2137);
#2137 = CARTESIAN_POINT('',(2.5,25.,1.));
#2138 = LINE('',#2139,#2140);
#2139 = CARTESIAN_POINT('',(5.5625,28.0625,1.));
#2140 = VECTOR('',#2141,1.);
#2141 = DIRECTION('',(0.707106781187,0.707106781187,0.));
#2142 = ORIENTED_EDGE('',*,*,#2143,.T.);
#2143 = EDGE_CURVE('',#2136,#2095,#2144,.T.);
#2144 = LINE('',#2145,#2146);
#2145 = CARTESIAN_POINT('',(7.5,25.,1.));
#2146 = VECTOR('',#2147,1.);
#2147 = DIRECTION('',(-1.,0.,0.));
#2148 = ORIENTED_EDGE('',*,*,#2094,.F.);
#2149 = PLANE('',#2150);
#2150 = AXIS2_PLACEMENT_3D('',#2151,#2152,#2153);
#2151 = CARTESIAN_POINT('',(-5.,39.75,1.));
#2152 = DIRECTION('',(-0.,-0.,-1.));
#2153 = DIRECTION('',(-1.,0.,0.));
#2154 = ADVANCED_FACE('',(#2155),#2166,.F.);
#2155 = FACE_BOUND('',#2156,.T.);
#2156 = EDGE_LOOP('',(#2157,#2158,#2159,#2165));
#2157 = ORIENTED_EDGE('',*,*,#1567,.F.);
#2158 = ORIENTED_EDGE('',*,*,#1295,.T.);
#2159 = ORIENTED_EDGE('',*,*,#2160,.T.);
#2160 = EDGE_CURVE('',#1288,#1605,#2161,.T.);
#2161 = LINE('',#2162,#2163);
#2162 = CARTESIAN_POINT('',(-50.43125,15.41875,1.));
#2163 = VECTOR('',#2164,1.);
#2164 = DIRECTION('',(-0.707106781187,-0.707106781187,0.));
#2165 = ORIENTED_EDGE('',*,*,#1612,.F.);
#2166 = PLANE('',#2167);
#2167 = AXIS2_PLACEMENT_3D('',#2168,#2169,#2170);
#2168 = CARTESIAN_POINT('',(-50.85,15.,30.));
#2169 = DIRECTION('',(0.707106781187,-0.707106781187,0.));
#2170 = DIRECTION('',(0.,0.,1.));
#2171 = ADVANCED_FACE('',(#2172),#2190,.F.);
#2172 = FACE_BOUND('',#2173,.F.);
#2173 = EDGE_LOOP('',(#2174,#2175,#2176,#2184));
#2174 = ORIENTED_EDGE('',*,*,#1995,.F.);
#2175 = ORIENTED_EDGE('',*,*,#1279,.T.);
#2176 = ORIENTED_EDGE('',*,*,#2177,.T.);
#2177 = EDGE_CURVE('',#1280,#2178,#2180,.T.);
#2178 = VERTEX_POINT('',#2179);
#2179 = CARTESIAN_POINT('',(-25.,12.5,1.));
#2180 = LINE('',#2181,#2182);
#2181 = CARTESIAN_POINT('',(-27.91875,15.41875,1.));
#2182 = VECTOR('',#2183,1.);
#2183 = DIRECTION('',(0.707106781187,-0.707106781187,0.));
#2184 = ORIENTED_EDGE('',*,*,#2185,.F.);
#2185 = EDGE_CURVE('',#1988,#2178,#2186,.T.);
#2186 = LINE('',#2187,#2188);
#2187 = CARTESIAN_POINT('',(-25.,12.5,30.));
#2188 = VECTOR('',#2189,1.);
#2189 = DIRECTION('',(0.,0.,-1.));
#2190 = PLANE('',#2191);
#2191 = AXIS2_PLACEMENT_3D('',#2192,#2193,#2194);
#2192 = CARTESIAN_POINT('',(-27.5,15.,30.));
#2193 = DIRECTION('',(-0.707106781187,-0.707106781187,0.));
#2194 = DIRECTION('',(0.,0.,-1.));
#2195 = ADVANCED_FACE('',(#2196),#2232,.T.);
#2196 = FACE_BOUND('',#2197,.T.);
#2197 = EDGE_LOOP('',(#2198,#2199,#2200,#2208,#2216,#2224,#2230,#2231));
#2198 = ORIENTED_EDGE('',*,*,#1287,.T.);
#2199 = ORIENTED_EDGE('',*,*,#2177,.T.);
#2200 = ORIENTED_EDGE('',*,*,#2201,.T.);
#2201 = EDGE_CURVE('',#2178,#2202,#2204,.T.);
#2202 = VERTEX_POINT('',#2203);
#2203 = CARTESIAN_POINT('',(-25.,-2.5,1.));
#2204 = LINE('',#2205,#2206);
#2205 = CARTESIAN_POINT('',(-25.,17.5,1.));
#2206 = VECTOR('',#2207,1.);
#2207 = DIRECTION('',(0.,-1.,0.));
#2208 = ORIENTED_EDGE('',*,*,#2209,.T.);
#2209 = EDGE_CURVE('',#2202,#2210,#2212,.T.);
#2210 = VERTEX_POINT('',#2211);
#2211 = CARTESIAN_POINT('',(-30.,-7.5,1.));
#2212 = LINE('',#2213,#2214);
#2213 = CARTESIAN_POINT('',(-27.91875,-5.41875,1.));
#2214 = VECTOR('',#2215,1.);
#2215 = DIRECTION('',(-0.707106781187,-0.707106781187,0.));
#2216 = ORIENTED_EDGE('',*,*,#2217,.T.);
#2217 = EDGE_CURVE('',#2210,#2218,#2220,.T.);
#2218 = VERTEX_POINT('',#2219);
#2219 = CARTESIAN_POINT('',(-48.35,-7.5,1.));
#2220 = LINE('',#2221,#2222);
#2221 = CARTESIAN_POINT('',(-40.,-7.5,1.));
#2222 = VECTOR('',#2223,1.);
#2223 = DIRECTION('',(-1.,-0.,-0.));
#2224 = ORIENTED_EDGE('',*,*,#2225,.F.);
#2225 = EDGE_CURVE('',#1597,#2218,#2226,.T.);
#2226 = LINE('',#2227,#2228);
#2227 = CARTESIAN_POINT('',(-50.43125,-5.41875,1.));
#2228 = VECTOR('',#2229,1.);
#2229 = DIRECTION('',(0.707106781187,-0.707106781187,0.));
#2230 = ORIENTED_EDGE('',*,*,#1604,.T.);
#2231 = ORIENTED_EDGE('',*,*,#2160,.F.);
#2232 = PLANE('',#2233);
#2233 = AXIS2_PLACEMENT_3D('',#2234,#2235,#2236);
#2234 = CARTESIAN_POINT('',(-39.175,5.,1.));
#2235 = DIRECTION('',(-0.,-0.,-1.));
#2236 = DIRECTION('',(-1.,0.,0.));
#2237 = ADVANCED_FACE('',(#2238),#2249,.F.);
#2238 = FACE_BOUND('',#2239,.F.);
#2239 = EDGE_LOOP('',(#2240,#2241,#2247,#2248));
#2240 = ORIENTED_EDGE('',*,*,#1352,.F.);
#2241 = ORIENTED_EDGE('',*,*,#2242,.T.);
#2242 = EDGE_CURVE('',#1353,#1842,#2243,.T.);
#2243 = LINE('',#2244,#2245);
#2244 = CARTESIAN_POINT('',(22.65,65.,43.5));
#2245 = VECTOR('',#2246,1.);
#2246 = DIRECTION('',(-0.,-0.,-1.));
#2247 = ORIENTED_EDGE('',*,*,#1841,.T.);
#2248 = ORIENTED_EDGE('',*,*,#2242,.F.);
#2249 = CYLINDRICAL_SURFACE('',#2250,2.65);
#2250 = AXIS2_PLACEMENT_3D('',#2251,#2252,#2253);
#2251 = CARTESIAN_POINT('',(20.,65.,43.5));
#2252 = DIRECTION('',(0.,0.,1.));
#2253 = DIRECTION('',(1.,0.,0.));
#2254 = ADVANCED_FACE('',(#2255),#2266,.F.);
#2255 = FACE_BOUND('',#2256,.F.);
#2256 = EDGE_LOOP('',(#2257,#2258,#2264,#2265));
#2257 = ORIENTED_EDGE('',*,*,#1372,.F.);
#2258 = ORIENTED_EDGE('',*,*,#2259,.T.);
#2259 = EDGE_CURVE('',#1373,#1831,#2260,.T.);
#2260 = LINE('',#2261,#2262);
#2261 = CARTESIAN_POINT('',(42.65,65.,43.5));
#2262 = VECTOR('',#2263,1.);
#2263 = DIRECTION('',(-0.,-0.,-1.));
#2264 = ORIENTED_EDGE('',*,*,#1830,.T.);
#2265 = ORIENTED_EDGE('',*,*,#2259,.F.);
#2266 = CYLINDRICAL_SURFACE('',#2267,2.65);
#2267 = AXIS2_PLACEMENT_3D('',#2268,#2269,#2270);
#2268 = CARTESIAN_POINT('',(40.,65.,43.5));
#2269 = DIRECTION('',(0.,0.,1.));
#2270 = DIRECTION('',(1.,0.,0.));
#2271 = ADVANCED_FACE('',(#2272),#2283,.F.);
#2272 = FACE_BOUND('',#2273,.F.);
#2273 = EDGE_LOOP('',(#2274,#2275,#2281,#2282));
#2274 = ORIENTED_EDGE('',*,*,#1392,.F.);
#2275 = ORIENTED_EDGE('',*,*,#2276,.T.);
#2276 = EDGE_CURVE('',#1393,#1523,#2277,.T.);
#2277 = LINE('',#2278,#2279);
#2278 = CARTESIAN_POINT('',(-61.1,-40.,43.5));
#2279 = VECTOR('',#2280,1.);
#2280 = DIRECTION('',(-0.,-0.,-1.));
#2281 = ORIENTED_EDGE('',*,*,#1522,.T.);
#2282 = ORIENTED_EDGE('',*,*,#2276,.F.);
#2283 = CYLINDRICAL_SURFACE('',#2284,2.65);
#2284 = AXIS2_PLACEMENT_3D('',#2285,#2286,#2287);
#2285 = CARTESIAN_POINT('',(-63.75,-40.,43.5));
#2286 = DIRECTION('',(0.,0.,1.));
#2287 = DIRECTION('',(1.,0.,0.));
#2288 = ADVANCED_FACE('',(#2289),#2305,.F.);
#2289 = FACE_BOUND('',#2290,.F.);
#2290 = EDGE_LOOP('',(#2291,#2297,#2298,#2304));
#2291 = ORIENTED_EDGE('',*,*,#2292,.F.);
#2292 = EDGE_CURVE('',#2046,#1412,#2293,.T.);
#2293 = LINE('',#2294,#2295);
#2294 = CARTESIAN_POINT('',(-11.65,11.85,0.));
#2295 = VECTOR('',#2296,1.);
#2296 = DIRECTION('',(0.,0.,1.));
#2297 = ORIENTED_EDGE('',*,*,#2053,.F.);
#2298 = ORIENTED_EDGE('',*,*,#2299,.T.);
#2299 = EDGE_CURVE('',#2054,#1410,#2300,.T.);
#2300 = LINE('',#2301,#2302);
#2301 = CARTESIAN_POINT('',(-11.65,-31.15,0.));
#2302 = VECTOR('',#2303,1.);
#2303 = DIRECTION('',(0.,0.,1.));
#2304 = ORIENTED_EDGE('',*,*,#1409,.T.);
#2305 = PLANE('',#2306);
#2306 = AXIS2_PLACEMENT_3D('',#2307,#2308,#2309);
#2307 = CARTESIAN_POINT('',(-11.65,-31.15,0.));
#2308 = DIRECTION('',(-1.,0.,0.));
#2309 = DIRECTION('',(0.,1.,0.));
#2310 = ADVANCED_FACE('',(#2311),#2322,.F.);
#2311 = FACE_BOUND('',#2312,.F.);
#2312 = EDGE_LOOP('',(#2313,#2314,#2320,#2321));
#2313 = ORIENTED_EDGE('',*,*,#2061,.F.);
#2314 = ORIENTED_EDGE('',*,*,#2315,.T.);
#2315 = EDGE_CURVE('',#2038,#1420,#2316,.T.);
#2316 = LINE('',#2317,#2318);
#2317 = CARTESIAN_POINT('',(31.35,-31.15,0.));
#2318 = VECTOR('',#2319,1.);
#2319 = DIRECTION('',(0.,0.,1.));
#2320 = ORIENTED_EDGE('',*,*,#1419,.T.);
#2321 = ORIENTED_EDGE('',*,*,#2299,.F.);
#2322 = PLANE('',#2323);
#2323 = AXIS2_PLACEMENT_3D('',#2324,#2325,#2326);
#2324 = CARTESIAN_POINT('',(31.35,-31.15,0.));
#2325 = DIRECTION('',(0.,-1.,0.));
#2326 = DIRECTION('',(-1.,0.,0.));
#2327 = ADVANCED_FACE('',(#2328),#2339,.F.);
#2328 = FACE_BOUND('',#2329,.F.);
#2329 = EDGE_LOOP('',(#2330,#2336,#2337,#2338));
#2330 = ORIENTED_EDGE('',*,*,#2331,.F.);
#2331 = EDGE_CURVE('',#2036,#1428,#2332,.T.);
#2332 = LINE('',#2333,#2334);
#2333 = CARTESIAN_POINT('',(31.35,11.85,0.));
#2334 = VECTOR('',#2335,1.);
#2335 = DIRECTION('',(0.,0.,1.));
#2336 = ORIENTED_EDGE('',*,*,#2045,.F.);
#2337 = ORIENTED_EDGE('',*,*,#2292,.T.);
#2338 = ORIENTED_EDGE('',*,*,#1435,.T.);
#2339 = PLANE('',#2340);
#2340 = AXIS2_PLACEMENT_3D('',#2341,#2342,#2343);
#2341 = CARTESIAN_POINT('',(-11.65,11.85,0.));
#2342 = DIRECTION('',(0.,1.,0.));
#2343 = DIRECTION('',(1.,0.,0.));
#2344 = ADVANCED_FACE('',(#2345),#2351,.F.);
#2345 = FACE_BOUND('',#2346,.F.);
#2346 = EDGE_LOOP('',(#2347,#2348,#2349,#2350));
#2347 = ORIENTED_EDGE('',*,*,#2035,.F.);
#2348 = ORIENTED_EDGE('',*,*,#2331,.T.);
#2349 = ORIENTED_EDGE('',*,*,#1427,.T.);
#2350 = ORIENTED_EDGE('',*,*,#2315,.F.);
#2351 = PLANE('',#2352);
#2352 = AXIS2_PLACEMENT_3D('',#2353,#2354,#2355);
#2353 = CARTESIAN_POINT('',(31.35,11.85,0.));
#2354 = DIRECTION('',(1.,0.,0.));
#2355 = DIRECTION('',(0.,-1.,0.));
#2356 = ADVANCED_FACE('',(#2357),#2368,.F.);
#2357 = FACE_BOUND('',#2358,.F.);
#2358 = EDGE_LOOP('',(#2359,#2360,#2361,#2362));
#2359 = ORIENTED_EDGE('',*,*,#1464,.F.);
#2360 = ORIENTED_EDGE('',*,*,#1659,.T.);
#2361 = ORIENTED_EDGE('',*,*,#1965,.T.);
#2362 = ORIENTED_EDGE('',*,*,#2363,.F.);
#2363 = EDGE_CURVE('',#1467,#839,#2364,.T.);
#2364 = LINE('',#2365,#2366);
#2365 = CARTESIAN_POINT('',(-40.,-7.5,41.5));
#2366 = VECTOR('',#2367,1.);
#2367 = DIRECTION('',(0.,0.,1.));
#2368 = PLANE('',#2369);
#2369 = AXIS2_PLACEMENT_3D('',#2370,#2371,#2372);
#2370 = CARTESIAN_POINT('',(-40.,-50.,0.));
#2371 = DIRECTION('',(-1.,0.,0.));
#2372 = DIRECTION('',(0.,1.,-2.22044604925E-16));
#2373 = ADVANCED_FACE('',(#2374),#2392,.T.);
#2374 = FACE_BOUND('',#2375,.T.);
#2375 = EDGE_LOOP('',(#2376,#2377,#2383,#2384,#2385,#2386));
#2376 = ORIENTED_EDGE('',*,*,#2217,.F.);
#2377 = ORIENTED_EDGE('',*,*,#2378,.F.);
#2378 = EDGE_CURVE('',#1972,#2210,#2379,.T.);
#2379 = LINE('',#2380,#2381);
#2380 = CARTESIAN_POINT('',(-30.,-7.5,30.));
#2381 = VECTOR('',#2382,1.);
#2382 = DIRECTION('',(0.,0.,-1.));
#2383 = ORIENTED_EDGE('',*,*,#1971,.T.);
#2384 = ORIENTED_EDGE('',*,*,#2363,.F.);
#2385 = ORIENTED_EDGE('',*,*,#1511,.F.);
#2386 = ORIENTED_EDGE('',*,*,#2387,.T.);
#2387 = EDGE_CURVE('',#1504,#2218,#2388,.T.);
#2388 = LINE('',#2389,#2390);
#2389 = CARTESIAN_POINT('',(-48.35,-7.5,20.));
#2390 = VECTOR('',#2391,1.);
#2391 = DIRECTION('',(0.,0.,-1.));
#2392 = PLANE('',#2393);
#2393 = AXIS2_PLACEMENT_3D('',#2394,#2395,#2396);
#2394 = CARTESIAN_POINT('',(-38.01109415867,-7.5,14.336094158675));
#2395 = DIRECTION('',(-0.,-1.,-0.));
#2396 = DIRECTION('',(0.,0.,-1.));
#2397 = ADVANCED_FACE('',(#2398),#2404,.F.);
#2398 = FACE_BOUND('',#2399,.T.);
#2399 = EDGE_LOOP('',(#2400,#2401,#2402,#2403));
#2400 = ORIENTED_EDGE('',*,*,#1503,.F.);
#2401 = ORIENTED_EDGE('',*,*,#1596,.T.);
#2402 = ORIENTED_EDGE('',*,*,#2225,.T.);
#2403 = ORIENTED_EDGE('',*,*,#2387,.F.);
#2404 = PLANE('',#2405);
#2405 = AXIS2_PLACEMENT_3D('',#2406,#2407,#2408);
#2406 = CARTESIAN_POINT('',(-50.85,-5.,20.));
#2407 = DIRECTION('',(0.707106781187,0.707106781187,0.));
#2408 = DIRECTION('',(0.,0.,1.));
#2409 = ADVANCED_FACE('',(#2410),#2428,.F.);
#2410 = FACE_BOUND('',#2411,.F.);
#2411 = EDGE_LOOP('',(#2412,#2421,#2426,#2427));
#2412 = ORIENTED_EDGE('',*,*,#2413,.F.);
#2413 = EDGE_CURVE('',#2414,#2414,#2416,.T.);
#2414 = VERTEX_POINT('',#2415);
#2415 = CARTESIAN_POINT('',(-36.,7.65,10.));
#2416 = CIRCLE('',#2417,2.65);
#2417 = AXIS2_PLACEMENT_3D('',#2418,#2419,#2420);
#2418 = CARTESIAN_POINT('',(-36.,5.,10.));
#2419 = DIRECTION('',(1.,0.,0.));
#2420 = DIRECTION('',(0.,1.,0.));
#2421 = ORIENTED_EDGE('',*,*,#2422,.F.);
#2422 = EDGE_CURVE('',#1621,#2414,#2423,.T.);
#2423 = B_SPLINE_CURVE_WITH_KNOTS('',1,(#2424,#2425),.UNSPECIFIED.,.F.,
  .F.,(2,2),(-13.35,9.),.PIECEWISE_BEZIER_KNOTS.);
#2424 = CARTESIAN_POINT('',(-53.35,7.65,10.));
#2425 = CARTESIAN_POINT('',(-31.,7.65,10.));
#2426 = ORIENTED_EDGE('',*,*,#1620,.T.);
#2427 = ORIENTED_EDGE('',*,*,#2422,.T.);
#2428 = CYLINDRICAL_SURFACE('',#2429,2.65);
#2429 = AXIS2_PLACEMENT_3D('',#2430,#2431,#2432);
#2430 = CARTESIAN_POINT('',(-40.,5.,10.));
#2431 = DIRECTION('',(1.,0.,0.));
#2432 = DIRECTION('',(0.,1.,0.));
#2433 = ADVANCED_FACE('',(#2434),#2445,.T.);
#2434 = FACE_BOUND('',#2435,.T.);
#2435 = EDGE_LOOP('',(#2436,#2437,#2438,#2439));
#2436 = ORIENTED_EDGE('',*,*,#1787,.F.);
#2437 = ORIENTED_EDGE('',*,*,#1773,.T.);
#2438 = ORIENTED_EDGE('',*,*,#1956,.T.);
#2439 = ORIENTED_EDGE('',*,*,#2440,.F.);
#2440 = EDGE_CURVE('',#1788,#1183,#2441,.T.);
#2441 = LINE('',#2442,#2443);
#2442 = CARTESIAN_POINT('',(7.5,40.,41.5));
#2443 = VECTOR('',#2444,1.);
#2444 = DIRECTION('',(0.,0.,1.));
#2445 = PLANE('',#2446);
#2446 = AXIS2_PLACEMENT_3D('',#2447,#2448,#2449);
#2447 = CARTESIAN_POINT('',(50.,40.,0.));
#2448 = DIRECTION('',(0.,-1.,0.));
#2449 = DIRECTION('',(-1.,0.,0.));
#2450 = ADVANCED_FACE('',(#2451),#2469,.T.);
#2451 = FACE_BOUND('',#2452,.T.);
#2452 = EDGE_LOOP('',(#2453,#2454,#2460,#2461,#2467,#2468));
#2453 = ORIENTED_EDGE('',*,*,#2027,.T.);
#2454 = ORIENTED_EDGE('',*,*,#2455,.T.);
#2455 = EDGE_CURVE('',#2020,#2128,#2456,.T.);
#2456 = LINE('',#2457,#2458);
#2457 = CARTESIAN_POINT('',(7.5,30.,30.));
#2458 = VECTOR('',#2459,1.);
#2459 = DIRECTION('',(0.,0.,-1.));
#2460 = ORIENTED_EDGE('',*,*,#2127,.F.);
#2461 = ORIENTED_EDGE('',*,*,#2462,.T.);
#2462 = EDGE_CURVE('',#2120,#1796,#2463,.T.);
#2463 = LINE('',#2464,#2465);
#2464 = CARTESIAN_POINT('',(7.5,49.5,1.));
#2465 = VECTOR('',#2466,1.);
#2466 = DIRECTION('',(0.,0.,1.));
#2467 = ORIENTED_EDGE('',*,*,#1795,.F.);
#2468 = ORIENTED_EDGE('',*,*,#2440,.T.);
#2469 = PLANE('',#2470);
#2470 = AXIS2_PLACEMENT_3D('',#2471,#2472,#2473);
#2471 = CARTESIAN_POINT('',(7.5,38.510683760684,14.260683760684));
#2472 = DIRECTION('',(1.,0.,0.));
#2473 = DIRECTION('',(0.,0.,1.));
#2474 = ADVANCED_FACE('',(#2475),#2481,.F.);
#2475 = FACE_BOUND('',#2476,.T.);
#2476 = EDGE_LOOP('',(#2477,#2478,#2479,#2480));
#2477 = ORIENTED_EDGE('',*,*,#2119,.F.);
#2478 = ORIENTED_EDGE('',*,*,#1929,.T.);
#2479 = ORIENTED_EDGE('',*,*,#1803,.T.);
#2480 = ORIENTED_EDGE('',*,*,#2462,.F.);
#2481 = PLANE('',#2482);
#2482 = AXIS2_PLACEMENT_3D('',#2483,#2484,#2485);
#2483 = CARTESIAN_POINT('',(5.,52.,1.));
#2484 = DIRECTION('',(-0.707106781187,-0.707106781187,0.));
#2485 = DIRECTION('',(-0.,-0.,-1.));
#2486 = ADVANCED_FACE('',(#2487),#2505,.F.);
#2487 = FACE_BOUND('',#2488,.F.);
#2488 = EDGE_LOOP('',(#2489,#2498,#2503,#2504));
#2489 = ORIENTED_EDGE('',*,*,#2490,.F.);
#2490 = EDGE_CURVE('',#2491,#2491,#2493,.T.);
#2491 = VERTEX_POINT('',#2492);
#2492 = CARTESIAN_POINT('',(-2.35,37.,10.));
#2493 = CIRCLE('',#2494,2.65);
#2494 = AXIS2_PLACEMENT_3D('',#2495,#2496,#2497);
#2495 = CARTESIAN_POINT('',(-5.,37.,10.));
#2496 = DIRECTION('',(0.,-1.,2.22044604925E-16));
#2497 = DIRECTION('',(1.,0.,0.));
#2498 = ORIENTED_EDGE('',*,*,#2499,.F.);
#2499 = EDGE_CURVE('',#1940,#2491,#2500,.T.);
#2500 = B_SPLINE_CURVE_WITH_KNOTS('',1,(#2501,#2502),.UNSPECIFIED.,.F.,
  .F.,(2,2),(-14.5,9.),.PIECEWISE_BEZIER_KNOTS.);
#2501 = CARTESIAN_POINT('',(-2.35,54.5,10.));
#2502 = CARTESIAN_POINT('',(-2.35,31.,10.));
#2503 = ORIENTED_EDGE('',*,*,#1939,.T.);
#2504 = ORIENTED_EDGE('',*,*,#2499,.T.);
#2505 = CYLINDRICAL_SURFACE('',#2506,2.65);
#2506 = AXIS2_PLACEMENT_3D('',#2507,#2508,#2509);
#2507 = CARTESIAN_POINT('',(-5.,40.,10.));
#2508 = DIRECTION('',(0.,-1.,2.22044604925E-16));
#2509 = DIRECTION('',(1.,0.,0.));
#2510 = ADVANCED_FACE('',(#2511),#2522,.F.);
#2511 = FACE_BOUND('',#2512,.T.);
#2512 = EDGE_LOOP('',(#2513,#2514,#2520,#2521));
#2513 = ORIENTED_EDGE('',*,*,#2019,.F.);
#2514 = ORIENTED_EDGE('',*,*,#2515,.T.);
#2515 = EDGE_CURVE('',#2012,#2136,#2516,.T.);
#2516 = LINE('',#2517,#2518);
#2517 = CARTESIAN_POINT('',(2.5,25.,30.));
#2518 = VECTOR('',#2519,1.);
#2519 = DIRECTION('',(0.,0.,-1.));
#2520 = ORIENTED_EDGE('',*,*,#2135,.T.);
#2521 = ORIENTED_EDGE('',*,*,#2455,.F.);
#2522 = PLANE('',#2523);
#2523 = AXIS2_PLACEMENT_3D('',#2524,#2525,#2526);
#2524 = CARTESIAN_POINT('',(5.,27.5,30.));
#2525 = DIRECTION('',(-0.707106781187,0.707106781187,0.));
#2526 = DIRECTION('',(0.,0.,1.));
#2527 = ADVANCED_FACE('',(#2528,#2534),#2545,.F.);
#2528 = FACE_BOUND('',#2529,.F.);
#2529 = EDGE_LOOP('',(#2530,#2531,#2532,#2533));
#2530 = ORIENTED_EDGE('',*,*,#2011,.F.);
#2531 = ORIENTED_EDGE('',*,*,#2515,.T.);
#2532 = ORIENTED_EDGE('',*,*,#2143,.T.);
#2533 = ORIENTED_EDGE('',*,*,#2102,.F.);
#2534 = FACE_BOUND('',#2535,.F.);
#2535 = EDGE_LOOP('',(#2536));
#2536 = ORIENTED_EDGE('',*,*,#2537,.T.);
#2537 = EDGE_CURVE('',#2538,#2538,#2540,.T.);
#2538 = VERTEX_POINT('',#2539);
#2539 = CARTESIAN_POINT('',(-0.5,25.,10.));
#2540 = CIRCLE('',#2541,4.5);
#2541 = AXIS2_PLACEMENT_3D('',#2542,#2543,#2544);
#2542 = CARTESIAN_POINT('',(-5.,25.,10.));
#2543 = DIRECTION('',(0.,-1.,2.22044604925E-16));
#2544 = DIRECTION('',(1.,0.,0.));
#2545 = PLANE('',#2546);
#2546 = AXIS2_PLACEMENT_3D('',#2547,#2548,#2549);
#2547 = CARTESIAN_POINT('',(7.5,25.,30.));
#2548 = DIRECTION('',(0.,1.,0.));
#2549 = DIRECTION('',(-1.,0.,0.));
#2550 = ADVANCED_FACE('',(#2551),#2562,.F.);
#2551 = FACE_BOUND('',#2552,.F.);
#2552 = EDGE_LOOP('',(#2553,#2554,#2560,#2561));
#2553 = ORIENTED_EDGE('',*,*,#1979,.F.);
#2554 = ORIENTED_EDGE('',*,*,#2555,.T.);
#2555 = EDGE_CURVE('',#1980,#2202,#2556,.T.);
#2556 = LINE('',#2557,#2558);
#2557 = CARTESIAN_POINT('',(-25.,-2.5,30.));
#2558 = VECTOR('',#2559,1.);
#2559 = DIRECTION('',(0.,0.,-1.));
#2560 = ORIENTED_EDGE('',*,*,#2209,.T.);
#2561 = ORIENTED_EDGE('',*,*,#2378,.F.);
#2562 = PLANE('',#2563);
#2563 = AXIS2_PLACEMENT_3D('',#2564,#2565,#2566);
#2564 = CARTESIAN_POINT('',(-27.5,-5.,30.));
#2565 = DIRECTION('',(-0.707106781187,0.707106781187,0.));
#2566 = DIRECTION('',(0.,0.,-1.));
#2567 = ADVANCED_FACE('',(#2568,#2574),#2585,.F.);
#2568 = FACE_BOUND('',#2569,.F.);
#2569 = EDGE_LOOP('',(#2570,#2571,#2572,#2573));
#2570 = ORIENTED_EDGE('',*,*,#1987,.F.);
#2571 = ORIENTED_EDGE('',*,*,#2185,.T.);
#2572 = ORIENTED_EDGE('',*,*,#2201,.T.);
#2573 = ORIENTED_EDGE('',*,*,#2555,.F.);
#2574 = FACE_BOUND('',#2575,.F.);
#2575 = EDGE_LOOP('',(#2576));
#2576 = ORIENTED_EDGE('',*,*,#2577,.T.);
#2577 = EDGE_CURVE('',#2578,#2578,#2580,.T.);
#2578 = VERTEX_POINT('',#2579);
#2579 = CARTESIAN_POINT('',(-25.,9.5,10.));
#2580 = CIRCLE('',#2581,4.5);
#2581 = AXIS2_PLACEMENT_3D('',#2582,#2583,#2584);
#2582 = CARTESIAN_POINT('',(-25.,5.,10.));
#2583 = DIRECTION('',(1.,0.,0.));
#2584 = DIRECTION('',(0.,1.,0.));
#2585 = PLANE('',#2586);
#2586 = AXIS2_PLACEMENT_3D('',#2587,#2588,#2589);
#2587 = CARTESIAN_POINT('',(-25.,17.5,30.));
#2588 = DIRECTION('',(-1.,-0.,-0.));
#2589 = DIRECTION('',(0.,-1.,0.));
#2590 = ADVANCED_FACE('',(#2591,#2602),#2605,.T.);
#2591 = FACE_BOUND('',#2592,.T.);
#2592 = EDGE_LOOP('',(#2593));
#2593 = ORIENTED_EDGE('',*,*,#2594,.T.);
#2594 = EDGE_CURVE('',#2595,#2595,#2597,.T.);
#2595 = VERTEX_POINT('',#2596);
#2596 = CARTESIAN_POINT('',(-36.,9.5,10.));
#2597 = CIRCLE('',#2598,4.5);
#2598 = AXIS2_PLACEMENT_3D('',#2599,#2600,#2601);
#2599 = CARTESIAN_POINT('',(-36.,5.,10.));
#2600 = DIRECTION('',(1.,0.,0.));
#2601 = DIRECTION('',(0.,1.,0.));
#2602 = FACE_BOUND('',#2603,.T.);
#2603 = EDGE_LOOP('',(#2604));
#2604 = ORIENTED_EDGE('',*,*,#2413,.F.);
#2605 = PLANE('',#2606);
#2606 = AXIS2_PLACEMENT_3D('',#2607,#2608,#2609);
#2607 = CARTESIAN_POINT('',(-36.,5.,10.));
#2608 = DIRECTION('',(1.,0.,0.));
#2609 = DIRECTION('',(0.,0.,1.));
#2610 = ADVANCED_FACE('',(#2611,#2622),#2625,.F.);
#2611 = FACE_BOUND('',#2612,.F.);
#2612 = EDGE_LOOP('',(#2613));
#2613 = ORIENTED_EDGE('',*,*,#2614,.F.);
#2614 = EDGE_CURVE('',#2615,#2615,#2617,.T.);
#2615 = VERTEX_POINT('',#2616);
#2616 = CARTESIAN_POINT('',(-0.5,37.,10.));
#2617 = CIRCLE('',#2618,4.5);
#2618 = AXIS2_PLACEMENT_3D('',#2619,#2620,#2621);
#2619 = CARTESIAN_POINT('',(-5.,37.,10.));
#2620 = DIRECTION('',(0.,-1.,2.22044604925E-16));
#2621 = DIRECTION('',(1.,0.,0.));
#2622 = FACE_BOUND('',#2623,.F.);
#2623 = EDGE_LOOP('',(#2624));
#2624 = ORIENTED_EDGE('',*,*,#2490,.T.);
#2625 = PLANE('',#2626);
#2626 = AXIS2_PLACEMENT_3D('',#2627,#2628,#2629);
#2627 = CARTESIAN_POINT('',(-5.,37.,10.));
#2628 = DIRECTION('',(-2.631639762074E-16,1.,-4.558133775131E-16));
#2629 = DIRECTION('',(0.,4.558133775131E-16,1.));
#2630 = ADVANCED_FACE('',(#2631),#2641,.F.);
#2631 = FACE_BOUND('',#2632,.F.);
#2632 = EDGE_LOOP('',(#2633,#2634,#2639,#2640));
#2633 = ORIENTED_EDGE('',*,*,#2594,.T.);
#2634 = ORIENTED_EDGE('',*,*,#2635,.T.);
#2635 = EDGE_CURVE('',#2595,#2578,#2636,.T.);
#2636 = B_SPLINE_CURVE_WITH_KNOTS('',1,(#2637,#2638),.UNSPECIFIED.,.F.,
  .F.,(2,2),(-11.,0.),.PIECEWISE_BEZIER_KNOTS.);
#2637 = CARTESIAN_POINT('',(-36.,9.5,10.));
#2638 = CARTESIAN_POINT('',(-25.,9.5,10.));
#2639 = ORIENTED_EDGE('',*,*,#2577,.F.);
#2640 = ORIENTED_EDGE('',*,*,#2635,.F.);
#2641 = CYLINDRICAL_SURFACE('',#2642,4.5);
#2642 = AXIS2_PLACEMENT_3D('',#2643,#2644,#2645);
#2643 = CARTESIAN_POINT('',(-25.,5.,10.));
#2644 = DIRECTION('',(1.,0.,0.));
#2645 = DIRECTION('',(0.,1.,0.));
#2646 = ADVANCED_FACE('',(#2647),#2657,.F.);
#2647 = FACE_BOUND('',#2648,.F.);
#2648 = EDGE_LOOP('',(#2649,#2650,#2655,#2656));
#2649 = ORIENTED_EDGE('',*,*,#2537,.F.);
#2650 = ORIENTED_EDGE('',*,*,#2651,.F.);
#2651 = EDGE_CURVE('',#2615,#2538,#2652,.T.);
#2652 = B_SPLINE_CURVE_WITH_KNOTS('',1,(#2653,#2654),.UNSPECIFIED.,.F.,
  .F.,(2,2),(-12.,0.),.PIECEWISE_BEZIER_KNOTS.);
#2653 = CARTESIAN_POINT('',(-0.5,37.,10.));
#2654 = CARTESIAN_POINT('',(-0.5,25.,10.));
#2655 = ORIENTED_EDGE('',*,*,#2614,.T.);
#2656 = ORIENTED_EDGE('',*,*,#2651,.T.);
#2657 = CYLINDRICAL_SURFACE('',#2658,4.5);
#2658 = AXIS2_PLACEMENT_3D('',#2659,#2660,#2661);
#2659 = CARTESIAN_POINT('',(-5.,25.,10.));
#2660 = DIRECTION('',(0.,-1.,2.22044604925E-16));
#2661 = DIRECTION('',(1.,0.,0.));
#2662 = ( GEOMETRIC_REPRESENTATION_CONTEXT(3) 
GLOBAL_UNCERTAINTY_ASSIGNED_CONTEXT((#2666)) 
GLOBAL_UNIT_ASSIGNED_CONTEXT((#2663,#2664,#2665)) REPRESENTATION_CONTEXT
('Context #1','3D Context with UNIT and UNCERTAINTY') );
#2663 = ( LENGTH_UNIT() NAMED_UNIT(*) SI_UNIT(.MILLI.,.METRE.) );
#2664 = ( NAMED_UNIT(*) PLANE_ANGLE_UNIT() SI_UNIT($,.RADIAN.) );
#2665 = ( NAMED_UNIT(*) SI_UNIT($,.STERADIAN.) SOLID_ANGLE_UNIT() );
#2666 = UNCERTAINTY_MEASURE_WITH_UNIT(LENGTH_MEASURE(2.E-05),#2663,
  'distance_accuracy_value','confusion accuracy');
#2667 = PRODUCT_RELATED_PRODUCT_CATEGORY('part',$,(#7));
#2668 = MECHANICAL_DESIGN_GEOMETRIC_PRESENTATION_REPRESENTATION('',(
    #2669),#2662);
#2669 = STYLED_ITEM('color',(#2670),#15);
#2670 = PRESENTATION_STYLE_ASSIGNMENT((#2671,#2677));
#2671 = SURFACE_STYLE_USAGE(.BOTH.,#2672);
#2672 = SURFACE_SIDE_STYLE('',(#2673));
#2673 = SURFACE_STYLE_FILL_AREA(#2674);
#2674 = FILL_AREA_STYLE('',(#2675));
#2675 = FILL_AREA_STYLE_COLOUR('',#2676);
#2676 = COLOUR_RGB('',0.447058818107,0.474509808674,0.501960817233);
#2677 = CURVE_STYLE('',#2678,POSITIVE_LENGTH_MEASURE(0.1),#2679);
#2678 = DRAUGHTING_PRE_DEFINED_CURVE_FONT('continuous');
#2679 = COLOUR_RGB('',9.803921802644E-02,9.803921802644E-02,
  9.803921802644E-02);
ENDSEC;
END-ISO-10303-21;
